protocol_id,display_canonical_id,source_type,source_key,assay_id,incubation_temp_C,incubation_buffer_system,incubation_pH,enzyme_conc,methanol_addition_mode,activity_assay_method,assay_substrate,A0_source,A0_same_batch_as_challenge,A0_condition_matched_to_readout,construct_display_name,measurement_row_count,evidence_ids,methanol_conc_values,incubation_time_values_h
WEBR1_PROTOCOL_0001,LMT_0001,literature,10.1002/bab.1338,ASSAY_P1A_B02_03_001,4,10 mM phosphate buffer,7.0,not_reported,one_shot,p-nitrophenyl caprylate colorimetric hydrolysis assay at A405,p-nitrophenyl caprylate (C8),same_paper,yes,yes,UM-1 WT,1,EVID_LIT_000082,1,2
WEBR1_PROTOCOL_0002,LMT_0001,literature,REF_P1A_LU06_04,ASSAY_P1A_LU06_04_FIG3_5,37,enzyme solution mixed 1:1 with methanol to final 50% v/v methanol,not_reported,0.1 mg/ml,one_shot,titrimetric olive-oil hydrolysis assay with 0.05 M NaOH endpoint,olive oil emulsion,same_paper,yes,yes,UM-1 WT,3,EVID_LIT_001949;EVID_LIT_001958;EVID_LIT_001959,50,12;3;36
WEBR1_PROTOCOL_0003,LMT_0001,literature,REF_P1A_UM1_FORMAL_06_XIAO2022,ASSAY_P1A_UM1_FORMAL_06_FIG3_14_MEOH24H,4,not_reported,not_reported,not_reported,one_shot,titrimetric olive-oil hydrolysis residual activity assay after solvent preincubation,olive oil emulsion,same_paper_preincubation_or_no_solvent_control,yes,yes,UM-1 WT,1,EVID_LIT_002470,50,24
WEBR1_PROTOCOL_0004,LMT_0001,literature,REF_P1A_UM1_FORMAL_09_YANG2022,ASSAY_P1A_UM1_FORMAL_09_FIG4_4_MEOH24H,4,not_reported,not_reported,not_reported,one_shot,titrimetric olive-oil hydrolysis residual activity assay after solvent preincubation,olive oil emulsion,same_paper_preincubation_or_no_solvent_control,yes,yes,UM-1 WT,1,EVID_LIT_002477,60,24
WEBR1_PROTOCOL_0005,LMT_0001,literature,SM-038,S8A_SM038_001,4,not_reported,not_reported,not_reported,"equal volume organic solvent, final 50% v/v",residual UM-1 lipase activity,not_reported,same Table 5-2 control activity normalized to 100%,yes,yes,UM-1 WT,1,EVID_LIT_002487,50,12
WEBR1_PROTOCOL_0006,LMT_0002,literature,10.1002/biot.201500305,ASSAY_P1A_B02_04_001,37,10 mM sodium phosphate,7.0,0.2 mg/ml,one_shot,p-nitrophenyl laurate hydrolysis assay at A410,p-nitrophenyl laurate,same_paper,yes,yes,Burkholderia cepacia lipase,2,EVID_LIT_000083;EVID_LIT_000084,50;73,18
WEBR1_PROTOCOL_0007,LMT_0002,literature,10.1007/s12010-020-03453-0,ASSAY_B70B_EVID_LIT_002580,50,not_reported,not_reported,not_reported,preincubation,not_reported,not_reported,same-paper untreated/control reference or not separately reported,yes,yes,Burkholderia cepacia G63 lipAB,1,EVID_LIT_002580,1,1
WEBR1_PROTOCOL_0008,LMT_0003,literature,10.1002/cctc.201901369,ASSAY_P1A_B03_01_FIG2_70MEOH,25,lipase dilution buffer,8,0.2 mg/ml,one_shot,pNP-L hydrolysis assay,p-nitrophenyl laurate,same_paper,yes,partial,LipT6 WT,3,EVID_LIT_000088;EVID_LIT_000090;EVID_LIT_000091,70,1;2;4
WEBR1_PROTOCOL_0009,LMT_0003,literature,10.1128/AEM.02143-18,ASSAY_P1A_B04_03_002,25,lipase buffer,7.5,0.2 mg/ml,one_shot,pNPL hydrolysis colorimetric assay at A405,p-nitrophenyl laurate,same_paper,yes,yes,LipT6 WT,3,EVID_LIT_000286;EVID_LIT_000287;EVID_LIT_000288,70,1;4;6
WEBR1_PROTOCOL_0010,LMT_0003,patent,WO2023282853A2,PAT_ASSAY_WO2023282853_T2C_RESORUFIN_MEOH_TOLERANCE,25,20 mM Tris pH 8 containing matched 0-40% methanol,8,not_reported,one_shot,resorufin lipase substrate fluorescence assay after 1 h methanol preincubation,resorufin lipase substrate,same_table_0pct_normalized_baseline,yes,yes,T1.2-like lipase SEQ ID NO:95,5,EVID_PAT_000216;EVID_PAT_000217;EVID_PAT_000218;EVID_PAT_000219;EVID_PAT_000220,0;10;20;30;40,1
WEBR1_PROTOCOL_0011,LMT_0004,literature,10.1002/cctc.201901369,ASSAY_P1A_B03_01_FIG2_70MEOH,25,lipase dilution buffer,8,0.2 mg/ml,one_shot,pNP-L hydrolysis assay,p-nitrophenyl laurate,same_paper,yes,partial,LipT6 M1 (L14C/A112C),3,EVID_LIT_000092;EVID_LIT_000093;EVID_LIT_000094,70,1;2;4
WEBR1_PROTOCOL_0012,LMT_0005,literature,10.1002/cctc.201901369,ASSAY_P1A_B03_01_FIG2_70MEOH,25,lipase dilution buffer,8,0.2 mg/ml,one_shot,pNP-L hydrolysis assay,p-nitrophenyl laurate,same_paper,yes,partial,LipT6 M2 (F28C/A192C),3,EVID_LIT_000095;EVID_LIT_000096;EVID_LIT_000097,70,1;2;4
WEBR1_PROTOCOL_0013,LMT_0006,literature,10.1002/cctc.201901369,ASSAY_P1A_B03_01_FIG2_70MEOH,25,lipase dilution buffer,8,0.2 mg/ml,one_shot,pNP-L hydrolysis assay,p-nitrophenyl laurate,same_paper,yes,partial,LipT6 M3 (D37C/Q40C),3,EVID_LIT_000098;EVID_LIT_000099;EVID_LIT_000100,70,1;2;4
WEBR1_PROTOCOL_0014,LMT_0007,literature,10.1002/cctc.201901369,ASSAY_P1A_B03_01_FIG2_70MEOH,25,lipase dilution buffer,8,0.2 mg/ml,one_shot,pNP-L hydrolysis assay,p-nitrophenyl laurate,same_paper,yes,partial,LipT6 M4 (S131C/F149C),3,EVID_LIT_000101;EVID_LIT_000102;EVID_LIT_000103,70,1;2;4
WEBR1_PROTOCOL_0015,LMT_0008,literature,10.1002/cctc.201901369,ASSAY_P1A_B03_01_FIG2_70MEOH,25,lipase dilution buffer,8,0.2 mg/ml,one_shot,pNP-L hydrolysis assay,p-nitrophenyl laurate,same_paper,yes,partial,LipT6 M5 (E134C/S131C),3,EVID_LIT_000104;EVID_LIT_000105;EVID_LIT_000106,70,1;2;4
WEBR1_PROTOCOL_0016,LMT_0009,literature,10.1002/cctc.201901369,ASSAY_P1A_B03_01_FIG2_70MEOH,25,lipase dilution buffer,8,0.2 mg/ml,one_shot,pNP-L hydrolysis assay,p-nitrophenyl laurate,same_paper,yes,partial,LipT6 M6 (E134C/F149C),3,EVID_LIT_000107;EVID_LIT_000108;EVID_LIT_000109,70,1;2;4
WEBR1_PROTOCOL_0017,LMT_0010,literature,10.1002/cctc.201901369,ASSAY_P1A_B03_01_FIG2_70MEOH,25,lipase dilution buffer,8,0.2 mg/ml,one_shot,pNP-L hydrolysis assay,p-nitrophenyl laurate,same_paper,yes,partial,LipT6 M7 (A163C/T270C),3,EVID_LIT_000110;EVID_LIT_000111;EVID_LIT_000112,70,1;2;4
WEBR1_PROTOCOL_0018,LMT_0011,literature,10.1002/cctc.201901369,ASSAY_P1A_B03_01_FIG2_70MEOH,25,lipase dilution buffer,8,0.2 mg/ml,one_shot,pNP-L hydrolysis assay,p-nitrophenyl laurate,same_paper,yes,partial,LipT6 M8 (A187C/F291C),3,EVID_LIT_000113;EVID_LIT_000114;EVID_LIT_000115,70,1;2;4
WEBR1_PROTOCOL_0019,LMT_0012,literature,10.1002/cctc.201901369,ASSAY_P1A_B03_01_FIG2_70MEOH,25,lipase dilution buffer,8,0.2 mg/ml,one_shot,pNP-L hydrolysis assay,p-nitrophenyl laurate,same_paper,yes,partial,LipT6 M9 (A195C/V198C),3,EVID_LIT_000116;EVID_LIT_000117;EVID_LIT_000118,70,1;2;4
WEBR1_PROTOCOL_0020,LMT_0013,literature,10.1002/cctc.201901369,ASSAY_P1A_B03_01_FIG2_70MEOH,25,lipase dilution buffer,8,0.2 mg/ml,one_shot,pNP-L hydrolysis assay,p-nitrophenyl laurate,same_paper,yes,partial,LipT6 M10 (N281C/T279C),3,EVID_LIT_000119;EVID_LIT_000120;EVID_LIT_000121,70,1;2;4
WEBR1_PROTOCOL_0021,LMT_0014,literature,10.1002/cctc.201901369,ASSAY_P1A_B03_01_FIG2_70MEOH,25,lipase dilution buffer,8,0.2 mg/ml,one_shot,pNP-L hydrolysis assay,p-nitrophenyl laurate,same_paper,yes,partial,LipT6 M11 (N281C/S302C),3,EVID_LIT_000122;EVID_LIT_000123;EVID_LIT_000124,70,1;2;4
WEBR1_PROTOCOL_0022,LMT_0015,literature,10.1002/cctc.201901369,ASSAY_P1A_B03_01_FIG2_70MEOH,25,lipase dilution buffer,8,0.2 mg/ml,one_shot,pNP-L hydrolysis assay,p-nitrophenyl laurate,same_paper,yes,partial,LipT6 M12 (E251C/R331C),3,EVID_LIT_000125;EVID_LIT_000126;EVID_LIT_000127,70,1;2;4
WEBR1_PROTOCOL_0023,LMT_0016,literature,10.1002/cctc.201901369,ASSAY_P1A_B03_01_FIG2_70MEOH,25,lipase dilution buffer,8,0.2 mg/ml,one_shot,pNP-L hydrolysis assay,p-nitrophenyl laurate,same_paper,yes,partial,LipT6 M13 (E251C/G332C),3,EVID_LIT_000089;EVID_LIT_000128;EVID_LIT_000129,70,1;2;4
WEBR1_PROTOCOL_0024,LMT_0017,literature,10.3390/catal12070761,ASSAY_P1A_B03_04_001,25,reaction buffer,8.0,1 mg/ml,one_shot,pNPL activity assay,p-nitrophenyl laurate,same_paper,yes,partial,PML WT,12,EVID_LIT_000130;EVID_LIT_000135;EVID_LIT_000140;EVID_LIT_000145;EVID_LIT_000150;EVID_LIT_000151;EVID_LIT_000160;EVID_LIT_000161;EVID_LIT_000170;EVID_LIT_000171;EVID_LIT_000180;EVID_LIT_000181,10;20;30;40,1;2;3
WEBR1_PROTOCOL_0025,LMT_0018,literature,10.3390/catal12070761,ASSAY_P1A_B03_04_001,25,reaction buffer,8.0,1 mg/ml,one_shot,pNPL activity assay,p-nitrophenyl laurate,same_paper,yes,partial,PML R237A,12,EVID_LIT_000131;EVID_LIT_000136;EVID_LIT_000141;EVID_LIT_000146;EVID_LIT_000152;EVID_LIT_000153;EVID_LIT_000162;EVID_LIT_000163;EVID_LIT_000172;EVID_LIT_000173;EVID_LIT_000182;EVID_LIT_000183,10;20;30;40,1;2;3
WEBR1_PROTOCOL_0026,LMT_0019,literature,10.3390/catal12070761,ASSAY_P1A_B03_04_001,25,reaction buffer,8.0,1 mg/ml,one_shot,pNPL activity assay,p-nitrophenyl laurate,same_paper,yes,partial,PML R241A,12,EVID_LIT_000132;EVID_LIT_000137;EVID_LIT_000142;EVID_LIT_000147;EVID_LIT_000154;EVID_LIT_000155;EVID_LIT_000164;EVID_LIT_000165;EVID_LIT_000174;EVID_LIT_000175;EVID_LIT_000184;EVID_LIT_000185,10;20;30;40,1;2;3
WEBR1_PROTOCOL_0027,LMT_0020,literature,10.3390/catal12070761,ASSAY_P1A_B03_04_001,25,reaction buffer,8.0,1 mg/ml,one_shot,pNPL activity assay,p-nitrophenyl laurate,same_paper,yes,partial,PML D248A,12,EVID_LIT_000133;EVID_LIT_000138;EVID_LIT_000143;EVID_LIT_000148;EVID_LIT_000156;EVID_LIT_000157;EVID_LIT_000166;EVID_LIT_000167;EVID_LIT_000176;EVID_LIT_000177;EVID_LIT_000186;EVID_LIT_000187,10;20;30;40,1;2;3
WEBR1_PROTOCOL_0028,LMT_0021,literature,10.3390/catal12070761,ASSAY_P1A_B03_04_001,25,reaction buffer,8.0,1 mg/ml,one_shot,pNPL activity assay,p-nitrophenyl laurate,same_paper,yes,partial,PML R237A/D248A,12,EVID_LIT_000134;EVID_LIT_000139;EVID_LIT_000144;EVID_LIT_000149;EVID_LIT_000158;EVID_LIT_000159;EVID_LIT_000168;EVID_LIT_000169;EVID_LIT_000178;EVID_LIT_000179;EVID_LIT_000188;EVID_LIT_000189,10;20;30;40,1;2;3
WEBR1_PROTOCOL_0029,LMT_0022,literature,10.1007/s13205-021-03095-x,ASSAY_P1A_B04_01_001,30,50 mM KH2PO4-Na2HPO4 buffer,6.5,not_reported,one_shot,tributyrin hydrolysis titration assay with NaOH,tributyrin emulsion,same_paper,yes,yes,Candida antarctica lipase B WT,8,EVID_LIT_000262;EVID_LIT_000265;EVID_LIT_000268;EVID_LIT_000271;EVID_LIT_000274;EVID_LIT_000277;EVID_LIT_000280;EVID_LIT_000283,0;10;15;20;25;30;35;5,24
WEBR1_PROTOCOL_0030,LMT_0022,literature,10.1016/j.ijbiomac.2020.02.145,ASSAY_P1A_B28_ITEM1_FIG1A_CALB_MEOH_ACTIVITY,25,10 mM Tris-Cl pH 8.0 with 1% Triton X-100 and aqueous methanol during pNPO assay,8.0,not_reported,one_shot,p-nitrophenyl octanoate hydrolysis assay at A410,p-nitrophenyl octanoate,same_paper,yes,yes,Candida antarctica lipase B WT recombinant free enzyme,5,EVID_LIT_001352;EVID_LIT_001353;EVID_LIT_001354;EVID_LIT_001355;EVID_LIT_001356,0;10;20;30;40,0.05
WEBR1_PROTOCOL_0031,LMT_0022,literature,10.1016/j.ijbiomac.2020.02.145,ASSAY_P1A_B28_ITEM1_FIG6A_CALB_MEOH20_STABILITY,25,10 mM sodium phosphate buffer pH 7.5 with 20% (v/v) methanol,7.5,4 mg/ml,one_shot,p-nitrophenyl octanoate hydrolysis assay at A410,p-nitrophenyl octanoate,same_paper,yes,yes,Candida antarctica lipase B WT recombinant free enzyme,5,EVID_LIT_001358;EVID_LIT_001359;EVID_LIT_001360;EVID_LIT_001361;EVID_LIT_001362,20,168;24;48;72;96
WEBR1_PROTOCOL_0032,LMT_0022,literature,10.1016/j.jbiotec.2012.11.006,ASSAY_P1A_B06_05_002,30,0% methanol control incubation mixture; aqueous buffer component not_reported,not_reported,not_reported,one_shot,pNPC hydrolysis assay at A405,p-nitrophenyl caprylate (pNPC),same_paper,yes,yes,Candida antarctica lipase B WT,1,EVID_LIT_000374,0,24
WEBR1_PROTOCOL_0033,LMT_0022,literature,10.1016/j.jbiotec.2012.11.006,ASSAY_P1A_B06_05_002,30,40% (v/v) methanol incubation mixture; aqueous buffer component not_reported,not_reported,not_reported,one_shot,pNPC hydrolysis assay at A405,p-nitrophenyl caprylate (pNPC),same_paper,yes,yes,Candida antarctica lipase B WT,1,EVID_LIT_000357,40,24
WEBR1_PROTOCOL_0034,LMT_0022,literature,10.1016/j.jbiotec.2012.11.006,ASSAY_P1A_B06_05_002,30,80% (v/v) methanol incubation mixture; aqueous buffer component not_reported,not_reported,not_reported,one_shot,pNPC hydrolysis assay at A405,p-nitrophenyl caprylate (pNPC),same_paper,yes,yes,Candida antarctica lipase B WT,1,EVID_LIT_000362,80,24
WEBR1_PROTOCOL_0035,LMT_0022,literature,10.1016/j.jbiotec.2012.11.006,ASSAY_P1A_B06_05_003,30,80% (v/v) methanol incubation mixture; aqueous buffer component not_reported,not_reported,not_reported,one_shot,pNPC hydrolysis assay at A405,p-nitrophenyl caprylate (pNPC),same_paper,yes,yes,Candida antarctica lipase B WT,2,EVID_LIT_000351;EVID_LIT_000368,80,48;72
WEBR1_PROTOCOL_0036,LMT_0022,literature,10.1016/j.jbiotec.2013.10.012,S8A_SM028_001,25,methanol/toluene system,not_reported,not_reported,"methanol in toluene, controlled water activity",vinyl acetate reaction after preincubation,vinyl acetate,same source time-zero activity at aw 0.02,yes,yes,Candida antarctica lipase B (CALB),1,EVID_LIT_002483,60,3
WEBR1_PROTOCOL_0037,LMT_0022,literature,10.1016/j.jbiotec.2013.10.012,S8A_SM028_002,25,methanol/toluene system,not_reported,not_reported,"methanol in toluene, controlled water activity",vinyl acetate reaction after preincubation,vinyl acetate,same source time-zero activity at aw 0.09,yes,yes,Candida antarctica lipase B (CALB),1,EVID_LIT_002484,60,3
WEBR1_PROTOCOL_0038,LMT_0022,literature,10.1039/c3ob41076e,ASSAY_P1A_B28_ITEM2_FIG2B_CALB_IL_MEOH_2H_RT,25,0-50% (v/v) aqueous methanol; room-temperature incubation,not_reported,not_reported,one_shot,p-nitrophenyl palmitate hydrolysis assay at A405,p-nitrophenyl palmitate,same_paper,yes,yes,Candida antarctica lipase B native free enzyme,6,EVID_LIT_001363;EVID_LIT_001364;EVID_LIT_001365;EVID_LIT_001366;EVID_LIT_001367;EVID_LIT_001368,0;10;20;30;40;50,2
WEBR1_PROTOCOL_0039,LMT_0022,patent,CN108251400B,PAT_ASSAY_CN108251400B_EX4_T3_50MEOH,30,"concentrated enzyme liquid buffer-exchanged into 50 mM sodium citrate pH 6.5, then mixed 1:1 with anhydrous methanol",6.5,not_reported,one_shot,p-nitrophenyl palmitate hydrolysis assay after methanol treatment; reaction at 40 C for 10 min,p-nitrophenyl palmitate,same_patent_untreated_enzyme_liquid,yes,yes,Candida antarctica lipase B CalB-O parent,3,EVID_PAT_000532;EVID_PAT_000533;EVID_PAT_000534,50,1;2;3
WEBR1_PROTOCOL_0040,LMT_0022,patent,WO2009069116A2,PAT_ASSAY_WO2009069116_EX7_CALB,40,not_reported,not_reported,not_reported,stepwise,biodiesel FAME process endpoint,soybean oil + methanol,not_reported,not_reported,not_reported,Candida antarctica lipase B WT process preparation,1,EVID_PAT_000738,not_applicable_biodiesel_reagent,22
WEBR1_PROTOCOL_0041,LMT_0022,patent,WO2009069116A2,PAT_ASSAY_WO2009069116_EX8_CALB,40,not_reported,not_reported,not_reported,stepwise,biodiesel FAME process endpoint,soybean oil + methanol,not_reported,not_reported,not_reported,Candida antarctica lipase B WT process preparation,1,EVID_PAT_000739,not_applicable_biodiesel_reagent,22
WEBR1_PROTOCOL_0042,LMT_0022,patent,WO2011067349A1,PAT_ASSAY_WO2011067349_EX4_T4,47,50 mM Tris-Acetate buffer with 0% or 50% v/v absolute methanol,7.0,0.5 mg/ml,one_shot,pNPB hydrolysis absorbance assay,p-nitrophenyl butyrate (pNPB),same_patent_before_methanol_incubation,yes,yes,Candida antarctica lipase B WT,1,EVID_PAT_000601,50,0.333333
WEBR1_PROTOCOL_0043,LMT_0023,literature,10.1007/s13205-021-03095-x,ASSAY_P1A_B04_01_001,30,50 mM KH2PO4-Na2HPO4 buffer,6.5,not_reported,one_shot,tributyrin hydrolysis titration assay with NaOH,tributyrin emulsion,same_paper,yes,yes,Candida antarctica lipase B P218W,8,EVID_LIT_000263;EVID_LIT_000266;EVID_LIT_000269;EVID_LIT_000272;EVID_LIT_000275;EVID_LIT_000278;EVID_LIT_000281;EVID_LIT_000284,0;10;15;20;25;30;35;5,24
WEBR1_PROTOCOL_0044,LMT_0024,literature,10.1007/s13205-021-03095-x,ASSAY_P1A_B04_01_001,30,50 mM KH2PO4-Na2HPO4 buffer,6.5,not_reported,one_shot,tributyrin hydrolysis titration assay with NaOH,tributyrin emulsion,same_paper,yes,yes,Candida antarctica lipase B V306N,8,EVID_LIT_000264;EVID_LIT_000267;EVID_LIT_000270;EVID_LIT_000273;EVID_LIT_000276;EVID_LIT_000279;EVID_LIT_000282;EVID_LIT_000285,0;10;15;20;25;30;35;5,24
WEBR1_PROTOCOL_0045,LMT_0025,literature,10.1128/AEM.02143-18,ASSAY_P1A_B04_03_002,25,lipase buffer,7.5,0.2 mg/ml,one_shot,pNPL hydrolysis colorimetric assay at A405,p-nitrophenyl laurate,same_paper,yes,yes,LipT6 L184F,3,EVID_LIT_000289;EVID_LIT_000290;EVID_LIT_000291,70,1;4;6
WEBR1_PROTOCOL_0046,LMT_0026,literature,10.1128/AEM.02143-18,ASSAY_P1A_B04_03_002,25,lipase buffer,7.5,0.2 mg/ml,one_shot,pNPL hydrolysis colorimetric assay at A405,p-nitrophenyl laurate,same_paper,yes,yes,LipT6 A187F,3,EVID_LIT_000292;EVID_LIT_000293;EVID_LIT_000294,70,1;4;6
WEBR1_PROTOCOL_0047,LMT_0027,literature,10.1128/AEM.02143-18,ASSAY_P1A_B04_03_002,25,lipase buffer,7.5,0.2 mg/ml,one_shot,pNPL hydrolysis colorimetric assay at A405,p-nitrophenyl laurate,same_paper,yes,yes,LipT6 L360F,3,EVID_LIT_000295;EVID_LIT_000296;EVID_LIT_000297,70,1;4;6
WEBR1_PROTOCOL_0048,LMT_0028,literature,10.1128/AEM.02143-18,ASSAY_P1A_B04_03_002,25,lipase buffer,7.5,0.2 mg/ml,one_shot,pNPL hydrolysis colorimetric assay at A405,p-nitrophenyl laurate,same_paper,yes,yes,LipT6 L184F/A187F,3,EVID_LIT_000298;EVID_LIT_000299;EVID_LIT_000300,70,1;4;6
WEBR1_PROTOCOL_0049,LMT_0029,literature,10.1128/AEM.02143-18,ASSAY_P1A_B04_03_002,25,lipase buffer,7.5,0.2 mg/ml,one_shot,pNPL hydrolysis colorimetric assay at A405,p-nitrophenyl laurate,same_paper,yes,yes,LipT6 L184F/L360F,3,EVID_LIT_000301;EVID_LIT_000302;EVID_LIT_000303,70,1;4;6
WEBR1_PROTOCOL_0050,LMT_0030,literature,10.1128/AEM.02143-18,ASSAY_P1A_B04_03_002,25,lipase buffer,7.5,0.2 mg/ml,one_shot,pNPL hydrolysis colorimetric assay at A405,p-nitrophenyl laurate,same_paper,yes,yes,LipT6 A187F/L360F,3,EVID_LIT_000304;EVID_LIT_000305;EVID_LIT_000306,70,1;4;6
WEBR1_PROTOCOL_0051,LMT_0031,literature,10.1007/s00253-023-12396-5,ASSAY_P1A_B05_02_001,not_reported,not_reported,not_reported,not_reported,one_shot,p-nitrophenyl palmitate remaining-activity assay after methanol preincubation,p-nitrophenyl palmitate,same_paper,yes,yes,Geobacillus zalihae T1 lipase 2DC mutant (S2C/A384C),8,EVID_LIT_000310;EVID_LIT_000311;EVID_LIT_000313;EVID_LIT_000315;EVID_LIT_000318;EVID_LIT_000320;EVID_LIT_000322;EVID_LIT_000324,10;20;30;40;50;60;70;80,0.5
WEBR1_PROTOCOL_0052,LMT_0032,literature,10.1007/s00253-023-12396-5,ASSAY_P1A_B05_02_001,not_reported,not_reported,not_reported,not_reported,one_shot,p-nitrophenyl palmitate remaining-activity assay after methanol preincubation,p-nitrophenyl palmitate,same_paper,yes,yes,Geobacillus zalihae T1 lipase WT,8,EVID_LIT_000312;EVID_LIT_000314;EVID_LIT_000316;EVID_LIT_000317;EVID_LIT_000319;EVID_LIT_000321;EVID_LIT_000323;EVID_LIT_000325,10;20;30;40;50;60;70;80,0.5
WEBR1_PROTOCOL_0053,LMT_0032,literature,10.1016/j.jmgm.2021.107897,ASSAY_P1A_B10_05_METHANOL_TIMECOURSE_60C,60,50 mM phosphate buffer pH 8.0 with methanol solvent mixture,8,1 mg/ml,one_shot,p-nitrophenyl palmitate hydrolysis assay after methanol incubation,p-nitrophenyl palmitate,same_paper,yes,partial,Geobacillus zalihae T1 lipase WT,35,EVID_LIT_000579;EVID_LIT_000580;EVID_LIT_000581;EVID_LIT_000582;EVID_LIT_000583;EVID_LIT_000619;EVID_LIT_000620;EVID_LIT_000621;EVID_LIT_000622;EVID_LIT_000623;EVID_LIT_000659;EVID_LIT_000660;EVID_LIT_000661;EVID_LIT_000662;EVID_LIT_000663;EVID_LIT_000679;EVID_LIT_000680;EVID_LIT_000681;EVID_LIT_000682;EVID_LIT_000683;EVID_LIT_000699;EVID_LIT_000700;EVID_LIT_000701;EVID_LIT_000702;EVID_LIT_000703;EVID_LIT_000739;EVID_LIT_000740;EVID_LIT_000741;EVID_LIT_000742;EVID_LIT_000743;EVID_LIT_000769;EVID_LIT_000770;EVID_LIT_000771;EVID_LIT_000772;EVID_LIT_000773,50;60;70,1;2;3;4;5
WEBR1_PROTOCOL_0054,LMT_0032,literature,10.7717/peerj.3341,ASSAY_S3_C12B_LMT_0032_25_1_040,70,not_reported,not_reported,not_reported,preincubated_enzyme,olive oil emulsion Glycine-NaOH buffer assay,not_reported,not_reported,not_reported,not_reported,Geobacillus zalihae T1 lipase WT,1,EVID_LIT_000040,25,1
WEBR1_PROTOCOL_0055,LMT_0032,literature,10.7717/peerj.3341,ASSAY_S3_C12B_LMT_0032_50_1_041,70,not_reported,not_reported,not_reported,preincubated_enzyme,olive oil emulsion Glycine-NaOH buffer assay,not_reported,not_reported,not_reported,not_reported,Geobacillus zalihae T1 lipase WT,1,EVID_LIT_000041,50,1
WEBR1_PROTOCOL_0056,LMT_0032,patent,WO2023282853A2,PAT_ASSAY_WO2023282853_T2C_RESORUFIN_MEOH_TOLERANCE,25,20 mM Tris pH 8 containing matched 0-40% methanol,8,not_reported,one_shot,resorufin lipase substrate fluorescence assay after 1 h methanol preincubation,resorufin lipase substrate,same_table_0pct_normalized_baseline,yes,yes,T1.2-like lipase SEQ ID NO:93,5,EVID_PAT_000211;EVID_PAT_000212;EVID_PAT_000213;EVID_PAT_000214;EVID_PAT_000215,0;10;20;30;40,1
WEBR1_PROTOCOL_0057,LMT_0033,literature,10.1007/s43393-023-00179-y,ASSAY_P1A_B06_01_001,37,"20 mM PB, 100 mM NaCl, pH 8.0",8.0,0.1 mg/ml,one_shot,pNPL hydrolysis assay at A410 within 2 min,p-nitrophenyl palmitate,same_paper,yes,yes,Proteus mirabilis lipase WT (GKG),2,EVID_LIT_000327;EVID_LIT_000328,50,0.25;2
WEBR1_PROTOCOL_0058,LMT_0034,literature,10.1007/s43393-023-00179-y,ASSAY_P1A_B06_01_002,37,"20 mM PB, 100 mM NaCl, pH 8.0",8.0,0.1 mg/ml,one_shot,pNPL hydrolysis assay at A410 within 2 min,p-nitrophenyl palmitate,same_paper,yes,yes,Proteus mirabilis lipase NGS mutant,2,EVID_LIT_000329;EVID_LIT_000330,50,0.25;2
WEBR1_PROTOCOL_0059,LMT_0035,literature,10.1007/s43393-023-00179-y,ASSAY_P1A_B06_01_003,37,"20 mM PB, 100 mM NaCl, pH 8.0",8.0,0.1 mg/ml,one_shot,pNPL hydrolysis assay at A410 within 2 min,p-nitrophenyl palmitate,same_paper,yes,yes,Proteus mirabilis lipase CGS mutant,2,EVID_LIT_000331;EVID_LIT_000332,50,0.25;2
WEBR1_PROTOCOL_0060,LMT_0036,literature,10.1007/s43393-023-00179-y,ASSAY_P1A_B06_01_004,37,"20 mM PB, 100 mM NaCl, pH 8.0",8.0,0.1 mg/ml,one_shot,pNPL hydrolysis assay at A410 within 2 min,p-nitrophenyl palmitate,same_paper,yes,yes,Proteus mirabilis lipase GNS mutant,2,EVID_LIT_000333;EVID_LIT_000334,50,0.25;2
WEBR1_PROTOCOL_0061,LMT_0037,literature,10.1007/s43393-023-00179-y,ASSAY_P1A_B06_01_005,37,"20 mM PB, 100 mM NaCl, pH 8.0",8.0,0.1 mg/ml,one_shot,pNPL hydrolysis assay at A410 within 2 min,p-nitrophenyl palmitate,same_paper,yes,yes,Proteus mirabilis lipase NMS mutant,1,EVID_LIT_000335,50,2
WEBR1_PROTOCOL_0062,LMT_0037,literature,10.1007/s43393-023-00179-y,ASSAY_P1A_B06_01_006,37,"20 mM PB, 100 mM NaCl, pH 8.0",8.0,0.1 mg/ml,one_shot,pNPL hydrolysis assay at A410 within 2 min,p-nitrophenyl palmitate,same_paper,yes,yes,Proteus mirabilis lipase NMS mutant,1,EVID_LIT_000347,50,0.25
WEBR1_PROTOCOL_0063,LMT_0038,literature,10.1007/s43393-023-00179-y,ASSAY_P1A_B06_01_005,37,"20 mM PB, 100 mM NaCl, pH 8.0",8.0,0.1 mg/ml,one_shot,pNPL hydrolysis assay at A410 within 2 min,p-nitrophenyl palmitate,same_paper,yes,yes,Proteus mirabilis lipase CFS mutant,1,EVID_LIT_000348,50,2
WEBR1_PROTOCOL_0064,LMT_0038,literature,10.1007/s43393-023-00179-y,ASSAY_P1A_B06_01_006,37,"20 mM PB, 100 mM NaCl, pH 8.0",8.0,0.1 mg/ml,one_shot,pNPL hydrolysis assay at A410 within 2 min,p-nitrophenyl palmitate,same_paper,yes,yes,Proteus mirabilis lipase CFS mutant,1,EVID_LIT_000336,50,0.25
WEBR1_PROTOCOL_0065,LMT_0039,literature,10.1016/j.jbiotec.2012.11.006,ASSAY_P1A_B06_05_002,30,0% methanol control incubation mixture; aqueous buffer component not_reported,not_reported,not_reported,one_shot,pNPC hydrolysis assay at A405,p-nitrophenyl caprylate (pNPC),same_paper,yes,yes,Candida antarctica lipase B A8T,1,EVID_LIT_000375,0,24
WEBR1_PROTOCOL_0066,LMT_0039,literature,10.1016/j.jbiotec.2012.11.006,ASSAY_P1A_B06_05_002,30,40% (v/v) methanol incubation mixture; aqueous buffer component not_reported,not_reported,not_reported,one_shot,pNPC hydrolysis assay at A405,p-nitrophenyl caprylate (pNPC),same_paper,yes,yes,Candida antarctica lipase B A8T,1,EVID_LIT_000358,40,24
WEBR1_PROTOCOL_0067,LMT_0039,literature,10.1016/j.jbiotec.2012.11.006,ASSAY_P1A_B06_05_002,30,80% (v/v) methanol incubation mixture; aqueous buffer component not_reported,not_reported,not_reported,one_shot,pNPC hydrolysis assay at A405,p-nitrophenyl caprylate (pNPC),same_paper,yes,yes,Candida antarctica lipase B A8T,1,EVID_LIT_000363,80,24
WEBR1_PROTOCOL_0068,LMT_0039,literature,10.1016/j.jbiotec.2012.11.006,ASSAY_P1A_B06_05_003,30,80% (v/v) methanol incubation mixture; aqueous buffer component not_reported,not_reported,not_reported,one_shot,pNPC hydrolysis assay at A405,p-nitrophenyl caprylate (pNPC),same_paper,yes,yes,Candida antarctica lipase B A8T,2,EVID_LIT_000352;EVID_LIT_000369,80,48;72
WEBR1_PROTOCOL_0069,LMT_0040,literature,10.1016/j.jbiotec.2012.11.006,ASSAY_P1A_B06_05_002,30,0% methanol control incubation mixture; aqueous buffer component not_reported,not_reported,not_reported,one_shot,pNPC hydrolysis assay at A405,p-nitrophenyl caprylate (pNPC),same_paper,yes,yes,Candida antarctica lipase B A92E,1,EVID_LIT_000376,0,24
WEBR1_PROTOCOL_0070,LMT_0040,literature,10.1016/j.jbiotec.2012.11.006,ASSAY_P1A_B06_05_002,30,40% (v/v) methanol incubation mixture; aqueous buffer component not_reported,not_reported,not_reported,one_shot,pNPC hydrolysis assay at A405,p-nitrophenyl caprylate (pNPC),same_paper,yes,yes,Candida antarctica lipase B A92E,1,EVID_LIT_000359,40,24
WEBR1_PROTOCOL_0071,LMT_0040,literature,10.1016/j.jbiotec.2012.11.006,ASSAY_P1A_B06_05_002,30,80% (v/v) methanol incubation mixture; aqueous buffer component not_reported,not_reported,not_reported,one_shot,pNPC hydrolysis assay at A405,p-nitrophenyl caprylate (pNPC),same_paper,yes,yes,Candida antarctica lipase B A92E,1,EVID_LIT_000364,80,24
WEBR1_PROTOCOL_0072,LMT_0040,literature,10.1016/j.jbiotec.2012.11.006,ASSAY_P1A_B06_05_003,30,80% (v/v) methanol incubation mixture; aqueous buffer component not_reported,not_reported,not_reported,one_shot,pNPC hydrolysis assay at A405,p-nitrophenyl caprylate (pNPC),same_paper,yes,yes,Candida antarctica lipase B A92E,2,EVID_LIT_000353;EVID_LIT_000370,80,48;72
WEBR1_PROTOCOL_0073,LMT_0041,literature,10.1016/j.jbiotec.2012.11.006,ASSAY_P1A_B06_05_002,30,0% methanol control incubation mixture; aqueous buffer component not_reported,not_reported,not_reported,one_shot,pNPC hydrolysis assay at A405,p-nitrophenyl caprylate (pNPC),same_paper,yes,yes,Candida antarctica lipase B N97Q,1,EVID_LIT_000377,0,24
WEBR1_PROTOCOL_0074,LMT_0041,literature,10.1016/j.jbiotec.2012.11.006,ASSAY_P1A_B06_05_002,30,40% (v/v) methanol incubation mixture; aqueous buffer component not_reported,not_reported,not_reported,one_shot,pNPC hydrolysis assay at A405,p-nitrophenyl caprylate (pNPC),same_paper,yes,yes,Candida antarctica lipase B N97Q,1,EVID_LIT_000360,40,24
WEBR1_PROTOCOL_0075,LMT_0041,literature,10.1016/j.jbiotec.2012.11.006,ASSAY_P1A_B06_05_002,30,80% (v/v) methanol incubation mixture; aqueous buffer component not_reported,not_reported,not_reported,one_shot,pNPC hydrolysis assay at A405,p-nitrophenyl caprylate (pNPC),same_paper,yes,yes,Candida antarctica lipase B N97Q,1,EVID_LIT_000365,80,24
WEBR1_PROTOCOL_0076,LMT_0041,literature,10.1016/j.jbiotec.2012.11.006,ASSAY_P1A_B06_05_003,30,80% (v/v) methanol incubation mixture; aqueous buffer component not_reported,not_reported,not_reported,one_shot,pNPC hydrolysis assay at A405,p-nitrophenyl caprylate (pNPC),same_paper,yes,yes,Candida antarctica lipase B N97Q,2,EVID_LIT_000354;EVID_LIT_000371,80,48;72
WEBR1_PROTOCOL_0077,LMT_0042,literature,10.1016/j.jbiotec.2012.11.006,ASSAY_P1A_B06_05_003,30,80% (v/v) methanol incubation mixture; aqueous buffer component not_reported,not_reported,not_reported,one_shot,pNPC hydrolysis assay at A405,p-nitrophenyl caprylate (pNPC),same_paper,yes,yes,Candida antarctica lipase B T244D,3,EVID_LIT_000355;EVID_LIT_000367;EVID_LIT_000372,80,24;48;72
WEBR1_PROTOCOL_0078,LMT_0043,literature,10.1016/j.jbiotec.2012.11.006,ASSAY_P1A_B06_05_002,30,0% methanol control incubation mixture; aqueous buffer component not_reported,not_reported,not_reported,one_shot,pNPC hydrolysis assay at A405,p-nitrophenyl caprylate (pNPC),same_paper,yes,yes,Candida antarctica lipase B T245S,1,EVID_LIT_000378,0,24
WEBR1_PROTOCOL_0079,LMT_0043,literature,10.1016/j.jbiotec.2012.11.006,ASSAY_P1A_B06_05_002,30,40% (v/v) methanol incubation mixture; aqueous buffer component not_reported,not_reported,not_reported,one_shot,pNPC hydrolysis assay at A405,p-nitrophenyl caprylate (pNPC),same_paper,yes,yes,Candida antarctica lipase B T245S,1,EVID_LIT_000361,40,24
WEBR1_PROTOCOL_0080,LMT_0043,literature,10.1016/j.jbiotec.2012.11.006,ASSAY_P1A_B06_05_002,30,80% (v/v) methanol incubation mixture; aqueous buffer component not_reported,not_reported,not_reported,one_shot,pNPC hydrolysis assay at A405,p-nitrophenyl caprylate (pNPC),same_paper,yes,yes,Candida antarctica lipase B T245S,1,EVID_LIT_000366,80,24
WEBR1_PROTOCOL_0081,LMT_0043,literature,10.1016/j.jbiotec.2012.11.006,ASSAY_P1A_B06_05_003,30,80% (v/v) methanol incubation mixture; aqueous buffer component not_reported,not_reported,not_reported,one_shot,pNPC hydrolysis assay at A405,p-nitrophenyl caprylate (pNPC),same_paper,yes,yes,Candida antarctica lipase B T245S,2,EVID_LIT_000356;EVID_LIT_000373,80,48;72
WEBR1_PROTOCOL_0082,LMT_0044,literature,10.1007/s00253-015-6700-4,ASSAY_P1A_B09_05_FIG1_70MEOH_TIMECOURSE,25,lipase buffer with methanol final concentration 70%,7.5,0.2 mg/ml,one_shot,pNPL hydrolysis assay after methanol incubation,p-nitrophenyl laurate,same_paper,yes,yes,Lipase T6 WT,8,EVID_LIT_000479;EVID_LIT_000480;EVID_LIT_000481;EVID_LIT_000482;EVID_LIT_000483;EVID_LIT_000484;EVID_LIT_000485;EVID_LIT_000486,70,0.5;1;10;2;3;4;5;7.5
WEBR1_PROTOCOL_0083,LMT_0044,literature,10.1128/AEM.03371-13,ASSAY_P1A_B07_01_001,25,lipase buffer with methanol final concentration 70%,7.2,0.2 mg/ml,one_shot,pNPL hydrolysis assay after methanol incubation,p-nitrophenyl laurate,same_paper,yes,yes,Lipase T6 WT,1,EVID_LIT_000379,70,0.065
WEBR1_PROTOCOL_0084,LMT_0044,literature,10.1128/AEM.03371-13,ASSAY_P1A_B16_03_001,25,"lipase buffer (1 mM CaCl2, 300 mM NaCl, 50 mM Tris-HCl pH 7.2)",7.2,0.2 mg/ml,one_shot,pNPL hydrolysis assay at A405 in 96-well plate,p-nitrophenyl laurate,same_paper,yes,yes,Lipase T6 WT,1,EVID_LIT_001225,60,1
WEBR1_PROTOCOL_0085,LMT_0044,literature,10.1128/AEM.03371-13,ASSAY_P1A_B16_03_001,25,lipase buffer with methanol final concentration specified by Figure 2A,7.2,0.2 mg/ml,one_shot,pNPL hydrolysis assay after methanol incubation,p-nitrophenyl laurate,same_paper,yes,yes,Lipase T6 WT,4,EVID_LIT_001226;EVID_LIT_001227;EVID_LIT_001228;EVID_LIT_001229,0;50;70;80,1
WEBR1_PROTOCOL_0086,LMT_0045,literature,10.1128/AEM.03371-13,ASSAY_P1A_B07_01_001,25,lipase buffer with methanol final concentration 70%,7.2,0.2 mg/ml,one_shot,pNPL hydrolysis assay after methanol incubation,p-nitrophenyl laurate,same_paper,yes,yes,Lipase T6 Q185L,1,EVID_LIT_000380,70,1.483
WEBR1_PROTOCOL_0087,LMT_0045,literature,10.1128/AEM.03371-13,ASSAY_P1A_B16_03_001,25,"lipase buffer (1 mM CaCl2, 300 mM NaCl, 50 mM Tris-HCl pH 7.2)",7.2,0.2 mg/ml,one_shot,pNPL hydrolysis assay at A405 in 96-well plate,p-nitrophenyl laurate,same_paper,yes,yes,Lipase T6 Q185L,1,EVID_LIT_001222,70,1
WEBR1_PROTOCOL_0088,LMT_0045,literature,10.1128/AEM.03371-13,ASSAY_P1A_B16_03_001,25,lipase buffer with methanol final concentration specified by Figure 2A,7.2,0.2 mg/ml,one_shot,pNPL hydrolysis assay after methanol incubation,p-nitrophenyl laurate,same_paper,yes,yes,Lipase T6 Q185L,4,EVID_LIT_001230;EVID_LIT_001231;EVID_LIT_001232;EVID_LIT_001233,0;50;60;80,1
WEBR1_PROTOCOL_0089,LMT_0046,literature,10.1128/AEM.03371-13,ASSAY_P1A_B07_01_001,25,lipase buffer with methanol final concentration 70%,7.2,0.2 mg/ml,one_shot,pNPL hydrolysis assay after methanol incubation,p-nitrophenyl laurate,same_paper,yes,yes,Lipase T6 A269T,1,EVID_LIT_000381,70,1.6
WEBR1_PROTOCOL_0090,LMT_0046,literature,10.1128/AEM.03371-13,ASSAY_P1A_B16_03_001,25,"lipase buffer (1 mM CaCl2, 300 mM NaCl, 50 mM Tris-HCl pH 7.2)",7.2,0.2 mg/ml,one_shot,pNPL hydrolysis assay at A405 in 96-well plate,p-nitrophenyl laurate,same_paper,yes,yes,Lipase T6 A269T,1,EVID_LIT_001221,70,1
WEBR1_PROTOCOL_0091,LMT_0046,literature,10.1128/AEM.03371-13,ASSAY_P1A_B16_03_001,25,lipase buffer with methanol final concentration specified by Figure 2A,7.2,0.2 mg/ml,one_shot,pNPL hydrolysis assay after methanol incubation,p-nitrophenyl laurate,same_paper,yes,yes,Lipase T6 A269T,4,EVID_LIT_001234;EVID_LIT_001235;EVID_LIT_001236;EVID_LIT_001237,0;50;60;80,1
WEBR1_PROTOCOL_0092,LMT_0047,literature,10.1128/AEM.03371-13,ASSAY_P1A_B07_01_001,25,lipase buffer with methanol final concentration 70%,7.2,0.2 mg/ml,one_shot,pNPL hydrolysis assay after methanol incubation,p-nitrophenyl laurate,same_paper,yes,yes,Lipase T6 Q185L/A269T,1,EVID_LIT_000382,70,2.317
WEBR1_PROTOCOL_0093,LMT_0047,literature,10.1128/AEM.03371-13,ASSAY_P1A_B16_03_001,25,"lipase buffer (1 mM CaCl2, 300 mM NaCl, 50 mM Tris-HCl pH 7.2)",7.2,0.2 mg/ml,one_shot,pNPL hydrolysis assay at A405 in 96-well plate,p-nitrophenyl laurate,same_paper,yes,yes,Lipase T6 Q185L/A269T,1,EVID_LIT_001223,70,1
WEBR1_PROTOCOL_0094,LMT_0047,literature,10.1128/AEM.03371-13,ASSAY_P1A_B16_03_001,25,lipase buffer with methanol final concentration specified by Figure 2A,7.2,0.2 mg/ml,one_shot,pNPL hydrolysis assay after methanol incubation,p-nitrophenyl laurate,same_paper,yes,yes,Lipase T6 Q185L/A269T,4,EVID_LIT_001238;EVID_LIT_001239;EVID_LIT_001240;EVID_LIT_001241,0;50;60;80,1
WEBR1_PROTOCOL_0095,LMT_0048,literature,10.1007/s00253-015-6700-4,ASSAY_P1A_B09_05_FIG1_70MEOH_TIMECOURSE,25,lipase buffer with methanol final concentration 70%,7.5,0.2 mg/ml,one_shot,pNPL hydrolysis assay after methanol incubation,p-nitrophenyl laurate,same_paper,yes,yes,Lipase T6 H86Y/A269T,8,EVID_LIT_000495;EVID_LIT_000496;EVID_LIT_000497;EVID_LIT_000498;EVID_LIT_000499;EVID_LIT_000500;EVID_LIT_000501;EVID_LIT_000502,70,0.5;1;10;2;3;4;5;7.5
WEBR1_PROTOCOL_0096,LMT_0048,literature,10.1128/AEM.03371-13,ASSAY_P1A_B07_01_001,25,lipase buffer with methanol final concentration 70%,7.2,0.2 mg/ml,one_shot,pNPL hydrolysis assay after methanol incubation,p-nitrophenyl laurate,same_paper,yes,yes,Lipase T6 H86Y/A269T,1,EVID_LIT_000383,70,4.3
WEBR1_PROTOCOL_0097,LMT_0048,literature,10.1128/AEM.03371-13,ASSAY_P1A_B16_03_001,25,"lipase buffer (1 mM CaCl2, 300 mM NaCl, 50 mM Tris-HCl pH 7.2)",7.2,0.2 mg/ml,one_shot,pNPL hydrolysis assay at A405 in 96-well plate,p-nitrophenyl laurate,same_paper,yes,yes,Lipase T6 H86Y/A269T,1,EVID_LIT_001224,70,1
WEBR1_PROTOCOL_0098,LMT_0048,literature,10.1128/AEM.03371-13,ASSAY_P1A_B16_03_001,25,lipase buffer with methanol final concentration specified by Figure 2A,7.2,0.2 mg/ml,one_shot,pNPL hydrolysis assay after methanol incubation,p-nitrophenyl laurate,same_paper,yes,yes,Lipase T6 H86Y/A269T,4,EVID_LIT_001242;EVID_LIT_001243;EVID_LIT_001244;EVID_LIT_001245,0;50;60;80,1
WEBR1_PROTOCOL_0099,LMT_0050,literature,10.1016/j.bej.2022.108659,ASSAY_P1A_B14_05_TABLE3_50MEOH_TIME,40,5 mM Tris-HCl buffer solution pH 8.0 containing 50% methanol,8.0,0.30 mg/ml,one_shot,BALB-DTNB method,BAL-tributyrate,same_paper,yes,yes,Thermomyces lanuginosus lipase WT,2,EVID_LIT_001069;EVID_LIT_001070,50,0.5;2
WEBR1_PROTOCOL_0100,LMT_0050,literature,10.1016/j.jclepro.2024.141949,ASSAY_P1A_B16_01_001,25,methanol-water solution,not_reported,not_reported,one_shot,p-NPL hydrolysis assay at A410,p-nitrophenyl laurate (p-NPL),same_paper,yes,yes,Thermomyces lanuginosus lipase WT,6,EVID_LIT_001171;EVID_LIT_001176;EVID_LIT_001181;EVID_LIT_001186;EVID_LIT_001191;EVID_LIT_001196,20;40;60;65;70;75,1
WEBR1_PROTOCOL_0101,LMT_0050,literature,10.1016/j.jclepro.2024.141949,ASSAY_P1A_B16_01_002,25,methanol-water solution,not_reported,not_reported,one_shot,p-NPL hydrolysis assay at A410,p-nitrophenyl laurate (p-NPL),same_paper,yes,yes,Thermomyces lanuginosus lipase WT,4,EVID_LIT_001201;EVID_LIT_001206;EVID_LIT_001211;EVID_LIT_001216,20,12;24;36;48
WEBR1_PROTOCOL_0102,LMT_0050,literature,10.1021/acs.jafc.4c10663,ASSAY_P1A_B07_04_FIG5_METHANOL,50,100 mM phosphate buffer,8,0.1 mg/ml,one_shot,p-NPP hydrolysis assay at 404 nm,p-nitrophenyl palmitate,same_paper,yes,yes,Thermomyces lanuginosus lipase WT,11,EVID_LIT_000405;EVID_LIT_000406;EVID_LIT_000407;EVID_LIT_000408;EVID_LIT_000409;EVID_LIT_000410;EVID_LIT_000411;EVID_LIT_000438;EVID_LIT_000439;EVID_LIT_000440;EVID_LIT_000441,40;50;60;70;80,0.5;1;12;2;24;4;7
WEBR1_PROTOCOL_0103,LMT_0050,literature,10.1111/1750-3841.70302,ASSAY_P1A_B28_ITEM6_FIG3F_TLL_ORGANIC_SOLVENT_3H_RT,25,2.5% (w/v) methanol organic-solvent challenge; buffer not reported,not_reported,not_reported,one_shot,lipase activity reassessed under optimal temperature and pH after organic-solvent preincubation,p-nitrophenyl ester substrate panel context; exact ester for solvent panel not specified,same_paper,yes,yes,Thermomyces lanuginosus lipase WT,1,EVID_LIT_001522,2.5,3
WEBR1_PROTOCOL_0104,LMT_0050,literature,10.1186/s13068-024-02478-5,ASSAY_P1A_B10_03_F5C_MEOH_CONC_1H,25,methanol preincubation solution,8.5,1 mg/ml,one_shot,colorimetric pNPP activity assay,p-nitrophenyl palmitate,same_paper,yes,yes,Thermomyces lanuginosus lipase WT,10,EVID_LIT_000548;EVID_LIT_000549;EVID_LIT_000550;EVID_LIT_000551;EVID_LIT_000552;EVID_LIT_000553;EVID_LIT_000554;EVID_LIT_000555;EVID_LIT_000556;EVID_LIT_000557,0;10;20;30;40;50;60;70;80;90,1
WEBR1_PROTOCOL_0105,LMT_0050,patent,CN117070495B,PAT_ASSAY_CN117070495_FIG2_1H_CONCENTRATION,not_reported,methanol-water solution,not_reported,not_reported,one_shot,p-NPL hydrolysis assay at 410 nm; 40 C for 5 min; Na2CO3 stop,p-nitrophenyl laurate (p-NPL; C12),same_patent_no_methanol_or_0h_baseline,yes,yes,Thermomyces lanuginosus lipase WT,6,EVID_PAT_000541;EVID_PAT_000546;EVID_PAT_000551;EVID_PAT_000556;EVID_PAT_000561;EVID_PAT_000566,20;40;60;65;70;75,1
WEBR1_PROTOCOL_0106,LMT_0050,patent,CN117070495B,PAT_ASSAY_CN117070495_FIG3_20MEOH_TIMECOURSE,not_reported,methanol-water solution,not_reported,not_reported,one_shot,p-NPL hydrolysis assay at 410 nm; 40 C for 5 min; Na2CO3 stop,p-nitrophenyl laurate (p-NPL; C12),same_patent_no_methanol_or_0h_baseline,yes,yes,Thermomyces lanuginosus lipase WT,4,EVID_PAT_000571;EVID_PAT_000576;EVID_PAT_000581;EVID_PAT_000586,20,12;24;36;48
WEBR1_PROTOCOL_0107,LMT_0050,patent,CN119082082B,PAT_ASSAY_CN119082082_FIG7_10MEOH_1H,not_reported,10% methanol buffer system; buffer composition not_reported,not_reported,not_reported,one_shot,lipase activity assay under each enzyme's optimum temperature and pH; exact substrate not extracted,not_reported,same_patent_before_methanol_incubation,yes,yes,Thermomyces lanuginosus lipase WT,1,EVID_PAT_000701,10,1
WEBR1_PROTOCOL_0108,LMT_0051,literature,10.1021/acs.jafc.4c10663,ASSAY_P1A_B07_04_FIG5_METHANOL,50,100 mM phosphate buffer,8,0.1 mg/ml,one_shot,p-NPP hydrolysis assay at 404 nm,p-nitrophenyl palmitate,same_paper,yes,yes,Thermomyces lanuginosus lipase A113G,11,EVID_LIT_000395;EVID_LIT_000413;EVID_LIT_000414;EVID_LIT_000415;EVID_LIT_000416;EVID_LIT_000417;EVID_LIT_000418;EVID_LIT_000442;EVID_LIT_000443;EVID_LIT_000444;EVID_LIT_000445,40;50;60;70;80,0.5;1;12;2;24;4;7
WEBR1_PROTOCOL_0109,LMT_0052,literature,10.1021/acs.jafc.4c10663,ASSAY_P1A_B07_04_FIG5_METHANOL,50,100 mM phosphate buffer,8,0.1 mg/ml,one_shot,p-NPP hydrolysis assay at 404 nm,p-nitrophenyl palmitate,same_paper,yes,yes,Thermomyces lanuginosus lipase A113G/D70N,11,EVID_LIT_000396;EVID_LIT_000399;EVID_LIT_000401;EVID_LIT_000420;EVID_LIT_000421;EVID_LIT_000422;EVID_LIT_000423;EVID_LIT_000424;EVID_LIT_000446;EVID_LIT_000447;EVID_LIT_000448,40;50;60;70;80,0.5;1;12;2;24;4;7
WEBR1_PROTOCOL_0110,LMT_0053,literature,10.1021/acs.jafc.4c10663,ASSAY_P1A_B07_04_FIG5_METHANOL,50,100 mM phosphate buffer,8,0.1 mg/ml,one_shot,p-NPP hydrolysis assay at 404 nm,p-nitrophenyl palmitate,same_paper,yes,yes,Thermomyces lanuginosus lipase A113G/L74N,11,EVID_LIT_000397;EVID_LIT_000400;EVID_LIT_000402;EVID_LIT_000426;EVID_LIT_000427;EVID_LIT_000428;EVID_LIT_000429;EVID_LIT_000430;EVID_LIT_000449;EVID_LIT_000450;EVID_LIT_000451,40;50;60;70;80,0.5;1;12;2;24;4;7
WEBR1_PROTOCOL_0111,LMT_0054,literature,10.1021/acs.jafc.4c10663,ASSAY_P1A_B07_04_FIG5_METHANOL,50,100 mM phosphate buffer,8,0.1 mg/ml,one_shot,p-NPP hydrolysis assay at 404 nm,p-nitrophenyl palmitate,same_paper,yes,yes,Thermomyces lanuginosus lipase A113G/R217N,11,EVID_LIT_000398;EVID_LIT_000403;EVID_LIT_000432;EVID_LIT_000433;EVID_LIT_000434;EVID_LIT_000435;EVID_LIT_000436;EVID_LIT_000437;EVID_LIT_000452;EVID_LIT_000453;EVID_LIT_000454,40;50;60;70;80,0.5;1;12;2;24;4;7
WEBR1_PROTOCOL_0112,LMT_0055,literature,10.3390/ijms19041129,ASSAY_P1A_B08_05_001,25,50 mM phosphate buffer,6.8,not_reported,one_shot,pNPP-hydrolyzing activity assay,p-nitrophenyl palmitate,same_paper,yes,yes,Mortierella echinosphaera lipase WT,3,EVID_LIT_000459;EVID_LIT_000460;EVID_LIT_000461,10;15;20,0.5
WEBR1_PROTOCOL_0113,LMT_0056,literature,10.1371/journal.pone.0023325,ASSAY_P1A_B09_01_001,25,25 mM sodium phosphate buffer,7.0,not_reported,one_shot,lipolytic activity assay using p-NP butyrate substrate,p-nitrophenyl butyrate,same_paper,yes,yes,Marinobacter lipolyticus LipBL WT,1,EVID_LIT_000468,30,0.5
WEBR1_PROTOCOL_0114,LMT_0057,literature,10.1007/s00449-011-0598-8,ASSAY_P1A_B09_02_001,25,room-temperature methanol incubation mixture,not_reported,not_reported,one_shot,spectrophotometric pNPP assay,p-nitrophenyl palmitate,same_paper,yes,yes,Streptomyces sp. CS326 lipase LP326 WT,6,EVID_LIT_000469;EVID_LIT_000470;EVID_LIT_000471;EVID_LIT_000472;EVID_LIT_000473;EVID_LIT_000474,10;15;25;30;40;5,24
WEBR1_PROTOCOL_0115,LMT_0058,literature,10.1263/jbb.102.82,ASSAY_P1A_B09_04_001,30,culture supernatant or crude enzyme methanol incubation system,7.6,not_reported,one_shot,standard pNPP assay,p-nitrophenyl palmitate,same_paper,yes,yes,Pseudomonas aeruginosa san-ai lipase WT,2,EVID_LIT_000475;EVID_LIT_000476,25,24;48
WEBR1_PROTOCOL_0116,LMT_0058,literature,10.1263/jbb.102.82,ASSAY_P1A_B09_04_002,50,culture supernatant or crude enzyme methanol incubation system,7.6,not_reported,one_shot,standard pNPP assay,p-nitrophenyl palmitate,same_paper,yes,yes,Pseudomonas aeruginosa san-ai lipase WT,1,EVID_LIT_000477,30,0.167
WEBR1_PROTOCOL_0117,LMT_0059,literature,10.1016/j.enzmictec.2016.10.007,ASSAY_P1A_B10_01_FIG1_MEOH_WATER_TIMESERIES,30,100 mM phosphate buffer pH 7.0 with 10 wt% methanol,7.0,0.1 mg/ml,one_shot,titrimetric lipase activity assay after methanol exposure and nitrogen flushing,olive oil emulsion,same_paper,yes,yes,Yarrowia lipolytica Lipase 2,8,EVID_LIT_000512;EVID_LIT_000513;EVID_LIT_000514;EVID_LIT_000515;EVID_LIT_000527;EVID_LIT_000528;EVID_LIT_000529;EVID_LIT_000530,10,0.167;0.333;0.5;1
WEBR1_PROTOCOL_0118,LMT_0059,literature,10.1016/j.enzmictec.2016.10.007,ASSAY_P1A_B10_01_FIG1_MEOH_WATER_TIMESERIES,30,100 mM phosphate buffer pH 7.0 with 20 wt% methanol,7.0,0.1 mg/ml,one_shot,titrimetric lipase activity assay after methanol exposure and nitrogen flushing,olive oil emulsion,same_paper,yes,yes,Yarrowia lipolytica Lipase 2,8,EVID_LIT_000517;EVID_LIT_000518;EVID_LIT_000519;EVID_LIT_000520;EVID_LIT_000532;EVID_LIT_000533;EVID_LIT_000534;EVID_LIT_000535,20,0.167;0.333;0.5;1
WEBR1_PROTOCOL_0119,LMT_0059,literature,10.1016/j.enzmictec.2016.10.007,ASSAY_P1A_B10_01_FIG1_MEOH_WATER_TIMESERIES,30,100 mM phosphate buffer pH 7.0 with 30 wt% methanol,7.0,0.1 mg/ml,one_shot,titrimetric lipase activity assay after methanol exposure and nitrogen flushing,olive oil emulsion,same_paper,yes,yes,Yarrowia lipolytica Lipase 2,8,EVID_LIT_000522;EVID_LIT_000523;EVID_LIT_000524;EVID_LIT_000525;EVID_LIT_000537;EVID_LIT_000538;EVID_LIT_000539;EVID_LIT_000540,30,0.167;0.333;0.5;1
WEBR1_PROTOCOL_0120,LMT_0059,literature,10.1016/j.enzmictec.2016.10.007,ASSAY_P1A_B10_01_FIG2_PURE_MEOH_TIMESERIES,30,pure methanol solvent,not_applicable,0.1 mg/ml,one_shot,titrimetric lipase activity assay after methanol exposure and nitrogen flushing,olive oil emulsion,same_paper,yes,yes,Yarrowia lipolytica Lipase 2,6,EVID_LIT_000541;EVID_LIT_000542;EVID_LIT_000543;EVID_LIT_000544;EVID_LIT_000545;EVID_LIT_000546,100,0.167;0.333;0.5
WEBR1_PROTOCOL_0121,LMT_0060,literature,10.1016/j.molcatb.2013.09.001,ASSAY_P1A_B11_02_001,25,25% (v/v) methanol in sodium phosphate buffer,8.0,0.05 mg/ml,one_shot,pNPL hydrolysis assay at A420,p-nitrophenyl laurate,same_paper,yes,yes,LipR1 WT,4,EVID_LIT_000829;EVID_LIT_000831;EVID_LIT_000833;EVID_LIT_000835,25,12;18;24;6
WEBR1_PROTOCOL_0122,LMT_0061,literature,10.1016/j.molcatb.2013.09.001,ASSAY_P1A_B11_02_001,25,25% (v/v) methanol in sodium phosphate buffer,8.0,0.05 mg/ml,one_shot,pNPL hydrolysis assay at A420,p-nitrophenyl laurate,same_paper,yes,yes,LipR3 R214C,4,EVID_LIT_000830;EVID_LIT_000832;EVID_LIT_000834;EVID_LIT_000836,25,12;18;24;6
WEBR1_PROTOCOL_0123,LMT_0062,literature,10.1016/j.ijbiomac.2017.11.173,ASSAY_P1A_B11_03_001,30,50 mM Tris-HCl buffer,8.0,not_reported,one_shot,pNPP hydrolysis colorimetric assay,p-nitrophenyl palmitate,same_paper,yes,yes,Bacillus licheniformis KM12 lipase,4,EVID_LIT_000837;EVID_LIT_000838;EVID_LIT_000840;EVID_LIT_000841,25;50,24;504
WEBR1_PROTOCOL_0124,LMT_0063,literature,10.1016/j.molcatb.2010.06.001,ASSAY_P1A_B12_04_001,30,0.05 M sodium phosphate buffer,7.0,not_reported,one_shot,pNPP hydrolysis assay at A410,p-nitrophenyl palmitate,same_paper,yes,yes,Pseudomonas aeruginosa LX1 lipase,1,EVID_LIT_000848,25,48
WEBR1_PROTOCOL_0125,LMT_0064,literature,10.1016/j.molcatb.2017.03.002,ASSAY_P1A_B13_02_002,70,50 mM potassium phosphate buffer with methanol present during assay,8.0,1.08 mg/ml,one_shot,pNPP hydrolysis assay at A410,4-nitrophenyl palmitate (pNPP),same_paper,yes,yes,Thermus thermophilus HB8 lipase,5,EVID_LIT_001056;EVID_LIT_001057;EVID_LIT_001058;EVID_LIT_001059;EVID_LIT_001060,45,0.5;1;1.5;2;2.5
WEBR1_PROTOCOL_0126,LMT_0065,literature,10.1016/j.molcatb.2014.03.002,ASSAY_P1A_B14_02_002,20,100% methanol,not_applicable,not_reported,one_shot,tributyrin hydrolysis assay after neat-methanol pretreatment and dialysis,tributyrin,same_paper,yes,partial,Candida antarctica lipase B,1,EVID_LIT_001064,100,2
WEBR1_PROTOCOL_0127,LMT_0066,literature,10.1016/j.jclepro.2024.141949,ASSAY_P1A_B16_01_001,25,methanol-water solution,not_reported,not_reported,one_shot,p-NPL hydrolysis assay at A410,p-nitrophenyl laurate (p-NPL),same_paper,yes,yes,Thermomyces lanuginosus lipase D122Y,6,EVID_LIT_001172;EVID_LIT_001177;EVID_LIT_001182;EVID_LIT_001187;EVID_LIT_001192;EVID_LIT_001197,20;40;60;65;70;75,1
WEBR1_PROTOCOL_0128,LMT_0066,literature,10.1016/j.jclepro.2024.141949,ASSAY_P1A_B16_01_002,25,methanol-water solution,not_reported,not_reported,one_shot,p-NPL hydrolysis assay at A410,p-nitrophenyl laurate (p-NPL),same_paper,yes,yes,Thermomyces lanuginosus lipase D122Y,4,EVID_LIT_001202;EVID_LIT_001207;EVID_LIT_001212;EVID_LIT_001217,20,12;24;36;48
WEBR1_PROTOCOL_0129,LMT_0066,patent,CN117070495B,PAT_ASSAY_CN117070495_FIG2_1H_CONCENTRATION,not_reported,methanol-water solution,not_reported,not_reported,one_shot,p-NPL hydrolysis assay at 410 nm; 40 C for 5 min; Na2CO3 stop,p-nitrophenyl laurate (p-NPL; C12),same_patent_no_methanol_or_0h_baseline,yes,yes,Thermomyces lanuginosus lipase D122Y,6,EVID_PAT_000542;EVID_PAT_000547;EVID_PAT_000552;EVID_PAT_000557;EVID_PAT_000562;EVID_PAT_000567,20;40;60;65;70;75,1
WEBR1_PROTOCOL_0130,LMT_0066,patent,CN117070495B,PAT_ASSAY_CN117070495_FIG3_20MEOH_TIMECOURSE,not_reported,methanol-water solution,not_reported,not_reported,one_shot,p-NPL hydrolysis assay at 410 nm; 40 C for 5 min; Na2CO3 stop,p-nitrophenyl laurate (p-NPL; C12),same_patent_no_methanol_or_0h_baseline,yes,yes,Thermomyces lanuginosus lipase D122Y,4,EVID_PAT_000572;EVID_PAT_000577;EVID_PAT_000582;EVID_PAT_000587,20,12;24;36;48
WEBR1_PROTOCOL_0131,LMT_0067,literature,10.1016/j.jclepro.2024.141949,ASSAY_P1A_B16_01_001,25,methanol-water solution,not_reported,not_reported,one_shot,p-NPL hydrolysis assay at A410,p-nitrophenyl laurate (p-NPL),same_paper,yes,yes,Thermomyces lanuginosus lipase E129Y,6,EVID_LIT_001173;EVID_LIT_001178;EVID_LIT_001183;EVID_LIT_001188;EVID_LIT_001193;EVID_LIT_001198,20;40;60;65;70;75,1
WEBR1_PROTOCOL_0132,LMT_0067,literature,10.1016/j.jclepro.2024.141949,ASSAY_P1A_B16_01_002,25,methanol-water solution,not_reported,not_reported,one_shot,p-NPL hydrolysis assay at A410,p-nitrophenyl laurate (p-NPL),same_paper,yes,yes,Thermomyces lanuginosus lipase E129Y,4,EVID_LIT_001203;EVID_LIT_001208;EVID_LIT_001213;EVID_LIT_001218,20,12;24;36;48
WEBR1_PROTOCOL_0133,LMT_0067,patent,CN117070495B,PAT_ASSAY_CN117070495_FIG2_1H_CONCENTRATION,not_reported,methanol-water solution,not_reported,not_reported,one_shot,p-NPL hydrolysis assay at 410 nm; 40 C for 5 min; Na2CO3 stop,p-nitrophenyl laurate (p-NPL; C12),same_patent_no_methanol_or_0h_baseline,yes,yes,Thermomyces lanuginosus lipase E129Y,6,EVID_PAT_000543;EVID_PAT_000548;EVID_PAT_000553;EVID_PAT_000558;EVID_PAT_000563;EVID_PAT_000568,20;40;60;65;70;75,1
WEBR1_PROTOCOL_0134,LMT_0067,patent,CN117070495B,PAT_ASSAY_CN117070495_FIG3_20MEOH_TIMECOURSE,not_reported,methanol-water solution,not_reported,not_reported,one_shot,p-NPL hydrolysis assay at 410 nm; 40 C for 5 min; Na2CO3 stop,p-nitrophenyl laurate (p-NPL; C12),same_patent_no_methanol_or_0h_baseline,yes,yes,Thermomyces lanuginosus lipase E129Y,4,EVID_PAT_000573;EVID_PAT_000578;EVID_PAT_000583;EVID_PAT_000588,20,12;24;36;48
WEBR1_PROTOCOL_0135,LMT_0068,literature,10.1016/j.jclepro.2024.141949,ASSAY_P1A_B16_01_001,25,methanol-water solution,not_reported,not_reported,one_shot,p-NPL hydrolysis assay at A410,p-nitrophenyl laurate (p-NPL),same_paper,yes,yes,Thermomyces lanuginosus lipase D130W,6,EVID_LIT_001174;EVID_LIT_001179;EVID_LIT_001184;EVID_LIT_001189;EVID_LIT_001194;EVID_LIT_001199,20;40;60;65;70;75,1
WEBR1_PROTOCOL_0136,LMT_0068,literature,10.1016/j.jclepro.2024.141949,ASSAY_P1A_B16_01_002,25,methanol-water solution,not_reported,not_reported,one_shot,p-NPL hydrolysis assay at A410,p-nitrophenyl laurate (p-NPL),same_paper,yes,yes,Thermomyces lanuginosus lipase D130W,4,EVID_LIT_001204;EVID_LIT_001209;EVID_LIT_001214;EVID_LIT_001219,20,12;24;36;48
WEBR1_PROTOCOL_0137,LMT_0068,patent,CN117070495B,PAT_ASSAY_CN117070495_FIG2_1H_CONCENTRATION,not_reported,methanol-water solution,not_reported,not_reported,one_shot,p-NPL hydrolysis assay at 410 nm; 40 C for 5 min; Na2CO3 stop,p-nitrophenyl laurate (p-NPL; C12),same_patent_no_methanol_or_0h_baseline,yes,yes,Thermomyces lanuginosus lipase D130W,6,EVID_PAT_000544;EVID_PAT_000549;EVID_PAT_000554;EVID_PAT_000559;EVID_PAT_000564;EVID_PAT_000569,20;40;60;65;70;75,1
WEBR1_PROTOCOL_0138,LMT_0068,patent,CN117070495B,PAT_ASSAY_CN117070495_FIG3_20MEOH_TIMECOURSE,not_reported,methanol-water solution,not_reported,not_reported,one_shot,p-NPL hydrolysis assay at 410 nm; 40 C for 5 min; Na2CO3 stop,p-nitrophenyl laurate (p-NPL; C12),same_patent_no_methanol_or_0h_baseline,yes,yes,Thermomyces lanuginosus lipase D130W,4,EVID_PAT_000574;EVID_PAT_000579;EVID_PAT_000584;EVID_PAT_000589,20,12;24;36;48
WEBR1_PROTOCOL_0139,LMT_0069,literature,10.1016/j.jclepro.2024.141949,ASSAY_P1A_B16_01_001,25,methanol-water solution,not_reported,not_reported,one_shot,p-NPL hydrolysis assay at A410,p-nitrophenyl laurate (p-NPL),same_paper,yes,yes,Thermomyces lanuginosus lipase E134W,6,EVID_LIT_001175;EVID_LIT_001180;EVID_LIT_001185;EVID_LIT_001190;EVID_LIT_001195;EVID_LIT_001200,20;40;60;65;70;75,1
WEBR1_PROTOCOL_0140,LMT_0069,literature,10.1016/j.jclepro.2024.141949,ASSAY_P1A_B16_01_002,25,methanol-water solution,not_reported,not_reported,one_shot,p-NPL hydrolysis assay at A410,p-nitrophenyl laurate (p-NPL),same_paper,yes,yes,Thermomyces lanuginosus lipase E134W,4,EVID_LIT_001205;EVID_LIT_001210;EVID_LIT_001215;EVID_LIT_001220,20,12;24;36;48
WEBR1_PROTOCOL_0141,LMT_0069,patent,CN117070495B,PAT_ASSAY_CN117070495_FIG2_1H_CONCENTRATION,not_reported,methanol-water solution,not_reported,not_reported,one_shot,p-NPL hydrolysis assay at 410 nm; 40 C for 5 min; Na2CO3 stop,p-nitrophenyl laurate (p-NPL; C12),same_patent_no_methanol_or_0h_baseline,yes,yes,Thermomyces lanuginosus lipase E134W,6,EVID_PAT_000545;EVID_PAT_000550;EVID_PAT_000555;EVID_PAT_000560;EVID_PAT_000565;EVID_PAT_000570,20;40;60;65;70;75,1
WEBR1_PROTOCOL_0142,LMT_0069,patent,CN117070495B,PAT_ASSAY_CN117070495_FIG3_20MEOH_TIMECOURSE,not_reported,methanol-water solution,not_reported,not_reported,one_shot,p-NPL hydrolysis assay at 410 nm; 40 C for 5 min; Na2CO3 stop,p-nitrophenyl laurate (p-NPL; C12),same_patent_no_methanol_or_0h_baseline,yes,yes,Thermomyces lanuginosus lipase E134W,4,EVID_PAT_000575;EVID_PAT_000580;EVID_PAT_000585;EVID_PAT_000590,20,12;24;36;48
WEBR1_PROTOCOL_0143,LMT_0070,literature,10.1016/j.procbio.2012.01.003,ASSAY_P1A_B16_05_001,30,10 mM Tris-HCl buffer,8.0,not_reported,one_shot,pNPP colorimetric hydrolysis assay at A405,p-nitrophenyl palmitate,same_paper,yes,yes,Streptomyces sp. CS133 lipase LS133,6,EVID_LIT_001246;EVID_LIT_001247;EVID_LIT_001248;EVID_LIT_001249;EVID_LIT_001250;EVID_LIT_001251,10;20;30;40;5;50,24
WEBR1_PROTOCOL_0144,LMT_0071,literature,10.1007/s12257-011-0347-5,ASSAY_P1A_B17_01_001,30,10 mM Tris-HCl buffer,8.0,not_reported,one_shot,pNPP spectrophotometric hydrolysis assay at A405,p-nitrophenyl palmitate,same_paper,yes,yes,Streptomyces sp. CS268 lipase,6,EVID_LIT_001252;EVID_LIT_001253;EVID_LIT_001254;EVID_LIT_001255;EVID_LIT_001256;EVID_LIT_001257,10;15;2.5;25;5;50,24
WEBR1_PROTOCOL_0145,LMT_0072,literature,10.1016/j.bjm.2015.04.002,ASSAY_P1A_B18_01_001,30,not_reported,not_reported,not_reported,one_shot,4-NPP spectrophotometric hydrolysis assay at A410,4-nitrophenyl palmitate,same_paper,yes,yes,Acinetobacter sp. AU07 lipase,2,EVID_LIT_001271;EVID_LIT_001272,30,2;4
WEBR1_PROTOCOL_0146,LMT_0073,literature,10.3389/fmicb.2023.1270270,ASSAY_P1A_B18_04_001,37,50 mM Tris-HCl buffer,not_reported,not_reported,one_shot,pNPP spectrophotometric hydrolysis assay at A410,p-nitrophenyl palmitate,same_paper,yes,yes,Brevibacillus sp. SHI-160 lipase,3,EVID_LIT_001275;EVID_LIT_001276;EVID_LIT_001277,25;50;75,1
WEBR1_PROTOCOL_0147,LMT_0074,literature,10.1007/s00253-026-13788-z,ASSAY_P1A_B18_05_001,25,20 mM Na2HPO4/NaH2PO4 buffer,6.0,not_reported,one_shot,non-protein organism identifier excluded from public output,p-nitrophenyl palmitate (pNPC16),same_paper,yes,yes,Burkholderia gladioli Bsp-1 LipC,1,EVID_LIT_001278,30,1
WEBR1_PROTOCOL_0148,LMT_0075,literature,10.1186/s13068-019-1509-5,ASSAY_P1A_B19_02_001,25,60 mM NaH2PO4 buffer,7.0,1 μM,one_shot,pNPP hydrolysis assay at A405 after dilution to 4% MeOH,p-nitrophenyl palmitate,same_paper,yes,yes,Soluble PML,1,EVID_LIT_001279,40,18
WEBR1_PROTOCOL_0149,LMT_0076,literature,10.1186/s13068-019-1509-5,ASSAY_P1A_B19_02_001,25,60 mM NaH2PO4 buffer,7.0,1 μM,one_shot,pNPP hydrolysis assay at A405 after dilution to 4% MeOH,p-nitrophenyl palmitate,same_paper,yes,yes,Soluble PMLVG (I118V/E130G),1,EVID_LIT_001280,40,18
WEBR1_PROTOCOL_0150,LMT_0077,literature,10.1186/s43141-023-00611-9,ASSAY_P1A_B19_04_001,37,not_reported,not_reported,not_reported,one_shot,pNP ester spectrophotometric hydrolysis assay at A405,p-nitrophenyl laurate,same_paper,yes,yes,Micrococcus luteus EMP48-D lipase,1,EVID_LIT_001285,50,3
WEBR1_PROTOCOL_0151,LMT_0078,literature,10.1038/s41598-020-79199-w,ASSAY_P1A_B20_01_001,25,50 mM Tris-HCl assay mixture with methanol present,8.5,not_reported,one_shot,titrimetric olive-oil lipase assay with 0.01 M NaOH,olive oil,same_paper,yes,yes,LipI.3_KE38,1,EVID_LIT_001294,30,0.333
WEBR1_PROTOCOL_0152,LMT_0079,literature,10.1038/s41598-017-16036-7,ASSAY_P1A_B20_02_001,not_reported,not_reported,not_reported,not_reported,one_shot,p-NP ester spectrophotometric hydrolysis assay at A410,p-nitrophenyl caprylate,same_paper,yes,yes,Pseudomonas fluorescens Pf0-1 lipase Pflip1a,1,EVID_LIT_001295,30,2
WEBR1_PROTOCOL_0153,LMT_0080,literature,10.1371/journal.pone.0314556,ASSAY_P1A_B20_03_001,35,not_reported,not_reported,0.005 mg/ml,one_shot,p-nitrophenyl laurate spectrophotometric hydrolysis assay at A410,p-nitrophenyl laurate,same_paper,yes,yes,Bacillus licheniformis IBRL-CHS2 recombinant MLipA,2,EVID_LIT_001296;EVID_LIT_001297,25,1;24
WEBR1_PROTOCOL_0154,LMT_0081,literature,10.1371/journal.pone.0286091,ASSAY_P1A_B20_04_001,25+/-2,not_reported,not_reported,not_reported,one_shot,pH-STAT titrimetric lipase assay measuring liberated fatty acids,trioctanoin (TC8),same_paper,yes,yes,Fusarium annulatum CBS lipase FAL,1,EVID_LIT_001298,25,24
WEBR1_PROTOCOL_0155,LMT_0082,literature,10.1371/journal.pone.0286091,ASSAY_P1A_B20_04_001,25+/-2,not_reported,not_reported,not_reported,one_shot,pH-STAT titrimetric lipase assay measuring liberated fatty acids,trioctanoin (TC8),same_paper,yes,yes,Gibberella zeae lipase GZEL,1,EVID_LIT_001299,25,24
WEBR1_PROTOCOL_0156,LMT_0083,literature,10.1371/journal.pone.0286091,ASSAY_P1A_B20_04_001,25+/-2,not_reported,not_reported,not_reported,one_shot,pH-STAT titrimetric lipase assay measuring liberated fatty acids,trioctanoin (TC8),same_paper,yes,yes,Lipolase1 commercial lipase,1,EVID_LIT_001300,25,24
WEBR1_PROTOCOL_0157,LMT_0084,literature,10.3390/fermentation10120595,ASSAY_P1A_B21_02_001,37,not_reported,not_reported,not_reported,one_shot,pNPP spectrophotometric hydrolysis assay at A410,p-nitrophenyl palmitate,same_paper,yes,yes,Hyphopichia wangnamkhiaoensis extracellular lipase,1,EVID_LIT_001301,50,1
WEBR1_PROTOCOL_0158,LMT_0085,literature,10.3390/fermentation10120595,ASSAY_P1A_B21_02_001,37,not_reported,not_reported,not_reported,one_shot,pNPP spectrophotometric hydrolysis assay at A410,p-nitrophenyl palmitate,same_paper,yes,yes,Yarrowia deformans extracellular lipase,1,EVID_LIT_001302,50,1
WEBR1_PROTOCOL_0159,LMT_0086,literature,10.1007/s12010-013-0406-9,ASSAY_P1A_B21_03_001,5,50 mM Tris-HCl buffer,8.0,0.0002 mg/ml,one_shot,p-nitrophenyl caprate spectrophotometric hydrolysis assay at A405,p-nitrophenyl caprate,same_paper,yes,yes,Pseudomonas sp. YY31 LipYY31,3,EVID_LIT_001303;EVID_LIT_001304;EVID_LIT_001305,12.5;25;50,1
WEBR1_PROTOCOL_0160,LMT_0087,literature,10.1016/j.cscee.2024.100721,ASSAY_P1A_B21_04_001,45,not_reported,not_reported,not_reported,one_shot,pNPP spectrophotometric hydrolysis assay at A410,p-nitrophenyl palmitate,same_paper,yes,yes,Rhizopus sp. strain PKC12B2 crude lipase,4,EVID_LIT_001306;EVID_LIT_001307;EVID_LIT_001308;EVID_LIT_001309,15;20;25;30,1
WEBR1_PROTOCOL_0161,LMT_0088,literature,10.1021/acsomega.3c03644,ASSAY_P1A_B21_05_001,37,not_reported,not_reported,not_reported,one_shot,Tween-80 hydrolysis assay measured by A450 over 5 min,Tween-80,same_paper,yes,yes,Candida albicans crude lipase,1,EVID_LIT_001310,50,2
WEBR1_PROTOCOL_0162,LMT_0089,literature,10.1021/acsomega.3c03644,ASSAY_P1A_B21_05_001,40,not_reported,not_reported,not_reported,one_shot,Tween-80 hydrolysis assay measured by A450 over 5 min,Tween-80,same_paper,yes,yes,Acremonium sclerotigenum crude lipase,1,EVID_LIT_001311,50,2
WEBR1_PROTOCOL_0163,LMT_0090,literature,10.1016/j.ijbiomac.2025.148467,ASSAY_P1A_B03_05_001,not_reported,50 mM Tris-HCl,8.0,not_reported,one_shot,p-NPP activity assay at A410,p-nitrophenyl palmitate,same_paper,yes,yes,Gk lip WT,8,EVID_LIT_000190;EVID_LIT_000193;EVID_LIT_000194;EVID_LIT_000196;EVID_LIT_000198;EVID_LIT_000199;EVID_LIT_000201;EVID_LIT_000202,50;60;70;80,24;48
WEBR1_PROTOCOL_0164,LMT_0091,literature,10.1016/j.ijbiomac.2025.148467,ASSAY_P1A_B03_05_001,not_reported,50 mM Tris-HCl,8.0,not_reported,one_shot,p-NPP activity assay at A410,p-nitrophenyl palmitate,same_paper,yes,yes,Gk lip Q184M,8,EVID_LIT_000191;EVID_LIT_000204;EVID_LIT_000205;EVID_LIT_000207;EVID_LIT_000209;EVID_LIT_000210;EVID_LIT_000212;EVID_LIT_000213,50;60;70;80,24;48
WEBR1_PROTOCOL_0165,LMT_0092,literature,10.1016/j.ijbiomac.2025.148467,ASSAY_P1A_B03_05_001,not_reported,50 mM Tris-HCl,8.0,not_reported,one_shot,p-NPP activity assay at A410,p-nitrophenyl palmitate,same_paper,yes,yes,Gk lip Q114F,8,EVID_LIT_000215;EVID_LIT_000216;EVID_LIT_000218;EVID_LIT_000219;EVID_LIT_000221;EVID_LIT_000222;EVID_LIT_000224;EVID_LIT_000225,50;60;70;80,24;48
WEBR1_PROTOCOL_0166,LMT_0093,literature,10.1016/j.ijbiomac.2025.148467,ASSAY_P1A_B03_05_001,not_reported,50 mM Tris-HCl,8.0,not_reported,one_shot,p-NPP activity assay at A410,p-nitrophenyl palmitate,same_paper,yes,yes,Gk lip Q114T,8,EVID_LIT_000227;EVID_LIT_000228;EVID_LIT_000230;EVID_LIT_000231;EVID_LIT_000233;EVID_LIT_000234;EVID_LIT_000236;EVID_LIT_000237,50;60;70;80,24;48
WEBR1_PROTOCOL_0167,LMT_0094,literature,10.1016/j.ijbiomac.2025.148467,ASSAY_P1A_B03_05_001,not_reported,50 mM Tris-HCl,8.0,not_reported,one_shot,p-NPP activity assay at A410,p-nitrophenyl palmitate,same_paper,yes,yes,Gk lip F289D,8,EVID_LIT_000239;EVID_LIT_000240;EVID_LIT_000242;EVID_LIT_000243;EVID_LIT_000245;EVID_LIT_000246;EVID_LIT_000248;EVID_LIT_000249,50;60;70;80,24;48
WEBR1_PROTOCOL_0168,LMT_0095,literature,10.1016/j.ijbiomac.2025.148467,ASSAY_P1A_B03_05_001,not_reported,50 mM Tris-HCl,8.0,not_reported,one_shot,p-NPP activity assay at A410,p-nitrophenyl palmitate,same_paper,yes,yes,Gk lip Y29S,8,EVID_LIT_000251;EVID_LIT_000252;EVID_LIT_000254;EVID_LIT_000255;EVID_LIT_000257;EVID_LIT_000258;EVID_LIT_000260;EVID_LIT_000261,50;60;70;80,24;48
WEBR1_PROTOCOL_0169,LMT_0096,literature,10.1016/j.biortech.2022.126769,ASSAY_P1A_B15_05_001,40,not_reported,not_reported,not_reported,one_shot,pNPP hydrolysis assay at A410,p-nitrophenyl palmitate (pNPP),same_paper,yes,yes,ProRML N9A/N59A,9,EVID_LIT_001093;EVID_LIT_001094;EVID_LIT_001095;EVID_LIT_001096;EVID_LIT_001097;EVID_LIT_001098;EVID_LIT_001099;EVID_LIT_001100;EVID_LIT_001101,10;20;30;40;50;60;70;80;90,1
WEBR1_PROTOCOL_0170,LMT_0096,literature,10.1016/j.biortech.2022.126769,ASSAY_P1A_B15_05_002,40,not_reported,not_reported,not_reported,one_shot,pNPP hydrolysis assay at A410,p-nitrophenyl palmitate (pNPP),same_paper,yes,yes,ProRML N9A/N59A,4,EVID_LIT_001147;EVID_LIT_001148;EVID_LIT_001149;EVID_LIT_001150,50,0.5;2.5;6;8
WEBR1_PROTOCOL_0171,LMT_0097,literature,10.1016/j.biortech.2022.126769,ASSAY_P1A_B15_05_001,40,not_reported,not_reported,not_reported,one_shot,pNPP hydrolysis assay at A410,p-nitrophenyl palmitate (pNPP),same_paper,yes,yes,ProRML N126,9,EVID_LIT_001102;EVID_LIT_001103;EVID_LIT_001104;EVID_LIT_001105;EVID_LIT_001106;EVID_LIT_001107;EVID_LIT_001108;EVID_LIT_001109;EVID_LIT_001110,10;20;30;40;50;60;70;80;90,1
WEBR1_PROTOCOL_0172,LMT_0097,literature,10.1016/j.biortech.2022.126769,ASSAY_P1A_B15_05_002,40,not_reported,not_reported,not_reported,one_shot,pNPP hydrolysis assay at A410,p-nitrophenyl palmitate (pNPP),same_paper,yes,yes,ProRML N126,4,EVID_LIT_001151;EVID_LIT_001152;EVID_LIT_001153;EVID_LIT_001154,50,0.5;2.5;6;8
WEBR1_PROTOCOL_0173,LMT_0098,literature,10.1016/j.biortech.2022.126769,ASSAY_P1A_B15_05_001,40,not_reported,not_reported,not_reported,one_shot,pNPP hydrolysis assay at A410,p-nitrophenyl palmitate (pNPP),same_paper,yes,yes,ProRML N167,9,EVID_LIT_001111;EVID_LIT_001112;EVID_LIT_001113;EVID_LIT_001114;EVID_LIT_001115;EVID_LIT_001116;EVID_LIT_001117;EVID_LIT_001118;EVID_LIT_001119,10;20;30;40;50;60;70;80;90,1
WEBR1_PROTOCOL_0174,LMT_0098,literature,10.1016/j.biortech.2022.126769,ASSAY_P1A_B15_05_002,40,not_reported,not_reported,not_reported,one_shot,pNPP hydrolysis assay at A410,p-nitrophenyl palmitate (pNPP),same_paper,yes,yes,ProRML N167,4,EVID_LIT_001155;EVID_LIT_001156;EVID_LIT_001157;EVID_LIT_001158,50,0.5;2.5;6;8
WEBR1_PROTOCOL_0175,LMT_0099,literature,10.1016/j.biortech.2022.126769,ASSAY_P1A_B15_05_001,40,not_reported,not_reported,not_reported,one_shot,pNPP hydrolysis assay at A410,p-nitrophenyl palmitate (pNPP),same_paper,yes,yes,ProRML N242,9,EVID_LIT_001120;EVID_LIT_001121;EVID_LIT_001122;EVID_LIT_001123;EVID_LIT_001124;EVID_LIT_001125;EVID_LIT_001126;EVID_LIT_001127;EVID_LIT_001128,10;20;30;40;50;60;70;80;90,1
WEBR1_PROTOCOL_0176,LMT_0099,literature,10.1016/j.biortech.2022.126769,ASSAY_P1A_B15_05_002,40,not_reported,not_reported,not_reported,one_shot,pNPP hydrolysis assay at A410,p-nitrophenyl palmitate (pNPP),same_paper,yes,yes,ProRML N242,4,EVID_LIT_001159;EVID_LIT_001160;EVID_LIT_001161;EVID_LIT_001162,50,0.5;2.5;6;8
WEBR1_PROTOCOL_0177,LMT_0100,literature,10.1016/j.biortech.2022.126769,ASSAY_P1A_B15_05_001,40,not_reported,not_reported,not_reported,one_shot,pNPP hydrolysis assay at A410,p-nitrophenyl palmitate (pNPP),same_paper,yes,yes,ProRML N267,9,EVID_LIT_001129;EVID_LIT_001130;EVID_LIT_001131;EVID_LIT_001132;EVID_LIT_001133;EVID_LIT_001134;EVID_LIT_001135;EVID_LIT_001136;EVID_LIT_001137,10;20;30;40;50;60;70;80;90,1
WEBR1_PROTOCOL_0178,LMT_0100,literature,10.1016/j.biortech.2022.126769,ASSAY_P1A_B15_05_002,40,not_reported,not_reported,not_reported,one_shot,pNPP hydrolysis assay at A410,p-nitrophenyl palmitate (pNPP),same_paper,yes,yes,ProRML N267,4,EVID_LIT_001163;EVID_LIT_001164;EVID_LIT_001165;EVID_LIT_001166,50,0.5;2.5;6;8
WEBR1_PROTOCOL_0179,LMT_0101,literature,10.1016/j.biortech.2022.126769,ASSAY_P1A_B15_05_001,40,not_reported,not_reported,not_reported,one_shot,pNPP hydrolysis assay at A410,p-nitrophenyl palmitate (pNPP),same_paper,yes,yes,ProRML N300,9,EVID_LIT_001138;EVID_LIT_001139;EVID_LIT_001140;EVID_LIT_001141;EVID_LIT_001142;EVID_LIT_001143;EVID_LIT_001144;EVID_LIT_001145;EVID_LIT_001146,10;20;30;40;50;60;70;80;90,1
WEBR1_PROTOCOL_0180,LMT_0101,literature,10.1016/j.biortech.2022.126769,ASSAY_P1A_B15_05_002,40,not_reported,not_reported,not_reported,one_shot,pNPP hydrolysis assay at A410,p-nitrophenyl palmitate (pNPP),same_paper,yes,yes,ProRML N300,4,EVID_LIT_001167;EVID_LIT_001168;EVID_LIT_001169;EVID_LIT_001170,50,0.5;2.5;6;8
WEBR1_PROTOCOL_0181,LMT_0102,literature,10.3389/fbioe.2020.00642,ASSAY_P1A_B22_01_001,37,50 mM Tris buffer,8,not_reported,one_shot,pNPP spectrophotometric hydrolysis assay at A410,p-nitrophenyl palmitate,same_paper,yes,yes,Chryseobacterium polytrichastri ERMR1:04 lipase,1,EVID_LIT_001312,5,0.5
WEBR1_PROTOCOL_0182,LMT_0103,literature,10.3390/ijms12106765,ASSAY_P1A_B22_02_001,30,not_reported,not_reported,not_reported,one_shot,pNP ester spectrophotometric hydrolysis assay at A410,p-nitrophenyl acetate,same_paper,yes,yes,Sorangium cellulosum So0157-2 r-LipA,2,EVID_LIT_001313;EVID_LIT_001314,25,0.5;2
WEBR1_PROTOCOL_0183,LMT_0104,literature,10.1155/2016/1353497,ASSAY_P1A_MAN42_03_TABLE6_CRUDE_STABILITY,30,not_reported,not_reported,not_reported,one_shot,residual activity assay after solvent preincubation in sealed flasks,not_reported,same_paper_no_solvent_control,yes,yes,Candida viswanathii crude lipase,1,EVID_LIT_002405,10,2
WEBR1_PROTOCOL_0184,LMT_0104,literature,10.1155/2016/1353497,ASSAY_P1A_MAN42_03_TABLE6_PURIFIED_STABILITY,30,not_reported,not_reported,not_reported,one_shot,residual activity assay after solvent preincubation in sealed flasks,not_reported,same_paper_no_solvent_control,yes,yes,Candida viswanathii purified lipase,1,EVID_LIT_002404,10,2
WEBR1_PROTOCOL_0185,LMT_0105,literature,10.15171/ijb.1225,ASSAY_P1A_B23_01_001,not_reported,not_reported,not_reported,not_reported,one_shot,p-NPP spectrophotometric hydrolysis assay at A410,p-nitrophenyl palmitate,unincubated enzyme sample set to 100%,yes,yes,Bacillus sp. PS35 C-4 lipase,1,EVID_LIT_001320,10,1
WEBR1_PROTOCOL_0186,LMT_0106,literature,10.3390/ijms24108924,ASSAY_P1A_B23_05_001,40,50 mM Tris-HCl buffer,8.0,not_reported,one_shot,p-NP ester spectrophotometric hydrolysis assay at A410 after solvent pre-incubation,p-nitrophenyl ester; exact chain length for solvent panel not separately specified,Table 4 control for 10% organic solvent column,yes,yes,Pseudomonas fluorescens SBW25 recombinant LipB,1,EVID_LIT_001329,10,2
WEBR1_PROTOCOL_0187,LMT_0106,literature,10.3390/ijms24108924,ASSAY_P1A_B23_05_001,40,50 mM Tris-HCl buffer,8.0,not_reported,one_shot,p-NP ester spectrophotometric hydrolysis assay at A410 after solvent pre-incubation,p-nitrophenyl ester; exact chain length for solvent panel not separately specified,Table 4 control for 30% organic solvent column,yes,yes,Pseudomonas fluorescens SBW25 recombinant LipB,1,EVID_LIT_001330,30,2
WEBR1_PROTOCOL_0188,LMT_0107,literature,10.4308/hjb.30.1.71-80,ASSAY_P1A_B24_02_001,30,not_reported,not_reported,not_reported,one_shot,pNP-laurate spectrophotometric hydrolysis assay at A405,p-nitrophenyl laurate,same_paper,yes,yes,Ralstonia pickettii BK6 recombinant LipRM,2,EVID_LIT_001331;EVID_LIT_001332,10;30,0.5
WEBR1_PROTOCOL_0189,LMT_0108,literature,10.3389/fbioe.2020.01034,ASSAY_P1A_B24_03_001,4,not_reported,not_reported,not_reported,one_shot,pNP-caprylate spectrophotometric hydrolysis assay,p-nitrophenyl caprylate,same_paper,yes,yes,Pseudomonas fluorescens lipase PFL,1,EVID_LIT_001333,10,2
WEBR1_PROTOCOL_0190,LMT_0108,literature,10.3389/fbioe.2020.01034,ASSAY_P1A_B24_03_002,needs_manual_check,not_reported,not_reported,not_reported,one_shot,pNP-caprylate spectrophotometric hydrolysis assay,p-nitrophenyl caprylate,same_paper,yes,yes,Pseudomonas fluorescens lipase PFL,1,EVID_LIT_001334,50,4
WEBR1_PROTOCOL_0191,LMT_0109,literature,10.3389/fbioe.2020.01034,ASSAY_P1A_B24_03_002,not_reported,not_reported,not_reported,not_reported,one_shot,pNP-caprylate spectrophotometric hydrolysis assay,p-nitrophenyl caprylate,same_paper,yes,yes,Pseudomonas fluorescens lipase PFL P184C/M243C,1,EVID_LIT_001335,50,6
WEBR1_PROTOCOL_0192,LMT_0110,literature,10.3389/fbioe.2020.01034,ASSAY_P1A_B24_03_002,not_reported,not_reported,not_reported,not_reported,one_shot,pNP-caprylate spectrophotometric hydrolysis assay,p-nitrophenyl caprylate,same_paper,yes,yes,Pseudomonas fluorescens lipase PFL L218P,1,EVID_LIT_001336,50,6
WEBR1_PROTOCOL_0193,LMT_0111,literature,10.3389/fbioe.2020.01034,ASSAY_P1A_B24_03_002,not_reported,not_reported,not_reported,not_reported,one_shot,pNP-caprylate spectrophotometric hydrolysis assay,p-nitrophenyl caprylate,same_paper,yes,yes,Pseudomonas fluorescens lipase PFL P184C/M243C/L218P,1,EVID_LIT_001337,50,6
WEBR1_PROTOCOL_0194,LMT_0112,literature,10.1186/s13068-016-0501-6,ASSAY_P1A_B24_05_001,30,50 mM citrate buffer,6.0,not_reported,one_shot,pNP-laurate spectrophotometric hydrolysis assay at A410,p-nitrophenyl laurate,same_paper,yes,yes,Rhizomucor endophyticus recombinant ReLipA,1,EVID_LIT_001339,30,1
WEBR1_PROTOCOL_0195,LMT_0113,literature,10.7717/peerj.2420,ASSAY_P1A_B25_01_001,50,50 mM phosphate buffer,8.0,not_reported,one_shot,Kwon and Rhee olive-oil colorimetric lipase assay,olive oil,same_paper,yes,yes,Antarctic Pseudomonas sp. AMS3 recombinant AMS3 lipase,1,EVID_LIT_001340,25,0.5
WEBR1_PROTOCOL_0196,LMT_0114,literature,10.1186/1475-2859-10-54,ASSAY_P1A_B25_02_001,4,200 mM Tris-HCl + 5 mM CaCl2,8.0,500 nM,one_shot,pNPP spectrophotometric hydrolysis assay at A410,p-nitrophenyl palmitate,same_paper,yes,yes,Metagenomic LipC12 true lipase,2,EVID_LIT_001341;EVID_LIT_001342,15;30,48
WEBR1_PROTOCOL_0197,LMT_0115,literature,10.1186/1475-2859-11-72,ASSAY_P1A_B25_03_001,4,not_reported,not_reported,50 nM,one_shot,pNP-palmitate spectrophotometric hydrolysis assay at A405,p-nitrophenyl palmitate,same_paper,yes,yes,Haliclona simulans metagenomic recombinant Lpc53E1 lipase,2,EVID_LIT_001343;EVID_LIT_001344,10;20,24
WEBR1_PROTOCOL_0198,LMT_0116,literature,10.48048/tis.2024.8504,ASSAY_P1A_B25_05_001,30,not_reported,not_reported,not_reported,one_shot,pNPP spectrophotometric hydrolysis assay at A410,p-nitrophenyl palmitate,same_paper,yes,yes,Streptomyces sp. A3301 purified lipase,1,EVID_LIT_001346,25,1
WEBR1_PROTOCOL_0199,LMT_0117,literature,10.1007/s00792-016-0809-y,ASSAY_P1A_LU01_02_001,70,50 mM CHES buffer,9.0,not_reported,one_shot,pNPL colorimetric hydrolysis assay at 70 C,p-nitrophenyl laurate,same_paper,yes,yes,Xanthomonas oryzae pv. oryzae YB103 purified LipXO,1,EVID_LIT_001669,20,24
WEBR1_PROTOCOL_0200,LMT_0118,literature,10.1016/j.bcab.2020.101806,ASSAY_P1A_LU01_03_001,28,10 mM Tris-HCl buffer after dialysis,8.5,not_reported,one_shot,pNPP spectrophotometric hydrolysis assay,p-nitrophenyl palmitate,same_paper,yes,yes,Pseudomonas brenneri H3 partially purified lipase,4,EVID_LIT_001670;EVID_LIT_001671;EVID_LIT_001672;EVID_LIT_001673,10;20,1;24
WEBR1_PROTOCOL_0201,LMT_0118,literature,10.1016/j.bcab.2020.101806,ASSAY_P1A_LU01_03_001,40,10 mM Tris-HCl buffer after dialysis,8.5,not_reported,one_shot,pNPP spectrophotometric hydrolysis assay,p-nitrophenyl palmitate,same_paper,yes,yes,Pseudomonas brenneri H3 partially purified lipase,6,EVID_LIT_001674;EVID_LIT_001675;EVID_LIT_001676;EVID_LIT_001677;EVID_LIT_001678;EVID_LIT_001679,10;20;30,1;24
WEBR1_PROTOCOL_0202,LMT_0120,literature,10.1016/j.enzmictec.2022.110072,ASSAY_P1A_B28_ITEM5_FIG5A_RML_NGLYCO_MEOH_1H,not_reported,10-90% methanol solution; buffer not reported in extracted method,not_reported,not_reported,one_shot,p-nitrophenyl palmitate hydrolysis assay at A410,p-nitrophenyl palmitate,same_paper,yes,yes,Rhizomucor miehei ProRML N9A/N59A,9,EVID_LIT_001440;EVID_LIT_001441;EVID_LIT_001442;EVID_LIT_001443;EVID_LIT_001444;EVID_LIT_001445;EVID_LIT_001446;EVID_LIT_001447;EVID_LIT_001448,10;20;30;40;50;60;70;80;90,1
WEBR1_PROTOCOL_0203,LMT_0120,literature,10.1016/j.enzmictec.2022.110072,ASSAY_P1A_B28_ITEM5_FIG5B_RML_NGLYCO_MEOH50_TIME,not_reported,50% methanol solution; buffer not reported in extracted method,not_reported,not_reported,one_shot,p-nitrophenyl palmitate hydrolysis assay at A410,p-nitrophenyl palmitate,same_paper,yes,yes,Rhizomucor miehei ProRML N9A/N59A,4,EVID_LIT_001498;EVID_LIT_001499;EVID_LIT_001500;EVID_LIT_001501,50,0.5;1;2.5;6
WEBR1_PROTOCOL_0204,LMT_0120,literature,10.1016/j.enzmictec.2022.110072,ASSAY_P1A_B29_RML_NGLYCO_SUPP_S3B_MEOH50_TIME,not_reported,50% methanol solution; buffer not reported in extracted method,not_reported,not_reported,one_shot,p-nitrophenyl palmitate hydrolysis assay at A410,p-nitrophenyl palmitate,same_paper,yes,yes,Rhizomucor miehei ProRML N9A/N59A,1,EVID_LIT_001596,50,8
WEBR1_PROTOCOL_0205,LMT_0120,literature,10.1186/s13068-021-02087-6,ASSAY_P1A_LU01_05_FIG5A,not_reported,not_reported,not_reported,not_reported,one_shot,PNPP spectrophotometric hydrolysis assay,para-nitrophenyl palmitate,same_paper,yes,yes,Rhizomucor miehei ProRML N9A/N59A,9,EVID_LIT_001690;EVID_LIT_001691;EVID_LIT_001692;EVID_LIT_001693;EVID_LIT_001694;EVID_LIT_001695;EVID_LIT_001696;EVID_LIT_001697;EVID_LIT_001698,10;20;30;40;50;60;70;80;90,1
WEBR1_PROTOCOL_0206,LMT_0120,literature,10.1186/s13068-021-02087-6,ASSAY_P1A_LU01_05_FIG5B,not_reported,not_reported,not_reported,not_reported,one_shot,PNPP spectrophotometric hydrolysis assay,para-nitrophenyl palmitate,same_paper,yes,yes,Rhizomucor miehei ProRML N9A/N59A,4,EVID_LIT_001748;EVID_LIT_001749;EVID_LIT_001750;EVID_LIT_001751,50,0.5;2.5;6;8
WEBR1_PROTOCOL_0207,LMT_0121,literature,10.1186/s13068-021-02087-6,ASSAY_P1A_LU01_05_FIG5A,not_reported,not_reported,not_reported,not_reported,one_shot,PNPP spectrophotometric hydrolysis assay,para-nitrophenyl palmitate,same_paper,yes,yes,Rhizomucor miehei ProRML N93,9,EVID_LIT_001699;EVID_LIT_001700;EVID_LIT_001701;EVID_LIT_001702;EVID_LIT_001703;EVID_LIT_001704;EVID_LIT_001705;EVID_LIT_001706;EVID_LIT_001707,10;20;30;40;50;60;70;80;90,1
WEBR1_PROTOCOL_0208,LMT_0121,literature,10.1186/s13068-021-02087-6,ASSAY_P1A_LU01_05_FIG5B,not_reported,not_reported,not_reported,not_reported,one_shot,PNPP spectrophotometric hydrolysis assay,para-nitrophenyl palmitate,same_paper,yes,yes,Rhizomucor miehei ProRML N93,4,EVID_LIT_001752;EVID_LIT_001753;EVID_LIT_001754;EVID_LIT_001755,50,0.5;2.5;6;8
WEBR1_PROTOCOL_0209,LMT_0122,literature,10.1186/s13068-021-02087-6,ASSAY_P1A_LU01_05_FIG5A,not_reported,not_reported,not_reported,not_reported,one_shot,PNPP spectrophotometric hydrolysis assay,para-nitrophenyl palmitate,same_paper,yes,yes,Rhizomucor miehei ProRML N115,9,EVID_LIT_001708;EVID_LIT_001709;EVID_LIT_001710;EVID_LIT_001711;EVID_LIT_001712;EVID_LIT_001713;EVID_LIT_001714;EVID_LIT_001715;EVID_LIT_001716,10;20;30;40;50;60;70;80;90,1
WEBR1_PROTOCOL_0210,LMT_0122,literature,10.1186/s13068-021-02087-6,ASSAY_P1A_LU01_05_FIG5B,not_reported,not_reported,not_reported,not_reported,one_shot,PNPP spectrophotometric hydrolysis assay,para-nitrophenyl palmitate,same_paper,yes,yes,Rhizomucor miehei ProRML N115,4,EVID_LIT_001756;EVID_LIT_001757;EVID_LIT_001758;EVID_LIT_001759,50,0.5;2.5;6;8
WEBR1_PROTOCOL_0211,LMT_0123,literature,10.1186/s13068-021-02087-6,ASSAY_P1A_LU01_05_FIG5A,not_reported,not_reported,not_reported,not_reported,one_shot,PNPP spectrophotometric hydrolysis assay,para-nitrophenyl palmitate,same_paper,yes,yes,Rhizomucor miehei ProRML N183,9,EVID_LIT_001717;EVID_LIT_001718;EVID_LIT_001719;EVID_LIT_001720;EVID_LIT_001721;EVID_LIT_001722;EVID_LIT_001723;EVID_LIT_001724;EVID_LIT_001725,10;20;30;40;50;60;70;80;90,1
WEBR1_PROTOCOL_0212,LMT_0123,literature,10.1186/s13068-021-02087-6,ASSAY_P1A_LU01_05_FIG5B,not_reported,not_reported,not_reported,not_reported,one_shot,PNPP spectrophotometric hydrolysis assay,para-nitrophenyl palmitate,same_paper,yes,yes,Rhizomucor miehei ProRML N183,4,EVID_LIT_001760;EVID_LIT_001761;EVID_LIT_001762;EVID_LIT_001763,50,0.5;2.5;6;8
WEBR1_PROTOCOL_0213,LMT_0124,literature,10.1186/s13068-021-02087-6,ASSAY_P1A_LU01_05_FIG5A,not_reported,not_reported,not_reported,not_reported,one_shot,PNPP spectrophotometric hydrolysis assay,para-nitrophenyl palmitate,same_paper,yes,yes,Rhizomucor miehei ProRML N260,9,EVID_LIT_001726;EVID_LIT_001727;EVID_LIT_001728;EVID_LIT_001729;EVID_LIT_001730;EVID_LIT_001731;EVID_LIT_001732;EVID_LIT_001733;EVID_LIT_001734,10;20;30;40;50;60;70;80;90,1
WEBR1_PROTOCOL_0214,LMT_0124,literature,10.1186/s13068-021-02087-6,ASSAY_P1A_LU01_05_FIG5B,not_reported,not_reported,not_reported,not_reported,one_shot,PNPP spectrophotometric hydrolysis assay,para-nitrophenyl palmitate,same_paper,yes,yes,Rhizomucor miehei ProRML N260,4,EVID_LIT_001764;EVID_LIT_001765;EVID_LIT_001766;EVID_LIT_001767,50,0.5;2.5;6;8
WEBR1_PROTOCOL_0215,LMT_0125,literature,10.1186/s13068-021-02087-6,ASSAY_P1A_LU01_05_FIG5A,not_reported,not_reported,not_reported,not_reported,one_shot,PNPP spectrophotometric hydrolysis assay,para-nitrophenyl palmitate,same_paper,yes,yes,Rhizomucor miehei ProRML N218,9,EVID_LIT_001735;EVID_LIT_001736;EVID_LIT_001737;EVID_LIT_001738;EVID_LIT_001739;EVID_LIT_001740;EVID_LIT_001741;EVID_LIT_001742;EVID_LIT_001743,10;20;30;40;50;60;70;80;90,1
WEBR1_PROTOCOL_0216,LMT_0125,literature,10.1186/s13068-021-02087-6,ASSAY_P1A_LU01_05_FIG5B,not_reported,not_reported,not_reported,not_reported,one_shot,PNPP spectrophotometric hydrolysis assay,para-nitrophenyl palmitate,same_paper,yes,yes,Rhizomucor miehei ProRML N218,4,EVID_LIT_001768;EVID_LIT_001769;EVID_LIT_001770;EVID_LIT_001771,50,0.5;2.5;6;8
WEBR1_PROTOCOL_0217,LMT_0126,literature,10.1007/s11745-017-4265-y,ASSAY_P1A_LU02_01_001,70,standard pNPP reaction system with methanol added,9.0,1 mg/ml,one_shot,pNPP spectrophotometric hydrolysis assay,p-nitrophenyl palmitate,same_paper,yes,yes,Bacillus sp. HT19 recombinant Lip256,1,EVID_LIT_001800,50,1
WEBR1_PROTOCOL_0218,LMT_0127,literature,10.1007/s12223-014-0320-8,ASSAY_P1A_LU02_02_001,30,enzyme solution mixed with 30% (v/v) methanol,not_reported,not_reported,one_shot,pNPP spectrophotometric hydrolysis assay at 70 C,p-nitrophenyl palmitate,same_paper,yes,yes,Haloarcula sp. G41 purified extracellular lipase,1,EVID_LIT_001801,30,48
WEBR1_PROTOCOL_0219,LMT_0128,literature,10.1016/j.ijbiomac.2018.05.087,ASSAY_P1A_LU02_03_001,50,enzyme preparation mixed with 25% (v/v) methanol,not_reported,not_reported,one_shot,pH-stat titrimetric olive-oil hydrolysis assay,olive oil emulsion,same_paper,yes,yes,Haloferax mediterranei CNCMM 50101 purified HML lipase,1,EVID_LIT_001804,25,24
WEBR1_PROTOCOL_0220,LMT_0129,literature,10.1016/j.ijbiomac.2016.06.095,ASSAY_P1A_LU02_04_001,15,aqueous-organic mixture with 25% (v/v) methanol,not_reported,not_reported,one_shot,colorimetric olive-oil hydrolysis assay at 30 C,olive oil,same_paper,yes,yes,Antarctic Pseudomonas sp. AMS8 purified recombinant lipase,1,EVID_LIT_001805,25,0.5
WEBR1_PROTOCOL_0221,LMT_0130,literature,REF_P1A_LU02_05,ASSAY_P1A_LU02_05_001,45,purified lipase solution mixed with 25% (v/v) methanol,not_reported,not_reported,one_shot,pNPP spectrophotometric hydrolysis assay,p-nitrophenyl palmitate,same_paper,yes,yes,Pseudomonas aeruginosa FW_SH-1 purified extracellular lipase,1,EVID_LIT_001807,25,1
WEBR1_PROTOCOL_0222,LMT_0131,literature,10.1007/s00792-018-0997-8,ASSAY_P1A_LU03_01_FIG7A,37,50 mM Tris-HCl buffer with methanol,8.0,0.1 mg/ml,one_shot,pNPP spectrophotometric hydrolysis assay,p-nitrophenyl palmitate,same_paper,yes,yes,Psychrobacter sp. ZY124 Lipase ZC12,5,EVID_LIT_001808;EVID_LIT_001809;EVID_LIT_001810;EVID_LIT_001811;EVID_LIT_001812,10;30;50;70;90,5
WEBR1_PROTOCOL_0223,LMT_0131,literature,10.1007/s00792-018-0997-8,ASSAY_P1A_LU03_01_FIG7B,37,50 mM Tris-HCl buffer with methanol,8.0,0.1 mg/ml,one_shot,pNPP spectrophotometric hydrolysis assay,p-nitrophenyl palmitate,same_paper,yes,yes,Psychrobacter sp. ZY124 Lipase ZC12,3,EVID_LIT_001813;EVID_LIT_001814;EVID_LIT_001815,10,1;5;720
WEBR1_PROTOCOL_0224,LMT_0132,literature,10.1016/j.enzmictec.2017.03.010,ASSAY_P1A_B28_ITEM4_FIG6A_RML_MEOH_1H,not_reported,pNPP mixture with different methanol concentrations; final assay methanol diluted to 10%,8.0,100 ug/mL,one_shot,p-nitrophenyl palmitate hydrolysis residual activity assay,p-nitrophenyl palmitate,same_paper,yes,yes,Rhizomucor miehei lipase WT,8,EVID_LIT_001399;EVID_LIT_001400;EVID_LIT_001401;EVID_LIT_001402;EVID_LIT_001403;EVID_LIT_001404;EVID_LIT_001405;EVID_LIT_001406,10;20;30;40;50;60;70;80,1
WEBR1_PROTOCOL_0225,LMT_0132,literature,10.1016/j.enzmictec.2022.110072,ASSAY_P1A_B28_ITEM5_FIG5A_RML_NGLYCO_MEOH_1H,not_reported,10-90% methanol solution; buffer not reported in extracted method,not_reported,not_reported,one_shot,p-nitrophenyl palmitate hydrolysis assay at A410,p-nitrophenyl palmitate,same_paper,yes,yes,Rhizomucor miehei ProRML WT,9,EVID_LIT_001431;EVID_LIT_001432;EVID_LIT_001433;EVID_LIT_001434;EVID_LIT_001435;EVID_LIT_001436;EVID_LIT_001437;EVID_LIT_001438;EVID_LIT_001439,10;20;30;40;50;60;70;80;90,1
WEBR1_PROTOCOL_0226,LMT_0132,literature,10.1016/j.enzmictec.2022.110072,ASSAY_P1A_B28_ITEM5_FIG5B_RML_NGLYCO_MEOH50_TIME,not_reported,50% methanol solution; buffer not reported in extracted method,not_reported,not_reported,one_shot,p-nitrophenyl palmitate hydrolysis assay at A410,p-nitrophenyl palmitate,same_paper,yes,yes,Rhizomucor miehei ProRML WT,4,EVID_LIT_001494;EVID_LIT_001495;EVID_LIT_001496;EVID_LIT_001497,50,0.5;1;2.5;6
WEBR1_PROTOCOL_0227,LMT_0132,literature,10.1016/j.enzmictec.2022.110072,ASSAY_P1A_B29_RML_NGLYCO_SUPP_S3B_MEOH50_TIME,not_reported,50% methanol solution; buffer not reported in extracted method,not_reported,not_reported,one_shot,p-nitrophenyl palmitate hydrolysis assay at A410,p-nitrophenyl palmitate,same_paper,yes,yes,Rhizomucor miehei ProRML WT,1,EVID_LIT_001595,50,8
WEBR1_PROTOCOL_0228,LMT_0132,literature,10.1016/j.fuel.2021.121514,ASSAY_P1A_LU03_02_001,not_reported,methanol challenge mixture for Pro-RML mutant enzyme,not_reported,not_reported,one_shot,microplate pNPP hydrolysis assay,p-nitrophenyl palmitate,same_paper,yes,yes,Rhizomucor miehei Pro-RML WT,6,EVID_LIT_001816;EVID_LIT_001817;EVID_LIT_001818;EVID_LIT_001819;EVID_LIT_001820;EVID_LIT_001821,10;20;30;40;50;60,1
WEBR1_PROTOCOL_0229,LMT_0132,literature,10.1186/s13068-021-02087-6,ASSAY_P1A_LU01_05_FIG5A,not_reported,not_reported,not_reported,not_reported,one_shot,PNPP spectrophotometric hydrolysis assay,para-nitrophenyl palmitate,same_paper,yes,yes,Rhizomucor miehei ProRML WT,9,EVID_LIT_001681;EVID_LIT_001682;EVID_LIT_001683;EVID_LIT_001684;EVID_LIT_001685;EVID_LIT_001686;EVID_LIT_001687;EVID_LIT_001688;EVID_LIT_001689,10;20;30;40;50;60;70;80;90,1
WEBR1_PROTOCOL_0230,LMT_0132,literature,10.1186/s13068-021-02087-6,ASSAY_P1A_LU01_05_FIG5B,not_reported,not_reported,not_reported,not_reported,one_shot,PNPP spectrophotometric hydrolysis assay,para-nitrophenyl palmitate,same_paper,yes,yes,Rhizomucor miehei ProRML WT,4,EVID_LIT_001744;EVID_LIT_001745;EVID_LIT_001746;EVID_LIT_001747,50,0.5;2.5;6;8
WEBR1_PROTOCOL_0231,LMT_0132,patent,CN115369099B,PAT_ASSAY_CN115369099_FIGURE4_FULL,not_reported,not_reported,not_reported,not_reported,one_shot,PNPP/pNPP method mentioned in Example 2,p-nitrophenyl palmitate (PNPP),same_patent_WT_or_variant_before_methanol_treatment,yes,yes,Rhizomucor miehei lipase WT,6,EVID_PAT_000634;EVID_PAT_000635;EVID_PAT_000636;EVID_PAT_000637;EVID_PAT_000638;EVID_PAT_000639,10;20;30;40;50;60,1
WEBR1_PROTOCOL_0232,LMT_0132,patent,CN115369099B,PAT_ASSAY_CN115369099_FIGURE5_FULL,not_reported,not_reported,not_reported,not_reported,one_shot,PNPP/pNPP method mentioned in Example 2,p-nitrophenyl palmitate (PNPP),same_patent_WT_or_variant_before_methanol_treatment,yes,yes,Rhizomucor miehei lipase WT,5,EVID_PAT_000676;EVID_PAT_000677;EVID_PAT_000678;EVID_PAT_000679;EVID_PAT_000680,50,0.5;1;2.5;6;8
WEBR1_PROTOCOL_0233,LMT_0133,literature,10.1016/j.fuel.2021.121514,ASSAY_P1A_LU03_02_001,not_reported,methanol challenge mixture for Pro-RML mutant enzyme,not_reported,not_reported,one_shot,microplate pNPP hydrolysis assay,p-nitrophenyl palmitate,same_paper,yes,yes,Rhizomucor miehei Pro-RML N9P,6,EVID_LIT_001822;EVID_LIT_001823;EVID_LIT_001824;EVID_LIT_001825;EVID_LIT_001826;EVID_LIT_001827,10;20;30;40;50;60,1
WEBR1_PROTOCOL_0234,LMT_0134,literature,10.1016/j.fuel.2021.121514,ASSAY_P1A_LU03_02_001,not_reported,methanol challenge mixture for Pro-RML mutant enzyme,not_reported,not_reported,one_shot,microplate pNPP hydrolysis assay,p-nitrophenyl palmitate,same_paper,yes,yes,Rhizomucor miehei Pro-RML N9A,6,EVID_LIT_001828;EVID_LIT_001829;EVID_LIT_001830;EVID_LIT_001831;EVID_LIT_001832;EVID_LIT_001833,10;20;30;40;50;60,1
WEBR1_PROTOCOL_0235,LMT_0135,literature,10.1016/j.fuel.2021.121514,ASSAY_P1A_LU03_02_001,not_reported,methanol challenge mixture for Pro-RML mutant enzyme,not_reported,not_reported,one_shot,microplate pNPP hydrolysis assay,p-nitrophenyl palmitate,same_paper,yes,yes,Rhizomucor miehei Pro-RML N59A,6,EVID_LIT_001834;EVID_LIT_001835;EVID_LIT_001836;EVID_LIT_001837;EVID_LIT_001838;EVID_LIT_001839,10;20;30;40;50;60,1
WEBR1_PROTOCOL_0236,LMT_0136,literature,10.1016/j.fuel.2021.121514,ASSAY_P1A_LU03_02_001,not_reported,methanol challenge mixture for Pro-RML mutant enzyme,not_reported,not_reported,one_shot,microplate pNPP hydrolysis assay,p-nitrophenyl palmitate,same_paper,yes,yes,Rhizomucor miehei Pro-RML N59K,6,EVID_LIT_001840;EVID_LIT_001841;EVID_LIT_001842;EVID_LIT_001843;EVID_LIT_001844;EVID_LIT_001845,10;20;30;40;50;60,1
WEBR1_PROTOCOL_0237,LMT_0137,literature,10.1016/j.fuel.2021.121514,ASSAY_P1A_LU03_02_001,not_reported,methanol challenge mixture for Pro-RML mutant enzyme,not_reported,not_reported,one_shot,microplate pNPP hydrolysis assay,p-nitrophenyl palmitate,same_paper,yes,yes,Rhizomucor miehei Pro-RML N59H,6,EVID_LIT_001846;EVID_LIT_001847;EVID_LIT_001848;EVID_LIT_001849;EVID_LIT_001850;EVID_LIT_001851,10;20;30;40;50;60,1
WEBR1_PROTOCOL_0238,LMT_0138,literature,10.1016/j.fuel.2021.121514,ASSAY_P1A_LU03_02_001,not_reported,methanol challenge mixture for Pro-RML mutant enzyme,not_reported,not_reported,one_shot,microplate pNPP hydrolysis assay,p-nitrophenyl palmitate,same_paper,yes,yes,Rhizomucor miehei Pro-RML N9A/N59A,6,EVID_LIT_001852;EVID_LIT_001853;EVID_LIT_001854;EVID_LIT_001855;EVID_LIT_001856;EVID_LIT_001857,10;20;30;40;50;60,1
WEBR1_PROTOCOL_0239,LMT_0139,literature,10.1128/spectrum.01422-21,ASSAY_P1A_LU03_03_001,15,0.1 M sodium phosphate buffer with methanol,7.0,0.001 mg/ml,one_shot,colorimetric olive-oil/free-fatty-acid lipase assay,olive oil emulsion,same_paper,yes,yes,Sphingobacterium sp. Ab3 purified lipase,3,EVID_LIT_001886;EVID_LIT_001887;EVID_LIT_001888,15;30;50,0.5
WEBR1_PROTOCOL_0240,LMT_0140,literature,REF_P1A_LU03_04,ASSAY_P1A_LU03_04_001,37,purified lipase with 25% (v/v) methanol,not_reported,not_reported,one_shot,pNPP spectrophotometric hydrolysis assay,p-nitrophenyl palmitate,same_paper,yes,yes,Pseudomonas aeruginosa MTCC 10055 mutant purified alkaline lipase,8,EVID_LIT_001889;EVID_LIT_001890;EVID_LIT_001891;EVID_LIT_001892;EVID_LIT_001893;EVID_LIT_001894;EVID_LIT_001895;EVID_LIT_001896,25,1;120;144;168;24;48;72;96
WEBR1_PROTOCOL_0241,LMT_0141,literature,10.4014/jmb.1506.06011,ASSAY_P1A_LU03_05_001,60,enzyme solution with methanol,not_reported,not_reported,one_shot,pNP ester spectrophotometric hydrolysis assay,p-nitrophenyl butyrate,same_paper,yes,yes,Pseudomonas sp. R0-14 recombinant LipR,2,EVID_LIT_001897;EVID_LIT_001898,15;30,2
WEBR1_PROTOCOL_0242,LMT_0142,literature,10.3390/microorganisms9040802,ASSAY_P1A_LU04_02_001,25,50 mM Tris-HCl pH 8.0 enzyme solution with methanol,8.0,0.005 mg/ml,one_shot,pNPP spectrophotometric hydrolysis assay,p-nitrophenyl palmitate,same_paper,yes,yes,Pseudomonas marinensis gcc21 Lipase 1,2,EVID_LIT_001900;EVID_LIT_001901,1;10,1
WEBR1_PROTOCOL_0243,LMT_0143,literature,10.3390/microorganisms9040802,ASSAY_P1A_LU04_02_001,25,50 mM Tris-HCl pH 8.0 enzyme solution with methanol,8.0,0.005 mg/ml,one_shot,pNPP spectrophotometric hydrolysis assay,p-nitrophenyl palmitate,same_paper,yes,yes,Pseudomonas marinensis gcc21 Lipase 2,2,EVID_LIT_001902;EVID_LIT_001903,1;10,1
WEBR1_PROTOCOL_0244,LMT_0144,literature,10.4014/jmb.1408.08039,ASSAY_P1A_LU04_03_001,25,enzyme sample mixed with methanol,not_reported,not_reported,one_shot,pH-stat olive-oil hydrolysis assay,olive oil emulsion,same_paper,yes,yes,Trichosporon coremiiforme V3 recombinant rTCL,6,EVID_LIT_001904;EVID_LIT_001905;EVID_LIT_001906;EVID_LIT_001907;EVID_LIT_001908;EVID_LIT_001909,10;20;30;40;5;50,6
WEBR1_PROTOCOL_0245,LMT_0145,literature,10.3389/fmicb.2021.633489,ASSAY_P1A_LU04_04_001,4,50 mM disodium hydrogen phosphate-citrate buffer pH 4.0 with methanol,4.0,not_reported,one_shot,alkali titration olive-oil hydrolysis assay,olive oil emulsion,same_paper,yes,yes,Aspergillus niger GZUF36 recombinant PEXANL1,1,EVID_LIT_001910,20,2
WEBR1_PROTOCOL_0246,LMT_0146,literature,10.1186/s13568-025-01966-7,ASSAY_P1A_LU04_05_001,40,enzyme-methanol mixture,not_reported,not_reported,one_shot,Kwon-Rhee colorimetric olive-oil/free-fatty-acid assay,olive oil emulsion,same_paper,yes,yes,Geobacillus sp. strain 42 Lip42 V171S mutant lipase,6,EVID_LIT_001918;EVID_LIT_001919;EVID_LIT_001920;EVID_LIT_001921;EVID_LIT_001922;EVID_LIT_001923,15;30;45;60;75;90,0.5
WEBR1_PROTOCOL_0247,LMT_0146,literature,10.1186/s13568-025-01966-7,ASSAY_P1A_LU04_05_001,65,100 mM Tris-HCl buffer pH 8.0 with methanol,8.0,not_reported,one_shot,Kwon-Rhee colorimetric olive-oil/free-fatty-acid assay,olive oil emulsion,same_paper,yes,yes,Geobacillus sp. strain 42 Lip42 V171S mutant lipase,1,EVID_LIT_001911,25,0.5
WEBR1_PROTOCOL_0248,LMT_0147,literature,10.1186/s13568-025-01966-7,ASSAY_P1A_LU04_05_001,40,enzyme-methanol mixture,not_reported,not_reported,one_shot,Kwon-Rhee colorimetric olive-oil/free-fatty-acid assay,olive oil emulsion,same_paper,yes,yes,Geobacillus sp. strain 42 native Lip42 lipase,6,EVID_LIT_001912;EVID_LIT_001913;EVID_LIT_001914;EVID_LIT_001915;EVID_LIT_001916;EVID_LIT_001917,15;30;45;60;75;90,0.5
WEBR1_PROTOCOL_0249,LMT_0148,literature,10.1371/journal.pone.0273368,ASSAY_P1A_LU05_01_001,37,enzyme preparation with 1.5% methanol,not_reported,not_reported,one_shot,titrimetric olive-oil hydrolysis assay with NaOH endpoint,olive oil,same_paper,yes,partial,Bacillus cereus NC7401 Lipase A from starch culture,1,EVID_LIT_001925,1.5,0.5
WEBR1_PROTOCOL_0250,LMT_0149,literature,10.1371/journal.pone.0273368,ASSAY_P1A_LU05_01_001,37,enzyme preparation with 1.5% methanol,not_reported,not_reported,one_shot,titrimetric olive-oil hydrolysis assay with NaOH endpoint,olive oil,same_paper,yes,partial,Bacillus cereus NC7401 Lipase B from maltose culture,1,EVID_LIT_001926,1.5,0.5
WEBR1_PROTOCOL_0251,LMT_0150,literature,10.1371/journal.pone.0273368,ASSAY_P1A_LU05_01_001,37,enzyme preparation with 1.5% methanol,not_reported,not_reported,one_shot,titrimetric olive-oil hydrolysis assay with NaOH endpoint,olive oil,same_paper,yes,partial,Bacillus cereus NC7401 Lipase C from tryptone culture,1,EVID_LIT_001927,1.5,0.5
WEBR1_PROTOCOL_0252,LMT_0151,literature,10.12988/asb.2013.3624,ASSAY_P1A_LU05_03_001,65,purified lipase with 25% methanol,not_reported,not_reported,one_shot,modified Kwon-Rhee colorimetric olive-oil/free-fatty-acid assay,olive oil emulsion,same_paper,yes,yes,Geobacillus thermodenitrificans IBRL-nra purified thermostable lipase,2,EVID_LIT_001929;EVID_LIT_001930,25,1;24
WEBR1_PROTOCOL_0253,LMT_0152,literature,10.1016/j.jgeb.2017.06.007,ASSAY_P1A_LU05_05_001,37,olive-oil activity assay mixture with 1% methanol,8.0,not_reported,one_shot,titrimetric olive-oil hydrolysis assay,olive oil,same_paper,yes,partial,Bacillus methylotrophicus PS3 purified lipase,1,EVID_LIT_001931,1,0.5
WEBR1_PROTOCOL_0254,LMT_0153,literature,10.1038/s41598-018-27579-8,ASSAY_P1A_LU06_02_FIG4A,25,10% (v/v) methanol in water added to pNPD assay mixture,7.5,not_reported,one_shot,pNPD spectrophotometric hydrolysis assay at 410 nm,p-nitrophenyl decanoate,same_paper,yes,yes,HisTEVS-LipC12 N-terminal HisTEV-tagged metagenomic lipase,1,EVID_LIT_001933,10,0.0833
WEBR1_PROTOCOL_0255,LMT_0153,literature,10.1038/s41598-018-27579-8,ASSAY_P1A_LU06_02_FIG4A,25,20% (v/v) methanol in water added to pNPD assay mixture,7.5,not_reported,one_shot,pNPD spectrophotometric hydrolysis assay at 410 nm,p-nitrophenyl decanoate,same_paper,yes,yes,HisTEVS-LipC12 N-terminal HisTEV-tagged metagenomic lipase,1,EVID_LIT_001934,20,0.0833
WEBR1_PROTOCOL_0256,LMT_0153,literature,10.1038/s41598-018-27579-8,ASSAY_P1A_LU06_02_FIG4A,25,40% (v/v) methanol in water added to pNPD assay mixture,7.5,not_reported,one_shot,pNPD spectrophotometric hydrolysis assay at 410 nm,p-nitrophenyl decanoate,same_paper,yes,yes,HisTEVS-LipC12 N-terminal HisTEV-tagged metagenomic lipase,1,EVID_LIT_001935,40,0.0833
WEBR1_PROTOCOL_0257,LMT_0153,literature,10.1038/s41598-018-27579-8,ASSAY_P1A_LU06_02_FIG4A,25,60% (v/v) methanol in water added to pNPD assay mixture,7.5,not_reported,one_shot,pNPD spectrophotometric hydrolysis assay at 410 nm,p-nitrophenyl decanoate,same_paper,yes,yes,HisTEVS-LipC12 N-terminal HisTEV-tagged metagenomic lipase,1,EVID_LIT_001936,60,0.0833
WEBR1_PROTOCOL_0258,LMT_0153,literature,10.1038/s41598-018-27579-8,ASSAY_P1A_LU06_02_FIG4B,25,20% (v/v) methanol in polar organic solvent stability assay,not_reported,1.72 μM,one_shot,post-incubation pNPD spectrophotometric hydrolysis assay at 410 nm,p-nitrophenyl decanoate,same_paper,yes,yes,HisTEVS-LipC12 N-terminal HisTEV-tagged metagenomic lipase,1,EVID_LIT_001941,20,3
WEBR1_PROTOCOL_0259,LMT_0153,literature,10.1038/s41598-018-27579-8,ASSAY_P1A_LU06_02_FIG4B,25,40% (v/v) methanol in polar organic solvent stability assay,not_reported,1.72 μM,one_shot,post-incubation pNPD spectrophotometric hydrolysis assay at 410 nm,p-nitrophenyl decanoate,same_paper,yes,yes,HisTEVS-LipC12 N-terminal HisTEV-tagged metagenomic lipase,1,EVID_LIT_001942,40,3
WEBR1_PROTOCOL_0260,LMT_0154,literature,10.1038/s41598-018-27579-8,ASSAY_P1A_LU06_02_FIG4A,25,10% (v/v) methanol in water added to pNPD assay mixture,7.5,not_reported,one_shot,pNPD spectrophotometric hydrolysis assay at 410 nm,p-nitrophenyl decanoate,same_paper,yes,yes,cLipC12 TEV-cleaved untagged metagenomic lipase,1,EVID_LIT_001937,10,0.0833
WEBR1_PROTOCOL_0261,LMT_0154,literature,10.1038/s41598-018-27579-8,ASSAY_P1A_LU06_02_FIG4A,25,20% (v/v) methanol in water added to pNPD assay mixture,7.5,not_reported,one_shot,pNPD spectrophotometric hydrolysis assay at 410 nm,p-nitrophenyl decanoate,same_paper,yes,yes,cLipC12 TEV-cleaved untagged metagenomic lipase,1,EVID_LIT_001938,20,0.0833
WEBR1_PROTOCOL_0262,LMT_0154,literature,10.1038/s41598-018-27579-8,ASSAY_P1A_LU06_02_FIG4A,25,40% (v/v) methanol in water added to pNPD assay mixture,7.5,not_reported,one_shot,pNPD spectrophotometric hydrolysis assay at 410 nm,p-nitrophenyl decanoate,same_paper,yes,yes,cLipC12 TEV-cleaved untagged metagenomic lipase,1,EVID_LIT_001939,40,0.0833
WEBR1_PROTOCOL_0263,LMT_0154,literature,10.1038/s41598-018-27579-8,ASSAY_P1A_LU06_02_FIG4A,25,60% (v/v) methanol in water added to pNPD assay mixture,7.5,not_reported,one_shot,pNPD spectrophotometric hydrolysis assay at 410 nm,p-nitrophenyl decanoate,same_paper,yes,yes,cLipC12 TEV-cleaved untagged metagenomic lipase,1,EVID_LIT_001940,60,0.0833
WEBR1_PROTOCOL_0264,LMT_0154,literature,10.1038/s41598-018-27579-8,ASSAY_P1A_LU06_02_FIG4B,25,20% (v/v) methanol in polar organic solvent stability assay,not_reported,1.23 μM,one_shot,post-incubation pNPD spectrophotometric hydrolysis assay at 410 nm,p-nitrophenyl decanoate,same_paper,yes,yes,cLipC12 TEV-cleaved untagged metagenomic lipase,1,EVID_LIT_001943,20,3
WEBR1_PROTOCOL_0265,LMT_0154,literature,10.1038/s41598-018-27579-8,ASSAY_P1A_LU06_02_FIG4B,25,40% (v/v) methanol in polar organic solvent stability assay,not_reported,1.23 μM,one_shot,post-incubation pNPD spectrophotometric hydrolysis assay at 410 nm,p-nitrophenyl decanoate,same_paper,yes,yes,cLipC12 TEV-cleaved untagged metagenomic lipase,1,EVID_LIT_001944,40,3
WEBR1_PROTOCOL_0266,LMT_0155,literature,10.1371/journal.pone.0047665,ASSAY_P1A_LU06_03_TABLES6,25,0.1 M potassium phosphate buffer pH 8.0 with 10% (v/v) methanol,8.0,not_reported,one_shot,pNP-dodecanoate spectrophotometric assay at 405 nm after solvent preincubation,p-nitrophenyl dodecanoate,same_paper,yes,yes,LipS His6-tagged metagenomic lipase,1,EVID_LIT_001945,10,1
WEBR1_PROTOCOL_0267,LMT_0155,literature,10.1371/journal.pone.0047665,ASSAY_P1A_LU06_03_TABLES6,25,0.1 M potassium phosphate buffer pH 8.0 with 30% (v/v) methanol,8.0,not_reported,one_shot,pNP-dodecanoate spectrophotometric assay at 405 nm after solvent preincubation,p-nitrophenyl dodecanoate,same_paper,yes,yes,LipS His6-tagged metagenomic lipase,1,EVID_LIT_001946,30,1
WEBR1_PROTOCOL_0268,LMT_0156,literature,10.1371/journal.pone.0047665,ASSAY_P1A_LU06_03_TABLES6,25,0.1 M potassium phosphate buffer pH 8.0 with 10% (v/v) methanol,8.0,not_reported,one_shot,pNP-dodecanoate spectrophotometric assay at 405 nm after solvent preincubation,p-nitrophenyl dodecanoate,same_paper,yes,yes,LipT His6-tagged metagenomic lipase,1,EVID_LIT_001947,10,1
WEBR1_PROTOCOL_0269,LMT_0156,literature,10.1371/journal.pone.0047665,ASSAY_P1A_LU06_03_TABLES6,25,0.1 M potassium phosphate buffer pH 8.0 with 30% (v/v) methanol,8.0,not_reported,one_shot,pNP-dodecanoate spectrophotometric assay at 405 nm after solvent preincubation,p-nitrophenyl dodecanoate,same_paper,yes,yes,LipT His6-tagged metagenomic lipase,1,EVID_LIT_001948,30,1
WEBR1_PROTOCOL_0270,LMT_0157,literature,REF_P1A_LU06_04,ASSAY_P1A_LU06_04_FIG3_5,37,enzyme solution mixed 1:1 with methanol to final 50% v/v methanol,not_reported,0.1 mg/ml,one_shot,titrimetric olive-oil hydrolysis assay with 0.05 M NaOH endpoint,olive oil emulsion,same_paper,yes,yes,UM-1 Q0S mutant,3,EVID_LIT_001950;EVID_LIT_001954;EVID_LIT_001960,50,12;3;36
WEBR1_PROTOCOL_0271,LMT_0158,literature,REF_P1A_LU06_04,ASSAY_P1A_LU06_04_FIG3_5,37,enzyme solution mixed 1:1 with methanol to final 50% v/v methanol,not_reported,0.1 mg/ml,one_shot,titrimetric olive-oil hydrolysis assay with 0.05 M NaOH endpoint,olive oil emulsion,same_paper,yes,yes,UM-1 SEE mutant,3,EVID_LIT_001951;EVID_LIT_001955;EVID_LIT_001961,50,12;3;36
WEBR1_PROTOCOL_0272,LMT_0159,literature,REF_P1A_LU06_04,ASSAY_P1A_LU06_04_FIG3_5,37,enzyme solution mixed 1:1 with methanol to final 50% v/v methanol,not_reported,0.1 mg/ml,one_shot,titrimetric olive-oil hydrolysis assay with 0.05 M NaOH endpoint,olive oil emulsion,same_paper,yes,yes,UM-1 SKE mutant,3,EVID_LIT_001952;EVID_LIT_001956;EVID_LIT_001962,50,12;3;36
WEBR1_PROTOCOL_0273,LMT_0160,literature,REF_P1A_LU06_04,ASSAY_P1A_LU06_04_FIG3_5,37,enzyme solution mixed 1:1 with methanol to final 50% v/v methanol,not_reported,0.1 mg/ml,one_shot,titrimetric olive-oil hydrolysis assay with 0.05 M NaOH endpoint,olive oil emulsion,same_paper,yes,yes,UM-1 TED mutant,3,EVID_LIT_001953;EVID_LIT_001957;EVID_LIT_001963,50,12;3;36
WEBR1_PROTOCOL_0274,LMT_0161,literature,10.1002/ceat.201300851,ASSAY_P1A_LU07_01_TABLE1,37,neat methanol exposure for extracellular/mycelium-bound preparations,not_reported,not_reported,one_shot,p-nitrophenyl palmitate spectrophotometric assay at A410,p-nitrophenyl palmitate,same_paper,yes,yes,Penicillium corylophilum non-induced extracellular lipase preparation,1,EVID_LIT_001965,100,1
WEBR1_PROTOCOL_0275,LMT_0162,literature,10.1002/ceat.201300851,ASSAY_P1A_LU07_01_TABLE1,37,neat methanol exposure for extracellular/mycelium-bound preparations,not_reported,not_reported,one_shot,p-nitrophenyl palmitate spectrophotometric assay at A410,p-nitrophenyl palmitate,same_paper,yes,yes,Penicillium corylophilum induced extracellular lipase preparation,1,EVID_LIT_001967,100,1
WEBR1_PROTOCOL_0276,LMT_0163,literature,10.1631/jzus.b1800213,ASSAY_P1A_LU07_02_TABLE2,4,organic solvent stability mixture with 30% (v/v) methanol,not_reported,not_reported,one_shot,pNPP colorimetric hydrolysis assay at 410 nm,p-nitrophenyl palmitate,same_paper,yes,yes,Aureobasidium pullulans purified extracellular lipase,1,EVID_LIT_001969,30,1
WEBR1_PROTOCOL_0277,LMT_0164,literature,10.1080/14756366.2020.1861607,ASSAY_P1A_LU07_03_TABLE1,37,Buffer A with 10% (v/v) methanol,8.0,not_reported,one_shot,pNPP colorimetric hydrolysis assay at 410 nm,p-nitrophenyl palmitate,same_paper,yes,yes,Staphylococcus caprae NCU S6 purified SCNL lipase,2,EVID_LIT_001970;EVID_LIT_001971,10,24;672
WEBR1_PROTOCOL_0278,LMT_0164,literature,10.1080/14756366.2020.1861607,ASSAY_P1A_LU07_03_TABLE1,37,Buffer A with 30% (v/v) methanol,8.0,not_reported,one_shot,pNPP colorimetric hydrolysis assay at 410 nm,p-nitrophenyl palmitate,same_paper,yes,yes,Staphylococcus caprae NCU S6 purified SCNL lipase,2,EVID_LIT_001972;EVID_LIT_001973,30,24;672
WEBR1_PROTOCOL_0279,LMT_0164,literature,10.1080/14756366.2020.1861607,ASSAY_P1A_LU07_03_TABLE1,37,Buffer A with 50% (v/v) methanol,8.0,not_reported,one_shot,pNPP colorimetric hydrolysis assay at 410 nm,p-nitrophenyl palmitate,same_paper,yes,yes,Staphylococcus caprae NCU S6 purified SCNL lipase,2,EVID_LIT_001974;EVID_LIT_001975,50,24;672
WEBR1_PROTOCOL_0280,LMT_0165,literature,10.1016/j.jbiosc.2017.06.012,ASSAY_P1A_LU07_04_FIG4A,28,80% (v/v) methanol organic solvent tolerance assay,not_reported,not_reported,one_shot,post-incubation pNPL hydrolysis assay at A410,p-nitrophenyl laurate,same_paper,yes,yes,Proteus sp. SW1 recombinant RLipase,2,EVID_LIT_001976;EVID_LIT_001977,80,24;3
WEBR1_PROTOCOL_0281,LMT_0165,literature,10.1016/j.jbiosc.2017.06.012,ASSAY_P1A_LU07_04_FIG4B,28,10% (v/v) methanol concentration-response assay,not_reported,not_reported,one_shot,post-incubation pNPL hydrolysis assay at A410,p-nitrophenyl laurate,same_paper,yes,yes,Proteus sp. SW1 recombinant RLipase,1,EVID_LIT_001978,10,2
WEBR1_PROTOCOL_0282,LMT_0165,literature,10.1016/j.jbiosc.2017.06.012,ASSAY_P1A_LU07_04_FIG4B,28,20% (v/v) methanol concentration-response assay,not_reported,not_reported,one_shot,post-incubation pNPL hydrolysis assay at A410,p-nitrophenyl laurate,same_paper,yes,yes,Proteus sp. SW1 recombinant RLipase,1,EVID_LIT_001979,20,2
WEBR1_PROTOCOL_0283,LMT_0165,literature,10.1016/j.jbiosc.2017.06.012,ASSAY_P1A_LU07_04_FIG4B,28,30% (v/v) methanol concentration-response assay,not_reported,not_reported,one_shot,post-incubation pNPL hydrolysis assay at A410,p-nitrophenyl laurate,same_paper,yes,yes,Proteus sp. SW1 recombinant RLipase,1,EVID_LIT_001980,30,2
WEBR1_PROTOCOL_0284,LMT_0165,literature,10.1016/j.jbiosc.2017.06.012,ASSAY_P1A_LU07_04_FIG4B,28,40% (v/v) methanol concentration-response assay,not_reported,not_reported,one_shot,post-incubation pNPL hydrolysis assay at A410,p-nitrophenyl laurate,same_paper,yes,yes,Proteus sp. SW1 recombinant RLipase,1,EVID_LIT_001981,40,2
WEBR1_PROTOCOL_0285,LMT_0165,literature,10.1016/j.jbiosc.2017.06.012,ASSAY_P1A_LU07_04_FIG4B,28,50% (v/v) methanol concentration-response assay,not_reported,not_reported,one_shot,post-incubation pNPL hydrolysis assay at A410,p-nitrophenyl laurate,same_paper,yes,yes,Proteus sp. SW1 recombinant RLipase,1,EVID_LIT_001982,50,2
WEBR1_PROTOCOL_0286,LMT_0165,literature,10.1016/j.jbiosc.2017.06.012,ASSAY_P1A_LU07_04_FIG4B,28,60% (v/v) methanol concentration-response assay,not_reported,not_reported,one_shot,post-incubation pNPL hydrolysis assay at A410,p-nitrophenyl laurate,same_paper,yes,yes,Proteus sp. SW1 recombinant RLipase,1,EVID_LIT_001983,60,2
WEBR1_PROTOCOL_0287,LMT_0165,literature,10.1016/j.jbiosc.2017.06.012,ASSAY_P1A_LU07_04_FIG4B,28,70% (v/v) methanol concentration-response assay,not_reported,not_reported,one_shot,post-incubation pNPL hydrolysis assay at A410,p-nitrophenyl laurate,same_paper,yes,yes,Proteus sp. SW1 recombinant RLipase,1,EVID_LIT_001984,70,2
WEBR1_PROTOCOL_0288,LMT_0165,literature,10.1016/j.jbiosc.2017.06.012,ASSAY_P1A_LU07_04_FIG4B,28,80% (v/v) methanol concentration-response assay,not_reported,not_reported,one_shot,post-incubation pNPL hydrolysis assay at A410,p-nitrophenyl laurate,same_paper,yes,yes,Proteus sp. SW1 recombinant RLipase,1,EVID_LIT_001985,80,2
WEBR1_PROTOCOL_0289,LMT_0165,literature,10.1016/j.jbiosc.2017.06.012,ASSAY_P1A_LU07_04_FIG4B,28,90% (v/v) methanol concentration-response assay,not_reported,not_reported,one_shot,post-incubation pNPL hydrolysis assay at A410,p-nitrophenyl laurate,same_paper,yes,yes,Proteus sp. SW1 recombinant RLipase,1,EVID_LIT_001986,90,2
WEBR1_PROTOCOL_0290,LMT_0165,literature,10.1016/j.jbiosc.2017.06.012,ASSAY_P1A_LU07_04_FIG4B,28,98% (v/v) methanol concentration-response assay,not_reported,not_reported,one_shot,post-incubation pNPL hydrolysis assay at A410,p-nitrophenyl laurate,same_paper,yes,yes,Proteus sp. SW1 recombinant RLipase,1,EVID_LIT_001987,98,2
WEBR1_PROTOCOL_0291,LMT_0166,literature,10.1002/jctb.1875,ASSAY_P1A_LU08_03_SOLVENT_TEXT,37,not_reported,not_reported,not_reported,one_shot,p-nitrophenyl palmitate spectrophotometric assay at 410 nm,p-nitrophenyl palmitate,same_paper,yes,yes,Staphylococcus caseolyticus EX17 crude extracellular lipase extract,1,EVID_LIT_001993,25,0.5
WEBR1_PROTOCOL_0292,LMT_0167,literature,REF_P1A_LU08_05,ASSAY_P1A_LU08_05_TABLE3,25,not_reported,not_reported,not_reported,one_shot,colorimetric p-nitrophenyl caprylate assay,p-nitrophenyl caprylate,same_paper,yes,yes,Pseudomonas fluorescens strain 2D purified extracellular lipase,1,EVID_LIT_001995,25,24
WEBR1_PROTOCOL_0293,LMT_0168,literature,10.1099/mic.0.058792-0,ASSAY_P1A_MANUAL_20260530_LIPBL_2012_MEOH30,25,50 mM Tris/HCl buffer,8.0,not_reported,one_shot,p-NP butyrate hydrolysis assay after organic-solvent incubation,p-nitrophenyl butyrate,same_paper,yes,yes,LipBL WT,1,EVID_LIT_002424,30,0.5
WEBR1_PROTOCOL_0294,LMT_0169,literature,10.1099/mic.0.058792-0,ASSAY_P1A_MANUAL_20260530_LIPBL_2012_MEOH30,25,50 mM Tris/HCl buffer,8.0,not_reported,one_shot,p-NP butyrate hydrolysis assay after organic-solvent incubation,p-nitrophenyl butyrate,same_paper,yes,yes,LipBL S321A,1,EVID_LIT_002425,30,0.5
WEBR1_PROTOCOL_0295,LMT_0170,literature,10.1099/mic.0.058792-0,ASSAY_P1A_MANUAL_20260530_LIPBL_2012_MEOH30,25,50 mM Tris/HCl buffer,8.0,not_reported,one_shot,p-NP butyrate hydrolysis assay after organic-solvent incubation,p-nitrophenyl butyrate,same_paper,yes,yes,LipBL S321M,1,EVID_LIT_002426,30,0.5
WEBR1_PROTOCOL_0296,LMT_0171,literature,10.1099/mic.0.058792-0,ASSAY_P1A_MANUAL_20260530_LIPBL_2012_MEOH30,25,50 mM Tris/HCl buffer,8.0,not_reported,one_shot,p-NP butyrate hydrolysis assay after organic-solvent incubation,p-nitrophenyl butyrate,same_paper,yes,yes,LipBL S321H,1,EVID_LIT_002427,30,0.5
WEBR1_PROTOCOL_0297,LMT_0172,literature,10.1099/mic.0.058792-0,ASSAY_P1A_MANUAL_20260530_LIPBL_2012_MEOH30,25,50 mM Tris/HCl buffer,8.0,not_reported,one_shot,p-NP butyrate hydrolysis assay after organic-solvent incubation,p-nitrophenyl butyrate,same_paper,yes,yes,LipBL S321D,1,EVID_LIT_002428,30,0.5
WEBR1_PROTOCOL_0298,LMT_0173,literature,10.1099/mic.0.058792-0,ASSAY_P1A_MANUAL_20260530_LIPBL_2012_MEOH30,25,50 mM Tris/HCl buffer,8.0,not_reported,one_shot,p-NP butyrate hydrolysis assay after organic-solvent incubation,p-nitrophenyl butyrate,same_paper,yes,yes,LipBL H310Q,1,EVID_LIT_002429,30,0.5
WEBR1_PROTOCOL_0299,LMT_0174,literature,10.1007/s12010-013-0610-7,ASSAY_P1A_MANUAL_20260530_CS273_2014_TABLE5,30,10 mM Tris-HCl buffer,8.0,not_reported,one_shot,pNPP spectrophotometric hydrolysis assay at A405,p-nitrophenyl palmitate,same_paper,yes,yes,Streptomyces sp. CS273 purified lipase,1,EVID_LIT_002422,25,24
WEBR1_PROTOCOL_0300,LMT_0175,literature,10.1016/j.pep.2006.04.015,ASSAY_P1A_LU09_02_TABLE2_SOLVENT_STABILITY,37,pure methanol solvent panel; solvent used instead of water in reaction mixture,not_reported,not_reported,one_shot,Kwon and Rhee free-fatty-acid lipase activity assay after solvent incubation,olive oil,same_paper_no_solvent_control,yes,yes,Bacillus sphaericus 205y purified extracellular OST-lipase,1,EVID_LIT_001997,100,0.5
WEBR1_PROTOCOL_0301,LMT_0176,literature,10.1002/jobm.201800116,ASSAY_P1A_LU09_05_TABLE4_SOLVENT_STABILITY,35,purified enzyme incubated with 20% v/v methanol under shaking,not_reported,not_reported,one_shot,p-nitrophenyl palmitate colorimetric assay at 410 nm after solvent incubation,p-nitrophenyl palmitate,same_paper_no_solvent_control,yes,yes,Chromohalobacter canadensis strain S2 purified halophilic lipase LipS2,1,EVID_LIT_001999,20,0.5
WEBR1_PROTOCOL_0302,LMT_0176,literature,10.1002/jobm.201800116,ASSAY_P1A_LU09_05_TABLE4_SOLVENT_STABILITY,35,purified enzyme incubated with 50% v/v methanol under shaking,not_reported,not_reported,one_shot,p-nitrophenyl palmitate colorimetric assay at 410 nm after solvent incubation,p-nitrophenyl palmitate,same_paper_no_solvent_control,yes,yes,Chromohalobacter canadensis strain S2 purified halophilic lipase LipS2,1,EVID_LIT_002000,50,0.5
WEBR1_PROTOCOL_0303,LMT_0177,literature,10.1016/j.bej.2012.03.004,ASSAY_P1A_LU10_01_TABLE3_SOLVENT_STABILITY,30,50 mM sodium phosphate buffer pH 8.0 with 25% v/v methanol,8.0,0.05 mg/ml,one_shot,pNPP spectrophotometric hydrolysis assay at 410 nm after solvent incubation,p-nitrophenyl palmitate,same_paper_no_methanol_or_no_solvent_control,yes,yes,Pseudomonas stutzeri LC2-8 purified lipase LC2-8,1,EVID_LIT_002001,25,24
WEBR1_PROTOCOL_0304,LMT_0177,patent,CN102174422B,PAT_ASSAY_CN102174422_MEOH25_24H,30,not_reported,not_reported,not_reported,one_shot,not_reported,not_reported,not_reported,not_reported,not_reported,Pseudomonas stutzeri LC2-8 purified lipase LC2-8,1,EVID_PAT_000591,25,24
WEBR1_PROTOCOL_0305,LMT_0178,literature,10.1007/s10295-008-0473-z,ASSAY_P1A_LU10_02_TABLE4_SOLVENT_STABILITY_F2,37,25% v/v methanol; enzyme solution buffer not reported,not_reported,not_reported,one_shot,pNPP spectrophotometric hydrolysis assay at 410 nm after solvent incubation,p-nitrophenyl palmitate,same_paper_no_organic_solvent_control,yes,yes,Pseudomonas monteilii TKU009 purified extracellular lipase F2,1,EVID_LIT_002002,25,0.5
WEBR1_PROTOCOL_0306,LMT_0179,literature,10.1016/j.ultsonch.2020.105211,ASSAY_P1A_LU10_03_FIG3_50PCT_TIMECOURSE,not_reported,100 mM PBS pH 7.0 with 50% methanol; pNPP present in methanol-treatment assay,7.0,not_reported,one_shot,pNPP hydrolysis monitored at 405 nm after/in methanol treatment,p-nitrophenyl palmitate,same_paper_no_methanol_or_no_solvent_control,yes,yes,Proteus vulgaris lipase WT-PVL,9,EVID_LIT_002003;EVID_LIT_002004;EVID_LIT_002005;EVID_LIT_002006;EVID_LIT_002007;EVID_LIT_002008;EVID_LIT_002009;EVID_LIT_002010;EVID_LIT_002011,50,0.25;0.5;0.75;1;18;2;3;4;5
WEBR1_PROTOCOL_0307,LMT_0180,literature,10.1016/j.ultsonch.2020.105211,ASSAY_P1A_LU10_03_FIG3_50PCT_TIMECOURSE,not_reported,100 mM PBS pH 7.0 with 50% methanol; pNPP present in methanol-treatment assay,7.0,not_reported,one_shot,pNPP hydrolysis monitored at 405 nm after/in methanol treatment,p-nitrophenyl palmitate,same_paper_no_methanol_or_no_solvent_control,yes,yes,Proteus vulgaris lipase PVL C181-238 disulfide construct,9,EVID_LIT_002012;EVID_LIT_002013;EVID_LIT_002014;EVID_LIT_002015;EVID_LIT_002016;EVID_LIT_002017;EVID_LIT_002018;EVID_LIT_002019;EVID_LIT_002020,50,0.25;0.5;0.75;1;18;2;3;4;5
WEBR1_PROTOCOL_0308,LMT_0181,literature,10.1016/j.ultsonch.2020.105211,ASSAY_P1A_LU10_03_FIG3_50PCT_TIMECOURSE,not_reported,100 mM PBS pH 7.0 with 50% methanol; pNPP present in methanol-treatment assay,7.0,not_reported,one_shot,pNPP hydrolysis monitored at 405 nm after/in methanol treatment,p-nitrophenyl palmitate,same_paper_no_methanol_or_no_solvent_control,yes,yes,Proteus vulgaris lipase EPVL C181-238 evolved mutant,9,EVID_LIT_002021;EVID_LIT_002022;EVID_LIT_002023;EVID_LIT_002024;EVID_LIT_002025;EVID_LIT_002026;EVID_LIT_002027;EVID_LIT_002028;EVID_LIT_002029,50,0.25;0.5;0.75;1;18;2;3;4;5
WEBR1_PROTOCOL_0309,LMT_0182,literature,10.1080/10826068.2021.1920034,ASSAY_P1A_LU11_01_FIG8_FREE_METHANOL15,33,15% v/v methanol; solvent-exposure buffer composition not reported,not_reported,not_reported,one_shot,pH-stat titrimetric tributyrin hydrolysis assay after methanol exposure,tributyrin (TC4),same_paper_no_organic_solvent_control,yes,yes,Staphylococcus capitis SH6 free lipase,1,EVID_LIT_002058,15,0.5
WEBR1_PROTOCOL_0310,LMT_0183,literature,10.1080/10826068.2023.2279111,ASSAY_P1A_LU11_04_TABLE2_METHANOL_SERIES,not_reported,15% v/v methanol; incubation buffer composition not reported,not_reported,not_reported,one_shot,titrimetric tributyrin hydrolysis assay under standard pH-stat conditions,tributyrin (TC4),same_paper_no_organic_solvent_control,yes,yes,Staphylococcus capitis SH6 recombinant mature lipase r-SCL,1,EVID_LIT_002061,15,1
WEBR1_PROTOCOL_0311,LMT_0183,literature,10.1080/10826068.2023.2279111,ASSAY_P1A_LU11_04_TABLE2_METHANOL_SERIES,not_reported,30% v/v methanol; incubation buffer composition not reported,not_reported,not_reported,one_shot,titrimetric tributyrin hydrolysis assay under standard pH-stat conditions,tributyrin (TC4),same_paper_no_organic_solvent_control,yes,yes,Staphylococcus capitis SH6 recombinant mature lipase r-SCL,1,EVID_LIT_002062,30,1
WEBR1_PROTOCOL_0312,LMT_0184,literature,10.1016/j.btre.2021.e00659,ASSAY_S3_C12B_LMT_0184_100_96_042,25,not_reported,not_reported,not_reported,preincubated_enzyme,pNPP or titrimetric lipase activity assay; source figure reports residual activity,not_reported,not_reported,not_reported,not_reported,LipA PSA01 free/soluble enzyme,1,EVID_LIT_000042,100,96
WEBR1_PROTOCOL_0313,LMT_0184,literature,10.3390/ijms21113925,ASSAY_P1A_LU11_05_FIG5A_BL21_METHANOL50_TIMECOURSE,25,Tris-HCl 20 mM pH 8.2 with 50% methanol; soluble lysate challenged in 4 mL total volume,8.2,not_reported,one_shot,microplate pNPP hydrolysis assay at 415 nm using soluble lysates,p-nitrophenyl palmitate,same_paper_no_alcohol_control,yes,yes,Pseudomonas aeruginosa PSA01 LipA soluble lysate from E. coli BL21 (DE3),6,EVID_LIT_002064;EVID_LIT_002065;EVID_LIT_002066;EVID_LIT_002067;EVID_LIT_002068;EVID_LIT_002069,50,0.167;0.333;0.5;0.667;0.833;1.0
WEBR1_PROTOCOL_0314,LMT_0184,literature,10.3390/ijms21113925,ASSAY_P1A_LU11_05_FIG5A_BL21_METHANOL60_TIMECOURSE,25,Tris-HCl 20 mM pH 8.2 with 60% methanol; soluble lysate challenged in 4 mL total volume,8.2,not_reported,one_shot,microplate pNPP hydrolysis assay at 415 nm using soluble lysates,p-nitrophenyl palmitate,same_paper_no_alcohol_control,yes,yes,Pseudomonas aeruginosa PSA01 LipA soluble lysate from E. coli BL21 (DE3),6,EVID_LIT_002071;EVID_LIT_002072;EVID_LIT_002073;EVID_LIT_002074;EVID_LIT_002075;EVID_LIT_002076,60,0.167;0.333;0.5;0.667;0.833;1.0
WEBR1_PROTOCOL_0315,LMT_0185,literature,10.3390/ijms21113925,ASSAY_P1A_LU11_05_FIG5A_SHUFFLE_METHANOL50_TIMECOURSE,25,Tris-HCl 20 mM pH 8.2 with 50% methanol; soluble lysate challenged in 4 mL total volume,8.2,not_reported,one_shot,microplate pNPP hydrolysis assay at 415 nm using soluble lysates,p-nitrophenyl palmitate,same_paper_no_alcohol_control,yes,yes,Pseudomonas aeruginosa PSA01 LipA soluble lysate from E. coli SHuffle,6,EVID_LIT_002078;EVID_LIT_002079;EVID_LIT_002080;EVID_LIT_002081;EVID_LIT_002082;EVID_LIT_002083,50,0.167;0.333;0.5;0.667;0.833;1.0
WEBR1_PROTOCOL_0316,LMT_0185,literature,10.3390/ijms21113925,ASSAY_P1A_LU11_05_FIG5A_SHUFFLE_METHANOL60_TIMECOURSE,25,Tris-HCl 20 mM pH 8.2 with 60% methanol; soluble lysate challenged in 4 mL total volume,8.2,not_reported,one_shot,microplate pNPP hydrolysis assay at 415 nm using soluble lysates,p-nitrophenyl palmitate,same_paper_no_alcohol_control,yes,yes,Pseudomonas aeruginosa PSA01 LipA soluble lysate from E. coli SHuffle,6,EVID_LIT_002085;EVID_LIT_002086;EVID_LIT_002087;EVID_LIT_002088;EVID_LIT_002089;EVID_LIT_002090,60,0.167;0.333;0.5;0.667;0.833;1.0
WEBR1_PROTOCOL_0317,LMT_0186,literature,10.1007/s12010-009-8841-3,ASSAY_P1A_LU12_01_TABLE4_METHANOL50,30,lipase solution mixed 1:1 with organic solvent,not_reported,not_reported,one_shot,p-nitrophenyl palmitate hydrolysis monitored at 410 nm after organic-solvent incubation,p-nitrophenyl palmitate,same_paper_no_organic_solvent_control,yes,yes,Pseudomonas aeruginosa CS-2 purified extracellular lipase,2,EVID_LIT_002091;EVID_LIT_002092,50,3;9
WEBR1_PROTOCOL_0318,LMT_0187,literature,10.1039/c9ra04365a,ASSAY_P1A_LU12_05_FIG5_CALB_FREE_METHANOL10,not_reported,phosphate buffer containing 10% methanol,not_reported,not_reported,one_shot,rapeseed oil hydrolysis titration with KOH after methanol-buffer treatment,rapeseed oil emulsion with 3% PVA,same_paper_initial_activity,yes,yes,Candida antarctica lipase B free lipase,3,EVID_LIT_002104;EVID_LIT_002105;EVID_LIT_002106,10,10;30;50
WEBR1_PROTOCOL_0319,LMT_0188,literature,10.2306/scienceasia1513-1874.2011.37.105,ASSAY_P1A_LU13_01_SOLVENT_STABILITY_METHANOL50,37,50% v/v methanol in lipase solution,not_reported,not_reported,one_shot,p-nitrophenyl palmitate hydrolysis after solvent incubation,p-nitrophenyl palmitate,same_paper_no_solvent_control,yes,yes,Aeromonas sp. EBB-1 purified extracellular lipase,1,EVID_LIT_002109,50,6
WEBR1_PROTOCOL_0320,LMT_0189,literature,REF_P1A_LU13_02,ASSAY_P1A_LU13_02_TABLE3_METHANOL_SOLVENT_ACTIVITY,25,20 mM Tris-HCl pH 8.0 with organic solvent,not_reported,0.05 mg/ml,one_shot,p-nitrophenyl butyrate hydrolysis after organic-solvent incubation,p-nitrophenyl butyrate,same_paper_no_organic_solvent_control,yes,yes,Pseudomonas sp. strain B11-1 LipP recombinant purified lipase,2,EVID_LIT_002110;EVID_LIT_002111,15;30,1
WEBR1_PROTOCOL_0321,LMT_0191,literature,10.1186/s12896-015-0214-0,ASSAY_P1A_LU13_04_FIG6B_METHANOL_SOLVENT_TOLERANCE,65,50 mM Tris-HCl pH 8.0 with organic solvent,not_reported,not_reported,one_shot,p-nitrophenyl caprylate standard assay after solvent incubation,p-nitrophenyl caprylate,same_paper_no_additive_control,yes,yes,Pseudomonas moraviensis M9 LipM recombinant purified lipase,2,EVID_LIT_002113;EVID_LIT_002114,15;30,2
WEBR1_PROTOCOL_0322,LMT_0192,literature,10.1002/chem.202004471,ASSAY_P1A_PDB_COMPASSR_20260602_FIGS4D_M4,25,not_reported,not_reported,not_reported,one_shot,pNPB colorimetric lipase activity assay in organic-solvent resistance profile,p-nitrophenyl butyrate (pNPB),same_paper_no_organic_solvent_reference,not_reported,yes,Bacillus subtilis lipase A M4 (I12R/Y49R/E65H/N98R/K122E/L124K),6,EVID_LIT_002440;EVID_LIT_002465;EVID_LIT_002466;EVID_LIT_002467;EVID_LIT_002468;EVID_LIT_002469,10;20;30;40;50;60,2
WEBR1_PROTOCOL_0323,LMT_0193,literature,REF_P1A_LU14_02,ASSAY_P1A_LU14_02_FIG4_METHANOL25_TEMP_SERIES,30,25% v/v methanol in enzyme aliquot,not_reported,1 mg/ml,one_shot,olive oil hydrolysis assay after solvent preincubation,olive oil emulsion,same_paper_no_solvent_control,yes,yes,Bacillus sp. strain 42 Strep-tagged recombinant Lip 42,1,EVID_LIT_002127,25,0.5
WEBR1_PROTOCOL_0324,LMT_0193,literature,REF_P1A_LU14_02,ASSAY_P1A_LU14_02_FIG4_METHANOL25_TEMP_SERIES,40,25% v/v methanol in enzyme aliquot,not_reported,1 mg/ml,one_shot,olive oil hydrolysis assay after solvent preincubation,olive oil emulsion,same_paper_no_solvent_control,yes,yes,Bacillus sp. strain 42 Strep-tagged recombinant Lip 42,1,EVID_LIT_002128,25,0.5
WEBR1_PROTOCOL_0325,LMT_0193,literature,REF_P1A_LU14_02,ASSAY_P1A_LU14_02_FIG4_METHANOL25_TEMP_SERIES,50,25% v/v methanol in enzyme aliquot,not_reported,1 mg/ml,one_shot,olive oil hydrolysis assay after solvent preincubation,olive oil emulsion,same_paper_no_solvent_control,yes,yes,Bacillus sp. strain 42 Strep-tagged recombinant Lip 42,1,EVID_LIT_002129,25,0.5
WEBR1_PROTOCOL_0326,LMT_0193,literature,REF_P1A_LU14_02,ASSAY_P1A_LU14_02_FIG4_METHANOL25_TEMP_SERIES,60,25% v/v methanol in enzyme aliquot,not_reported,1 mg/ml,one_shot,olive oil hydrolysis assay after solvent preincubation,olive oil emulsion,same_paper_no_solvent_control,yes,yes,Bacillus sp. strain 42 Strep-tagged recombinant Lip 42,1,EVID_LIT_002130,25,0.5
WEBR1_PROTOCOL_0327,LMT_0194,literature,10.1007/s12010-025-05392-0,ASSAY_P1A_LU14_03_FIG5_FREE_LUCA_METHANOL25,40,25% v/v methanol in 50 mM glycine-NaOH buffer pH 10,10,not_reported,one_shot,p-nitrophenyl palmitate assay after organic-solvent preincubation,p-nitrophenyl palmitate,same_paper_no_solvent_control,yes,yes,free soluble LUCA lipase crude lysate,1,EVID_LIT_002131,25,0.5
WEBR1_PROTOCOL_0328,LMT_0195,literature,10.1016/j.biortech.2013.08.101,ASSAY_P1A_LU14_05_TABLE2_METHANOL_SOLVENT_STABILITY,30,50 mM Tris-HCl pH 8.0 with methanol,8.0,not_reported,one_shot,pNP-caprylate colorimetric hydrolysis after organic-solvent incubation,p-nitrophenyl caprylate,same_paper_no_solvent_control,yes,yes,Stenotrophomonas maltophilia CGMCC 4254 partially purified SML lipase,4,EVID_LIT_002135;EVID_LIT_002136;EVID_LIT_002137;EVID_LIT_002138,20;50,168;24
WEBR1_PROTOCOL_0329,LMT_0195,literature,10.1016/j.biortech.2013.08.101,ASSAY_P1A_LU14_05_TABLE2_METHANOL_SOLVENT_STABILITY,30,neat methanol incubation of lipase powder,8.0,not_reported,one_shot,pNP-caprylate colorimetric hydrolysis after organic-solvent incubation,p-nitrophenyl caprylate,same_paper_no_solvent_control,yes,yes,Stenotrophomonas maltophilia CGMCC 4254 partially purified SML lipase,2,EVID_LIT_002139;EVID_LIT_002140,100,168;24
WEBR1_PROTOCOL_0330,LMT_0195,literature,10.1016/j.jbiotec.2016.04.034,ASSAY_B82_EVID_LIT_002556,30,,,,preincubation,not_reported,,same-paper untreated/control reference or not separately reported,,yes,LipSM54 from Stenotrophomonas maltophilia GS11,1,EVID_LIT_002556,20,24
WEBR1_PROTOCOL_0331,LMT_0195,literature,10.1016/j.jbiotec.2016.04.034,ASSAY_B82_EVID_LIT_002557,30,,,,preincubation,not_reported,,same-paper untreated/control reference or not separately reported,,yes,LipSM54 from Stenotrophomonas maltophilia GS11,1,EVID_LIT_002557,50,24
WEBR1_PROTOCOL_0332,LMT_0195,literature,10.1016/j.jbiotec.2016.04.034,ASSAY_B82_EVID_LIT_002558,30,,,,preincubation,not_reported,,same-paper untreated/control reference or not separately reported,,yes,LipSM54 from Stenotrophomonas maltophilia GS11,1,EVID_LIT_002558,20,168
WEBR1_PROTOCOL_0333,LMT_0196,literature,10.1038/sj.jim.2900528,ASSAY_P1A_LU15_01_TABLE2_METHANOL50_STABILITY,30,0.01 M potassium phosphate buffer with 50% methanol and 0.05 mM DTT,7.0,not_reported,one_shot,"2,3-dimercaptopropan-1-ol tributyrate lipase assay after reagent incubation","2,3-dimercaptopropan-1-ol tributyrate",same_paper_non_treated_enzyme_solution,yes,yes,Pseudomonas aeruginosa KKA-5 purified extracellular lipase,1,EVID_LIT_002141,50,0.333
WEBR1_PROTOCOL_0334,LMT_0197,literature,10.1271/bbb.120733,ASSAY_P1A_LU15_02_FIG6A_METHANOL30W_SOLVENT_TOLERANCE,25,"100 mM Tris-Cl, 100 mM NaCl, 0.3% Triton X-100, pH 8.5 with 30% w/v methanol",8.5,not_reported,one_shot,p-nitrophenyl octanoate spectrophotometric hydrolysis at 400 nm,p-nitrophenyl octanoate,same_figure_time_matched_no_solvent_control,yes,yes,Pseudomonas mandelii JR-1 recombinant LipS,2,EVID_LIT_002142;EVID_LIT_002143,37.9,1;24
WEBR1_PROTOCOL_0335,LMT_0198,literature,10.3390/ijms16034865,ASSAY_P1A_LU15_05_TABLE1_METHANOL30_ACTIVITY,4,30% v/v methanol in enzyme solution,not_reported,not_reported,one_shot,colorimetric p-nitrophenyl ester hydrolysis assay after organic-solvent incubation,p-nitrophenyl caprylate,same_table_no_reagent_control,yes,yes,Malassezia globosa recombinant DAG-like lipase MgMDL2,1,EVID_LIT_002147,30,2
WEBR1_PROTOCOL_0336,LMT_0199,literature,REF_P1A_LU16_01,ASSAY_P1A_LU16_01_TABLE1_METHANOL_STABILITY,40,"50 mM glycine-NaOH buffer, pH 9.0, with indicated methanol concentration",9.0,not_reported,one_shot,p-nitrophenyl palmitate hydrolysis measured at 405 nm,p-nitrophenyl palmitate,same_table_no_additive_control,yes,yes,Pseudomonas synxantha PS1 recombinant LipPS1,2,EVID_LIT_002148;EVID_LIT_002149,15;25,1
WEBR1_PROTOCOL_0337,LMT_0200,literature,10.3390/ijms20102561,ASSAY_P1A_LU16_04_FIG6_METHANOL25_WITH_WITHOUT_CA,60,organic-solvent stability assay mixture with 25% v/v methanol; buffer not otherwise specified in section 4.8,not_reported,1 mg/ml,one_shot,modified Kwon and Rhee olive-oil emulsion assay with copper-pyridine readout at 715 nm,olive oil emulsion,same_figure_no_solvent_control_without_preincubation,yes,yes,Geobacillus zalihae T1 lipase wt-HT1,1,EVID_LIT_002154,25,0.5
WEBR1_PROTOCOL_0338,LMT_0201,literature,10.3390/ijms20102561,ASSAY_P1A_LU16_04_FIG6_METHANOL25_WITH_WITHOUT_CA,60,organic-solvent stability assay mixture with 25% v/v methanol; buffer not otherwise specified in section 4.8,not_reported,1 mg/ml,one_shot,modified Kwon and Rhee olive-oil emulsion assay with copper-pyridine readout at 715 nm,olive oil emulsion,same_figure_no_solvent_control_without_preincubation,yes,yes,Geobacillus zalihae T1 lipase wt-HT1 with 1 mM Ca2+,1,EVID_LIT_002155,25,0.5
WEBR1_PROTOCOL_0339,LMT_0202,literature,10.3390/ijms20102561,ASSAY_P1A_LU16_04_FIG6_METHANOL25_WITH_WITHOUT_CA,60,organic-solvent stability assay mixture with 25% v/v methanol; buffer not otherwise specified in section 4.8,not_reported,1 mg/ml,one_shot,modified Kwon and Rhee olive-oil emulsion assay with copper-pyridine readout at 715 nm,olive oil emulsion,same_figure_no_solvent_control_without_preincubation,yes,yes,Geobacillus zalihae T1 lipase 5M mutant D43E/T118N/E226D/E250L/N304E,1,EVID_LIT_002156,25,0.5
WEBR1_PROTOCOL_0340,LMT_0203,literature,10.3390/ijms20102561,ASSAY_P1A_LU16_04_FIG6_METHANOL25_WITH_WITHOUT_CA,60,organic-solvent stability assay mixture with 25% v/v methanol; buffer not otherwise specified in section 4.8,not_reported,1 mg/ml,one_shot,modified Kwon and Rhee olive-oil emulsion assay with copper-pyridine readout at 715 nm,olive oil emulsion,same_figure_no_solvent_control_without_preincubation,yes,yes,Geobacillus zalihae T1 lipase 5M mutant with 1 mM Ca2+,1,EVID_LIT_002157,25,0.5
WEBR1_PROTOCOL_0341,LMT_0204,literature,10.22302/iribb.jur.mp.v93i2.633,ASSAY_P1A_LU16_05_TABLE1_METHANOL10_STABILITY,30,organic-solvent stability assay at pH 7.0 with 10% methanol,7.0,not_reported,one_shot,olive-oil emulsion lipase assay; fatty acid release quantified by titration,olive oil,same_table_no_solvent_control,yes,yes,Corynebacterium nuruki PM2 LipCN crude lipase,1,EVID_LIT_002158,10,0.5
WEBR1_PROTOCOL_0342,LMT_0205,literature,10.14393/bj-v38n0a2022-53865,ASSAY_P1A_LU17_01_ACTIVITY_IN_PRESENCE_MEOH,50,standard pNPD assay mixture with 50 uL methanol added to approximately 1.0 mL assay mixture,8.0,not_reported,one_shot,p-nitrophenyl dodecanoate hydrolysis measured at 410 nm,p-nitrophenyl dodecanoate,same_paper_standard_conditions_control,yes,yes,Halolamina sp. extracellular crude lipase,1,EVID_LIT_002159,4.8,0.5
WEBR1_PROTOCOL_0343,LMT_0206,literature,REF_P1A_LU17_02,ASSAY_P1A_LU17_02_TABLE2_METHANOL_STABILITY,37,organic solvent stability mixture; control incubated in 50 mM phosphate buffer pH 8.0,8.0,not_reported,one_shot,p-nitrophenyl palmitate colorimetric hydrolysis assay,p-nitrophenyl palmitate,same_table_buffer_control,yes,yes,Candida cylindracea ATCC 14830 PKC-lipase crude filtrate,3,EVID_LIT_002160;EVID_LIT_002161;EVID_LIT_002162,25;50;75,1
WEBR1_PROTOCOL_0344,LMT_0207,literature,10.5897/ajmr2015.7493,ASSAY_P1A_LU17_03_TABLE1_METHANOL_STABILITY,37,crude enzyme preparation with indicated methanol concentration,not_reported,not_reported,one_shot,p-nitrophenyl palmitate spectrophotometric hydrolysis assay at 410 nm,p-nitrophenyl palmitate,same_table_no_solvent_control,yes,yes,Colletotrichum gloeosporioides crude extracellular lipase,3,EVID_LIT_002163;EVID_LIT_002164;EVID_LIT_002165,30;50;6,1
WEBR1_PROTOCOL_0345,LMT_0210,literature,10.1186/s43141-021-00155-w,ASSAY_P1A_LU18_03_FIG4_METHANOL_PREINCUBATION,40,enzyme preincubated with methanol at 1:1 v/v ratio,not_reported,not_reported,one_shot,alkali titration assay of olive oil hydrolysis,olive oil emulsion,same_figure_no_solvent_control,yes,yes,LipEMP48-D acidic lipase expressed in Pichia pastoris,1,EVID_LIT_002191,50,0.25
WEBR1_PROTOCOL_0346,LMT_0211,literature,10.1186/s40643-017-0154-8,ASSAY_P1A_LU18_04_FIG4B_FREE_CALB_METHANOL,boiling_methanol,boiling methanol,not_reported,not_reported,one_shot,p-nitrophenyl butyrate hydrolysis measured at 400 nm,p-nitrophenyl butyrate,same_figure_untreated_control,yes,yes,free Candida antarctica lipase B,1,EVID_LIT_002194,100,1
WEBR1_PROTOCOL_0347,LMT_0212,literature,10.1007/s12010-010-8928-x,ASSAY_S3_L84_B_LMT_0212_50_12_024,37,not_reported,not_reported,not_reported,preincubated_enzyme,remaining lipase activity,not_reported,absence of solvent (0% v/v) = 100%,not_reported,not_reported,Acinetobacter baylyi free/suspended lipase,1,EVID_LIT_000066,50,12
WEBR1_PROTOCOL_0348,LMT_0212,literature,10.2306/scienceasia1513-1874.2014.40.327,ASSAY_P1A_LU19_03_FIG1_FREE_METHANOL,37,50% v/v methanol organic-solvent mixture,not_reported,not_reported,one_shot,p-NPP hydrolysis at 37 C and pH 8.0,p-nitrophenyl palmitate,same_paper_no_solvent_control,yes,yes,Acinetobacter baylyi lipase suspended/free enzyme,1,EVID_LIT_002200,50,12
WEBR1_PROTOCOL_0349,LMT_0216,literature,10.1155/2014/108913,ASSAY_P1A_LU20_05_TABLE5_MEOH_25,30,water-mixed methanol organic-solvent condition,not_reported,not_reported,one_shot,p-NPP spectrophotometric hydrolysis assay at 37 C,p-nitrophenyl palmitate,same_paper_no_solvent_control,yes,yes,Aspergillus japonicus LAB01 partially purified extracellular lipase,1,EVID_LIT_002216,25,1.5
WEBR1_PROTOCOL_0350,LMT_0216,literature,10.1155/2014/108913,ASSAY_P1A_LU20_05_TABLE5_MEOH_50,30,water-mixed methanol organic-solvent condition,not_reported,not_reported,one_shot,p-NPP spectrophotometric hydrolysis assay at 37 C,p-nitrophenyl palmitate,same_paper_no_solvent_control,yes,yes,Aspergillus japonicus LAB01 partially purified extracellular lipase,1,EVID_LIT_002217,50,1.5
WEBR1_PROTOCOL_0351,LMT_0216,literature,10.1155/2014/108913,ASSAY_P1A_LU20_05_TABLE5_MEOH_75,30,water-mixed methanol organic-solvent condition,not_reported,not_reported,one_shot,p-NPP spectrophotometric hydrolysis assay at 37 C,p-nitrophenyl palmitate,same_paper_no_solvent_control,yes,yes,Aspergillus japonicus LAB01 partially purified extracellular lipase,1,EVID_LIT_002218,75,1.5
WEBR1_PROTOCOL_0352,LMT_0217,literature,10.1016/j.procbio.2008.01.023,ASSAY_P1A_LU21_02_TABLE4_MEOH_10,30,10% v/v methanol challenge; purified enzyme solution mixed with 10% v/v methanol,7.5,not_reported,one_shot,p-nitrophenyl butyrate hydrolysis monitored at 405 nm,p-nitrophenyl butyrate,same_paper_KPB_no_solvent_control,yes,yes,Serratia marcescens ECU1010 purified extracellular lipase,1,EVID_LIT_002220,10,24
WEBR1_PROTOCOL_0353,LMT_0217,literature,10.1016/j.procbio.2008.01.023,ASSAY_P1A_LU21_02_TABLE4_MEOH_100,30,100% v/v methanol challenge; purified enzyme powder suspended in neat methanol,7.5,not_reported,one_shot,p-nitrophenyl butyrate hydrolysis monitored at 405 nm,p-nitrophenyl butyrate,same_paper_KPB_no_solvent_control,yes,yes,Serratia marcescens ECU1010 purified extracellular lipase,1,EVID_LIT_002222,100,24
WEBR1_PROTOCOL_0354,LMT_0217,literature,10.1016/j.procbio.2008.01.023,ASSAY_P1A_LU21_02_TABLE4_MEOH_50,30,50% v/v methanol challenge; purified enzyme solution mixed with 50% v/v methanol,7.5,not_reported,one_shot,p-nitrophenyl butyrate hydrolysis monitored at 405 nm,p-nitrophenyl butyrate,same_paper_KPB_no_solvent_control,yes,yes,Serratia marcescens ECU1010 purified extracellular lipase,1,EVID_LIT_002221,50,24
WEBR1_PROTOCOL_0355,LMT_0218,literature,10.1007/s10930-010-9251-7,ASSAY_P1A_LU22_03_FIG1_METHANOL_SERIES,40,15% v/v methanol solvent dilution,8.0,0.05 mg/ml,one_shot,Kwon and Rhee lipase assay after solvent preincubation; exact substrate not restated in current PDF,not_reported,same_paper_no_solvent_control,yes,yes,Bacillus sp. strain 42 recombinant Lip 42,1,EVID_LIT_002228,15,0.5
WEBR1_PROTOCOL_0356,LMT_0218,literature,10.1007/s10930-010-9251-7,ASSAY_P1A_LU22_03_FIG1_METHANOL_SERIES,40,30% v/v methanol solvent dilution,8.0,0.05 mg/ml,one_shot,Kwon and Rhee lipase assay after solvent preincubation; exact substrate not restated in current PDF,not_reported,same_paper_no_solvent_control,yes,yes,Bacillus sp. strain 42 recombinant Lip 42,1,EVID_LIT_002229,30,0.5
WEBR1_PROTOCOL_0357,LMT_0218,literature,10.1007/s10930-010-9251-7,ASSAY_P1A_LU22_03_FIG1_METHANOL_SERIES,40,45% v/v methanol solvent dilution,8.0,0.05 mg/ml,one_shot,Kwon and Rhee lipase assay after solvent preincubation; exact substrate not restated in current PDF,not_reported,same_paper_no_solvent_control,yes,yes,Bacillus sp. strain 42 recombinant Lip 42,1,EVID_LIT_002230,45,0.5
WEBR1_PROTOCOL_0358,LMT_0218,literature,10.1007/s10930-010-9251-7,ASSAY_P1A_LU22_03_FIG1_METHANOL_SERIES,40,60% v/v methanol solvent dilution,8.0,0.05 mg/ml,one_shot,Kwon and Rhee lipase assay after solvent preincubation; exact substrate not restated in current PDF,not_reported,same_paper_no_solvent_control,yes,yes,Bacillus sp. strain 42 recombinant Lip 42,1,EVID_LIT_002231,60,0.5
WEBR1_PROTOCOL_0359,LMT_0218,literature,10.1007/s10930-010-9251-7,ASSAY_P1A_LU22_03_FIG1_METHANOL_SERIES,40,75% v/v methanol solvent dilution,8.0,0.05 mg/ml,one_shot,Kwon and Rhee lipase assay after solvent preincubation; exact substrate not restated in current PDF,not_reported,same_paper_no_solvent_control,yes,yes,Bacillus sp. strain 42 recombinant Lip 42,1,EVID_LIT_002232,75,0.5
WEBR1_PROTOCOL_0360,LMT_0218,literature,10.1007/s10930-010-9251-7,ASSAY_P1A_LU22_03_FIG1_METHANOL_SERIES,40,90% v/v methanol solvent dilution,8.0,0.05 mg/ml,one_shot,Kwon and Rhee lipase assay after solvent preincubation; exact substrate not restated in current PDF,not_reported,same_paper_no_solvent_control,yes,yes,Bacillus sp. strain 42 recombinant Lip 42,1,EVID_LIT_002233,90,0.5
WEBR1_PROTOCOL_0361,LMT_0219,literature,10.1007/s12010-013-0690-4,ASSAY_P1A_LU22_05_TABLE1_METHANOL_STABILITY,30,10% v/v methanol in aqueous enzyme reaction mixture,8.0,not_reported,one_shot,p-nitrophenyl butyrate hydrolysis monitored at 405 nm,p-nitrophenyl butyrate,same_paper_KPB_no_solvent_control,yes,yes,Serratia marcescens ECU1010 lipB wild type,1,EVID_LIT_002235,10,24
WEBR1_PROTOCOL_0362,LMT_0219,literature,10.1007/s12010-013-0690-4,ASSAY_P1A_LU22_05_TABLE1_METHANOL_STABILITY,30,50% v/v methanol in aqueous enzyme reaction mixture,8.0,not_reported,one_shot,p-nitrophenyl butyrate hydrolysis monitored at 405 nm,p-nitrophenyl butyrate,same_paper_KPB_no_solvent_control,yes,yes,Serratia marcescens ECU1010 lipB wild type,1,EVID_LIT_002236,50,24
WEBR1_PROTOCOL_0363,LMT_0219,literature,10.1007/s12010-013-0690-4,ASSAY_P1A_LU22_05_TABLE1_METHANOL_STABILITY,30,neat methanol with lyophilized enzyme powder,not_reported,not_reported,one_shot,p-nitrophenyl butyrate hydrolysis monitored at 405 nm,p-nitrophenyl butyrate,same_paper_KPB_no_solvent_control,yes,yes,Serratia marcescens ECU1010 lipB wild type,1,EVID_LIT_002237,99,24
WEBR1_PROTOCOL_0364,LMT_0220,literature,10.1007/s12010-013-0690-4,ASSAY_P1A_LU22_05_TABLE1_METHANOL_STABILITY,30,10% v/v methanol in aqueous enzyme reaction mixture,8.0,not_reported,one_shot,p-nitrophenyl butyrate hydrolysis monitored at 405 nm,p-nitrophenyl butyrate,same_paper_KPB_no_solvent_control,yes,yes,Serratia marcescens ECU1010 lipB G33D,1,EVID_LIT_002238,10,24
WEBR1_PROTOCOL_0365,LMT_0220,literature,10.1007/s12010-013-0690-4,ASSAY_P1A_LU22_05_TABLE1_METHANOL_STABILITY,30,50% v/v methanol in aqueous enzyme reaction mixture,8.0,not_reported,one_shot,p-nitrophenyl butyrate hydrolysis monitored at 405 nm,p-nitrophenyl butyrate,same_paper_KPB_no_solvent_control,yes,yes,Serratia marcescens ECU1010 lipB G33D,1,EVID_LIT_002239,50,24
WEBR1_PROTOCOL_0366,LMT_0220,literature,10.1007/s12010-013-0690-4,ASSAY_P1A_LU22_05_TABLE1_METHANOL_STABILITY,30,neat methanol with lyophilized enzyme powder,not_reported,not_reported,one_shot,p-nitrophenyl butyrate hydrolysis monitored at 405 nm,p-nitrophenyl butyrate,same_paper_KPB_no_solvent_control,yes,yes,Serratia marcescens ECU1010 lipB G33D,1,EVID_LIT_002240,99,24
WEBR1_PROTOCOL_0367,LMT_0221,literature,10.1007/s12010-013-0690-4,ASSAY_P1A_LU22_05_TABLE1_METHANOL_STABILITY,30,10% v/v methanol in aqueous enzyme reaction mixture,8.0,not_reported,one_shot,p-nitrophenyl butyrate hydrolysis monitored at 405 nm,p-nitrophenyl butyrate,same_paper_KPB_no_solvent_control,yes,yes,Serratia marcescens ECU1010 lipB A187V,1,EVID_LIT_002241,10,24
WEBR1_PROTOCOL_0368,LMT_0221,literature,10.1007/s12010-013-0690-4,ASSAY_P1A_LU22_05_TABLE1_METHANOL_STABILITY,30,50% v/v methanol in aqueous enzyme reaction mixture,8.0,not_reported,one_shot,p-nitrophenyl butyrate hydrolysis monitored at 405 nm,p-nitrophenyl butyrate,same_paper_KPB_no_solvent_control,yes,yes,Serratia marcescens ECU1010 lipB A187V,1,EVID_LIT_002242,50,24
WEBR1_PROTOCOL_0369,LMT_0221,literature,10.1007/s12010-013-0690-4,ASSAY_P1A_LU22_05_TABLE1_METHANOL_STABILITY,30,neat methanol with lyophilized enzyme powder,not_reported,not_reported,one_shot,p-nitrophenyl butyrate hydrolysis monitored at 405 nm,p-nitrophenyl butyrate,same_paper_KPB_no_solvent_control,yes,yes,Serratia marcescens ECU1010 lipB A187V,1,EVID_LIT_002243,99,24
WEBR1_PROTOCOL_0370,LMT_0222,literature,10.1007/s12010-013-0690-4,ASSAY_P1A_LU22_05_TABLE1_METHANOL_STABILITY,30,10% v/v methanol in aqueous enzyme reaction mixture,8.0,not_reported,one_shot,p-nitrophenyl butyrate hydrolysis monitored at 405 nm,p-nitrophenyl butyrate,same_paper_KPB_no_solvent_control,yes,yes,Serratia marcescens ECU1010 lipB T270A,1,EVID_LIT_002244,10,24
WEBR1_PROTOCOL_0371,LMT_0222,literature,10.1007/s12010-013-0690-4,ASSAY_P1A_LU22_05_TABLE1_METHANOL_STABILITY,30,50% v/v methanol in aqueous enzyme reaction mixture,8.0,not_reported,one_shot,p-nitrophenyl butyrate hydrolysis monitored at 405 nm,p-nitrophenyl butyrate,same_paper_KPB_no_solvent_control,yes,yes,Serratia marcescens ECU1010 lipB T270A,1,EVID_LIT_002245,50,24
WEBR1_PROTOCOL_0372,LMT_0222,literature,10.1007/s12010-013-0690-4,ASSAY_P1A_LU22_05_TABLE1_METHANOL_STABILITY,30,neat methanol with lyophilized enzyme powder,not_reported,not_reported,one_shot,p-nitrophenyl butyrate hydrolysis monitored at 405 nm,p-nitrophenyl butyrate,same_paper_KPB_no_solvent_control,yes,yes,Serratia marcescens ECU1010 lipB T270A,1,EVID_LIT_002246,99,24
WEBR1_PROTOCOL_0373,LMT_0223,literature,10.48048/tis.2026.13231,ASSAY_P1A_LU23_04_FIG5D_METHANOL_STABILITY,30,50 mM Tris-HCl buffer pH 8.0 with 10% v/v methanol,8.0,not_reported,one_shot,pNPP hydrolysis measured at 410 nm after solvent preincubation,p-nitrophenyl palmitate,same_paper_no_solvent_control,yes,yes,Saprochaete clavata 17B concentrated extracellular lipase,1,EVID_LIT_002250,10,3
WEBR1_PROTOCOL_0374,LMT_0223,literature,10.48048/tis.2026.13231,ASSAY_P1A_LU23_04_FIG5D_METHANOL_STABILITY,30,50 mM Tris-HCl buffer pH 8.0 with 30% v/v methanol,8.0,not_reported,one_shot,pNPP hydrolysis measured at 410 nm after solvent preincubation,p-nitrophenyl palmitate,same_paper_no_solvent_control,yes,yes,Saprochaete clavata 17B concentrated extracellular lipase,1,EVID_LIT_002251,30,3
WEBR1_PROTOCOL_0375,LMT_0223,literature,10.48048/tis.2026.13231,ASSAY_P1A_LU23_04_FIG5D_METHANOL_STABILITY,30,50 mM Tris-HCl buffer pH 8.0 with 60% v/v methanol,8.0,not_reported,one_shot,pNPP hydrolysis measured at 410 nm after solvent preincubation,p-nitrophenyl palmitate,same_paper_no_solvent_control,yes,yes,Saprochaete clavata 17B concentrated extracellular lipase,1,EVID_LIT_002252,60,3
WEBR1_PROTOCOL_0376,LMT_0224,literature,10.1155/2014/289749,ASSAY_P1A_LU24_01_TABLE2_METHANOL_STABILITY,30,50% v/v methanol organic-solvent challenge,not_reported,not_reported,one_shot,p-nitrophenyl palmitate residual activity assay after organic-solvent preincubation,p-nitrophenyl palmitate,same_paper_no_solvent_control,yes,yes,Streptomyces bambergiensis OC 25-4 LipSB 25-4,1,EVID_LIT_002265,50,1
WEBR1_PROTOCOL_0377,LMT_0225,literature,10.4014/jmb.1106.06048,ASSAY_P1A_LU24_04_FIG4A_SOLUBLE_M37_METHANOL,30,10% v/v methanol solvent challenge,not_reported,not_reported,one_shot,p-nitrophenyl caprylate residual activity assay after solvent incubation,p-nitrophenyl caprylate,same_paper_no_solvent_control,yes,yes,Photobacterium lipolyticum M37 soluble recombinant lipase,1,EVID_LIT_002268,10,0.5
WEBR1_PROTOCOL_0378,LMT_0225,literature,10.4014/jmb.1106.06048,ASSAY_P1A_LU24_04_FIG4A_SOLUBLE_M37_METHANOL,30,20% v/v methanol solvent challenge,not_reported,not_reported,one_shot,p-nitrophenyl caprylate residual activity assay after solvent incubation,p-nitrophenyl caprylate,same_paper_no_solvent_control,yes,yes,Photobacterium lipolyticum M37 soluble recombinant lipase,1,EVID_LIT_002269,20,0.5
WEBR1_PROTOCOL_0379,LMT_0225,literature,10.4014/jmb.1106.06048,ASSAY_P1A_LU24_04_FIG4A_SOLUBLE_M37_METHANOL,30,30% v/v methanol solvent challenge,not_reported,not_reported,one_shot,p-nitrophenyl caprylate residual activity assay after solvent incubation,p-nitrophenyl caprylate,same_paper_no_solvent_control,yes,yes,Photobacterium lipolyticum M37 soluble recombinant lipase,1,EVID_LIT_002270,30,0.5
WEBR1_PROTOCOL_0380,LMT_0225,literature,10.4014/jmb.1106.06048,ASSAY_P1A_LU24_04_FIG4A_SOLUBLE_M37_METHANOL,30,40% v/v methanol solvent challenge,not_reported,not_reported,one_shot,p-nitrophenyl caprylate residual activity assay after solvent incubation,p-nitrophenyl caprylate,same_paper_no_solvent_control,yes,yes,Photobacterium lipolyticum M37 soluble recombinant lipase,1,EVID_LIT_002271,40,0.5
WEBR1_PROTOCOL_0381,LMT_0225,literature,10.4014/jmb.1106.06048,ASSAY_P1A_LU24_04_FIG4A_SOLUBLE_M37_METHANOL,30,50% v/v methanol solvent challenge,not_reported,not_reported,one_shot,p-nitrophenyl caprylate residual activity assay after solvent incubation,p-nitrophenyl caprylate,same_paper_no_solvent_control,yes,yes,Photobacterium lipolyticum M37 soluble recombinant lipase,1,EVID_LIT_002272,50,0.5
WEBR1_PROTOCOL_0382,LMT_0225,literature,10.4014/jmb.1106.06048,ASSAY_P1A_LU24_04_FIG4A_SOLUBLE_M37_METHANOL,30,60% v/v methanol solvent challenge,not_reported,not_reported,one_shot,p-nitrophenyl caprylate residual activity assay after solvent incubation,p-nitrophenyl caprylate,same_paper_no_solvent_control,yes,yes,Photobacterium lipolyticum M37 soluble recombinant lipase,1,EVID_LIT_002273,60,0.5
WEBR1_PROTOCOL_0383,LMT_0226,literature,10.3390/molecules30030434,ASSAY_P1A_LU24_05_FIG5_FREE_PCRL_METHANOL,37,25% v/v methanol organic-solvent challenge,not_reported,not_reported,one_shot,pH-STAT TC8 residual activity assay after solvent incubation,tributyrin/TC8 emulsion,same_paper_no_solvent_control,yes,yes,Penicillium crustosum Thom P22 free PCrL,1,EVID_LIT_002281,25,24
WEBR1_PROTOCOL_0384,LMT_0227,literature,10.11144/javeriana.sc22-1.rsmr,ASSAY_P1A_LU26_01_505_LIP_FIG5_15MEOH_TIME,23,protein incubated with methanol in solvent-additive/stability assay; exact preincubation buffer not separately reported,not_reported,not_reported,one_shot,pNP-decanoate hydrolysis residual activity assay after solvent exposure,p-nitrophenyl decanoate (pNP-C10),same_table_or_same_figure_no_solvent_control,yes,yes,Acidocella facilis USBA-GBX-505 partially purified intracellular lipase 505 LIP,6,EVID_LIT_002291;EVID_LIT_002292;EVID_LIT_002293;EVID_LIT_002294;EVID_LIT_002295;EVID_LIT_002296,15,12;144;192;24;6;96
WEBR1_PROTOCOL_0385,LMT_0227,literature,10.11144/javeriana.sc22-1.rsmr,ASSAY_P1A_LU26_01_505_LIP_TABLE5_SOLVENT_1H,23,protein incubated with methanol in solvent-additive/stability assay; exact preincubation buffer not separately reported,not_reported,not_reported,one_shot,pNP-decanoate hydrolysis residual activity assay after solvent exposure,p-nitrophenyl decanoate (pNP-C10),same_table_or_same_figure_no_solvent_control,yes,yes,Acidocella facilis USBA-GBX-505 partially purified intracellular lipase 505 LIP,2,EVID_LIT_002289;EVID_LIT_002290,15;30,1
WEBR1_PROTOCOL_0386,LMT_0228,literature,10.2991/bbe-16.2016.33,ASSAY_P1A_LU26_02_CTROPICALIS_SD7_MEOH_30MIN,30,1 mL crude lipase mixed with 0.25 mL methanol; final solvent fraction interpreted as 20% v/v,not_reported,not_reported,one_shot,pNPP hydrolysis residual activity assay after organic solvent incubation,p-nitrophenyl palmitate (p-NPP),same-paper no-organic-solvent control set to 100%,yes,yes,Candida tropicalis SD7 crude extracellular lipase,1,EVID_LIT_002297,20,0.5
WEBR1_PROTOCOL_0387,LMT_0229,literature,10.3390/ijms11093195,ASSAY_P1A_LU26_04_AT2_RECOMBINANT_MEOH_30MIN,37,crude cell lysate mixed with 25% v/v methanol by 3:1 enzyme:solvent ratio,not_reported,not_reported,one_shot,Kwon and Rhee olive-oil free-fatty-acid colorimetric residual activity assay after solvent preincubation,olive oil emulsion,same_table_no_solvent_control,yes,yes,Staphylococcus epidermidis AT2 recombinant mature lipase,1,EVID_LIT_002302,25,0.5
WEBR1_PROTOCOL_0388,LMT_0230,literature,10.1007/s13197-020-04784-w,ASSAY_P1A_LU26_05_SPRATENSIS_MV1_MEOH_1H,25,enzyme aliquots mixed with methanol at indicated v/v concentration,not_reported,not_reported,one_shot,pNPP hydrolysis residual activity assay after organic solvent incubation,p-nitrophenyl palmitate (p-NPP),same_table_no_solvent_control,yes,yes,Streptomyces pratensis MV1 purified solvent-tolerant lipase,3,EVID_LIT_002303;EVID_LIT_002304;EVID_LIT_002305,25;50;80,1
WEBR1_PROTOCOL_0389,LMT_0231,literature,10.1021/jf060835e,ASSAY_P1A_LU28_05_CR_LIP3_MEOH_1H,40,0.1 M Tris-HCl,8.0,not_reported,one_shot,p-nitrophenyl butyrate residual activity assay after water-miscible solvent incubation,p-nitrophenyl butyrate,same_figure_no_solvent_control,yes,yes,Candida rugosa recombinant LIP3 lipase,1,EVID_LIT_002320,30,1
WEBR1_PROTOCOL_0390,LMT_0232,literature,10.1093/femsec/fiw046,ASSAY_P1A_LU31_05_PMGL2_MEOH_STABILITY_TABLE4,5,50 mM CHES,8.5,not_reported,one_shot,pNP-butyrate esterase assay after organic-solvent preincubation,p-nitrophenyl butyrate,same_paper,yes,yes,PMGL2 purified recombinant esterase,2,EVID_LIT_002335;EVID_LIT_002336,10;30,0.5
WEBR1_PROTOCOL_0391,LMT_0233,literature,10.1186/s13765-021-00653-y,ASSAY_P1A_LU32_02_EST15L_FIG7A_MEOH_ACTIVITY_IN_PRESENCE,25,50 mM Tris-HCl with methanol present in assay mixture,8.0,not_reported,one_shot,pNP-butyrate esterase assay in the presence of methanol,p-nitrophenyl butyrate,same_figure_no_effector_control,yes,yes,Est15L family IV esterase,2,EVID_LIT_002338;EVID_LIT_002339,30;5,0.0333
WEBR1_PROTOCOL_0392,LMT_0234,literature,10.1128/AEM.02072-14,ASSAY_P1A_LU32_04_ESTS1_TABLE4_MEOH_STABILITY,37,100 mM Tris-HCl,8.0,0.002 mg/ml,one_shot,pNP-butyrate residual activity assay after organic-solvent preincubation,p-nitrophenyl butyrate,same_table_none_control,yes,yes,EstS1 thermostable esterase,4,EVID_LIT_002341;EVID_LIT_002342;EVID_LIT_002343;EVID_LIT_002344,10;30;50;90,0.5
WEBR1_PROTOCOL_0393,LMT_0235,literature,10.1016/j.ijbiomac.2018.07.169,ASSAY_P1A_LU32_05_ESTN7_TABLE3_MEOH_STABILITY,20,not_reported,not_reported,not_reported,one_shot,pNPA residual activity assay after organic-solvent preincubation,p-nitrophenyl acetate,same_table_no_solvent_control,yes,yes,EstN7 cold-active family IV esterase,1,EVID_LIT_002345,30,3
WEBR1_PROTOCOL_0394,LMT_0236,literature,10.1007/s00894-020-04396-3,ASSAY_P1A_LU33_01_BTL2_FIG8A_MEOH_ACTIVITY,25,not_reported,not_reported,600 nM,one_shot,4-methylumbelliferyl butyrate fluorometric residual activity assay after solvent preincubation,4-methylumbelliferyl butyrate,same_figure_no_solvent_control,yes,yes,BTL2 thermoalkalophilic lipase,9,EVID_LIT_002346;EVID_LIT_002347;EVID_LIT_002348;EVID_LIT_002349;EVID_LIT_002350;EVID_LIT_002351;EVID_LIT_002352;EVID_LIT_002353;EVID_LIT_002354,10;20;30;40;50;60;70;80;90,0.5
WEBR1_PROTOCOL_0395,LMT_0236,patent,WO2023282853A2,PAT_ASSAY_WO2023282853_T2C_RESORUFIN_MEOH_TOLERANCE,25,20 mM Tris pH 8 containing matched 0-40% methanol,8,not_reported,one_shot,resorufin lipase substrate fluorescence assay after 1 h methanol preincubation,resorufin lipase substrate,same_table_0pct_normalized_baseline,yes,yes,T1.2-like lipase SEQ ID NO:89,5,EVID_PAT_000196;EVID_PAT_000197;EVID_PAT_000198;EVID_PAT_000199;EVID_PAT_000200,0;10;20;30;40,1
WEBR1_PROTOCOL_0396,LMT_0237,literature,10.1002/chem.202004471,ASSAY_P1A_PDB_COMPASSR_20260602_FIGS4D_WT,25,not_reported,not_reported,not_reported,one_shot,pNPB colorimetric lipase activity assay in organic-solvent resistance profile,p-nitrophenyl butyrate (pNPB),same_paper_no_organic_solvent_reference,not_reported,yes,Bacillus subtilis lipase A WT,6,EVID_LIT_002441;EVID_LIT_002442;EVID_LIT_002443;EVID_LIT_002444;EVID_LIT_002445;EVID_LIT_002446,10;20;30;40;50;60,2
WEBR1_PROTOCOL_0397,LMT_0238,literature,10.1002/chem.202004471,ASSAY_P1A_PDB_COMPASSR_20260602_FIGS4D_M1,25,not_reported,not_reported,not_reported,one_shot,pNPB colorimetric lipase activity assay in organic-solvent resistance profile,p-nitrophenyl butyrate (pNPB),same_paper_no_organic_solvent_reference,not_reported,yes,Bacillus subtilis lipase A M1 (K122E/L124K),6,EVID_LIT_002447;EVID_LIT_002448;EVID_LIT_002449;EVID_LIT_002450;EVID_LIT_002451;EVID_LIT_002452,10;20;30;40;50;60,2
WEBR1_PROTOCOL_0398,LMT_0239,literature,10.1002/chem.202004471,ASSAY_P1A_PDB_COMPASSR_20260602_FIGS4D_M2,25,not_reported,not_reported,not_reported,one_shot,pNPB colorimetric lipase activity assay in organic-solvent resistance profile,p-nitrophenyl butyrate (pNPB),same_paper_no_organic_solvent_reference,not_reported,yes,Bacillus subtilis lipase A M2 (Y49R/E65H/N98R/K122E/L124K),6,EVID_LIT_002453;EVID_LIT_002454;EVID_LIT_002455;EVID_LIT_002456;EVID_LIT_002457;EVID_LIT_002458,10;20;30;40;50;60,2
WEBR1_PROTOCOL_0399,LMT_0240,literature,10.1002/chem.202004471,ASSAY_P1A_PDB_COMPASSR_20260602_FIGS4D_M3,25,not_reported,not_reported,not_reported,one_shot,pNPB colorimetric lipase activity assay in organic-solvent resistance profile,p-nitrophenyl butyrate (pNPB),same_paper_no_organic_solvent_reference,not_reported,yes,Bacillus subtilis lipase A M3 (I12R/Y49R/E65H/N98R/K122E/L124K/M137K),6,EVID_LIT_002459;EVID_LIT_002460;EVID_LIT_002461;EVID_LIT_002462;EVID_LIT_002463;EVID_LIT_002464,10;20;30;40;50;60,2
WEBR1_PROTOCOL_0400,LMT_0241,literature,10.1007/s43393-023-00179-y,ASSAY_P1A_B06_01_005,37,"20 mM PB, 100 mM NaCl, pH 8.0",8.0,0.1 mg/ml,one_shot,pNPL hydrolysis assay at A410 within 2 min,p-nitrophenyl palmitate,same_paper,yes,yes,Proteus mirabilis lipase GMS mutant,1,EVID_LIT_000338,50,2
WEBR1_PROTOCOL_0401,LMT_0241,literature,10.1007/s43393-023-00179-y,ASSAY_P1A_B06_01_006,37,"20 mM PB, 100 mM NaCl, pH 8.0",8.0,0.1 mg/ml,one_shot,pNPL hydrolysis assay at A410 within 2 min,p-nitrophenyl palmitate,same_paper,yes,yes,Proteus mirabilis lipase GMS mutant,1,EVID_LIT_000337,50,0.25
WEBR1_PROTOCOL_0402,LMT_0242,literature,10.1007/s43393-023-00179-y,ASSAY_P1A_B06_01_005,37,"20 mM PB, 100 mM NaCl, pH 8.0",8.0,0.1 mg/ml,one_shot,pNPL hydrolysis assay at A410 within 2 min,p-nitrophenyl palmitate,same_paper,yes,yes,Proteus mirabilis lipase CMS mutant,1,EVID_LIT_000340,50,2
WEBR1_PROTOCOL_0403,LMT_0242,literature,10.1007/s43393-023-00179-y,ASSAY_P1A_B06_01_006,37,"20 mM PB, 100 mM NaCl, pH 8.0",8.0,0.1 mg/ml,one_shot,pNPL hydrolysis assay at A410 within 2 min,p-nitrophenyl palmitate,same_paper,yes,yes,Proteus mirabilis lipase CMS mutant,1,EVID_LIT_000339,50,0.25
WEBR1_PROTOCOL_0404,LMT_0243,literature,10.1007/s43393-023-00179-y,ASSAY_P1A_B06_01_005,37,"20 mM PB, 100 mM NaCl, pH 8.0",8.0,0.1 mg/ml,one_shot,pNPL hydrolysis assay at A410 within 2 min,p-nitrophenyl palmitate,same_paper,yes,yes,Proteus mirabilis lipase GQS mutant,1,EVID_LIT_000342,50,2
WEBR1_PROTOCOL_0405,LMT_0243,literature,10.1007/s43393-023-00179-y,ASSAY_P1A_B06_01_006,37,"20 mM PB, 100 mM NaCl, pH 8.0",8.0,0.1 mg/ml,one_shot,pNPL hydrolysis assay at A410 within 2 min,p-nitrophenyl palmitate,same_paper,yes,yes,Proteus mirabilis lipase GQS mutant,1,EVID_LIT_000341,50,0.25
WEBR1_PROTOCOL_0406,LMT_0244,literature,10.1007/s43393-023-00179-y,ASSAY_P1A_B06_01_005,37,"20 mM PB, 100 mM NaCl, pH 8.0",8.0,0.1 mg/ml,one_shot,pNPL hydrolysis assay at A410 within 2 min,p-nitrophenyl palmitate,same_paper,yes,yes,Proteus mirabilis lipase GYS mutant,1,EVID_LIT_000344,50,2
WEBR1_PROTOCOL_0407,LMT_0244,literature,10.1007/s43393-023-00179-y,ASSAY_P1A_B06_01_006,37,"20 mM PB, 100 mM NaCl, pH 8.0",8.0,0.1 mg/ml,one_shot,pNPL hydrolysis assay at A410 within 2 min,p-nitrophenyl palmitate,same_paper,yes,yes,Proteus mirabilis lipase GYS mutant,1,EVID_LIT_000343,50,0.25
WEBR1_PROTOCOL_0408,LMT_0245,literature,10.1007/s43393-023-00179-y,ASSAY_P1A_B06_01_005,37,"20 mM PB, 100 mM NaCl, pH 8.0",8.0,0.1 mg/ml,one_shot,pNPL hydrolysis assay at A410 within 2 min,p-nitrophenyl palmitate,same_paper,yes,yes,Proteus mirabilis lipase GWS mutant,1,EVID_LIT_000346,50,2
WEBR1_PROTOCOL_0409,LMT_0245,literature,10.1007/s43393-023-00179-y,ASSAY_P1A_B06_01_006,37,"20 mM PB, 100 mM NaCl, pH 8.0",8.0,0.1 mg/ml,one_shot,pNPL hydrolysis assay at A410 within 2 min,p-nitrophenyl palmitate,same_paper,yes,yes,Proteus mirabilis lipase GWS mutant,1,EVID_LIT_000345,50,0.25
WEBR1_PROTOCOL_0410,LMT_0246,literature,10.1186/1754-6834-6-70,ASSAY_P1A_B13_01_F2C_CONC_2H,25,50 mM phosphate pH 7.0 containing methanol,7.0,1.5 uM,one_shot,pNPP hydrolysis residual activity assay at 405 nm,p-nitrophenyl palmitate,same_paper,yes,partial,Burkholderia cepacia lipase (BCL),13,EVID_LIT_000850;EVID_LIT_000851;EVID_LIT_000852;EVID_LIT_000853;EVID_LIT_000854;EVID_LIT_000855;EVID_LIT_000856;EVID_LIT_000857;EVID_LIT_000858;EVID_LIT_000859;EVID_LIT_000860;EVID_LIT_000861;EVID_LIT_000862,20;25;30;35;40;45;50;55;60;65;70;75;80,2
WEBR1_PROTOCOL_0411,LMT_0246,literature,10.1186/1754-6834-6-70,ASSAY_P1A_B13_01_F2D_50MEOH_TIME,25,50 mM phosphate pH 7.0 containing methanol,7.0,1.5 uM,one_shot,pNPP hydrolysis residual activity assay at 405 nm,p-nitrophenyl palmitate,same_paper,yes,partial,Burkholderia cepacia lipase (BCL),8,EVID_LIT_000889;EVID_LIT_000890;EVID_LIT_000891;EVID_LIT_000892;EVID_LIT_000893;EVID_LIT_000894;EVID_LIT_000895;EVID_LIT_000896,50,0.5;1;12;2;3;4;5;6
WEBR1_PROTOCOL_0412,LMT_0246,literature,10.1186/1754-6834-6-70,ASSAY_P1A_B13_01_F5A_CONC_2H,25,50 mM phosphate pH 7.0 containing methanol,7.0,1.5 uM,one_shot,pNPP hydrolysis residual activity assay at 405 nm,p-nitrophenyl palmitate,same_paper,yes,partial,Burkholderia cepacia lipase (BCL),13,EVID_LIT_000916;EVID_LIT_000917;EVID_LIT_000918;EVID_LIT_000919;EVID_LIT_000920;EVID_LIT_000921;EVID_LIT_000922;EVID_LIT_000923;EVID_LIT_000924;EVID_LIT_000925;EVID_LIT_000926;EVID_LIT_000927;EVID_LIT_000928,20;25;30;35;40;45;50;55;60;65;70;75;80,2
WEBR1_PROTOCOL_0413,LMT_0246,literature,10.1186/1754-6834-6-70,ASSAY_P1A_B13_01_F5B_50MEOH_TIME,25,50 mM phosphate pH 7.0 containing methanol,7.0,1.5 uM,one_shot,pNPP hydrolysis residual activity assay at 405 nm,p-nitrophenyl palmitate,same_paper,yes,partial,Burkholderia cepacia lipase (BCL),9,EVID_LIT_000994;EVID_LIT_000995;EVID_LIT_000996;EVID_LIT_000997;EVID_LIT_000998;EVID_LIT_000999;EVID_LIT_001000;EVID_LIT_001001;EVID_LIT_001002,50,0.5;1;12;2;24;3;4;5;6
WEBR1_PROTOCOL_0414,LMT_0246,literature,10.1186/1754-6834-6-70,ASSAY_P1A_B13_01_F5C_70MEOH_24H,not_reported,50 mM phosphate pH 7.0 containing methanol,7.0,1.5 uM,one_shot,pNPP hydrolysis residual activity assay at 405 nm,p-nitrophenyl palmitate,same_paper,yes,needs_manual_check,Burkholderia cepacia lipase (BCL),1,EVID_LIT_001050,70,24
WEBR1_PROTOCOL_0415,LMT_0246,patent,WO2014074352A1,PAT_ASSAY_WO2014074352_Figure2C,25,50 mM phosphate pH 7.0 containing methanol,7.0,1.5 uM,one_shot,pNPP hydrolysis residual activity assay at 405 nm,p-nitrophenyl palmitate,same_paper,yes,partial,Burkholderia cepacia lipase (BCL),13,EVID_PAT_000331;EVID_PAT_000332;EVID_PAT_000333;EVID_PAT_000334;EVID_PAT_000335;EVID_PAT_000336;EVID_PAT_000337;EVID_PAT_000338;EVID_PAT_000339;EVID_PAT_000340;EVID_PAT_000341;EVID_PAT_000342;EVID_PAT_000343,20;25;30;35;40;45;50;55;60;65;70;75;80,2
WEBR1_PROTOCOL_0416,LMT_0246,patent,WO2014074352A1,PAT_ASSAY_WO2014074352_Figure2D,25,50 mM phosphate pH 7.0 containing methanol,7.0,1.5 uM,one_shot,pNPP hydrolysis residual activity assay at 405 nm,p-nitrophenyl palmitate,same_paper,yes,partial,Burkholderia cepacia lipase (BCL),9,EVID_PAT_000370;EVID_PAT_000371;EVID_PAT_000372;EVID_PAT_000373;EVID_PAT_000374;EVID_PAT_000375;EVID_PAT_000376;EVID_PAT_000377;EVID_PAT_000378,50,0.5;1;12;2;24;3;4;5;6
WEBR1_PROTOCOL_0417,LMT_0246,patent,WO2014074352A1,PAT_ASSAY_WO2014074352_Figure5A,25,50 mM phosphate pH 7.0 containing methanol,7.0,1.5 uM,one_shot,pNPP hydrolysis residual activity assay at 405 nm,p-nitrophenyl palmitate,same_paper,yes,partial,Burkholderia cepacia lipase (BCL),13,EVID_PAT_000397;EVID_PAT_000398;EVID_PAT_000399;EVID_PAT_000400;EVID_PAT_000401;EVID_PAT_000402;EVID_PAT_000403;EVID_PAT_000404;EVID_PAT_000405;EVID_PAT_000406;EVID_PAT_000407;EVID_PAT_000408;EVID_PAT_000409,20;25;30;35;40;45;50;55;60;65;70;75;80,2
WEBR1_PROTOCOL_0418,LMT_0246,patent,WO2014074352A1,PAT_ASSAY_WO2014074352_Figure5B,25,50 mM phosphate pH 7.0 containing methanol,7.0,1.5 uM,one_shot,pNPP hydrolysis residual activity assay at 405 nm,p-nitrophenyl palmitate,same_paper,yes,partial,Burkholderia cepacia lipase (BCL),9,EVID_PAT_000475;EVID_PAT_000476;EVID_PAT_000477;EVID_PAT_000478;EVID_PAT_000479;EVID_PAT_000480;EVID_PAT_000481;EVID_PAT_000482;EVID_PAT_000483,50,0.5;1;12;2;24;3;4;5;6
WEBR1_PROTOCOL_0419,LMT_0246,patent,WO2014074352A1,PAT_ASSAY_WO2014074352_Figure5C,25,50 mM phosphate pH 7.0 containing methanol,7.0,1.5 uM,one_shot,pNPP hydrolysis residual activity assay at 405 nm,p-nitrophenyl palmitate,same_paper,yes,needs_manual_check,Burkholderia cepacia lipase (BCL),1,EVID_PAT_000529,70,24
WEBR1_PROTOCOL_0420,LMT_0247,literature,10.1186/1754-6834-6-70,ASSAY_P1A_B13_01_F2C_CONC_2H,25,50 mM phosphate pH 7.0 containing methanol,7.0,1.5 uM,one_shot,pNPP hydrolysis residual activity assay at 405 nm,p-nitrophenyl palmitate,same_paper,yes,partial,Proteus mirabilis lipase WT,13,EVID_LIT_000863;EVID_LIT_000864;EVID_LIT_000865;EVID_LIT_000866;EVID_LIT_000867;EVID_LIT_000868;EVID_LIT_000869;EVID_LIT_000870;EVID_LIT_000871;EVID_LIT_000872;EVID_LIT_000873;EVID_LIT_000874;EVID_LIT_000875,20;25;30;35;40;45;50;55;60;65;70;75;80,2
WEBR1_PROTOCOL_0421,LMT_0247,literature,10.1186/1754-6834-6-70,ASSAY_P1A_B13_01_F2D_50MEOH_TIME,25,50 mM phosphate pH 7.0 containing methanol,7.0,1.5 uM,one_shot,pNPP hydrolysis residual activity assay at 405 nm,p-nitrophenyl palmitate,same_paper,yes,partial,Proteus mirabilis lipase WT,8,EVID_LIT_000898;EVID_LIT_000899;EVID_LIT_000900;EVID_LIT_000901;EVID_LIT_000902;EVID_LIT_000903;EVID_LIT_000904;EVID_LIT_000905,50,0.5;1;12;2;3;4;5;6
WEBR1_PROTOCOL_0422,LMT_0247,literature,10.1186/1754-6834-6-70,ASSAY_P1A_B13_01_F5A_CONC_2H,25,50 mM phosphate pH 7.0 containing methanol,7.0,1.5 uM,one_shot,pNPP hydrolysis residual activity assay at 405 nm,p-nitrophenyl palmitate,same_paper,yes,partial,Proteus mirabilis lipase WT,13,EVID_LIT_000929;EVID_LIT_000930;EVID_LIT_000931;EVID_LIT_000932;EVID_LIT_000933;EVID_LIT_000934;EVID_LIT_000935;EVID_LIT_000936;EVID_LIT_000937;EVID_LIT_000938;EVID_LIT_000939;EVID_LIT_000940;EVID_LIT_000941,20;25;30;35;40;45;50;55;60;65;70;75;80,2
WEBR1_PROTOCOL_0423,LMT_0247,literature,10.1186/1754-6834-6-70,ASSAY_P1A_B13_01_F5B_50MEOH_TIME,25,50 mM phosphate pH 7.0 containing methanol,7.0,1.5 uM,one_shot,pNPP hydrolysis residual activity assay at 405 nm,p-nitrophenyl palmitate,same_paper,yes,partial,Proteus mirabilis lipase WT,9,EVID_LIT_001003;EVID_LIT_001004;EVID_LIT_001005;EVID_LIT_001006;EVID_LIT_001007;EVID_LIT_001008;EVID_LIT_001009;EVID_LIT_001010;EVID_LIT_001011,50,0.5;1;12;2;24;3;4;5;6
WEBR1_PROTOCOL_0424,LMT_0247,literature,10.1186/1754-6834-6-70,ASSAY_P1A_B13_01_F5C_70MEOH_24H,not_reported,50 mM phosphate pH 7.0 containing methanol,7.0,1.5 uM,one_shot,pNPP hydrolysis residual activity assay at 405 nm,p-nitrophenyl palmitate,same_paper,yes,needs_manual_check,Proteus mirabilis lipase WT,1,EVID_LIT_001048,70,24
WEBR1_PROTOCOL_0425,LMT_0247,patent,WO2014074352A1,PAT_ASSAY_WO2014074352_Figure2C,25,50 mM phosphate pH 7.0 containing methanol,7.0,1.5 uM,one_shot,pNPP hydrolysis residual activity assay at 405 nm,p-nitrophenyl palmitate,same_paper,yes,partial,Proteus mirabilis lipase WT,13,EVID_PAT_000357;EVID_PAT_000358;EVID_PAT_000359;EVID_PAT_000360;EVID_PAT_000361;EVID_PAT_000362;EVID_PAT_000363;EVID_PAT_000364;EVID_PAT_000365;EVID_PAT_000366;EVID_PAT_000367;EVID_PAT_000368;EVID_PAT_000369,20;25;30;35;40;45;50;55;60;65;70;75;80,2
WEBR1_PROTOCOL_0426,LMT_0247,patent,WO2014074352A1,PAT_ASSAY_WO2014074352_Figure2D,25,50 mM phosphate pH 7.0 containing methanol,7.0,1.5 uM,one_shot,pNPP hydrolysis residual activity assay at 405 nm,p-nitrophenyl palmitate,same_paper,yes,partial,Proteus mirabilis lipase WT,9,EVID_PAT_000388;EVID_PAT_000389;EVID_PAT_000390;EVID_PAT_000391;EVID_PAT_000392;EVID_PAT_000393;EVID_PAT_000394;EVID_PAT_000395;EVID_PAT_000396,50,0.5;1;12;2;24;3;4;5;6
WEBR1_PROTOCOL_0427,LMT_0247,patent,WO2014074352A1,PAT_ASSAY_WO2014074352_Figure5A,25,50 mM phosphate pH 7.0 containing methanol,7.0,1.5 uM,one_shot,pNPP hydrolysis residual activity assay at 405 nm,p-nitrophenyl palmitate,same_paper,yes,partial,Proteus mirabilis lipase WT,13,EVID_PAT_000462;EVID_PAT_000463;EVID_PAT_000464;EVID_PAT_000465;EVID_PAT_000466;EVID_PAT_000467;EVID_PAT_000468;EVID_PAT_000469;EVID_PAT_000470;EVID_PAT_000471;EVID_PAT_000472;EVID_PAT_000473;EVID_PAT_000474,20;25;30;35;40;45;50;55;60;65;70;75;80,2
WEBR1_PROTOCOL_0428,LMT_0247,patent,WO2014074352A1,PAT_ASSAY_WO2014074352_Figure5B,25,50 mM phosphate pH 7.0 containing methanol,7.0,1.5 uM,one_shot,pNPP hydrolysis residual activity assay at 405 nm,p-nitrophenyl palmitate,same_paper,yes,partial,Proteus mirabilis lipase WT,9,EVID_PAT_000520;EVID_PAT_000521;EVID_PAT_000522;EVID_PAT_000523;EVID_PAT_000524;EVID_PAT_000525;EVID_PAT_000526;EVID_PAT_000527;EVID_PAT_000528,50,0.5;1;12;2;24;3;4;5;6
WEBR1_PROTOCOL_0429,LMT_0247,patent,WO2014074352A1,PAT_ASSAY_WO2014074352_Figure5C,25,50 mM phosphate pH 7.0 containing methanol,7.0,1.5 uM,one_shot,pNPP hydrolysis residual activity assay at 405 nm,p-nitrophenyl palmitate,same_paper,yes,needs_manual_check,Proteus mirabilis lipase WT,1,EVID_PAT_000531,70,24
WEBR1_PROTOCOL_0430,LMT_0248,literature,10.1186/1754-6834-6-70,ASSAY_P1A_B13_01_F2C_CONC_2H,25,50 mM phosphate pH 7.0 containing methanol,7.0,1.5 uM,one_shot,pNPP hydrolysis residual activity assay at 405 nm,p-nitrophenyl palmitate,same_paper,yes,partial,Proteus mirabilis lipase Dieselzyme 1,13,EVID_LIT_000876;EVID_LIT_000877;EVID_LIT_000878;EVID_LIT_000879;EVID_LIT_000880;EVID_LIT_000881;EVID_LIT_000882;EVID_LIT_000883;EVID_LIT_000884;EVID_LIT_000885;EVID_LIT_000886;EVID_LIT_000887;EVID_LIT_000888,20;25;30;35;40;45;50;55;60;65;70;75;80,2
WEBR1_PROTOCOL_0431,LMT_0248,literature,10.1186/1754-6834-6-70,ASSAY_P1A_B13_01_F2D_50MEOH_TIME,25,50 mM phosphate pH 7.0 containing methanol,7.0,1.5 uM,one_shot,pNPP hydrolysis residual activity assay at 405 nm,p-nitrophenyl palmitate,same_paper,yes,partial,Proteus mirabilis lipase Dieselzyme 1,8,EVID_LIT_000907;EVID_LIT_000908;EVID_LIT_000909;EVID_LIT_000910;EVID_LIT_000911;EVID_LIT_000912;EVID_LIT_000913;EVID_LIT_000914,50,0.5;1;12;2;3;4;5;6
WEBR1_PROTOCOL_0432,LMT_0248,literature,10.1186/1754-6834-6-70,ASSAY_P1A_B13_01_F5A_CONC_2H,25,50 mM phosphate pH 7.0 containing methanol,7.0,1.5 uM,one_shot,pNPP hydrolysis residual activity assay at 405 nm,p-nitrophenyl palmitate,same_paper,yes,partial,Proteus mirabilis lipase Dieselzyme 1,13,EVID_LIT_000942;EVID_LIT_000943;EVID_LIT_000944;EVID_LIT_000945;EVID_LIT_000946;EVID_LIT_000947;EVID_LIT_000948;EVID_LIT_000949;EVID_LIT_000950;EVID_LIT_000951;EVID_LIT_000952;EVID_LIT_000953;EVID_LIT_000954,20;25;30;35;40;45;50;55;60;65;70;75;80,2
WEBR1_PROTOCOL_0433,LMT_0248,literature,10.1186/1754-6834-6-70,ASSAY_P1A_B13_01_F5B_50MEOH_TIME,25,50 mM phosphate pH 7.0 containing methanol,7.0,1.5 uM,one_shot,pNPP hydrolysis residual activity assay at 405 nm,p-nitrophenyl palmitate,same_paper,yes,partial,Proteus mirabilis lipase Dieselzyme 1,9,EVID_LIT_001012;EVID_LIT_001013;EVID_LIT_001014;EVID_LIT_001015;EVID_LIT_001016;EVID_LIT_001017;EVID_LIT_001018;EVID_LIT_001019;EVID_LIT_001020,50,0.5;1;12;2;24;3;4;5;6
WEBR1_PROTOCOL_0434,LMT_0248,patent,WO2014074352A1,PAT_ASSAY_WO2014074352_Figure2C,25,50 mM phosphate pH 7.0 containing methanol,7.0,1.5 uM,one_shot,pNPP hydrolysis residual activity assay at 405 nm,p-nitrophenyl palmitate,same_paper,yes,partial,Proteus mirabilis lipase Dieselzyme 1,13,EVID_PAT_000344;EVID_PAT_000345;EVID_PAT_000346;EVID_PAT_000347;EVID_PAT_000348;EVID_PAT_000349;EVID_PAT_000350;EVID_PAT_000351;EVID_PAT_000352;EVID_PAT_000353;EVID_PAT_000354;EVID_PAT_000355;EVID_PAT_000356,20;25;30;35;40;45;50;55;60;65;70;75;80,2
WEBR1_PROTOCOL_0435,LMT_0248,patent,WO2014074352A1,PAT_ASSAY_WO2014074352_Figure2D,25,50 mM phosphate pH 7.0 containing methanol,7.0,1.5 uM,one_shot,pNPP hydrolysis residual activity assay at 405 nm,p-nitrophenyl palmitate,same_paper,yes,partial,Proteus mirabilis lipase Dieselzyme 1,9,EVID_PAT_000379;EVID_PAT_000380;EVID_PAT_000381;EVID_PAT_000382;EVID_PAT_000383;EVID_PAT_000384;EVID_PAT_000385;EVID_PAT_000386;EVID_PAT_000387,50,0.5;1;12;2;24;3;4;5;6
WEBR1_PROTOCOL_0436,LMT_0248,patent,WO2014074352A1,PAT_ASSAY_WO2014074352_Figure5A,25,50 mM phosphate pH 7.0 containing methanol,7.0,1.5 uM,one_shot,pNPP hydrolysis residual activity assay at 405 nm,p-nitrophenyl palmitate,same_paper,yes,partial,Proteus mirabilis lipase Dieselzyme 1,13,EVID_PAT_000410;EVID_PAT_000411;EVID_PAT_000412;EVID_PAT_000413;EVID_PAT_000414;EVID_PAT_000415;EVID_PAT_000416;EVID_PAT_000417;EVID_PAT_000418;EVID_PAT_000419;EVID_PAT_000420;EVID_PAT_000421;EVID_PAT_000422,20;25;30;35;40;45;50;55;60;65;70;75;80,2
WEBR1_PROTOCOL_0437,LMT_0248,patent,WO2014074352A1,PAT_ASSAY_WO2014074352_Figure5B,25,50 mM phosphate pH 7.0 containing methanol,7.0,1.5 uM,one_shot,pNPP hydrolysis residual activity assay at 405 nm,p-nitrophenyl palmitate,same_paper,yes,partial,Proteus mirabilis lipase Dieselzyme 1,9,EVID_PAT_000484;EVID_PAT_000485;EVID_PAT_000486;EVID_PAT_000487;EVID_PAT_000488;EVID_PAT_000489;EVID_PAT_000490;EVID_PAT_000491;EVID_PAT_000492,50,0.5;1;12;2;24;3;4;5;6
WEBR1_PROTOCOL_0438,LMT_0249,literature,10.1186/1754-6834-6-70,ASSAY_P1A_B13_01_F5A_CONC_2H,25,50 mM phosphate pH 7.0 containing methanol,7.0,1.5 uM,one_shot,pNPP hydrolysis residual activity assay at 405 nm,p-nitrophenyl palmitate,same_paper,yes,partial,Proteus mirabilis lipase Dieselzyme 2,13,EVID_LIT_000955;EVID_LIT_000956;EVID_LIT_000957;EVID_LIT_000958;EVID_LIT_000959;EVID_LIT_000960;EVID_LIT_000961;EVID_LIT_000962;EVID_LIT_000963;EVID_LIT_000964;EVID_LIT_000965;EVID_LIT_000966;EVID_LIT_000967,20;25;30;35;40;45;50;55;60;65;70;75;80,2
WEBR1_PROTOCOL_0439,LMT_0249,literature,10.1186/1754-6834-6-70,ASSAY_P1A_B13_01_F5B_50MEOH_TIME,25,50 mM phosphate pH 7.0 containing methanol,7.0,1.5 uM,one_shot,pNPP hydrolysis residual activity assay at 405 nm,p-nitrophenyl palmitate,same_paper,yes,partial,Proteus mirabilis lipase Dieselzyme 2,9,EVID_LIT_001021;EVID_LIT_001022;EVID_LIT_001023;EVID_LIT_001024;EVID_LIT_001025;EVID_LIT_001026;EVID_LIT_001027;EVID_LIT_001028;EVID_LIT_001029,50,0.5;1;12;2;24;3;4;5;6
WEBR1_PROTOCOL_0440,LMT_0249,patent,WO2014074352A1,PAT_ASSAY_WO2014074352_Figure5A,25,50 mM phosphate pH 7.0 containing methanol,7.0,1.5 uM,one_shot,pNPP hydrolysis residual activity assay at 405 nm,p-nitrophenyl palmitate,same_paper,yes,partial,Proteus mirabilis lipase Dieselzyme 2,13,EVID_PAT_000423;EVID_PAT_000424;EVID_PAT_000425;EVID_PAT_000426;EVID_PAT_000427;EVID_PAT_000428;EVID_PAT_000429;EVID_PAT_000430;EVID_PAT_000431;EVID_PAT_000432;EVID_PAT_000433;EVID_PAT_000434;EVID_PAT_000435,20;25;30;35;40;45;50;55;60;65;70;75;80,2
WEBR1_PROTOCOL_0441,LMT_0249,patent,WO2014074352A1,PAT_ASSAY_WO2014074352_Figure5B,25,50 mM phosphate pH 7.0 containing methanol,7.0,1.5 uM,one_shot,pNPP hydrolysis residual activity assay at 405 nm,p-nitrophenyl palmitate,same_paper,yes,partial,Proteus mirabilis lipase Dieselzyme 2,9,EVID_PAT_000493;EVID_PAT_000494;EVID_PAT_000495;EVID_PAT_000496;EVID_PAT_000497;EVID_PAT_000498;EVID_PAT_000499;EVID_PAT_000500;EVID_PAT_000501,50,0.5;1;12;2;24;3;4;5;6
WEBR1_PROTOCOL_0442,LMT_0250,literature,10.1186/1754-6834-6-70,ASSAY_P1A_B13_01_F5A_CONC_2H,25,50 mM phosphate pH 7.0 containing methanol,7.0,1.5 uM,one_shot,pNPP hydrolysis residual activity assay at 405 nm,p-nitrophenyl palmitate,same_paper,yes,partial,Proteus mirabilis lipase Dieselzyme 3,13,EVID_LIT_000968;EVID_LIT_000969;EVID_LIT_000970;EVID_LIT_000971;EVID_LIT_000972;EVID_LIT_000973;EVID_LIT_000974;EVID_LIT_000975;EVID_LIT_000976;EVID_LIT_000977;EVID_LIT_000978;EVID_LIT_000979;EVID_LIT_000980,20;25;30;35;40;45;50;55;60;65;70;75;80,2
WEBR1_PROTOCOL_0443,LMT_0250,literature,10.1186/1754-6834-6-70,ASSAY_P1A_B13_01_F5B_50MEOH_TIME,25,50 mM phosphate pH 7.0 containing methanol,7.0,1.5 uM,one_shot,pNPP hydrolysis residual activity assay at 405 nm,p-nitrophenyl palmitate,same_paper,yes,partial,Proteus mirabilis lipase Dieselzyme 3,9,EVID_LIT_001030;EVID_LIT_001031;EVID_LIT_001032;EVID_LIT_001033;EVID_LIT_001034;EVID_LIT_001035;EVID_LIT_001036;EVID_LIT_001037;EVID_LIT_001038,50,0.5;1;12;2;24;3;4;5;6
WEBR1_PROTOCOL_0444,LMT_0250,patent,WO2014074352A1,PAT_ASSAY_WO2014074352_Figure5A,25,50 mM phosphate pH 7.0 containing methanol,7.0,1.5 uM,one_shot,pNPP hydrolysis residual activity assay at 405 nm,p-nitrophenyl palmitate,same_paper,yes,partial,Proteus mirabilis lipase Dieselzyme 3,13,EVID_PAT_000436;EVID_PAT_000437;EVID_PAT_000438;EVID_PAT_000439;EVID_PAT_000440;EVID_PAT_000441;EVID_PAT_000442;EVID_PAT_000443;EVID_PAT_000444;EVID_PAT_000445;EVID_PAT_000446;EVID_PAT_000447;EVID_PAT_000448,20;25;30;35;40;45;50;55;60;65;70;75;80,2
WEBR1_PROTOCOL_0445,LMT_0250,patent,WO2014074352A1,PAT_ASSAY_WO2014074352_Figure5B,25,50 mM phosphate pH 7.0 containing methanol,7.0,1.5 uM,one_shot,pNPP hydrolysis residual activity assay at 405 nm,p-nitrophenyl palmitate,same_paper,yes,partial,Proteus mirabilis lipase Dieselzyme 3,9,EVID_PAT_000502;EVID_PAT_000503;EVID_PAT_000504;EVID_PAT_000505;EVID_PAT_000506;EVID_PAT_000507;EVID_PAT_000508;EVID_PAT_000509;EVID_PAT_000510,50,0.5;1;12;2;24;3;4;5;6
WEBR1_PROTOCOL_0446,LMT_0251,literature,10.1186/1754-6834-6-70,ASSAY_P1A_B13_01_F5A_CONC_2H,25,50 mM phosphate pH 7.0 containing methanol,7.0,1.5 uM,one_shot,pNPP hydrolysis residual activity assay at 405 nm,p-nitrophenyl palmitate,same_paper,yes,partial,Proteus mirabilis lipase Dieselzyme 4,13,EVID_LIT_000981;EVID_LIT_000982;EVID_LIT_000983;EVID_LIT_000984;EVID_LIT_000985;EVID_LIT_000986;EVID_LIT_000987;EVID_LIT_000988;EVID_LIT_000989;EVID_LIT_000990;EVID_LIT_000991;EVID_LIT_000992;EVID_LIT_000993,20;25;30;35;40;45;50;55;60;65;70;75;80,2
WEBR1_PROTOCOL_0447,LMT_0251,literature,10.1186/1754-6834-6-70,ASSAY_P1A_B13_01_F5B_50MEOH_TIME,25,50 mM phosphate pH 7.0 containing methanol,7.0,1.5 uM,one_shot,pNPP hydrolysis residual activity assay at 405 nm,p-nitrophenyl palmitate,same_paper,yes,partial,Proteus mirabilis lipase Dieselzyme 4,9,EVID_LIT_001039;EVID_LIT_001040;EVID_LIT_001041;EVID_LIT_001042;EVID_LIT_001043;EVID_LIT_001044;EVID_LIT_001045;EVID_LIT_001046;EVID_LIT_001047,50,0.5;1;12;2;24;3;4;5;6
WEBR1_PROTOCOL_0448,LMT_0251,literature,10.1186/1754-6834-6-70,ASSAY_P1A_B13_01_F5C_70MEOH_24H,not_reported,50 mM phosphate pH 7.0 containing methanol,7.0,1.5 uM,one_shot,pNPP hydrolysis residual activity assay at 405 nm,p-nitrophenyl palmitate,same_paper,yes,needs_manual_check,Proteus mirabilis lipase Dieselzyme 4,1,EVID_LIT_001049,70,24
WEBR1_PROTOCOL_0449,LMT_0251,patent,WO2014074352A1,PAT_ASSAY_WO2014074352_Figure5A,25,50 mM phosphate pH 7.0 containing methanol,7.0,1.5 uM,one_shot,pNPP hydrolysis residual activity assay at 405 nm,p-nitrophenyl palmitate,same_paper,yes,partial,Proteus mirabilis lipase Dieselzyme 4,13,EVID_PAT_000449;EVID_PAT_000450;EVID_PAT_000451;EVID_PAT_000452;EVID_PAT_000453;EVID_PAT_000454;EVID_PAT_000455;EVID_PAT_000456;EVID_PAT_000457;EVID_PAT_000458;EVID_PAT_000459;EVID_PAT_000460;EVID_PAT_000461,20;25;30;35;40;45;50;55;60;65;70;75;80,2
WEBR1_PROTOCOL_0450,LMT_0251,patent,WO2014074352A1,PAT_ASSAY_WO2014074352_Figure5B,25,50 mM phosphate pH 7.0 containing methanol,7.0,1.5 uM,one_shot,pNPP hydrolysis residual activity assay at 405 nm,p-nitrophenyl palmitate,same_paper,yes,partial,Proteus mirabilis lipase Dieselzyme 4,9,EVID_PAT_000511;EVID_PAT_000512;EVID_PAT_000513;EVID_PAT_000514;EVID_PAT_000515;EVID_PAT_000516;EVID_PAT_000517;EVID_PAT_000518;EVID_PAT_000519,50,0.5;1;12;2;24;3;4;5;6
WEBR1_PROTOCOL_0451,LMT_0251,patent,WO2014074352A1,PAT_ASSAY_WO2014074352_Figure5C,25,50 mM phosphate pH 7.0 containing methanol,7.0,1.5 uM,one_shot,pNPP hydrolysis residual activity assay at 405 nm,p-nitrophenyl palmitate,same_paper,yes,needs_manual_check,Proteus mirabilis lipase Dieselzyme 4,1,EVID_PAT_000530,70,24
WEBR1_PROTOCOL_0452,LMT_0252,literature,10.1016/j.biortech.2017.05.108,ASSAY_EVID_S8B_SM098_001,25,not_reported,not_reported,not_reported,preincubation,not_reported,not_reported,control=100 from source,not_reported,not_reported,E. coli whole-cell expressing TLL,1,EVID_LIT_002541,75,1
WEBR1_PROTOCOL_0453,LMT_0252,literature,10.1016/j.biortech.2017.05.108,ASSAY_P1A_B11_05_F2B_PURIFIED_75MEOH_1H,25,whole-cell/purified enzyme methanol incubation assay system,not_reported,not_reported,one_shot,PNPB hydrolysis activity assay,p-nitrophenyl butyrate,same_paper,yes,yes,Thermomyces lanuginosus lipase TLL WT,1,EVID_LIT_000843,75,1
WEBR1_PROTOCOL_0454,LMT_0253,literature,10.1016/j.biortech.2017.05.108,ASSAY_EVID_S8B_SM098_002,25,not_reported,not_reported,not_reported,preincubation,not_reported,not_reported,control=100 from source,not_reported,not_reported,E. coli whole-cell expressing TLL-S105C,1,EVID_LIT_002542,75,1
WEBR1_PROTOCOL_0455,LMT_0253,literature,10.1016/j.biortech.2017.05.108,ASSAY_P1A_B11_05_F2B_PURIFIED_75MEOH_1H,25,whole-cell/purified enzyme methanol incubation assay system,not_reported,not_reported,one_shot,PNPB hydrolysis activity assay,p-nitrophenyl butyrate,same_paper,yes,yes,Thermomyces lanuginosus lipase TLL-S105C,1,EVID_LIT_000844,75,1
WEBR1_PROTOCOL_0456,LMT_0254,literature,10.1016/j.biortech.2017.05.108,ASSAY_EVID_S8B_SM098_004,25,not_reported,not_reported,not_reported,preincubation,not_reported,not_reported,control=100 from source,not_reported,not_reported,E. coli whole-cell expressing TLL-S105C/D27R,1,EVID_LIT_002544,75,1
WEBR1_PROTOCOL_0457,LMT_0254,literature,10.1016/j.biortech.2017.05.108,ASSAY_P1A_B11_05_F2B_PURIFIED_75MEOH_1H,25,whole-cell/purified enzyme methanol incubation assay system,not_reported,not_reported,one_shot,PNPB hydrolysis activity assay,p-nitrophenyl butyrate,same_paper,yes,yes,Thermomyces lanuginosus lipase TLL-S105C/D27R,1,EVID_LIT_000845,75,1
WEBR1_PROTOCOL_0458,LMT_0255,literature,10.1016/j.biortech.2017.05.108,ASSAY_EVID_S8B_SM098_003,25,not_reported,not_reported,not_reported,preincubation,not_reported,not_reported,control=100 from source,not_reported,not_reported,E. coli whole-cell expressing TLL-D27R,1,EVID_LIT_002543,75,1
WEBR1_PROTOCOL_0459,LMT_0255,literature,10.1016/j.biortech.2017.05.108,ASSAY_P1A_B11_05_F2B_PURIFIED_75MEOH_1H,25,whole-cell/purified enzyme methanol incubation assay system,not_reported,not_reported,one_shot,PNPB hydrolysis activity assay,p-nitrophenyl butyrate,same_paper,yes,yes,Thermomyces lanuginosus lipase TLL-D27R,1,EVID_LIT_000846,75,1
WEBR1_PROTOCOL_0460,LMT_0256,literature,10.1016/j.bej.2022.108659,ASSAY_P1A_B14_05_TABLE3_50MEOH_TIME,40,5 mM Tris-HCl buffer solution pH 8.0 containing 50% methanol,8.0,0.30 mg/ml,one_shot,BALB-DTNB method,BAL-tributyrate,same_paper,yes,yes,Thermomyces lanuginosus lipase A28S,2,EVID_LIT_001071;EVID_LIT_001072,50,0.5;2
WEBR1_PROTOCOL_0461,LMT_0257,literature,10.1016/j.bej.2022.108659,ASSAY_P1A_B14_05_TABLE3_50MEOH_TIME,40,5 mM Tris-HCl buffer solution pH 8.0 containing 50% methanol,8.0,0.30 mg/ml,one_shot,BALB-DTNB method,BAL-tributyrate,same_paper,yes,yes,Thermomyces lanuginosus lipase A29K,2,EVID_LIT_001073;EVID_LIT_001074,50,0.5;2
WEBR1_PROTOCOL_0462,LMT_0258,literature,10.1016/j.bej.2022.108659,ASSAY_P1A_B14_05_TABLE3_50MEOH_TIME,40,5 mM Tris-HCl buffer solution pH 8.0 containing 50% methanol,8.0,0.30 mg/ml,one_shot,BALB-DTNB method,BAL-tributyrate,same_paper,yes,yes,Thermomyces lanuginosus lipase V45N,2,EVID_LIT_001075;EVID_LIT_001076,50,0.5;2
WEBR1_PROTOCOL_0463,LMT_0259,literature,10.1016/j.bej.2022.108659,ASSAY_P1A_B14_05_TABLE3_50MEOH_TIME,40,5 mM Tris-HCl buffer solution pH 8.0 containing 50% methanol,8.0,0.30 mg/ml,one_shot,BALB-DTNB method,BAL-tributyrate,same_paper,yes,yes,Thermomyces lanuginosus lipase A51K,2,EVID_LIT_001077;EVID_LIT_001078,50,0.5;2
WEBR1_PROTOCOL_0464,LMT_0260,literature,10.1016/j.bej.2022.108659,ASSAY_P1A_B14_05_TABLE3_50MEOH_TIME,40,5 mM Tris-HCl buffer solution pH 8.0 containing 50% methanol,8.0,0.30 mg/ml,one_shot,BALB-DTNB method,BAL-tributyrate,same_paper,yes,yes,Thermomyces lanuginosus lipase V119T,2,EVID_LIT_001079;EVID_LIT_001080,50,0.5;2
WEBR1_PROTOCOL_0465,LMT_0261,literature,10.1016/j.bej.2022.108659,ASSAY_P1A_B14_05_TABLE3_50MEOH_TIME,40,5 mM Tris-HCl buffer solution pH 8.0 containing 50% methanol,8.0,0.30 mg/ml,one_shot,BALB-DTNB method,BAL-tributyrate,same_paper,yes,yes,Thermomyces lanuginosus lipase A163D,2,EVID_LIT_001081;EVID_LIT_001082,50,0.5;2
WEBR1_PROTOCOL_0466,LMT_0262,literature,10.1016/j.bej.2022.108659,ASSAY_P1A_B14_05_TABLE3_50MEOH_TIME,40,5 mM Tris-HCl buffer solution pH 8.0 containing 50% methanol,8.0,0.30 mg/ml,one_shot,BALB-DTNB method,BAL-tributyrate,same_paper,yes,yes,Thermomyces lanuginosus lipase F174Y,2,EVID_LIT_001083;EVID_LIT_001084,50,0.5;2
WEBR1_PROTOCOL_0467,LMT_0263,literature,10.1016/j.bej.2022.108659,ASSAY_P1A_B14_05_TABLE3_50MEOH_TIME,40,5 mM Tris-HCl buffer solution pH 8.0 containing 50% methanol,8.0,0.30 mg/ml,one_shot,BALB-DTNB method,BAL-tributyrate,same_paper,yes,yes,Thermomyces lanuginosus lipase L198N,2,EVID_LIT_001085;EVID_LIT_001086,50,0.5;2
WEBR1_PROTOCOL_0468,LMT_0264,literature,10.1016/j.bej.2022.108659,ASSAY_P1A_B14_05_TABLE3_50MEOH_TIME,40,5 mM Tris-HCl buffer solution pH 8.0 containing 50% methanol,8.0,0.30 mg/ml,one_shot,BALB-DTNB method,BAL-tributyrate,same_paper,yes,yes,Thermomyces lanuginosus lipase A237R,2,EVID_LIT_001087;EVID_LIT_001088,50,0.5;2
WEBR1_PROTOCOL_0469,LMT_0265,literature,10.1016/j.bej.2022.108659,ASSAY_P1A_B14_05_TABLE3_50MEOH_TIME,40,5 mM Tris-HCl buffer solution pH 8.0 containing 50% methanol,8.0,0.30 mg/ml,one_shot,BALB-DTNB method,BAL-tributyrate,same_paper,yes,yes,Thermomyces lanuginosus lipase V242K,2,EVID_LIT_001089;EVID_LIT_001090,50,0.5;2
WEBR1_PROTOCOL_0470,LMT_0266,literature,10.1016/j.bej.2022.108659,ASSAY_P1A_B14_05_TABLE3_50MEOH_TIME,40,5 mM Tris-HCl buffer solution pH 8.0 containing 50% methanol,8.0,0.30 mg/ml,one_shot,BALB-DTNB method,BAL-tributyrate,same_paper,yes,yes,Thermomyces lanuginosus lipase P261D,2,EVID_LIT_001091;EVID_LIT_001092,50,0.5;2
WEBR1_PROTOCOL_0471,LMT_0267,literature,10.1007/s00253-015-6700-4,ASSAY_P1A_B09_05_FIG1_70MEOH_TIMECOURSE,25,lipase buffer with methanol final concentration 70%,7.5,0.2 mg/ml,one_shot,pNPL hydrolysis assay after methanol incubation,p-nitrophenyl laurate,same_paper,yes,yes,Lipase T6 R374W,8,EVID_LIT_000487;EVID_LIT_000488;EVID_LIT_000489;EVID_LIT_000490;EVID_LIT_000491;EVID_LIT_000492;EVID_LIT_000493;EVID_LIT_000494,70,0.5;1;10;2;3;4;5;7.5
WEBR1_PROTOCOL_0472,LMT_0268,literature,10.1007/s00253-015-6700-4,ASSAY_P1A_B09_05_FIG1_70MEOH_TIMECOURSE,25,lipase buffer with methanol final concentration 70%,7.5,0.2 mg/ml,one_shot,pNPL hydrolysis assay after methanol incubation,p-nitrophenyl laurate,same_paper,yes,yes,Lipase T6 H86Y/A269T/R374W,8,EVID_LIT_000503;EVID_LIT_000504;EVID_LIT_000505;EVID_LIT_000506;EVID_LIT_000507;EVID_LIT_000508;EVID_LIT_000509;EVID_LIT_000510,70,0.5;1;10;2;3;4;5;7.5
WEBR1_PROTOCOL_0473,LMT_0269,literature,10.1016/j.procbio.2006.09.019,ASSAY_P1A_B08_04_TABLE3_METHANOL_30C_0_5H,30,enzyme solution preincubated with organic solvent; exact buffer not_reported,not_reported,not_reported,one_shot,titrimetric lipase activity assay,olive oil emulsion,same_paper_no_solvent_control,yes,yes,Yarrowia lipolytica YlLip2,3,EVID_LIT_000456;EVID_LIT_000457;EVID_LIT_000458,10;20;30,0.5
WEBR1_PROTOCOL_0474,LMT_0270,literature,10.1016/j.jmgm.2021.107897,ASSAY_P1A_B10_05_METHANOL_TIMECOURSE_60C,60,50 mM phosphate buffer pH 8.0 with methanol solvent mixture,8,1 mg/ml,one_shot,p-nitrophenyl palmitate hydrolysis assay after methanol incubation,p-nitrophenyl palmitate,same_paper,yes,partial,Geobacillus zalihae T1 lipase G35D,9,EVID_LIT_000584;EVID_LIT_000585;EVID_LIT_000586;EVID_LIT_000587;EVID_LIT_000588;EVID_LIT_000799;EVID_LIT_000800;EVID_LIT_000801;EVID_LIT_000802,50,1;12;2;24;3;4;5;6
WEBR1_PROTOCOL_0475,LMT_0271,literature,10.1016/j.jmgm.2021.107897,ASSAY_P1A_B10_05_METHANOL_TIMECOURSE_60C,60,50 mM phosphate buffer pH 8.0 with methanol solvent mixture,8,1 mg/ml,one_shot,p-nitrophenyl palmitate hydrolysis assay after methanol incubation,p-nitrophenyl palmitate,same_paper,yes,partial,Geobacillus zalihae T1 lipase M121I,14,EVID_LIT_000589;EVID_LIT_000590;EVID_LIT_000591;EVID_LIT_000592;EVID_LIT_000593;EVID_LIT_000629;EVID_LIT_000630;EVID_LIT_000631;EVID_LIT_000632;EVID_LIT_000633;EVID_LIT_000807;EVID_LIT_000808;EVID_LIT_000809;EVID_LIT_000810,50;60,1;12;2;24;3;4;5;6
WEBR1_PROTOCOL_0476,LMT_0272,literature,10.1016/j.jmgm.2021.107897,ASSAY_P1A_B10_05_METHANOL_TIMECOURSE_60C,60,50 mM phosphate buffer pH 8.0 with methanol solvent mixture,8,1 mg/ml,one_shot,p-nitrophenyl palmitate hydrolysis assay after methanol incubation,p-nitrophenyl palmitate,same_paper,yes,partial,Geobacillus zalihae T1 lipase S195N,14,EVID_LIT_000594;EVID_LIT_000595;EVID_LIT_000596;EVID_LIT_000597;EVID_LIT_000598;EVID_LIT_000634;EVID_LIT_000635;EVID_LIT_000636;EVID_LIT_000637;EVID_LIT_000638;EVID_LIT_000811;EVID_LIT_000812;EVID_LIT_000813;EVID_LIT_000814,50;60,1;12;2;24;3;4;5;6
WEBR1_PROTOCOL_0477,LMT_0273,literature,10.1016/j.jmgm.2021.107897,ASSAY_P1A_B10_05_METHANOL_TIMECOURSE_60C,60,50 mM phosphate buffer pH 8.0 with methanol solvent mixture,8,1 mg/ml,one_shot,p-nitrophenyl palmitate hydrolysis assay after methanol incubation,p-nitrophenyl palmitate,same_paper,yes,partial,Geobacillus zalihae T1 lipase A83D,14,EVID_LIT_000599;EVID_LIT_000600;EVID_LIT_000601;EVID_LIT_000602;EVID_LIT_000603;EVID_LIT_000639;EVID_LIT_000640;EVID_LIT_000641;EVID_LIT_000642;EVID_LIT_000643;EVID_LIT_000803;EVID_LIT_000804;EVID_LIT_000805;EVID_LIT_000806,50;60,1;12;2;24;3;4;5;6
WEBR1_PROTOCOL_0478,LMT_0274,literature,10.1016/j.jmgm.2021.107897,ASSAY_P1A_B10_05_METHANOL_TIMECOURSE_60C,60,50 mM phosphate buffer pH 8.0 with methanol solvent mixture,8,1 mg/ml,one_shot,p-nitrophenyl palmitate hydrolysis assay after methanol incubation,p-nitrophenyl palmitate,same_paper,yes,partial,Geobacillus zalihae T1 lipase K251E,14,EVID_LIT_000604;EVID_LIT_000605;EVID_LIT_000606;EVID_LIT_000607;EVID_LIT_000608;EVID_LIT_000644;EVID_LIT_000645;EVID_LIT_000646;EVID_LIT_000647;EVID_LIT_000648;EVID_LIT_000815;EVID_LIT_000816;EVID_LIT_000817;EVID_LIT_000818,50;60,1;12;2;24;3;4;5;6
WEBR1_PROTOCOL_0479,LMT_0275,literature,10.1016/j.jmgm.2021.107897,ASSAY_P1A_B10_05_METHANOL_TIMECOURSE_60C,60,50 mM phosphate buffer pH 8.0 with methanol solvent mixture,8,1 mg/ml,one_shot,p-nitrophenyl palmitate hydrolysis assay after methanol incubation,p-nitrophenyl palmitate,same_paper,yes,partial,Geobacillus zalihae T1 lipase T272M,14,EVID_LIT_000609;EVID_LIT_000610;EVID_LIT_000611;EVID_LIT_000612;EVID_LIT_000613;EVID_LIT_000654;EVID_LIT_000655;EVID_LIT_000656;EVID_LIT_000657;EVID_LIT_000658;EVID_LIT_000819;EVID_LIT_000820;EVID_LIT_000821;EVID_LIT_000822,50;60,1;12;2;24;3;4;5;6
WEBR1_PROTOCOL_0480,LMT_0276,literature,10.1016/j.jmgm.2021.107897,ASSAY_P1A_B10_05_METHANOL_TIMECOURSE_60C,60,50 mM phosphate buffer pH 8.0 with methanol solvent mixture,8,1 mg/ml,one_shot,p-nitrophenyl palmitate hydrolysis assay after methanol incubation,p-nitrophenyl palmitate,same_paper,yes,partial,Geobacillus zalihae T1 lipase G327S,14,EVID_LIT_000614;EVID_LIT_000615;EVID_LIT_000616;EVID_LIT_000617;EVID_LIT_000618;EVID_LIT_000649;EVID_LIT_000650;EVID_LIT_000651;EVID_LIT_000652;EVID_LIT_000653;EVID_LIT_000823;EVID_LIT_000824;EVID_LIT_000825;EVID_LIT_000826,50;60,1;12;2;24;3;4;5;6
WEBR1_PROTOCOL_0481,LMT_0277,literature,10.1016/j.jmgm.2021.107897,ASSAY_P1A_B10_05_METHANOL_TIMECOURSE_60C,60,50 mM phosphate buffer pH 8.0 with methanol solvent mixture,8,1 mg/ml,one_shot,p-nitrophenyl palmitate hydrolysis assay after methanol incubation,p-nitrophenyl palmitate,same_paper,yes,partial,Geobacillus zalihae T1 lipase G43D,5,EVID_LIT_000624;EVID_LIT_000625;EVID_LIT_000626;EVID_LIT_000627;EVID_LIT_000628,60,1;2;3;4;5
WEBR1_PROTOCOL_0482,LMT_0278,literature,10.1016/j.jmgm.2021.107897,ASSAY_P1A_B10_05_METHANOL_TIMECOURSE_60C,60,50 mM phosphate buffer pH 8.0 with methanol solvent mixture,8,1 mg/ml,one_shot,p-nitrophenyl palmitate hydrolysis assay after methanol incubation,p-nitrophenyl palmitate,same_paper,yes,partial,Geobacillus zalihae T1 lipase A83D/K251E,29,EVID_LIT_000664;EVID_LIT_000665;EVID_LIT_000666;EVID_LIT_000667;EVID_LIT_000668;EVID_LIT_000684;EVID_LIT_000685;EVID_LIT_000686;EVID_LIT_000687;EVID_LIT_000688;EVID_LIT_000704;EVID_LIT_000705;EVID_LIT_000706;EVID_LIT_000707;EVID_LIT_000708;EVID_LIT_000719;EVID_LIT_000720;EVID_LIT_000721;EVID_LIT_000722;EVID_LIT_000744;EVID_LIT_000745;EVID_LIT_000746;EVID_LIT_000747;EVID_LIT_000748;EVID_LIT_000774;EVID_LIT_000775;EVID_LIT_000776;EVID_LIT_000777;EVID_LIT_000778,100;50;60;70,1;12;2;24;3;4;5;6
WEBR1_PROTOCOL_0483,LMT_0279,literature,10.1016/j.jmgm.2021.107897,ASSAY_P1A_B10_05_METHANOL_TIMECOURSE_60C,60,50 mM phosphate buffer pH 8.0 with methanol solvent mixture,8,1 mg/ml,one_shot,p-nitrophenyl palmitate hydrolysis assay after methanol incubation,p-nitrophenyl palmitate,same_paper,yes,partial,Geobacillus zalihae T1 lipase A83D/S195N/K251E/G327S,15,EVID_LIT_000669;EVID_LIT_000670;EVID_LIT_000671;EVID_LIT_000672;EVID_LIT_000673;EVID_LIT_000689;EVID_LIT_000690;EVID_LIT_000691;EVID_LIT_000692;EVID_LIT_000693;EVID_LIT_000709;EVID_LIT_000710;EVID_LIT_000711;EVID_LIT_000712;EVID_LIT_000713,50;60;70,1;2;3;4;5
WEBR1_PROTOCOL_0484,LMT_0280,literature,10.1016/j.jmgm.2021.107897,ASSAY_P1A_B10_05_METHANOL_TIMECOURSE_60C,60,50 mM phosphate buffer pH 8.0 with methanol solvent mixture,8,1 mg/ml,one_shot,p-nitrophenyl palmitate hydrolysis assay after methanol incubation,p-nitrophenyl palmitate,same_paper,yes,partial,Geobacillus zalihae T1 lipase A83D/M121I/S195N/T272M,15,EVID_LIT_000674;EVID_LIT_000675;EVID_LIT_000676;EVID_LIT_000677;EVID_LIT_000678;EVID_LIT_000694;EVID_LIT_000695;EVID_LIT_000696;EVID_LIT_000697;EVID_LIT_000698;EVID_LIT_000714;EVID_LIT_000715;EVID_LIT_000716;EVID_LIT_000717;EVID_LIT_000718,50;60;70,1;2;3;4;5
WEBR1_PROTOCOL_0485,LMT_0281,literature,10.1016/j.jmgm.2021.107897,ASSAY_P1A_B10_05_METHANOL_TIMECOURSE_60C,60,50 mM phosphate buffer pH 8.0 with methanol solvent mixture,8,1 mg/ml,one_shot,p-nitrophenyl palmitate hydrolysis assay after methanol incubation,p-nitrophenyl palmitate,same_paper,yes,partial,Geobacillus zalihae T1 lipase R21C,14,EVID_LIT_000723;EVID_LIT_000724;EVID_LIT_000725;EVID_LIT_000726;EVID_LIT_000749;EVID_LIT_000750;EVID_LIT_000751;EVID_LIT_000752;EVID_LIT_000753;EVID_LIT_000779;EVID_LIT_000780;EVID_LIT_000781;EVID_LIT_000782;EVID_LIT_000783,100;50;60,1;12;2;24;3;4;5;6
WEBR1_PROTOCOL_0486,LMT_0282,literature,10.1016/j.jmgm.2021.107897,ASSAY_P1A_B10_05_METHANOL_TIMECOURSE_60C,60,50 mM phosphate buffer pH 8.0 with methanol solvent mixture,8,1 mg/ml,one_shot,p-nitrophenyl palmitate hydrolysis assay after methanol incubation,p-nitrophenyl palmitate,same_paper,yes,partial,Geobacillus zalihae T1 lipase G35D/S195N,14,EVID_LIT_000727;EVID_LIT_000728;EVID_LIT_000729;EVID_LIT_000730;EVID_LIT_000754;EVID_LIT_000755;EVID_LIT_000756;EVID_LIT_000757;EVID_LIT_000758;EVID_LIT_000784;EVID_LIT_000785;EVID_LIT_000786;EVID_LIT_000787;EVID_LIT_000788,100;50;60,1;12;2;24;3;4;5;6
WEBR1_PROTOCOL_0487,LMT_0283,literature,10.1016/j.jmgm.2021.107897,ASSAY_P1A_B10_05_METHANOL_TIMECOURSE_60C,60,50 mM phosphate buffer pH 8.0 with methanol solvent mixture,8,1 mg/ml,one_shot,p-nitrophenyl palmitate hydrolysis assay after methanol incubation,p-nitrophenyl palmitate,same_paper,yes,partial,Geobacillus zalihae T1 lipase K84R/M121I/T272M/R103C,14,EVID_LIT_000731;EVID_LIT_000732;EVID_LIT_000733;EVID_LIT_000734;EVID_LIT_000759;EVID_LIT_000760;EVID_LIT_000761;EVID_LIT_000762;EVID_LIT_000763;EVID_LIT_000789;EVID_LIT_000790;EVID_LIT_000791;EVID_LIT_000792;EVID_LIT_000793,100;50;60,1;12;2;24;3;4;5;6
WEBR1_PROTOCOL_0488,LMT_0284,literature,10.1016/j.jmgm.2021.107897,ASSAY_P1A_B10_05_METHANOL_TIMECOURSE_60C,60,50 mM phosphate buffer pH 8.0 with methanol solvent mixture,8,1 mg/ml,one_shot,p-nitrophenyl palmitate hydrolysis assay after methanol incubation,p-nitrophenyl palmitate,same_paper,yes,partial,Geobacillus zalihae T1 lipase R106H/G327S,14,EVID_LIT_000735;EVID_LIT_000736;EVID_LIT_000737;EVID_LIT_000738;EVID_LIT_000764;EVID_LIT_000765;EVID_LIT_000766;EVID_LIT_000767;EVID_LIT_000768;EVID_LIT_000794;EVID_LIT_000795;EVID_LIT_000796;EVID_LIT_000797;EVID_LIT_000798,100;50;60,1;12;2;24;3;4;5;6
WEBR1_PROTOCOL_0489,LMT_0285,literature,10.1021/jf200537w,ASSAY_P1A_LU39_01_FIG5_30PCT_MEOH_37C_1H,37,0.1 M Tris-HCl,7.0,not_reported,one_shot,p-nitrophenyl palmitate residual activity assay after water-miscible solvent incubation,p-nitrophenyl palmitate,same_figure_no_solvent_control,yes,yes,Candida rugosa recombinant LIP2 lipase,1,EVID_LIT_002379,30,1
WEBR1_PROTOCOL_0490,LMT_0286,literature,10.1021/jf200537w,ASSAY_P1A_LU39_01_FIG5_30PCT_MEOH_37C_1H,37,0.1 M Tris-HCl,7.0,not_reported,one_shot,p-nitrophenyl palmitate residual activity assay after water-miscible solvent incubation,p-nitrophenyl palmitate,same_figure_no_solvent_control,yes,yes,Candida rugosa recombinant nfLIP2 lipase with additional N-terminal peptide,1,EVID_LIT_002380,30,1
WEBR1_PROTOCOL_0491,LMT_0299,literature,10.1186/s13068-024-02478-5,ASSAY_P1A_B10_03_F5C_MEOH_CONC_1H,25,methanol preincubation solution,8.5,1 mg/ml,one_shot,colorimetric pNPP activity assay,p-nitrophenyl palmitate,same-paper 0% methanol/control point in Fig,yes,yes,Thermomyces lanuginosus lipase M21,10,EVID_LIT_000568;EVID_LIT_000569;EVID_LIT_000570;EVID_LIT_000571;EVID_LIT_000572;EVID_LIT_000573;EVID_LIT_000574;EVID_LIT_000575;EVID_LIT_000576;EVID_LIT_000577,0;10;20;30;40;50;60;70;80;90,1
WEBR1_PROTOCOL_0492,LMT_0319,literature,10.1016/j.bcab.2014.11.007,ASSAY_P1A_B17_02_FIG3A_MEOH10_1H_30C,30,50 mM Tris-HCl,8.0,not_reported,one_shot,spectrophotometric p-NPP hydrolysis assay at 410 nm,p-nitrophenyl palmitate (p-NPP),same-paper no-solvent control defined as 100% residual activity,not_reported,yes,Streptomyces sp. OC119-7 lipase,1,EVID_LIT_001262,10,1
WEBR1_PROTOCOL_0493,LMT_0319,literature,10.1016/j.bcab.2014.11.007,ASSAY_P1A_B17_02_FIG3A_MEOH15_1H_30C,30,50 mM Tris-HCl,8.0,not_reported,one_shot,spectrophotometric p-NPP hydrolysis assay at 410 nm,p-nitrophenyl palmitate (p-NPP),same-paper no-solvent control defined as 100% residual activity,not_reported,yes,Streptomyces sp. OC119-7 lipase,1,EVID_LIT_001263,15,1
WEBR1_PROTOCOL_0494,LMT_0319,literature,10.1016/j.bcab.2014.11.007,ASSAY_P1A_B17_02_FIG3A_MEOH25_1H_30C,30,50 mM Tris-HCl,8.0,not_reported,one_shot,spectrophotometric p-NPP hydrolysis assay at 410 nm,p-nitrophenyl palmitate (p-NPP),same-paper no-solvent control defined as 100% residual activity,not_reported,yes,Streptomyces sp. OC119-7 lipase,1,EVID_LIT_001264,25,1
WEBR1_PROTOCOL_0495,LMT_0319,literature,10.1016/j.bcab.2014.11.007,ASSAY_P1A_B17_02_FIG3A_MEOH2P5_1H_30C,30,50 mM Tris-HCl,8.0,not_reported,one_shot,spectrophotometric p-NPP hydrolysis assay at 410 nm,p-nitrophenyl palmitate (p-NPP),same-paper no-solvent control defined as 100% residual activity,not_reported,yes,Streptomyces sp. OC119-7 lipase,1,EVID_LIT_001260,2.5,1
WEBR1_PROTOCOL_0496,LMT_0319,literature,10.1016/j.bcab.2014.11.007,ASSAY_P1A_B17_02_FIG3A_MEOH5_1H_30C,30,50 mM Tris-HCl,8.0,not_reported,one_shot,spectrophotometric p-NPP hydrolysis assay at 410 nm,p-nitrophenyl palmitate (p-NPP),same-paper no-solvent control defined as 100% residual activity,not_reported,yes,Streptomyces sp. OC119-7 lipase,1,EVID_LIT_001261,5,1
WEBR1_PROTOCOL_0497,LMT_0319,literature,10.1016/j.bcab.2014.11.007,ASSAY_P1A_B17_02_FIG3B_MEOH50_12H_50C,50,50 mM Tris-HCl,8.0,not_reported,one_shot,spectrophotometric p-NPP hydrolysis assay at 410 nm,p-nitrophenyl palmitate (p-NPP),same-paper no-solvent control defined as 100% residual activity,not_reported,yes,Streptomyces sp. OC119-7 lipase,1,EVID_LIT_001266,50,12
WEBR1_PROTOCOL_0498,LMT_0319,literature,10.1016/j.bcab.2014.11.007,ASSAY_P1A_B17_02_FIG3B_MEOH50_1H_50C,50,50 mM Tris-HCl,8.0,not_reported,one_shot,spectrophotometric p-NPP hydrolysis assay at 410 nm,p-nitrophenyl palmitate (p-NPP),same-paper no-solvent control defined as 100% residual activity,not_reported,yes,Streptomyces sp. OC119-7 lipase,1,EVID_LIT_001265,50,1
WEBR1_PROTOCOL_0499,LMT_0319,literature,10.1016/j.bcab.2014.11.007,ASSAY_P1A_B17_02_FIG3B_MEOH50_24H_50C,50,50 mM Tris-HCl,8.0,not_reported,one_shot,spectrophotometric p-NPP hydrolysis assay at 410 nm,p-nitrophenyl palmitate (p-NPP),same-paper no-solvent control defined as 100% residual activity,not_reported,yes,Streptomyces sp. OC119-7 lipase,1,EVID_LIT_001267,50,24
WEBR1_PROTOCOL_0500,LMT_0319,literature,10.1016/j.bcab.2014.11.007,ASSAY_P1A_B17_02_FIG3B_MEOH50_36H_50C,50,50 mM Tris-HCl,8.0,not_reported,one_shot,spectrophotometric p-NPP hydrolysis assay at 410 nm,p-nitrophenyl palmitate (p-NPP),same-paper no-solvent control defined as 100% residual activity,not_reported,yes,Streptomyces sp. OC119-7 lipase,1,EVID_LIT_001268,50,36
WEBR1_PROTOCOL_0501,LMT_0319,literature,10.1016/j.bcab.2014.11.007,ASSAY_P1A_B17_02_FIG3B_MEOH50_48H_50C,50,50 mM Tris-HCl,8.0,not_reported,one_shot,spectrophotometric p-NPP hydrolysis assay at 410 nm,p-nitrophenyl palmitate (p-NPP),same-paper no-solvent control defined as 100% residual activity,not_reported,yes,Streptomyces sp. OC119-7 lipase,1,EVID_LIT_001269,50,48
WEBR1_PROTOCOL_0502,LMT_0319,literature,10.1016/j.bcab.2014.11.007,ASSAY_P1A_B17_02_FIG3B_MEOH50_60H_50C,50,50 mM Tris-HCl,8.0,not_reported,one_shot,spectrophotometric p-NPP hydrolysis assay at 410 nm,p-nitrophenyl palmitate (p-NPP),same-paper no-solvent control defined as 100% residual activity,not_reported,yes,Streptomyces sp. OC119-7 lipase,1,EVID_LIT_001270,50,60
WEBR1_PROTOCOL_0503,LMT_0319,literature,10.1016/j.bcab.2014.11.007,ASSAY_P1A_B17_02_TABLE3_MEOH50_1H_30C,30,50 mM Tris-HCl,8.0,not_reported,one_shot,spectrophotometric p-NPP hydrolysis assay at 410 nm,p-nitrophenyl palmitate (p-NPP),same-paper no-solvent control defined as 100% residual activity,not_reported,yes,Streptomyces sp. OC119-7 lipase,1,EVID_LIT_001258,50,1
WEBR1_PROTOCOL_0504,LMT_0319,literature,10.1016/j.bcab.2014.11.007,ASSAY_P1A_B17_02_TABLE3_MEOH50_24H_30C,30,50 mM Tris-HCl,8.0,not_reported,one_shot,spectrophotometric p-NPP hydrolysis assay at 410 nm,p-nitrophenyl palmitate (p-NPP),same-paper no-solvent control defined as 100% residual activity,not_reported,yes,Streptomyces sp. OC119-7 lipase,1,EVID_LIT_001259,50,24
WEBR1_PROTOCOL_0505,LMT_0339,literature,10.1007/s10529-022-03284-5,ASSAY_P1A_B25_04_001,28,not_reported,not_reported,not_reported,one_shot,p-NPP microplate assay at 410 nm,p-nitrophenyl palmitate,same_paper,yes,yes,Listeria monocytogenes D5 extracellular lipase activity,1,EVID_LIT_001345,30,24
WEBR1_PROTOCOL_0506,LMT_0436,patent,WO2023282853A2,PAT_ASSAY_WO2023282853_T2C_RESORUFIN_MEOH_TOLERANCE,25,20 mM Tris pH 8 containing matched 0-40% methanol,8,not_reported,one_shot,resorufin lipase substrate fluorescence assay after 1 h methanol preincubation,resorufin lipase substrate,same_table_0pct_normalized_baseline,yes,yes,T1.2-like lipase SEQ ID NO:5,5,EVID_PAT_000301;EVID_PAT_000302;EVID_PAT_000303;EVID_PAT_000304;EVID_PAT_000305,0;10;20;30;40,1
WEBR1_PROTOCOL_0507,LMT_0443,patent,WO2023282853A2,PAT_ASSAY_WO2023282853_T2C_RESORUFIN_MEOH_TOLERANCE,25,20 mM Tris pH 8 containing matched 0-40% methanol,8,not_reported,one_shot,resorufin lipase substrate fluorescence assay after 1 h methanol preincubation,resorufin lipase substrate,same_table_0pct_normalized_baseline,yes,yes,T1.2-like lipase SEQ ID NO:53,5,EVID_PAT_000086;EVID_PAT_000087;EVID_PAT_000088;EVID_PAT_000089;EVID_PAT_000090,0;10;20;30;40,1
WEBR1_PROTOCOL_0508,LMT_0446,patent,WO2023282853A2,PAT_ASSAY_WO2023282853_T2C_RESORUFIN_MEOH_TOLERANCE,25,20 mM Tris pH 8 containing matched 0-40% methanol,8,not_reported,one_shot,resorufin lipase substrate fluorescence assay after 1 h methanol preincubation,resorufin lipase substrate,same_table_0pct_normalized_baseline,yes,yes,T1.2-like lipase SEQ ID NO:96,5,EVID_PAT_000221;EVID_PAT_000222;EVID_PAT_000223;EVID_PAT_000224;EVID_PAT_000225,0;10;20;30;40,1
WEBR1_PROTOCOL_0509,LMT_0458,literature,SM-025,S8A_SM025_001,4,not_reported,not_reported,not_reported,10% v/v methanol preincubation,residual lipase activity after methanol preincubation,not_reported,same experiment untreated/control activity reported as 100%,yes,yes,Malassezia globosa SMG1 WT lipase,1,EVID_LIT_002481,10,8
WEBR1_PROTOCOL_0510,LMT_0460,literature,SM-025,S8A_SM025_002,4,not_reported,not_reported,not_reported,10% v/v methanol preincubation,residual lipase activity after methanol preincubation,not_reported,same experiment untreated/control activity reported as 100%,yes,yes,Malassezia globosa SMG1 M5DL mutant,1,EVID_LIT_002482,10,8
WEBR1_PROTOCOL_0511,LMT_0467,literature,10.1186/s13068-024-02478-5,ASSAY_P1A_B10_03_F5C_MEOH_CONC_1H,25,methanol preincubation solution,8.5,1 mg/ml,one_shot,colorimetric pNPP activity assay,p-nitrophenyl palmitate,same-paper 0% methanol/control point in Fig,yes,yes,Thermomyces lanuginosus lipase M11,10,EVID_LIT_000558;EVID_LIT_000559;EVID_LIT_000560;EVID_LIT_000561;EVID_LIT_000562;EVID_LIT_000563;EVID_LIT_000564;EVID_LIT_000565;EVID_LIT_000566;EVID_LIT_000567,0;10;20;30;40;50;60;70;80;90,1
WEBR1_PROTOCOL_0512,LMT_0469,literature,10.1002/bab.1381,ASSAY_P1A_LU38_02_ALA1_TABLE2_SOLVENT_STABILITY,37,cell-free crude supernatant,not_reported,not_reported,one_shot,pH-stat/titrimetric tributyrin hydrolysis assay after organic-solvent incubation,tributyrin,same-paper non-solvent control in Table 2,yes,yes,Staphylococcus aureus ALA1 crude extracellular lipase,2,EVID_LIT_002374;EVID_LIT_002375,25;50,0.5
WEBR1_PROTOCOL_0513,LMT_0482,patent,CN103184160A,PAT_ASSAY_CN103184160A_FIG2_MEOH_24H,4,purified lipase solution in 20-50 mM Tris-HCl pH 7.0-8.5 before solvent addition,7.0-8.5,not_reported,one_shot,p-nitrophenyl palmitate (pNPP) hydrolysis assay; pNP absorbance at 405-410 nm,p-nitrophenyl palmitate (p-NPP),same Figure 2 0% no-solvent control,yes,yes,Cladosporium sp. WBRD3 organic-solvent-tolerant lipase,9,EVID_PAT_000704;EVID_PAT_000705;EVID_PAT_000706;EVID_PAT_000707;EVID_PAT_000708;EVID_PAT_000709;EVID_PAT_000710;EVID_PAT_000711;EVID_PAT_000712,10;20;30;40;50;60;70;80;90,24
WEBR1_PROTOCOL_0514,LMT_0482,patent,CN103865941B,PAT_ASSAY_CN103865941B_FIG6_MEOH_22H,4-8,Example 5 purified enzyme solution stored in 20 mM Tris-HCl pH 7.5; methanol mixed to target v/v; exact final buffer composition not_reported,not_reported,79 units/ml,one_shot,pNPP lipase activity assay,p-NPP (p-nitrophenyl palmitate),same_patent_no_methanol_control,yes,yes,Lipcs mature lipase (mlipcs) recombinant purified enzyme,11,EVID_PAT_000713;EVID_PAT_000714;EVID_PAT_000715;EVID_PAT_000716;EVID_PAT_000717;EVID_PAT_000718;EVID_PAT_000719;EVID_PAT_000720;EVID_PAT_000721;EVID_PAT_000722;EVID_PAT_000723,15;25;35;45;50;55;60;65;75;85;95,22
WEBR1_PROTOCOL_0515,LMT_0482,patent,CN103865941B,PAT_ASSAY_CN103865941B_FIG7_25MEOH_18H,4-8,300 uL Example 5 purified enzyme solution plus 100 uL methanol; exact buffer composition not_reported,not_reported,79 units/ml,one_shot,pNPP lipase activity assay,p-NPP (p-nitrophenyl palmitate),same_patent_no_methanol_control,yes,yes,Lipcs mature lipase (mlipcs) recombinant purified enzyme,1,EVID_PAT_000724,25,18
WEBR1_PROTOCOL_0516,LMT_0483,patent,CN115369099B,PAT_ASSAY_CN115369099_FIGURE4_FULL,not_reported,not_reported,not_reported,not_reported,one_shot,PNPP/pNPP method mentioned in Example 2,p-nitrophenyl palmitate (PNPP),same_patent_WT_or_variant_before_methanol_treatment,yes,yes,Rhizomucor miehei lipase L242N,9,EVID_PAT_000649;EVID_PAT_000650;EVID_PAT_000651;EVID_PAT_000652;EVID_PAT_000653;EVID_PAT_000654;EVID_PAT_000655;EVID_PAT_000656;EVID_PAT_000657,10;20;30;40;50;60;70;80;90,1
WEBR1_PROTOCOL_0517,LMT_0483,patent,CN115369099B,PAT_ASSAY_CN115369099_FIGURE5_FULL,not_reported,not_reported,not_reported,not_reported,one_shot,PNPP/pNPP method mentioned in Example 2,p-nitrophenyl palmitate (PNPP),same_patent_WT_or_variant_before_methanol_treatment,yes,yes,Rhizomucor miehei lipase L242N,5,EVID_PAT_000686;EVID_PAT_000687;EVID_PAT_000688;EVID_PAT_000689;EVID_PAT_000690,50,0.5;1;2.5;6;8
WEBR1_PROTOCOL_0518,LMT_0484,patent,CN115369099B,PAT_ASSAY_CN115369099_FIGURE4_FULL,not_reported,not_reported,not_reported,not_reported,one_shot,PNPP/pNPP method mentioned in Example 2,p-nitrophenyl palmitate (PNPP),same_patent_WT_or_variant_before_methanol_treatment,yes,yes,Rhizomucor miehei lipase P167N,9,EVID_PAT_000640;EVID_PAT_000641;EVID_PAT_000642;EVID_PAT_000643;EVID_PAT_000644;EVID_PAT_000645;EVID_PAT_000646;EVID_PAT_000647;EVID_PAT_000648,10;20;30;40;50;60;70;80;90,1
WEBR1_PROTOCOL_0519,LMT_0484,patent,CN115369099B,PAT_ASSAY_CN115369099_FIGURE5_FULL,not_reported,not_reported,not_reported,not_reported,one_shot,PNPP/pNPP method mentioned in Example 2,p-nitrophenyl palmitate (PNPP),same_patent_WT_or_variant_before_methanol_treatment,yes,yes,Rhizomucor miehei lipase P167N,5,EVID_PAT_000681;EVID_PAT_000682;EVID_PAT_000683;EVID_PAT_000684;EVID_PAT_000685,50,0.5;1;2.5;6;8
WEBR1_PROTOCOL_0520,LMT_0485,patent,CN115369099B,PAT_ASSAY_CN115369099_FIGURE4_FULL,not_reported,not_reported,not_reported,not_reported,one_shot,PNPP/pNPP method mentioned in Example 2,p-nitrophenyl palmitate (PNPP),same_patent_WT_or_variant_before_methanol_treatment,yes,yes,Rhizomucor miehei lipase P300N,9,EVID_PAT_000667;EVID_PAT_000668;EVID_PAT_000669;EVID_PAT_000670;EVID_PAT_000671;EVID_PAT_000672;EVID_PAT_000673;EVID_PAT_000674;EVID_PAT_000675,10;20;30;40;50;60;70;80;90,1
WEBR1_PROTOCOL_0521,LMT_0485,patent,CN115369099B,PAT_ASSAY_CN115369099_FIGURE5_FULL,not_reported,not_reported,not_reported,not_reported,one_shot,PNPP/pNPP method mentioned in Example 2,p-nitrophenyl palmitate (PNPP),same_patent_WT_or_variant_before_methanol_treatment,yes,yes,Rhizomucor miehei lipase P300N,5,EVID_PAT_000696;EVID_PAT_000697;EVID_PAT_000698;EVID_PAT_000699;EVID_PAT_000700,50,0.5;1;2.5;6;8
WEBR1_PROTOCOL_0522,LMT_0486,patent,CN115369099B,PAT_ASSAY_CN115369099_FIGURE4_FULL,not_reported,not_reported,not_reported,not_reported,one_shot,PNPP/pNPP method mentioned in Example 2,p-nitrophenyl palmitate (PNPP),same_patent_WT_or_variant_before_methanol_treatment,yes,yes,Rhizomucor miehei lipase R267N,9,EVID_PAT_000658;EVID_PAT_000659;EVID_PAT_000660;EVID_PAT_000661;EVID_PAT_000662;EVID_PAT_000663;EVID_PAT_000664;EVID_PAT_000665;EVID_PAT_000666,10;20;30;40;50;60;70;80;90,1
WEBR1_PROTOCOL_0523,LMT_0486,patent,CN115369099B,PAT_ASSAY_CN115369099_FIGURE5_FULL,not_reported,not_reported,not_reported,not_reported,one_shot,PNPP/pNPP method mentioned in Example 2,p-nitrophenyl palmitate (PNPP),same_patent_WT_or_variant_before_methanol_treatment,yes,yes,Rhizomucor miehei lipase R267N,5,EVID_PAT_000691;EVID_PAT_000692;EVID_PAT_000693;EVID_PAT_000694;EVID_PAT_000695,50,0.5;1;2.5;6;8
WEBR1_PROTOCOL_0524,LMT_0487,patent,CN108251400B,PAT_ASSAY_CN108251400B_EX4_T3_50MEOH,30,"concentrated enzyme liquid buffer-exchanged into 50 mM sodium citrate pH 6.5, then mixed 1:1 with anhydrous methanol",6.5,not_reported,one_shot,p-nitrophenyl palmitate hydrolysis assay after methanol treatment; reaction at 40 C for 10 min,p-nitrophenyl palmitate,same_patent_untreated_enzyme_liquid,yes,yes,Candida antarctica lipase B CalB-G I222V/I285T,3,EVID_PAT_000538;EVID_PAT_000539;EVID_PAT_000540,50,1;2;3
WEBR1_PROTOCOL_0525,LMT_0488,patent,CN108251400B,PAT_ASSAY_CN108251400B_EX4_T3_50MEOH,30,"concentrated enzyme liquid buffer-exchanged into 50 mM sodium citrate pH 6.5, then mixed 1:1 with anhydrous methanol",6.5,not_reported,one_shot,p-nitrophenyl palmitate hydrolysis assay after methanol treatment; reaction at 40 C for 10 min,p-nitrophenyl palmitate,same_patent_untreated_enzyme_liquid,yes,yes,Candida antarctica lipase B CalB-3 S150T/Q291L,3,EVID_PAT_000535;EVID_PAT_000536;EVID_PAT_000537,50,1;2;3
WEBR1_PROTOCOL_0526,LMT_0489,patent,WO2011067349A1,PAT_ASSAY_WO2011067349_EX4_T4,47,50 mM Tris-Acetate buffer with 0% or 50% v/v absolute methanol,7.0,0.5 mg/ml,one_shot,pNPB hydrolysis absorbance assay,p-nitrophenyl butyrate (pNPB),same_patent_before_methanol_incubation,yes,yes,Candida antarctica lipase B G41A,1,EVID_PAT_000602,50,0.333333
WEBR1_PROTOCOL_0527,LMT_0490,patent,WO2011067349A1,PAT_ASSAY_WO2011067349_EX4_T4,47,50 mM Tris-Acetate buffer with 0% or 50% v/v absolute methanol,7.0,0.5 mg/ml,one_shot,pNPB hydrolysis absorbance assay,p-nitrophenyl butyrate (pNPB),same_patent_before_methanol_incubation,yes,yes,Candida antarctica lipase B T103G,1,EVID_PAT_000603,50,0.333333
WEBR1_PROTOCOL_0528,LMT_0491,patent,WO2011067349A1,PAT_ASSAY_WO2011067349_EX4_T4,47,50 mM Tris-Acetate buffer with 0% or 50% v/v absolute methanol,7.0,0.5 mg/ml,one_shot,pNPB hydrolysis absorbance assay,p-nitrophenyl butyrate (pNPB),same_patent_before_methanol_incubation,yes,yes,Candida antarctica lipase B M83L,1,EVID_PAT_000604,50,0.333333
WEBR1_PROTOCOL_0529,LMT_0492,patent,WO2011067349A1,PAT_ASSAY_WO2011067349_EX4_T4,47,50 mM Tris-Acetate buffer with 0% or 50% v/v absolute methanol,7.0,0.5 mg/ml,one_shot,pNPB hydrolysis absorbance assay,p-nitrophenyl butyrate (pNPB),same_patent_before_methanol_incubation,yes,yes,Candida antarctica lipase B M129L,1,EVID_PAT_000605,50,0.333333
WEBR1_PROTOCOL_0530,LMT_0493,patent,WO2011067349A1,PAT_ASSAY_WO2011067349_EX4_T4,47,50 mM Tris-Acetate buffer with 0% or 50% v/v absolute methanol,7.0,0.5 mg/ml,one_shot,pNPB hydrolysis absorbance assay,p-nitrophenyl butyrate (pNPB),same_patent_before_methanol_incubation,yes,yes,Candida antarctica lipase B A148P,1,EVID_PAT_000606,50,0.333333
WEBR1_PROTOCOL_0531,LMT_0494,patent,WO2011067349A1,PAT_ASSAY_WO2011067349_EX4_T4,47,50 mM Tris-Acetate buffer with 0% or 50% v/v absolute methanol,7.0,0.5 mg/ml,one_shot,pNPB hydrolysis absorbance assay,p-nitrophenyl butyrate (pNPB),same_patent_before_methanol_incubation,yes,yes,Candida antarctica lipase B S197G,1,EVID_PAT_000607,50,0.333333
WEBR1_PROTOCOL_0532,LMT_0495,patent,WO2011067349A1,PAT_ASSAY_WO2011067349_EX4_T4,47,50 mM Tris-Acetate buffer with 0% or 50% v/v absolute methanol,7.0,0.5 mg/ml,one_shot,pNPB hydrolysis absorbance assay,p-nitrophenyl butyrate (pNPB),same_patent_before_methanol_incubation,yes,yes,Candida antarctica lipase B G207A,1,EVID_PAT_000608,50,0.333333
WEBR1_PROTOCOL_0533,LMT_0496,patent,WO2011067349A1,PAT_ASSAY_WO2011067349_EX4_T4,47,50 mM Tris-Acetate buffer with 0% or 50% v/v absolute methanol,7.0,0.5 mg/ml,one_shot,pNPB hydrolysis absorbance assay,p-nitrophenyl butyrate (pNPB),same_patent_before_methanol_incubation,yes,yes,Candida antarctica lipase B P303K,1,EVID_PAT_000609,50,0.333333
WEBR1_PROTOCOL_0534,LMT_0497,patent,WO2011067349A1,PAT_ASSAY_WO2011067349_EX4_T4,47,50 mM Tris-Acetate buffer with 0% or 50% v/v absolute methanol,7.0,0.5 mg/ml,one_shot,pNPB hydrolysis absorbance assay,p-nitrophenyl butyrate (pNPB),same_patent_before_methanol_incubation,yes,yes,Candida antarctica lipase B G44A,1,EVID_PAT_000610,50,0.333333
WEBR1_PROTOCOL_0535,LMT_0498,patent,WO2011067349A1,PAT_ASSAY_WO2011067349_EX4_T4,47,50 mM Tris-Acetate buffer with 0% or 50% v/v absolute methanol,7.0,0.5 mg/ml,one_shot,pNPB hydrolysis absorbance assay,p-nitrophenyl butyrate (pNPB),same_patent_before_methanol_incubation,yes,yes,Candida antarctica lipase B T174N,1,EVID_PAT_000611,50,0.333333
WEBR1_PROTOCOL_0536,LMT_0499,patent,WO2011067349A1,PAT_ASSAY_WO2011067349_EX4_T4,47,50 mM Tris-Acetate buffer with 0% or 50% v/v absolute methanol,7.0,0.5 mg/ml,one_shot,pNPB hydrolysis absorbance assay,p-nitrophenyl butyrate (pNPB),same_patent_before_methanol_incubation,yes,yes,Candida antarctica lipase B S31R,1,EVID_PAT_000612,50,0.333333
WEBR1_PROTOCOL_0537,LMT_0500,patent,WO2011067349A1,PAT_ASSAY_WO2011067349_EX4_T4,47,50 mM Tris-Acetate buffer with 0% or 50% v/v absolute methanol,7.0,0.5 mg/ml,one_shot,pNPB hydrolysis absorbance assay,p-nitrophenyl butyrate (pNPB),same_patent_before_methanol_incubation,yes,yes,Candida antarctica lipase B T244P,1,EVID_PAT_000613,50,0.333333
WEBR1_PROTOCOL_0538,LMT_0501,patent,WO2011067349A1,PAT_ASSAY_WO2011067349_EX4_T4,47,50 mM Tris-Acetate buffer with 0% or 50% v/v absolute methanol,7.0,0.5 mg/ml,one_shot,pNPB hydrolysis absorbance assay,p-nitrophenyl butyrate (pNPB),same_patent_before_methanol_incubation,yes,yes,Candida antarctica lipase B G114A,1,EVID_PAT_000614,50,0.333333
WEBR1_PROTOCOL_0539,LMT_0502,patent,WO2011067349A1,PAT_ASSAY_WO2011067349_EX4_T4,47,50 mM Tris-Acetate buffer with 0% or 50% v/v absolute methanol,7.0,0.5 mg/ml,one_shot,pNPB hydrolysis absorbance assay,p-nitrophenyl butyrate (pNPB),same_patent_before_methanol_incubation,yes,yes,Candida antarctica lipase B A284N,1,EVID_PAT_000615,50,0.333333
WEBR1_PROTOCOL_0540,LMT_0503,patent,WO2011067349A1,PAT_ASSAY_WO2011067349_EX4_T4,47,50 mM Tris-Acetate buffer with 0% or 50% v/v absolute methanol,7.0,0.5 mg/ml,one_shot,pNPB hydrolysis absorbance assay,p-nitrophenyl butyrate (pNPB),same_patent_before_methanol_incubation,yes,yes,Candida antarctica lipase B V315I,1,EVID_PAT_000616,50,0.333333
WEBR1_PROTOCOL_0541,LMT_0504,patent,WO2011067349A1,PAT_ASSAY_WO2011067349_EX4_T4,47,50 mM Tris-Acetate buffer with 0% or 50% v/v absolute methanol,7.0,0.5 mg/ml,one_shot,pNPB hydrolysis absorbance assay,p-nitrophenyl butyrate (pNPB),same_patent_before_methanol_incubation,yes,yes,Candida antarctica lipase B D223G,1,EVID_PAT_000617,50,0.333333
WEBR1_PROTOCOL_0542,LMT_0505,patent,WO2011067349A1,PAT_ASSAY_WO2011067349_EX4_T4,47,50 mM Tris-Acetate buffer with 0% or 50% v/v absolute methanol,7.0,0.5 mg/ml,one_shot,pNPB hydrolysis absorbance assay,p-nitrophenyl butyrate (pNPB),same_patent_before_methanol_incubation,yes,yes,Candida antarctica lipase B A263P,1,EVID_PAT_000618,50,0.333333
WEBR1_PROTOCOL_0543,LMT_0506,patent,WO2011067349A1,PAT_ASSAY_WO2011067349_EX4_T4,47,50 mM Tris-Acetate buffer with 0% or 50% v/v absolute methanol,7.0,0.5 mg/ml,one_shot,pNPB hydrolysis absorbance assay,p-nitrophenyl butyrate (pNPB),same_patent_before_methanol_incubation,yes,yes,Candida antarctica lipase B S250R,1,EVID_PAT_000619,50,0.333333
WEBR1_PROTOCOL_0544,LMT_0507,patent,WO2011067349A1,PAT_ASSAY_WO2011067349_EX4_T4,47,50 mM Tris-Acetate buffer with 0% or 50% v/v absolute methanol,7.0,0.5 mg/ml,one_shot,pNPB hydrolysis absorbance assay,p-nitrophenyl butyrate (pNPB),same_patent_before_methanol_incubation,yes,yes,Candida antarctica lipase B G41A/M129L/A148P/S197G/G207A/D223G,1,EVID_PAT_000620,50,0.333333
WEBR1_PROTOCOL_0545,LMT_0508,patent,WO2011067349A1,PAT_ASSAY_WO2011067349_EX4_T4,47,50 mM Tris-Acetate buffer with 0% or 50% v/v absolute methanol,7.0,0.5 mg/ml,one_shot,pNPB hydrolysis absorbance assay,p-nitrophenyl butyrate (pNPB),same_patent_before_methanol_incubation,yes,yes,Candida antarctica lipase B T103G/M129L/G207A/D223G,1,EVID_PAT_000621,50,0.333333
WEBR1_PROTOCOL_0546,LMT_0509,patent,WO2011067349A1,PAT_ASSAY_WO2011067349_EX4_T4,47,50 mM Tris-Acetate buffer with 0% or 50% v/v absolute methanol,7.0,0.5 mg/ml,one_shot,pNPB hydrolysis absorbance assay,p-nitrophenyl butyrate (pNPB),same_patent_before_methanol_incubation,yes,yes,Candida antarctica lipase B M83L/T103G/M129L/G207A/D223G/A263P,1,EVID_PAT_000622,50,0.333333
WEBR1_PROTOCOL_0547,LMT_0510,patent,WO2011067349A1,PAT_ASSAY_WO2011067349_EX4_T4,47,50 mM Tris-Acetate buffer with 0% or 50% v/v absolute methanol,7.0,0.5 mg/ml,one_shot,pNPB hydrolysis absorbance assay,p-nitrophenyl butyrate (pNPB),same_patent_before_methanol_incubation,yes,yes,Candida antarctica lipase B M83L/T103G/M129L/D223G,1,EVID_PAT_000623,50,0.333333
WEBR1_PROTOCOL_0548,LMT_0511,patent,WO2011067349A1,PAT_ASSAY_WO2011067349_EX4_T4,47,50 mM Tris-Acetate buffer with 0% or 50% v/v absolute methanol,7.0,0.5 mg/ml,one_shot,pNPB hydrolysis absorbance assay,p-nitrophenyl butyrate (pNPB),same_patent_before_methanol_incubation,yes,yes,Candida antarctica lipase B T103G/A148P/S197G/G207A,1,EVID_PAT_000624,50,0.333333
WEBR1_PROTOCOL_0549,LMT_0512,patent,WO2011067349A1,PAT_ASSAY_WO2011067349_EX4_T4,47,50 mM Tris-Acetate buffer with 0% or 50% v/v absolute methanol,7.0,0.5 mg/ml,one_shot,pNPB hydrolysis absorbance assay,p-nitrophenyl butyrate (pNPB),same_patent_before_methanol_incubation,yes,yes,Candida antarctica lipase B M83L/T103G/M129L/G207A/D223G/S250R,1,EVID_PAT_000625,50,0.333333
WEBR1_PROTOCOL_0550,LMT_0513,patent,WO2011067349A1,PAT_ASSAY_WO2011067349_EX4_T4,47,50 mM Tris-Acetate buffer with 0% or 50% v/v absolute methanol,7.0,0.5 mg/ml,one_shot,pNPB hydrolysis absorbance assay,p-nitrophenyl butyrate (pNPB),same_patent_before_methanol_incubation,yes,yes,Candida antarctica lipase B T103G/M129L/G207A,1,EVID_PAT_000626,50,0.333333
WEBR1_PROTOCOL_0551,LMT_0514,patent,WO2011067349A1,PAT_ASSAY_WO2011067349_EX4_T4,47,50 mM Tris-Acetate buffer with 0% or 50% v/v absolute methanol,7.0,0.5 mg/ml,one_shot,pNPB hydrolysis absorbance assay,p-nitrophenyl butyrate (pNPB),same_patent_before_methanol_incubation,yes,yes,Candida antarctica lipase B T103G/M129L/G207A/P303K,1,EVID_PAT_000627,50,0.333333
WEBR1_PROTOCOL_0552,LMT_0515,patent,WO2011067349A1,PAT_ASSAY_WO2011067349_EX4_T4,47,50 mM Tris-Acetate buffer with 0% or 50% v/v absolute methanol,7.0,0.5 mg/ml,one_shot,pNPB hydrolysis absorbance assay,p-nitrophenyl butyrate (pNPB),same_patent_before_methanol_incubation,yes,yes,Candida antarctica lipase B G44A/M83L/T103G/M129L/G207A/D223G,1,EVID_PAT_000628,50,0.333333
WEBR1_PROTOCOL_0553,LMT_0516,patent,WO2011067349A1,PAT_ASSAY_WO2011067349_EX4_T4,47,50 mM Tris-Acetate buffer with 0% or 50% v/v absolute methanol,7.0,0.5 mg/ml,one_shot,pNPB hydrolysis absorbance assay,p-nitrophenyl butyrate (pNPB),same_patent_before_methanol_incubation,yes,yes,Candida antarctica lipase B T103G/M129L/T174N/P303K,1,EVID_PAT_000629,50,0.333333
WEBR1_PROTOCOL_0554,LMT_0517,patent,WO2011067349A1,PAT_ASSAY_WO2011067349_EX4_T4,47,50 mM Tris-Acetate buffer with 0% or 50% v/v absolute methanol,7.0,0.5 mg/ml,one_shot,pNPB hydrolysis absorbance assay,p-nitrophenyl butyrate (pNPB),same_patent_before_methanol_incubation,yes,yes,Candida antarctica lipase B S31R/M83L/T103G/M129L/G207A/D223G,1,EVID_PAT_000630,50,0.333333
WEBR1_PROTOCOL_0555,LMT_0518,patent,WO2011067349A1,PAT_ASSAY_WO2011067349_EX4_T4,47,50 mM Tris-Acetate buffer with 0% or 50% v/v absolute methanol,7.0,0.5 mg/ml,one_shot,pNPB hydrolysis absorbance assay,p-nitrophenyl butyrate (pNPB),same_patent_before_methanol_incubation,yes,yes,Candida antarctica lipase B S197G/G207A/D223G/T244P/A284N/P303K/V315I,1,EVID_PAT_000631,50,0.333333
WEBR1_PROTOCOL_0556,LMT_0519,patent,WO2011067349A1,PAT_ASSAY_WO2011067349_EX4_T4,47,50 mM Tris-Acetate buffer with 0% or 50% v/v absolute methanol,7.0,0.5 mg/ml,one_shot,pNPB hydrolysis absorbance assay,p-nitrophenyl butyrate (pNPB),same_patent_before_methanol_incubation,yes,yes,Candida antarctica lipase B T103G/M129L/G207A/D223G/P303K,1,EVID_PAT_000632,50,0.333333
WEBR1_PROTOCOL_0557,LMT_0520,patent,WO2011067349A1,PAT_ASSAY_WO2011067349_EX4_T4,47,50 mM Tris-Acetate buffer with 0% or 50% v/v absolute methanol,7.0,0.5 mg/ml,one_shot,pNPB hydrolysis absorbance assay,p-nitrophenyl butyrate (pNPB),same_patent_before_methanol_incubation,yes,yes,Candida antarctica lipase B M83L/T103G/G114A/M129L/G207A/D223G,1,EVID_PAT_000633,50,0.333333
WEBR1_PROTOCOL_0558,LMT_0521,patent,CN117887688A,PAT_ASSAY_CN117887688_EX4_60MEOH_24H,50,crude enzyme liquid plus methanol; buffer composition not_reported,not_reported,not_reported,one_shot,pNPP hydrolysis assay; 50 C water bath 10 min; acetone stop; pNP standard curve,p-nitrophenyl palmitate (pNPP),same_patent_0h_before_methanol_treatment,yes,yes,TLL291/A113G/L74N lipase mutant crude enzyme,1,EVID_PAT_000703,60,24
WEBR1_PROTOCOL_0559,LMT_0522,patent,CN119082082B,PAT_ASSAY_CN119082082_FIG7_10MEOH_1H,not_reported,10% methanol buffer system; buffer composition not_reported,not_reported,not_reported,one_shot,lipase activity assay under each enzyme's optimum temperature and pH; exact substrate not extracted,not_reported,same_patent_before_methanol_incubation,yes,yes,Thermomyces lanuginosus lipase TLL-NDTQ,1,EVID_PAT_000702,10,1
WEBR1_PROTOCOL_0560,LMT_0523,patent,WO2023282853A2,PAT_ASSAY_WO2023282853_T2C_RESORUFIN_MEOH_TOLERANCE,25,20 mM Tris pH 8 containing matched 0-40% methanol,8,not_reported,one_shot,resorufin lipase substrate fluorescence assay after 1 h methanol preincubation,resorufin lipase substrate,same_table_0pct_normalized_baseline,yes,yes,T1.2-like lipase SEQ ID NO:1,5,EVID_PAT_000001;EVID_PAT_000002;EVID_PAT_000003;EVID_PAT_000004;EVID_PAT_000005,0;10;20;30;40,1
WEBR1_PROTOCOL_0561,LMT_0524,patent,WO2023282853A2,PAT_ASSAY_WO2023282853_T2C_RESORUFIN_MEOH_TOLERANCE,25,20 mM Tris pH 8 containing matched 0-40% methanol,8,not_reported,one_shot,resorufin lipase substrate fluorescence assay after 1 h methanol preincubation,resorufin lipase substrate,same_table_0pct_normalized_baseline,yes,yes,T1.2-like lipase SEQ ID NO:2,5,EVID_PAT_000006;EVID_PAT_000007;EVID_PAT_000008;EVID_PAT_000009;EVID_PAT_000010,0;10;20;30;40,1
WEBR1_PROTOCOL_0562,LMT_0525,patent,WO2023282853A2,PAT_ASSAY_WO2023282853_T2C_RESORUFIN_MEOH_TOLERANCE,25,20 mM Tris pH 8 containing matched 0-40% methanol,8,not_reported,one_shot,resorufin lipase substrate fluorescence assay after 1 h methanol preincubation,resorufin lipase substrate,same_table_0pct_normalized_baseline,yes,yes,T1.2-like lipase SEQ ID NO:19,5,EVID_PAT_000011;EVID_PAT_000012;EVID_PAT_000013;EVID_PAT_000014;EVID_PAT_000015,0;10;20;30;40,1
WEBR1_PROTOCOL_0563,LMT_0526,patent,WO2023282853A2,PAT_ASSAY_WO2023282853_T2C_RESORUFIN_MEOH_TOLERANCE,25,20 mM Tris pH 8 containing matched 0-40% methanol,8,not_reported,one_shot,resorufin lipase substrate fluorescence assay after 1 h methanol preincubation,resorufin lipase substrate,same_table_0pct_normalized_baseline,yes,yes,T1.2-like lipase SEQ ID NO:21,5,EVID_PAT_000281;EVID_PAT_000282;EVID_PAT_000283;EVID_PAT_000284;EVID_PAT_000285,0;10;20;30;40,1
WEBR1_PROTOCOL_0564,LMT_0527,patent,WO2023282853A2,PAT_ASSAY_WO2023282853_T2C_RESORUFIN_MEOH_TOLERANCE,25,20 mM Tris pH 8 containing matched 0-40% methanol,8,not_reported,one_shot,resorufin lipase substrate fluorescence assay after 1 h methanol preincubation,resorufin lipase substrate,same_table_0pct_normalized_baseline,yes,yes,T1.2-like lipase SEQ ID NO:22,5,EVID_PAT_000016;EVID_PAT_000017;EVID_PAT_000018;EVID_PAT_000019;EVID_PAT_000020,0;10;20;30;40,1
WEBR1_PROTOCOL_0565,LMT_0528,patent,WO2023282853A2,PAT_ASSAY_WO2023282853_T2C_RESORUFIN_MEOH_TOLERANCE,25,20 mM Tris pH 8 containing matched 0-40% methanol,8,not_reported,one_shot,resorufin lipase substrate fluorescence assay after 1 h methanol preincubation,resorufin lipase substrate,same_table_0pct_normalized_baseline,yes,yes,T1.2-like lipase SEQ ID NO:23,5,EVID_PAT_000021;EVID_PAT_000022;EVID_PAT_000023;EVID_PAT_000024;EVID_PAT_000025,0;10;20;30;40,1
WEBR1_PROTOCOL_0566,LMT_0529,patent,WO2023282853A2,PAT_ASSAY_WO2023282853_T2C_RESORUFIN_MEOH_TOLERANCE,25,20 mM Tris pH 8 containing matched 0-40% methanol,8,not_reported,one_shot,resorufin lipase substrate fluorescence assay after 1 h methanol preincubation,resorufin lipase substrate,same_table_0pct_normalized_baseline,yes,yes,T1.2-like lipase SEQ ID NO:25,5,EVID_PAT_000026;EVID_PAT_000027;EVID_PAT_000028;EVID_PAT_000029;EVID_PAT_000030,0;10;20;30;40,1
WEBR1_PROTOCOL_0567,LMT_0530,patent,WO2023282853A2,PAT_ASSAY_WO2023282853_T2C_RESORUFIN_MEOH_TOLERANCE,25,20 mM Tris pH 8 containing matched 0-40% methanol,8,not_reported,one_shot,resorufin lipase substrate fluorescence assay after 1 h methanol preincubation,resorufin lipase substrate,same_table_0pct_normalized_baseline,yes,yes,T1.2-like lipase SEQ ID NO:26,5,EVID_PAT_000031;EVID_PAT_000032;EVID_PAT_000033;EVID_PAT_000034;EVID_PAT_000035,0;10;20;30;40,1
WEBR1_PROTOCOL_0568,LMT_0531,patent,WO2023282853A2,PAT_ASSAY_WO2023282853_T2C_RESORUFIN_MEOH_TOLERANCE,25,20 mM Tris pH 8 containing matched 0-40% methanol,8,not_reported,one_shot,resorufin lipase substrate fluorescence assay after 1 h methanol preincubation,resorufin lipase substrate,same_table_0pct_normalized_baseline,yes,yes,T1.2-like lipase SEQ ID NO:27,5,EVID_PAT_000036;EVID_PAT_000037;EVID_PAT_000038;EVID_PAT_000039;EVID_PAT_000040,0;10;20;30;40,1
WEBR1_PROTOCOL_0569,LMT_0532,patent,WO2023282853A2,PAT_ASSAY_WO2023282853_T2C_RESORUFIN_MEOH_TOLERANCE,25,20 mM Tris pH 8 containing matched 0-40% methanol,8,not_reported,one_shot,resorufin lipase substrate fluorescence assay after 1 h methanol preincubation,resorufin lipase substrate,same_table_0pct_normalized_baseline,yes,yes,T1.2-like lipase SEQ ID NO:30,5,EVID_PAT_000041;EVID_PAT_000042;EVID_PAT_000043;EVID_PAT_000044;EVID_PAT_000045,0;10;20;30;40,1
WEBR1_PROTOCOL_0570,LMT_0533,patent,WO2023282853A2,PAT_ASSAY_WO2023282853_T2C_RESORUFIN_MEOH_TOLERANCE,25,20 mM Tris pH 8 containing matched 0-40% methanol,8,not_reported,one_shot,resorufin lipase substrate fluorescence assay after 1 h methanol preincubation,resorufin lipase substrate,same_table_0pct_normalized_baseline,yes,yes,T1.2-like lipase SEQ ID NO:31,5,EVID_PAT_000046;EVID_PAT_000047;EVID_PAT_000048;EVID_PAT_000049;EVID_PAT_000050,0;10;20;30;40,1
WEBR1_PROTOCOL_0571,LMT_0534,patent,WO2023282853A2,PAT_ASSAY_WO2023282853_T2C_RESORUFIN_MEOH_TOLERANCE,25,20 mM Tris pH 8 containing matched 0-40% methanol,8,not_reported,one_shot,resorufin lipase substrate fluorescence assay after 1 h methanol preincubation,resorufin lipase substrate,same_table_0pct_normalized_baseline,yes,yes,T1.2-like lipase SEQ ID NO:35,5,EVID_PAT_000051;EVID_PAT_000052;EVID_PAT_000053;EVID_PAT_000054;EVID_PAT_000055,0;10;20;30;40,1
WEBR1_PROTOCOL_0572,LMT_0535,patent,WO2023282853A2,PAT_ASSAY_WO2023282853_T2C_RESORUFIN_MEOH_TOLERANCE,25,20 mM Tris pH 8 containing matched 0-40% methanol,8,not_reported,one_shot,resorufin lipase substrate fluorescence assay after 1 h methanol preincubation,resorufin lipase substrate,same_table_0pct_normalized_baseline,yes,yes,T1.2-like lipase SEQ ID NO:36,5,EVID_PAT_000316;EVID_PAT_000317;EVID_PAT_000318;EVID_PAT_000319;EVID_PAT_000320,0;10;20;30;40,1
WEBR1_PROTOCOL_0573,LMT_0536,patent,WO2023282853A2,PAT_ASSAY_WO2023282853_T2C_RESORUFIN_MEOH_TOLERANCE,25,20 mM Tris pH 8 containing matched 0-40% methanol,8,not_reported,one_shot,resorufin lipase substrate fluorescence assay after 1 h methanol preincubation,resorufin lipase substrate,same_table_0pct_normalized_baseline,yes,yes,T1.2-like lipase SEQ ID NO:38,5,EVID_PAT_000056;EVID_PAT_000057;EVID_PAT_000058;EVID_PAT_000059;EVID_PAT_000060,0;10;20;30;40,1
WEBR1_PROTOCOL_0574,LMT_0537,patent,WO2023282853A2,PAT_ASSAY_WO2023282853_T2C_RESORUFIN_MEOH_TOLERANCE,25,20 mM Tris pH 8 containing matched 0-40% methanol,8,not_reported,one_shot,resorufin lipase substrate fluorescence assay after 1 h methanol preincubation,resorufin lipase substrate,same_table_0pct_normalized_baseline,yes,yes,T1.2-like lipase SEQ ID NO:39,5,EVID_PAT_000061;EVID_PAT_000062;EVID_PAT_000063;EVID_PAT_000064;EVID_PAT_000065,0;10;20;30;40,1
WEBR1_PROTOCOL_0575,LMT_0538,patent,WO2023282853A2,PAT_ASSAY_WO2023282853_T2C_RESORUFIN_MEOH_TOLERANCE,25,20 mM Tris pH 8 containing matched 0-40% methanol,8,not_reported,one_shot,resorufin lipase substrate fluorescence assay after 1 h methanol preincubation,resorufin lipase substrate,same_table_0pct_normalized_baseline,yes,yes,T1.2-like lipase SEQ ID NO:40,5,EVID_PAT_000066;EVID_PAT_000067;EVID_PAT_000068;EVID_PAT_000069;EVID_PAT_000070,0;10;20;30;40,1
WEBR1_PROTOCOL_0576,LMT_0539,patent,WO2023282853A2,PAT_ASSAY_WO2023282853_T2C_RESORUFIN_MEOH_TOLERANCE,25,20 mM Tris pH 8 containing matched 0-40% methanol,8,not_reported,one_shot,resorufin lipase substrate fluorescence assay after 1 h methanol preincubation,resorufin lipase substrate,same_table_0pct_normalized_baseline,yes,yes,T1.2-like lipase SEQ ID NO:42,5,EVID_PAT_000071;EVID_PAT_000072;EVID_PAT_000073;EVID_PAT_000074;EVID_PAT_000075,0;10;20;30;40,1
WEBR1_PROTOCOL_0577,LMT_0540,patent,WO2023282853A2,PAT_ASSAY_WO2023282853_T2C_RESORUFIN_MEOH_TOLERANCE,25,20 mM Tris pH 8 containing matched 0-40% methanol,8,not_reported,one_shot,resorufin lipase substrate fluorescence assay after 1 h methanol preincubation,resorufin lipase substrate,same_table_0pct_normalized_baseline,yes,yes,T1.2-like lipase SEQ ID NO:43,5,EVID_PAT_000076;EVID_PAT_000077;EVID_PAT_000078;EVID_PAT_000079;EVID_PAT_000080,0;10;20;30;40,1
WEBR1_PROTOCOL_0578,LMT_0541,patent,WO2023282853A2,PAT_ASSAY_WO2023282853_T2C_RESORUFIN_MEOH_TOLERANCE,25,20 mM Tris pH 8 containing matched 0-40% methanol,8,not_reported,one_shot,resorufin lipase substrate fluorescence assay after 1 h methanol preincubation,resorufin lipase substrate,same_table_0pct_normalized_baseline,yes,yes,T1.2-like lipase SEQ ID NO:44,5,EVID_PAT_000081;EVID_PAT_000082;EVID_PAT_000083;EVID_PAT_000084;EVID_PAT_000085,0;10;20;30;40,1
WEBR1_PROTOCOL_0579,LMT_0542,patent,WO2023282853A2,PAT_ASSAY_WO2023282853_T2C_RESORUFIN_MEOH_TOLERANCE,25,20 mM Tris pH 8 containing matched 0-40% methanol,8,not_reported,one_shot,resorufin lipase substrate fluorescence assay after 1 h methanol preincubation,resorufin lipase substrate,same_table_0pct_normalized_baseline,yes,yes,T1.2-like lipase SEQ ID NO:45,5,EVID_PAT_000286;EVID_PAT_000287;EVID_PAT_000288;EVID_PAT_000289;EVID_PAT_000290,0;10;20;30;40,1
WEBR1_PROTOCOL_0580,LMT_0543,patent,WO2023282853A2,PAT_ASSAY_WO2023282853_T2C_RESORUFIN_MEOH_TOLERANCE,25,20 mM Tris pH 8 containing matched 0-40% methanol,8,not_reported,one_shot,resorufin lipase substrate fluorescence assay after 1 h methanol preincubation,resorufin lipase substrate,same_table_0pct_normalized_baseline,yes,yes,T1.2-like lipase SEQ ID NO:46,5,EVID_PAT_000321;EVID_PAT_000322;EVID_PAT_000323;EVID_PAT_000324;EVID_PAT_000325,0;10;20;30;40,1
WEBR1_PROTOCOL_0581,LMT_0544,patent,WO2023282853A2,PAT_ASSAY_WO2023282853_T2C_RESORUFIN_MEOH_TOLERANCE,25,20 mM Tris pH 8 containing matched 0-40% methanol,8,not_reported,one_shot,resorufin lipase substrate fluorescence assay after 1 h methanol preincubation,resorufin lipase substrate,same_table_0pct_normalized_baseline,yes,yes,T1.2-like lipase SEQ ID NO:54,5,EVID_PAT_000091;EVID_PAT_000092;EVID_PAT_000093;EVID_PAT_000094;EVID_PAT_000095,0;10;20;30;40,1
WEBR1_PROTOCOL_0582,LMT_0545,patent,WO2023282853A2,PAT_ASSAY_WO2023282853_T2C_RESORUFIN_MEOH_TOLERANCE,25,20 mM Tris pH 8 containing matched 0-40% methanol,8,not_reported,one_shot,resorufin lipase substrate fluorescence assay after 1 h methanol preincubation,resorufin lipase substrate,same_table_0pct_normalized_baseline,yes,yes,T1.2-like lipase SEQ ID NO:55,5,EVID_PAT_000096;EVID_PAT_000097;EVID_PAT_000098;EVID_PAT_000099;EVID_PAT_000100,0;10;20;30;40,1
WEBR1_PROTOCOL_0583,LMT_0546,patent,WO2023282853A2,PAT_ASSAY_WO2023282853_T2C_RESORUFIN_MEOH_TOLERANCE,25,20 mM Tris pH 8 containing matched 0-40% methanol,8,not_reported,one_shot,resorufin lipase substrate fluorescence assay after 1 h methanol preincubation,resorufin lipase substrate,same_table_0pct_normalized_baseline,yes,yes,T1.2-like lipase SEQ ID NO:56,5,EVID_PAT_000101;EVID_PAT_000102;EVID_PAT_000103;EVID_PAT_000104;EVID_PAT_000105,0;10;20;30;40,1
WEBR1_PROTOCOL_0584,LMT_0547,patent,WO2023282853A2,PAT_ASSAY_WO2023282853_T2C_RESORUFIN_MEOH_TOLERANCE,25,20 mM Tris pH 8 containing matched 0-40% methanol,8,not_reported,one_shot,resorufin lipase substrate fluorescence assay after 1 h methanol preincubation,resorufin lipase substrate,same_table_0pct_normalized_baseline,yes,yes,T1.2-like lipase SEQ ID NO:57,5,EVID_PAT_000106;EVID_PAT_000107;EVID_PAT_000108;EVID_PAT_000109;EVID_PAT_000110,0;10;20;30;40,1
WEBR1_PROTOCOL_0585,LMT_0548,patent,WO2023282853A2,PAT_ASSAY_WO2023282853_T2C_RESORUFIN_MEOH_TOLERANCE,25,20 mM Tris pH 8 containing matched 0-40% methanol,8,not_reported,one_shot,resorufin lipase substrate fluorescence assay after 1 h methanol preincubation,resorufin lipase substrate,same_table_0pct_normalized_baseline,yes,yes,T1.2-like lipase SEQ ID NO:59,5,EVID_PAT_000111;EVID_PAT_000112;EVID_PAT_000113;EVID_PAT_000114;EVID_PAT_000115,0;10;20;30;40,1
WEBR1_PROTOCOL_0586,LMT_0549,patent,WO2023282853A2,PAT_ASSAY_WO2023282853_T2C_RESORUFIN_MEOH_TOLERANCE,25,20 mM Tris pH 8 containing matched 0-40% methanol,8,not_reported,one_shot,resorufin lipase substrate fluorescence assay after 1 h methanol preincubation,resorufin lipase substrate,same_table_0pct_normalized_baseline,yes,yes,T1.2-like lipase SEQ ID NO:60,5,EVID_PAT_000116;EVID_PAT_000117;EVID_PAT_000118;EVID_PAT_000119;EVID_PAT_000120,0;10;20;30;40,1
WEBR1_PROTOCOL_0587,LMT_0550,patent,WO2023282853A2,PAT_ASSAY_WO2023282853_T2C_RESORUFIN_MEOH_TOLERANCE,25,20 mM Tris pH 8 containing matched 0-40% methanol,8,not_reported,one_shot,resorufin lipase substrate fluorescence assay after 1 h methanol preincubation,resorufin lipase substrate,same_table_0pct_normalized_baseline,yes,yes,T1.2-like lipase SEQ ID NO:61,5,EVID_PAT_000121;EVID_PAT_000122;EVID_PAT_000123;EVID_PAT_000124;EVID_PAT_000125,0;10;20;30;40,1
WEBR1_PROTOCOL_0588,LMT_0551,patent,WO2023282853A2,PAT_ASSAY_WO2023282853_T2C_RESORUFIN_MEOH_TOLERANCE,25,20 mM Tris pH 8 containing matched 0-40% methanol,8,not_reported,one_shot,resorufin lipase substrate fluorescence assay after 1 h methanol preincubation,resorufin lipase substrate,same_table_0pct_normalized_baseline,yes,yes,T1.2-like lipase SEQ ID NO:62,5,EVID_PAT_000126;EVID_PAT_000127;EVID_PAT_000128;EVID_PAT_000129;EVID_PAT_000130,0;10;20;30;40,1
WEBR1_PROTOCOL_0589,LMT_0552,patent,WO2023282853A2,PAT_ASSAY_WO2023282853_T2C_RESORUFIN_MEOH_TOLERANCE,25,20 mM Tris pH 8 containing matched 0-40% methanol,8,not_reported,one_shot,resorufin lipase substrate fluorescence assay after 1 h methanol preincubation,resorufin lipase substrate,same_table_0pct_normalized_baseline,yes,yes,T1.2-like lipase SEQ ID NO:64,5,EVID_PAT_000131;EVID_PAT_000132;EVID_PAT_000133;EVID_PAT_000134;EVID_PAT_000135,0;10;20;30;40,1
WEBR1_PROTOCOL_0590,LMT_0553,patent,WO2023282853A2,PAT_ASSAY_WO2023282853_T2C_RESORUFIN_MEOH_TOLERANCE,25,20 mM Tris pH 8 containing matched 0-40% methanol,8,not_reported,one_shot,resorufin lipase substrate fluorescence assay after 1 h methanol preincubation,resorufin lipase substrate,same_table_0pct_normalized_baseline,yes,yes,T1.2-like lipase SEQ ID NO:66,5,EVID_PAT_000136;EVID_PAT_000137;EVID_PAT_000138;EVID_PAT_000139;EVID_PAT_000140,0;10;20;30;40,1
WEBR1_PROTOCOL_0591,LMT_0554,patent,WO2023282853A2,PAT_ASSAY_WO2023282853_T2C_RESORUFIN_MEOH_TOLERANCE,25,20 mM Tris pH 8 containing matched 0-40% methanol,8,not_reported,one_shot,resorufin lipase substrate fluorescence assay after 1 h methanol preincubation,resorufin lipase substrate,same_table_0pct_normalized_baseline,yes,yes,T1.2-like lipase SEQ ID NO:67,5,EVID_PAT_000306;EVID_PAT_000307;EVID_PAT_000308;EVID_PAT_000309;EVID_PAT_000310,0;10;20;30;40,1
WEBR1_PROTOCOL_0592,LMT_0555,patent,WO2023282853A2,PAT_ASSAY_WO2023282853_T2C_RESORUFIN_MEOH_TOLERANCE,25,20 mM Tris pH 8 containing matched 0-40% methanol,8,not_reported,one_shot,resorufin lipase substrate fluorescence assay after 1 h methanol preincubation,resorufin lipase substrate,same_table_0pct_normalized_baseline,yes,yes,T1.2-like lipase SEQ ID NO:68,5,EVID_PAT_000141;EVID_PAT_000142;EVID_PAT_000143;EVID_PAT_000144;EVID_PAT_000145,0;10;20;30;40,1
WEBR1_PROTOCOL_0593,LMT_0556,patent,WO2023282853A2,PAT_ASSAY_WO2023282853_T2C_RESORUFIN_MEOH_TOLERANCE,25,20 mM Tris pH 8 containing matched 0-40% methanol,8,not_reported,one_shot,resorufin lipase substrate fluorescence assay after 1 h methanol preincubation,resorufin lipase substrate,same_table_0pct_normalized_baseline,yes,yes,T1.2-like lipase SEQ ID NO:70,5,EVID_PAT_000146;EVID_PAT_000147;EVID_PAT_000148;EVID_PAT_000149;EVID_PAT_000150,0;10;20;30;40,1
WEBR1_PROTOCOL_0594,LMT_0557,patent,WO2023282853A2,PAT_ASSAY_WO2023282853_T2C_RESORUFIN_MEOH_TOLERANCE,25,20 mM Tris pH 8 containing matched 0-40% methanol,8,not_reported,one_shot,resorufin lipase substrate fluorescence assay after 1 h methanol preincubation,resorufin lipase substrate,same_table_0pct_normalized_baseline,yes,yes,T1.2-like lipase SEQ ID NO:72,5,EVID_PAT_000151;EVID_PAT_000152;EVID_PAT_000153;EVID_PAT_000154;EVID_PAT_000155,0;10;20;30;40,1
WEBR1_PROTOCOL_0595,LMT_0558,patent,WO2023282853A2,PAT_ASSAY_WO2023282853_T2C_RESORUFIN_MEOH_TOLERANCE,25,20 mM Tris pH 8 containing matched 0-40% methanol,8,not_reported,one_shot,resorufin lipase substrate fluorescence assay after 1 h methanol preincubation,resorufin lipase substrate,same_table_0pct_normalized_baseline,yes,yes,T1.2-like lipase SEQ ID NO:73,5,EVID_PAT_000291;EVID_PAT_000292;EVID_PAT_000293;EVID_PAT_000294;EVID_PAT_000295,0;10;20;30;40,1
WEBR1_PROTOCOL_0596,LMT_0559,patent,WO2023282853A2,PAT_ASSAY_WO2023282853_T2C_RESORUFIN_MEOH_TOLERANCE,25,20 mM Tris pH 8 containing matched 0-40% methanol,8,not_reported,one_shot,resorufin lipase substrate fluorescence assay after 1 h methanol preincubation,resorufin lipase substrate,same_table_0pct_normalized_baseline,yes,yes,T1.2-like lipase SEQ ID NO:74,5,EVID_PAT_000156;EVID_PAT_000157;EVID_PAT_000158;EVID_PAT_000159;EVID_PAT_000160,0;10;20;30;40,1
WEBR1_PROTOCOL_0597,LMT_0560,patent,WO2023282853A2,PAT_ASSAY_WO2023282853_T2C_RESORUFIN_MEOH_TOLERANCE,25,20 mM Tris pH 8 containing matched 0-40% methanol,8,not_reported,one_shot,resorufin lipase substrate fluorescence assay after 1 h methanol preincubation,resorufin lipase substrate,same_table_0pct_normalized_baseline,yes,yes,T1.2-like lipase SEQ ID NO:77,5,EVID_PAT_000296;EVID_PAT_000297;EVID_PAT_000298;EVID_PAT_000299;EVID_PAT_000300,0;10;20;30;40,1
WEBR1_PROTOCOL_0598,LMT_0561,patent,WO2023282853A2,PAT_ASSAY_WO2023282853_T2C_RESORUFIN_MEOH_TOLERANCE,25,20 mM Tris pH 8 containing matched 0-40% methanol,8,not_reported,one_shot,resorufin lipase substrate fluorescence assay after 1 h methanol preincubation,resorufin lipase substrate,same_table_0pct_normalized_baseline,yes,yes,T1.2-like lipase SEQ ID NO:79,5,EVID_PAT_000161;EVID_PAT_000162;EVID_PAT_000163;EVID_PAT_000164;EVID_PAT_000165,0;10;20;30;40,1
WEBR1_PROTOCOL_0599,LMT_0562,patent,WO2023282853A2,PAT_ASSAY_WO2023282853_T2C_RESORUFIN_MEOH_TOLERANCE,25,20 mM Tris pH 8 containing matched 0-40% methanol,8,not_reported,one_shot,resorufin lipase substrate fluorescence assay after 1 h methanol preincubation,resorufin lipase substrate,same_table_0pct_normalized_baseline,yes,yes,T1.2-like lipase SEQ ID NO:80,5,EVID_PAT_000166;EVID_PAT_000167;EVID_PAT_000168;EVID_PAT_000169;EVID_PAT_000170,0;10;20;30;40,1
WEBR1_PROTOCOL_0600,LMT_0563,patent,WO2023282853A2,PAT_ASSAY_WO2023282853_T2C_RESORUFIN_MEOH_TOLERANCE,25,20 mM Tris pH 8 containing matched 0-40% methanol,8,not_reported,one_shot,resorufin lipase substrate fluorescence assay after 1 h methanol preincubation,resorufin lipase substrate,same_table_0pct_normalized_baseline,yes,yes,T1.2-like lipase SEQ ID NO:82,5,EVID_PAT_000326;EVID_PAT_000327;EVID_PAT_000328;EVID_PAT_000329;EVID_PAT_000330,0;10;20;30;40,1
WEBR1_PROTOCOL_0601,LMT_0564,patent,WO2023282853A2,PAT_ASSAY_WO2023282853_T2C_RESORUFIN_MEOH_TOLERANCE,25,20 mM Tris pH 8 containing matched 0-40% methanol,8,not_reported,one_shot,resorufin lipase substrate fluorescence assay after 1 h methanol preincubation,resorufin lipase substrate,same_table_0pct_normalized_baseline,yes,yes,T1.2-like lipase SEQ ID NO:83,5,EVID_PAT_000171;EVID_PAT_000172;EVID_PAT_000173;EVID_PAT_000174;EVID_PAT_000175,0;10;20;30;40,1
WEBR1_PROTOCOL_0602,LMT_0565,patent,WO2023282853A2,PAT_ASSAY_WO2023282853_T2C_RESORUFIN_MEOH_TOLERANCE,25,20 mM Tris pH 8 containing matched 0-40% methanol,8,not_reported,one_shot,resorufin lipase substrate fluorescence assay after 1 h methanol preincubation,resorufin lipase substrate,same_table_0pct_normalized_baseline,yes,yes,T1.2-like lipase SEQ ID NO:85,5,EVID_PAT_000176;EVID_PAT_000177;EVID_PAT_000178;EVID_PAT_000179;EVID_PAT_000180,0;10;20;30;40,1
WEBR1_PROTOCOL_0603,LMT_0566,patent,WO2023282853A2,PAT_ASSAY_WO2023282853_T2C_RESORUFIN_MEOH_TOLERANCE,25,20 mM Tris pH 8 containing matched 0-40% methanol,8,not_reported,one_shot,resorufin lipase substrate fluorescence assay after 1 h methanol preincubation,resorufin lipase substrate,same_table_0pct_normalized_baseline,yes,yes,T1.2-like lipase SEQ ID NO:86,5,EVID_PAT_000181;EVID_PAT_000182;EVID_PAT_000183;EVID_PAT_000184;EVID_PAT_000185,0;10;20;30;40,1
WEBR1_PROTOCOL_0604,LMT_0567,patent,WO2023282853A2,PAT_ASSAY_WO2023282853_T2C_RESORUFIN_MEOH_TOLERANCE,25,20 mM Tris pH 8 containing matched 0-40% methanol,8,not_reported,one_shot,resorufin lipase substrate fluorescence assay after 1 h methanol preincubation,resorufin lipase substrate,same_table_0pct_normalized_baseline,yes,yes,T1.2-like lipase SEQ ID NO:87,5,EVID_PAT_000186;EVID_PAT_000187;EVID_PAT_000188;EVID_PAT_000189;EVID_PAT_000190,0;10;20;30;40,1
WEBR1_PROTOCOL_0605,LMT_0568,patent,WO2023282853A2,PAT_ASSAY_WO2023282853_T2C_RESORUFIN_MEOH_TOLERANCE,25,20 mM Tris pH 8 containing matched 0-40% methanol,8,not_reported,one_shot,resorufin lipase substrate fluorescence assay after 1 h methanol preincubation,resorufin lipase substrate,same_table_0pct_normalized_baseline,yes,yes,T1.2-like lipase SEQ ID NO:88,5,EVID_PAT_000191;EVID_PAT_000192;EVID_PAT_000193;EVID_PAT_000194;EVID_PAT_000195,0;10;20;30;40,1
WEBR1_PROTOCOL_0606,LMT_0569,patent,WO2023282853A2,PAT_ASSAY_WO2023282853_T2C_RESORUFIN_MEOH_TOLERANCE,25,20 mM Tris pH 8 containing matched 0-40% methanol,8,not_reported,one_shot,resorufin lipase substrate fluorescence assay after 1 h methanol preincubation,resorufin lipase substrate,same_table_0pct_normalized_baseline,yes,yes,T1.2-like lipase SEQ ID NO:90,5,EVID_PAT_000311;EVID_PAT_000312;EVID_PAT_000313;EVID_PAT_000314;EVID_PAT_000315,0;10;20;30;40,1
WEBR1_PROTOCOL_0607,LMT_0570,patent,WO2023282853A2,PAT_ASSAY_WO2023282853_T2C_RESORUFIN_MEOH_TOLERANCE,25,20 mM Tris pH 8 containing matched 0-40% methanol,8,not_reported,one_shot,resorufin lipase substrate fluorescence assay after 1 h methanol preincubation,resorufin lipase substrate,same_table_0pct_normalized_baseline,yes,yes,T1.2-like lipase SEQ ID NO:91,5,EVID_PAT_000201;EVID_PAT_000202;EVID_PAT_000203;EVID_PAT_000204;EVID_PAT_000205,0;10;20;30;40,1
WEBR1_PROTOCOL_0608,LMT_0571,patent,WO2023282853A2,PAT_ASSAY_WO2023282853_T2C_RESORUFIN_MEOH_TOLERANCE,25,20 mM Tris pH 8 containing matched 0-40% methanol,8,not_reported,one_shot,resorufin lipase substrate fluorescence assay after 1 h methanol preincubation,resorufin lipase substrate,same_table_0pct_normalized_baseline,yes,yes,T1.2-like lipase SEQ ID NO:92,5,EVID_PAT_000206;EVID_PAT_000207;EVID_PAT_000208;EVID_PAT_000209;EVID_PAT_000210,0;10;20;30;40,1
WEBR1_PROTOCOL_0609,LMT_0572,patent,WO2023282853A2,PAT_ASSAY_WO2023282853_T2C_RESORUFIN_MEOH_TOLERANCE,25,20 mM Tris pH 8 containing matched 0-40% methanol,8,not_reported,one_shot,resorufin lipase substrate fluorescence assay after 1 h methanol preincubation,resorufin lipase substrate,same_table_0pct_normalized_baseline,yes,yes,T1.2-like lipase SEQ ID NO:97,5,EVID_PAT_000226;EVID_PAT_000227;EVID_PAT_000228;EVID_PAT_000229;EVID_PAT_000230,0;10;20;30;40,1
WEBR1_PROTOCOL_0610,LMT_0573,patent,WO2023282853A2,PAT_ASSAY_WO2023282853_T2C_RESORUFIN_MEOH_TOLERANCE,25,20 mM Tris pH 8 containing matched 0-40% methanol,8,not_reported,one_shot,resorufin lipase substrate fluorescence assay after 1 h methanol preincubation,resorufin lipase substrate,same_table_0pct_normalized_baseline,yes,yes,T1.2-like lipase SEQ ID NO:98,5,EVID_PAT_000231;EVID_PAT_000232;EVID_PAT_000233;EVID_PAT_000234;EVID_PAT_000235,0;10;20;30;40,1
WEBR1_PROTOCOL_0611,LMT_0574,patent,WO2023282853A2,PAT_ASSAY_WO2023282853_T2C_RESORUFIN_MEOH_TOLERANCE,25,20 mM Tris pH 8 containing matched 0-40% methanol,8,not_reported,one_shot,resorufin lipase substrate fluorescence assay after 1 h methanol preincubation,resorufin lipase substrate,same_table_0pct_normalized_baseline,yes,yes,T1.2-like lipase SEQ ID NO:100,5,EVID_PAT_000236;EVID_PAT_000237;EVID_PAT_000238;EVID_PAT_000239;EVID_PAT_000240,0;10;20;30;40,1
WEBR1_PROTOCOL_0612,LMT_0575,patent,WO2023282853A2,PAT_ASSAY_WO2023282853_T2C_RESORUFIN_MEOH_TOLERANCE,25,20 mM Tris pH 8 containing matched 0-40% methanol,8,not_reported,one_shot,resorufin lipase substrate fluorescence assay after 1 h methanol preincubation,resorufin lipase substrate,same_table_0pct_normalized_baseline,yes,yes,T1.2-like lipase SEQ ID NO:101,5,EVID_PAT_000241;EVID_PAT_000242;EVID_PAT_000243;EVID_PAT_000244;EVID_PAT_000245,0;10;20;30;40,1
WEBR1_PROTOCOL_0613,LMT_0576,patent,WO2023282853A2,PAT_ASSAY_WO2023282853_T2C_RESORUFIN_MEOH_TOLERANCE,25,20 mM Tris pH 8 containing matched 0-40% methanol,8,not_reported,one_shot,resorufin lipase substrate fluorescence assay after 1 h methanol preincubation,resorufin lipase substrate,same_table_0pct_normalized_baseline,yes,yes,T1.2-like lipase SEQ ID NO:103,5,EVID_PAT_000246;EVID_PAT_000247;EVID_PAT_000248;EVID_PAT_000249;EVID_PAT_000250,0;10;20;30;40,1
WEBR1_PROTOCOL_0614,LMT_0577,patent,WO2023282853A2,PAT_ASSAY_WO2023282853_T2C_RESORUFIN_MEOH_TOLERANCE,25,20 mM Tris pH 8 containing matched 0-40% methanol,8,not_reported,one_shot,resorufin lipase substrate fluorescence assay after 1 h methanol preincubation,resorufin lipase substrate,same_table_0pct_normalized_baseline,yes,yes,T1.2-like lipase SEQ ID NO:105,5,EVID_PAT_000251;EVID_PAT_000252;EVID_PAT_000253;EVID_PAT_000254;EVID_PAT_000255,0;10;20;30;40,1
WEBR1_PROTOCOL_0615,LMT_0578,patent,WO2023282853A2,PAT_ASSAY_WO2023282853_T2C_RESORUFIN_MEOH_TOLERANCE,25,20 mM Tris pH 8 containing matched 0-40% methanol,8,not_reported,one_shot,resorufin lipase substrate fluorescence assay after 1 h methanol preincubation,resorufin lipase substrate,same_table_0pct_normalized_baseline,yes,yes,T1.2-like lipase SEQ ID NO:107,5,EVID_PAT_000256;EVID_PAT_000257;EVID_PAT_000258;EVID_PAT_000259;EVID_PAT_000260,0;10;20;30;40,1
WEBR1_PROTOCOL_0616,LMT_0579,patent,WO2023282853A2,PAT_ASSAY_WO2023282853_T2C_RESORUFIN_MEOH_TOLERANCE,25,20 mM Tris pH 8 containing matched 0-40% methanol,8,not_reported,one_shot,resorufin lipase substrate fluorescence assay after 1 h methanol preincubation,resorufin lipase substrate,same_table_0pct_normalized_baseline,yes,yes,T1.2-like lipase SEQ ID NO:108,5,EVID_PAT_000261;EVID_PAT_000262;EVID_PAT_000263;EVID_PAT_000264;EVID_PAT_000265,0;10;20;30;40,1
WEBR1_PROTOCOL_0617,LMT_0580,patent,WO2023282853A2,PAT_ASSAY_WO2023282853_T2C_RESORUFIN_MEOH_TOLERANCE,25,20 mM Tris pH 8 containing matched 0-40% methanol,8,not_reported,one_shot,resorufin lipase substrate fluorescence assay after 1 h methanol preincubation,resorufin lipase substrate,same_table_0pct_normalized_baseline,yes,yes,T1.2-like lipase SEQ ID NO:109,5,EVID_PAT_000266;EVID_PAT_000267;EVID_PAT_000268;EVID_PAT_000269;EVID_PAT_000270,0;10;20;30;40,1
WEBR1_PROTOCOL_0618,LMT_0581,patent,WO2023282853A2,PAT_ASSAY_WO2023282853_T2C_RESORUFIN_MEOH_TOLERANCE,25,20 mM Tris pH 8 containing matched 0-40% methanol,8,not_reported,one_shot,resorufin lipase substrate fluorescence assay after 1 h methanol preincubation,resorufin lipase substrate,same_table_0pct_normalized_baseline,yes,yes,T1.2-like lipase SEQ ID NO:110,5,EVID_PAT_000271;EVID_PAT_000272;EVID_PAT_000273;EVID_PAT_000274;EVID_PAT_000275,0;10;20;30;40,1
WEBR1_PROTOCOL_0619,LMT_0582,patent,WO2023282853A2,PAT_ASSAY_WO2023282853_T2C_RESORUFIN_MEOH_TOLERANCE,25,20 mM Tris pH 8 containing matched 0-40% methanol,8,not_reported,one_shot,resorufin lipase substrate fluorescence assay after 1 h methanol preincubation,resorufin lipase substrate,same_table_0pct_normalized_baseline,yes,yes,T1.2-like lipase SEQ ID NO:113,5,EVID_PAT_000276;EVID_PAT_000277;EVID_PAT_000278;EVID_PAT_000279;EVID_PAT_000280,0;10;20;30;40,1
WEBR1_PROTOCOL_0620,LMT_0583,patent,CN104278004A,PAT_ASSAY_CN104278004_ANCHOR,30,not_reported,not_reported,not_reported,one_shot,not_reported,not_reported,not_reported,not_reported,not_reported,F6 lipase WT,5,EVID_PAT_000740;EVID_PAT_000741;EVID_PAT_000742;EVID_PAT_000743;EVID_PAT_000744,10;20;30;40;50,0.5
WEBR1_PROTOCOL_0621,LMT_0584,patent,WO2013022320A2,PAT_ASSAY_WO2013022320_EX5,40,not_reported,not_reported,not_reported,stepwise,biodiesel FAME conversion,waste cooking oil,not_reported,not_reported,not_reported,Photobacterium lipolyticum NKC-M37 mutant lipase,1,EVID_PAT_000593,,15
WEBR1_PROTOCOL_0622,LMT_0586,patent,EP2050823A1,PAT_ASSAY_EP2050823_TABLE3_MEOH,45,not_reported,not_reported,not_reported,one_shot,biodiesel GC composition process endpoint,pure sunflower oil + methanol,not_reported,not_reported,not_reported,porcine pancreatic lipase WT,1,EVID_PAT_000725,not_applicable_biodiesel_reagent,24
WEBR1_PROTOCOL_0623,LMT_0586,patent,EP2050823A1,PAT_ASSAY_EP2050823_TABLE6_MEOH,25,not_reported,10,not_reported,one_shot,biodiesel GC composition process endpoint,sunflower oil + methanol,not_reported,not_reported,not_reported,porcine pancreatic lipase WT,1,EVID_PAT_000731,not_applicable_biodiesel_reagent,72
WEBR1_PROTOCOL_0624,LMT_0586,patent,EP2050823A1,PAT_ASSAY_EP2050823_TABLE6_MEOH,25,not_reported,12,not_reported,one_shot,biodiesel GC composition process endpoint,sunflower oil + methanol,not_reported,not_reported,not_reported,porcine pancreatic lipase WT,1,EVID_PAT_000726,not_applicable_biodiesel_reagent,24
WEBR1_PROTOCOL_0625,LMT_0586,patent,EP2050823A1,PAT_ASSAY_EP2050823_TABLE6_MEOH,30,not_reported,10,not_reported,one_shot,biodiesel GC composition process endpoint,sunflower oil + methanol,not_reported,not_reported,not_reported,porcine pancreatic lipase WT,1,EVID_PAT_000732,not_applicable_biodiesel_reagent,30
WEBR1_PROTOCOL_0626,LMT_0586,patent,EP2050823A1,PAT_ASSAY_EP2050823_TABLE6_MEOH,30,not_reported,12,not_reported,one_shot,biodiesel GC composition process endpoint,sunflower oil + methanol,not_reported,not_reported,not_reported,porcine pancreatic lipase WT,1,EVID_PAT_000727,not_applicable_biodiesel_reagent,24
WEBR1_PROTOCOL_0627,LMT_0586,patent,EP2050823A1,PAT_ASSAY_EP2050823_TABLE6_MEOH,35,not_reported,10,not_reported,one_shot,biodiesel GC composition process endpoint,sunflower oil + methanol,not_reported,not_reported,not_reported,porcine pancreatic lipase WT,1,EVID_PAT_000733,not_applicable_biodiesel_reagent,26
WEBR1_PROTOCOL_0628,LMT_0586,patent,EP2050823A1,PAT_ASSAY_EP2050823_TABLE6_MEOH,35,not_reported,12,not_reported,one_shot,biodiesel GC composition process endpoint,sunflower oil + methanol,not_reported,not_reported,not_reported,porcine pancreatic lipase WT,1,EVID_PAT_000728,not_applicable_biodiesel_reagent,24
WEBR1_PROTOCOL_0629,LMT_0586,patent,EP2050823A1,PAT_ASSAY_EP2050823_TABLE6_MEOH,40,not_reported,10,not_reported,one_shot,biodiesel GC composition process endpoint,sunflower oil + methanol,not_reported,not_reported,not_reported,porcine pancreatic lipase WT,1,EVID_PAT_000734,not_applicable_biodiesel_reagent,22
WEBR1_PROTOCOL_0630,LMT_0586,patent,EP2050823A1,PAT_ASSAY_EP2050823_TABLE6_MEOH,40,not_reported,12,not_reported,one_shot,biodiesel GC composition process endpoint,sunflower oil + methanol,not_reported,not_reported,not_reported,porcine pancreatic lipase WT,1,EVID_PAT_000729,not_applicable_biodiesel_reagent,24
WEBR1_PROTOCOL_0631,LMT_0586,patent,EP2050823A1,PAT_ASSAY_EP2050823_TABLE6_MEOH,45,not_reported,10,not_reported,one_shot,biodiesel GC composition process endpoint,sunflower oil + methanol,not_reported,not_reported,not_reported,porcine pancreatic lipase WT,1,EVID_PAT_000735,not_applicable_biodiesel_reagent,24
WEBR1_PROTOCOL_0632,LMT_0586,patent,EP2050823A1,PAT_ASSAY_EP2050823_TABLE6_MEOH,45,not_reported,12,not_reported,one_shot,biodiesel GC composition process endpoint,sunflower oil + methanol,not_reported,not_reported,not_reported,porcine pancreatic lipase WT,1,EVID_PAT_000730,not_applicable_biodiesel_reagent,24
WEBR1_PROTOCOL_0633,LMT_0592,literature,10.1007/s13205-018-1414-9,ASSAY_P1A_LG11_01_B1213_FIG4D,30,purified lipase solution with 75% v/v organic solvent,8.0,not_reported,one_shot,p-NPP hydrolysis residual activity assay after organic-solvent incubation,p-nitrophenyl palmitate (p-NPP),same_paper_no_solvent_control,yes,yes,Burkholderia pyrrocinia B1213 purified lipase,1,EVID_LIT_001663,75,0.167
WEBR1_PROTOCOL_0634,LMT_0595,literature,10.20546/ijcmas.2016.511.079,ASSAY_P1A_OGF_B1_001_FIG5_METHANOL10,37,organic solvent mixed 1:1 with enzyme fraction,not_reported,not_reported,one_shot,residual activity assay after 1 h solvent pre-incubation,not_reported,same_paper_control_no_organic_solvent,yes,yes,Aspergillus niger LPF-5 lipase,1,EVID_LIT_002430,10,1
WEBR1_PROTOCOL_0635,LMT_0596,literature,10.20546/ijcmas.2016.511.079,ASSAY_P1A_OGF_B1_001_FIG5_METHANOL10,37,organic solvent mixed 1:1 with enzyme fraction,not_reported,not_reported,one_shot,residual activity assay after 1 h solvent pre-incubation,not_reported,same_paper_control_no_organic_solvent,yes,yes,Aspergillus niger HN1 lipase,1,EVID_LIT_002431,10,1
WEBR1_PROTOCOL_0636,LMT_0597,literature,10.15414/jmbfs.2016.5.6.602-605,ASSAY_P1A_OGF_B1_007_TABLE2_METHANOL25,4,enzyme solution plus organic solvent,11.0,not_reported,one_shot,pNPP residual activity assay after solvent incubation,p-nitrophenyl palmitate,same_paper_control,yes,yes,Geobacillus stearothermophilus PS11 purified lipase,1,EVID_LIT_002432,25,48
WEBR1_PROTOCOL_0637,LMT_0598,literature,10.22302/iribb.jur.mp.v93i2.673,ASSAY_P1A_OGF_B1_010_FIG6_METHANOL10,25,0.05 M phosphate buffer with 10% solvent,7.0,crude lipase,one_shot,residual activity after 60 min solvent stability assay in CPO hydrolysis system,crude palm oil hydrolysis,same_paper_control,yes,yes,"Aspergillus niger extracellular sn-1,3 lipase",1,EVID_LIT_002433,10,1
WEBR1_PROTOCOL_0638,LMT_0599,literature,10.22302/iribb.jur.mp.v93i2.673,ASSAY_P1A_OGF_B1_010_FIG6_METHANOL10,25,0.05 M phosphate buffer with 10% solvent,7.0,crude lipase,one_shot,residual activity after 60 min solvent stability assay in CPO hydrolysis system,crude palm oil hydrolysis,same_paper_control,yes,yes,"Rhizopus oryzae extracellular sn-1,3 lipase",1,EVID_LIT_002434,10,1
WEBR1_PROTOCOL_0639,LMT_0600,literature,10.48048/tis.2021.45,ASSAY_P1A_OGF_B1_013_TABLE4_METHANOL25,30,purified lipase solution with organic solvent,7.5,not_reported,one_shot,relative activity assay after solvent pre-incubation,not_reported,same_paper_buffer_control,yes,yes,Aspergillus oryzae ST11 purified lipase,1,EVID_LIT_002435,25,1
WEBR1_PROTOCOL_0640,LMT_0601,literature,10.4014/jmb.1812.12013,ASSAY_P1A_OGF_B1_015_TABLE4_METHANOL,40,solvent stability assay at pH 8.0,8.0,not_reported,one_shot,residual activity assay after solvent pre-incubation,p-nitrophenyl substrate,same_paper_control,yes,partial,Burkholderia territorii GP3 LipBT,1,EVID_LIT_002436,50,0.5
WEBR1_PROTOCOL_0641,LMT_0603,literature,10.1007/s00253-024-13185-4,ASSAY_P1A_OGF_B1_021_FIG4_METHANOL10,25,Tris-HCl buffer pH 8 with solvent,8.0,not_reported,one_shot,residual activity after 1 h solvent pre-incubation,p-nitrophenyl palmitate,same_paper_control,yes,yes,Lacticaseibacillus rhamnosus IDCC 3201 Lac-Rh lipase,1,EVID_LIT_002438,10,1
WEBR1_PROTOCOL_0642,LMT_0604,literature,10.15174/au.2024.4153,ASSAY_P1A_OGF_B1_025_METHANOL30,37,cell-free extract with solvent,not_reported,cell_free_extract,one_shot,relative enzyme activity after solvent incubation,p-nitrophenyl palmitate,same_paper_control,yes,yes,Geobacillus stearothermophilus CHI1 extracellular lipase,1,EVID_LIT_002439,30,0.25
WEBR1_PROTOCOL_0643,LMT_0605,literature,10.1002/jobm.201400730,ASSAY_P1A_MAN42_01_KM1_TABLE4,4,not_reported,not_reported,not_reported,one_shot,pNPB residual activity assay after solvent preincubation,p-nitrophenyl butyrate,same_paper_no_solvent_control,yes,yes,Yersinia enterocolitica KM1 purified extracellular lipase,4,EVID_LIT_002397;EVID_LIT_002398;EVID_LIT_002399;EVID_LIT_002400,10;30;50;80,2
WEBR1_PROTOCOL_0644,LMT_0605,literature,REF_P1A_B1D_CNKI_01,ASSAY_P1A_B1D_CNKI_01_KM1_TABLE3,4,not_reported,not_reported,not_reported,one_shot,pNPB residual activity assay after solvent preincubation,p-nitrophenyl butyrate,same_paper_no_solvent_control,yes,yes,Yersinia enterocolitica KM1 lipase,4,EVID_LIT_001290;EVID_LIT_001291;EVID_LIT_001292;EVID_LIT_001293,10;30;50;80,2
WEBR1_PROTOCOL_0645,LMT_0606,literature,10.1111/gcbb.70009,ASSAY_P1A_MAN42_04_F25_FIG7C,25,not_reported,not_reported,not_reported,one_shot,relative activity after solvent preincubation under optimal pH and temperature,not_reported,same_paper_no_solvent_control,yes,yes,Bacillus megaterium F25 purified lipase,1,EVID_LIT_002406,20,0.5
WEBR1_PROTOCOL_0646,LMT_0607,literature,10.25083/rbl/26.5/2994.3001,ASSAY_P1A_MAN42_05_BCOAG_TABLE4,not_reported,not_reported,not_reported,not_reported,one_shot,residual activity after 1 h solvent exposure followed by standard lipase assay,not_reported,same_paper_no_solvent_control,yes,yes,Bacillus coagulans purified thermo-alkaline lipase,2,EVID_LIT_002407;EVID_LIT_002408,10;5,1
WEBR1_PROTOCOL_0647,LMT_0608,literature,10.1016/j.pep.2018.08.007,ASSAY_P1A_MAN42_06_PREINEKEI_TABLE3,28,not_reported,not_reported,not_reported,one_shot,residual activity after solvent incubation in screw-cap vials,p-nitrophenyl palmitate,same_paper_no_solvent_control,yes,yes,Pseudomonas reinekei H1 purified lipase,4,EVID_LIT_002409;EVID_LIT_002410;EVID_LIT_002413;EVID_LIT_002414,10;20,1;24
WEBR1_PROTOCOL_0648,LMT_0608,literature,10.1016/j.pep.2018.08.007,ASSAY_P1A_MAN42_06_PREINEKEI_TABLE3,40,not_reported,not_reported,not_reported,one_shot,residual activity after solvent incubation in screw-cap vials,p-nitrophenyl palmitate,same_paper_no_solvent_control,yes,yes,Pseudomonas reinekei H1 purified lipase,2,EVID_LIT_002411;EVID_LIT_002412,10;20,1
WEBR1_PROTOCOL_0649,LMT_0609,literature,10.1002/jsde.12731,ASSAY_P1A_MAN42_07_LIP7_FIG4E_TEXT,25,not_reported,not_reported,not_reported,one_shot,residual activity after 1 h solvent incubation at ambient temperature,not_reported,same_paper_no_solvent_control,yes,yes,Bacillus thuringiensis recombinant lipase,1,EVID_LIT_002415,10,1
WEBR1_PROTOCOL_0650,LMT_0610,literature,10.1080/10826068.2021.1910959,ASSAY_P1A_MAN42_09_BRM58833_TABLE3,37,not_reported,not_reported,not_reported,one_shot,colorimetric pNPP hydrolysis after short solvent exposure,p-nitrophenyl palmitate,same-paper None control in Table 3,yes,yes,Burkholderia gladioli BRM58833 crude lipolytic extract,1,EVID_LIT_002419,10,0.0833
WEBR1_PROTOCOL_0651,LMT_0612,literature,10.3390/ijms20061264,ASSAY_P1A_B2GF_S1_LSK25,25,not_reported,not_reported,not_reported,one_shot,Kwon and Rhee olive-oil colorimetric lipase assay after solvent preincubation,olive oil emulsion,same_paper_no_methanol_addition_control,yes,yes,Pseudomonas sp. LSK25 recombinant purified lipase,1,EVID_LIT_001644,25,0.5
WEBR1_PROTOCOL_0652,LMT_0613,literature,10.3390/ijms25147928,ASSAY_P1A_B2GF_S1_LIP7_10,25,solvent-water mixture,not_reported,0.25 nM (0.011 ug/mL),one_shot,microplate pNPL spectrophotometric assay at 405/347 nm after solvent preincubation,p-nitrophenyl laurate (pNPL),same_paper_no_methanol_addition_control,yes,yes,Geobacillus sp. ID17 recombinant Lip7,1,EVID_LIT_001646,10,0.5
WEBR1_PROTOCOL_0653,LMT_0613,literature,10.3390/ijms25147928,ASSAY_P1A_B2GF_S1_LIP7_20,25,solvent-water mixture,not_reported,0.25 nM (0.011 ug/mL),one_shot,microplate pNPL spectrophotometric assay at 405/347 nm after solvent preincubation,p-nitrophenyl laurate (pNPL),same_paper_no_methanol_addition_control,yes,yes,Geobacillus sp. ID17 recombinant Lip7,1,EVID_LIT_001647,20,0.5
WEBR1_PROTOCOL_0654,LMT_0613,literature,10.3390/ijms25147928,ASSAY_P1A_B2GF_S1_LIP7_40,25,solvent-water mixture,not_reported,0.25 nM (0.011 ug/mL),one_shot,microplate pNPL spectrophotometric assay at 405/347 nm after solvent preincubation,p-nitrophenyl laurate (pNPL),same_paper_no_methanol_addition_control,yes,yes,Geobacillus sp. ID17 recombinant Lip7,1,EVID_LIT_001648,40,0.5
WEBR1_PROTOCOL_0655,LMT_0613,literature,10.3390/ijms25147928,ASSAY_P1A_B2GF_S1_LIP7_50,25,solvent-water mixture,not_reported,0.25 nM (0.011 ug/mL),one_shot,microplate pNPL spectrophotometric assay at 405/347 nm after solvent preincubation,p-nitrophenyl laurate (pNPL),same_paper_no_methanol_addition_control,yes,yes,Geobacillus sp. ID17 recombinant Lip7,1,EVID_LIT_001649,50,0.5
WEBR1_PROTOCOL_0656,LMT_0613,literature,10.3390/ijms25147928,ASSAY_P1A_B2GF_S1_LIP7_70,25,solvent-water mixture,not_reported,0.25 nM (0.011 ug/mL),one_shot,microplate pNPL spectrophotometric assay at 405/347 nm after solvent preincubation,p-nitrophenyl laurate (pNPL),same_paper_no_methanol_addition_control,yes,yes,Geobacillus sp. ID17 recombinant Lip7,1,EVID_LIT_001650,70,0.5
WEBR1_PROTOCOL_0657,LMT_0613,literature,10.3390/ijms25147928,ASSAY_P1A_B2GF_S1_LIP7_90,25,solvent-water mixture,not_reported,0.25 nM (0.011 ug/mL),one_shot,microplate pNPL spectrophotometric assay at 405/347 nm after solvent preincubation,p-nitrophenyl laurate (pNPL),same_paper_no_methanol_addition_control,yes,yes,Geobacillus sp. ID17 recombinant Lip7,1,EVID_LIT_001651,90,0.5
WEBR1_PROTOCOL_0658,LMT_0614,literature,10.3390/ijms19020560,ASSAY_P1A_B2GF_S1_AMS3_TRUNC,50,50 mM Tris-HCl buffer,8,not_reported,one_shot,Kwon and Rhee olive-oil colorimetric assay at 60 C after solvent preincubation,olive oil emulsion,same_paper_no_methanol_addition_control,yes,yes,Antarctic Pseudomonas sp. AMS3 truncated recombinant lipase,1,EVID_LIT_001645,25,0.5
WEBR1_PROTOCOL_0659,LMT_0615,literature,10.3390/ijms18112202,ASSAY_P1A_B2GF_S1_AT2_RTM386,50,not_reported,not_reported,not_reported,one_shot,pNPP colorimetric absorbance assay at 410 nm after solvent preincubation,p-nitrophenyl palmitate (pNPP),same_paper_no_methanol_addition_control,yes,yes,Staphylococcus epidermidis AT2 rT-M386 truncated recombinant lipase,1,EVID_LIT_001642,50,0.5
WEBR1_PROTOCOL_0660,LMT_0616,literature,10.1080/07391102.2023.2282177,ASSAY_S3_L84_B_LMT_0616_30_0_5_00,45,not_reported,not_reported,not_reported,preincubated_enzyme,residual lipase activity,p-nitrophenyl palmitate (p-NPP),lipase sample without alcohol solvents = 100%,not_reported,not_reported,G210C truncated recombinant Staphylococcus epidermidis AT2 lipase,1,EVID_LIT_000044,30,0.5
WEBR1_PROTOCOL_0661,LMT_0616,literature,10.1080/07391102.2023.2282177,ASSAY_S3_L84_B_LMT_0616_30_1_0_00,45,not_reported,not_reported,not_reported,preincubated_enzyme,residual lipase activity,p-nitrophenyl palmitate (p-NPP),lipase sample without alcohol solvents = 100%,not_reported,not_reported,G210C truncated recombinant Staphylococcus epidermidis AT2 lipase,1,EVID_LIT_000045,30,1.0
WEBR1_PROTOCOL_0662,LMT_0616,literature,10.1080/07391102.2023.2282177,ASSAY_S3_L84_B_LMT_0616_30_1_5_00,45,not_reported,not_reported,not_reported,preincubated_enzyme,residual lipase activity,p-nitrophenyl palmitate (p-NPP),lipase sample without alcohol solvents = 100%,not_reported,not_reported,G210C truncated recombinant Staphylococcus epidermidis AT2 lipase,1,EVID_LIT_000046,30,1.5
WEBR1_PROTOCOL_0663,LMT_0616,literature,10.1080/07391102.2023.2282177,ASSAY_S3_L84_B_LMT_0616_30_2_0_00,45,not_reported,not_reported,not_reported,preincubated_enzyme,residual lipase activity,p-nitrophenyl palmitate (p-NPP),lipase sample without alcohol solvents = 100%,not_reported,not_reported,G210C truncated recombinant Staphylococcus epidermidis AT2 lipase,1,EVID_LIT_000047,30,2.0
WEBR1_PROTOCOL_0664,LMT_0616,literature,10.1080/07391102.2023.2282177,ASSAY_S3_L84_B_LMT_0616_30_2_5_00,45,not_reported,not_reported,not_reported,preincubated_enzyme,residual lipase activity,p-nitrophenyl palmitate (p-NPP),lipase sample without alcohol solvents = 100%,not_reported,not_reported,G210C truncated recombinant Staphylococcus epidermidis AT2 lipase,1,EVID_LIT_000048,30,2.5
WEBR1_PROTOCOL_0665,LMT_0616,literature,10.1080/07391102.2023.2282177,ASSAY_S3_L84_B_LMT_0616_30_3_0_00,45,not_reported,not_reported,not_reported,preincubated_enzyme,residual lipase activity,p-nitrophenyl palmitate (p-NPP),lipase sample without alcohol solvents = 100%,not_reported,not_reported,G210C truncated recombinant Staphylococcus epidermidis AT2 lipase,1,EVID_LIT_000049,30,3.0
WEBR1_PROTOCOL_0666,LMT_0616,literature,10.1080/07391102.2023.2282177,ASSAY_S3_L84_B_LMT_0616_40_0_5_00,45,not_reported,not_reported,not_reported,preincubated_enzyme,residual lipase activity,p-nitrophenyl palmitate (p-NPP),lipase sample without alcohol solvents = 100%,not_reported,not_reported,G210C truncated recombinant Staphylococcus epidermidis AT2 lipase,1,EVID_LIT_000051,40,0.5
WEBR1_PROTOCOL_0667,LMT_0616,literature,10.1080/07391102.2023.2282177,ASSAY_S3_L84_B_LMT_0616_40_1_0_01,45,not_reported,not_reported,not_reported,preincubated_enzyme,residual lipase activity,p-nitrophenyl palmitate (p-NPP),lipase sample without alcohol solvents = 100%,not_reported,not_reported,G210C truncated recombinant Staphylococcus epidermidis AT2 lipase,1,EVID_LIT_000052,40,1.0
WEBR1_PROTOCOL_0668,LMT_0616,literature,10.1080/07391102.2023.2282177,ASSAY_S3_L84_B_LMT_0616_40_1_5_01,45,not_reported,not_reported,not_reported,preincubated_enzyme,residual lipase activity,p-nitrophenyl palmitate (p-NPP),lipase sample without alcohol solvents = 100%,not_reported,not_reported,G210C truncated recombinant Staphylococcus epidermidis AT2 lipase,1,EVID_LIT_000053,40,1.5
WEBR1_PROTOCOL_0669,LMT_0616,literature,10.1080/07391102.2023.2282177,ASSAY_S3_L84_B_LMT_0616_40_2_0_01,45,not_reported,not_reported,not_reported,preincubated_enzyme,residual lipase activity,p-nitrophenyl palmitate (p-NPP),lipase sample without alcohol solvents = 100%,not_reported,not_reported,G210C truncated recombinant Staphylococcus epidermidis AT2 lipase,1,EVID_LIT_000054,40,2.0
WEBR1_PROTOCOL_0670,LMT_0616,literature,10.1080/07391102.2023.2282177,ASSAY_S3_L84_B_LMT_0616_40_2_5_01,45,not_reported,not_reported,not_reported,preincubated_enzyme,residual lipase activity,p-nitrophenyl palmitate (p-NPP),lipase sample without alcohol solvents = 100%,not_reported,not_reported,G210C truncated recombinant Staphylococcus epidermidis AT2 lipase,1,EVID_LIT_000055,40,2.5
WEBR1_PROTOCOL_0671,LMT_0616,literature,10.1080/07391102.2023.2282177,ASSAY_S3_L84_B_LMT_0616_40_3_0_01,45,not_reported,not_reported,not_reported,preincubated_enzyme,residual lipase activity,p-nitrophenyl palmitate (p-NPP),lipase sample without alcohol solvents = 100%,not_reported,not_reported,G210C truncated recombinant Staphylococcus epidermidis AT2 lipase,1,EVID_LIT_000056,40,3.0
WEBR1_PROTOCOL_0672,LMT_0616,literature,10.1080/07391102.2023.2282177,ASSAY_S3_L84_B_LMT_0616_50_0_5_01,45,not_reported,not_reported,not_reported,preincubated_enzyme,residual lipase activity,p-nitrophenyl palmitate (p-NPP),lipase sample without alcohol solvents = 100%,not_reported,not_reported,G210C truncated recombinant Staphylococcus epidermidis AT2 lipase,1,EVID_LIT_000058,50,0.5
WEBR1_PROTOCOL_0673,LMT_0616,literature,10.1080/07391102.2023.2282177,ASSAY_S3_L84_B_LMT_0616_50_1_0_01,45,not_reported,not_reported,not_reported,preincubated_enzyme,residual lipase activity,p-nitrophenyl palmitate (p-NPP),lipase sample without alcohol solvents = 100%,not_reported,not_reported,G210C truncated recombinant Staphylococcus epidermidis AT2 lipase,1,EVID_LIT_000059,50,1.0
WEBR1_PROTOCOL_0674,LMT_0616,literature,10.1080/07391102.2023.2282177,ASSAY_S3_L84_B_LMT_0616_50_1_5_01,45,not_reported,not_reported,not_reported,preincubated_enzyme,residual lipase activity,p-nitrophenyl palmitate (p-NPP),lipase sample without alcohol solvents = 100%,not_reported,not_reported,G210C truncated recombinant Staphylococcus epidermidis AT2 lipase,1,EVID_LIT_000060,50,1.5
WEBR1_PROTOCOL_0675,LMT_0616,literature,10.1080/07391102.2023.2282177,ASSAY_S3_L84_B_LMT_0616_50_2_0_01,45,not_reported,not_reported,not_reported,preincubated_enzyme,residual lipase activity,p-nitrophenyl palmitate (p-NPP),lipase sample without alcohol solvents = 100%,not_reported,not_reported,G210C truncated recombinant Staphylococcus epidermidis AT2 lipase,1,EVID_LIT_000061,50,2.0
WEBR1_PROTOCOL_0676,LMT_0616,literature,10.1080/07391102.2023.2282177,ASSAY_S3_L84_B_LMT_0616_50_2_5_02,45,not_reported,not_reported,not_reported,preincubated_enzyme,residual lipase activity,p-nitrophenyl palmitate (p-NPP),lipase sample without alcohol solvents = 100%,not_reported,not_reported,G210C truncated recombinant Staphylococcus epidermidis AT2 lipase,1,EVID_LIT_000062,50,2.5
WEBR1_PROTOCOL_0677,LMT_0616,literature,10.1080/07391102.2023.2282177,ASSAY_S3_L84_B_LMT_0616_50_3_0_02,45,not_reported,not_reported,not_reported,preincubated_enzyme,residual lipase activity,p-nitrophenyl palmitate (p-NPP),lipase sample without alcohol solvents = 100%,not_reported,not_reported,G210C truncated recombinant Staphylococcus epidermidis AT2 lipase,1,EVID_LIT_000063,50,3.0
WEBR1_PROTOCOL_0678,LMT_0616,literature,10.3390/ijms18112202,ASSAY_P1A_B2GF_S1_AT2_G210C,50,not_reported,not_reported,not_reported,one_shot,pNPP colorimetric absorbance assay at 410 nm after solvent preincubation,p-nitrophenyl palmitate (pNPP),same_paper_no_methanol_addition_control,yes,yes,Staphylococcus epidermidis AT2 G210C truncated recombinant lipase,1,EVID_LIT_001643,50,0.5
WEBR1_PROTOCOL_0679,LMT_0617,literature,10.1007/s13205-018-1506-6,ASSAY_P1A_B2M11_BSKL_MEOH50_6H,37,not_reported,not_reported,not_reported,one_shot,spectrophotometric pNPP assay at 420 nm after solvent preincubation,p-nitrophenyl palmitate (pNPP),same_paper_no_solvent_control,yes,yes,Bacillus subtilis strain Kakrayal_1 purified lipase (BSK-L),1,EVID_LIT_001652,50,6
WEBR1_PROTOCOL_0680,LMT_0618,literature,10.1016/j.biteb.2022.101228,ASSAY_P1A_B2M12_AEUC_001_MEOH10_5H,25,not_reported,not_reported,not_reported,one_shot,residual lipase activity after organic solvent preincubation,not_reported,same_paper_no_solvent_control,yes,yes,Aspergillus eucalypticola CBS 122712 LFS-7 purified lipase,1,EVID_LIT_001653,10,5
WEBR1_PROTOCOL_0681,LMT_0619,literature,10.1016/j.biteb.2022.101228,ASSAY_P1A_B2M12_AEUC_002_MEOH10_5H,25,not_reported,not_reported,not_reported,one_shot,residual lipase activity after organic solvent preincubation,not_reported,same_paper_no_solvent_control,yes,yes,Aspergillus eucalypticola CBS 122712 MTS-03 purified lipase,1,EVID_LIT_001654,10,5
WEBR1_PROTOCOL_0682,LMT_0620,literature,REF_P1A_UM1_FORMAL_06_XIAO2022,ASSAY_P1A_UM1_FORMAL_06_FIG3_14_MEOH24H,4,not_reported,not_reported,not_reported,one_shot,titrimetric olive-oil hydrolysis residual activity assay after solvent preincubation,olive oil emulsion,same_paper_preincubation_or_no_solvent_control,yes,yes,UM-1 G40L mutant,1,EVID_LIT_002471,50,24
WEBR1_PROTOCOL_0683,LMT_0621,literature,REF_P1A_UM1_FORMAL_06_XIAO2022,ASSAY_P1A_UM1_FORMAL_06_FIG3_14_MEOH24H,4,not_reported,not_reported,not_reported,one_shot,titrimetric olive-oil hydrolysis residual activity assay after solvent preincubation,olive oil emulsion,same_paper_preincubation_or_no_solvent_control,yes,yes,UM-1 G40F mutant,1,EVID_LIT_002472,50,24
WEBR1_PROTOCOL_0684,LMT_0622,literature,REF_P1A_UM1_FORMAL_06_XIAO2022,ASSAY_P1A_UM1_FORMAL_06_FIG3_14_MEOH24H,4,not_reported,not_reported,not_reported,one_shot,titrimetric olive-oil hydrolysis residual activity assay after solvent preincubation,olive oil emulsion,same_paper_preincubation_or_no_solvent_control,yes,yes,UM-1 V233F mutant,1,EVID_LIT_002473,50,24
WEBR1_PROTOCOL_0685,LMT_0623,literature,REF_P1A_UM1_FORMAL_06_XIAO2022,ASSAY_P1A_UM1_FORMAL_06_FIG3_14_MEOH24H,4,not_reported,not_reported,not_reported,one_shot,titrimetric olive-oil hydrolysis residual activity assay after solvent preincubation,olive oil emulsion,same_paper_preincubation_or_no_solvent_control,yes,yes,UM-1 T237A mutant,1,EVID_LIT_002474,50,24
WEBR1_PROTOCOL_0686,LMT_0624,literature,REF_P1A_UM1_FORMAL_06_XIAO2022,ASSAY_P1A_UM1_FORMAL_06_FIG3_14_MEOH24H,4,not_reported,not_reported,not_reported,one_shot,titrimetric olive-oil hydrolysis residual activity assay after solvent preincubation,olive oil emulsion,same_paper_preincubation_or_no_solvent_control,yes,yes,UM-1 T237F mutant,1,EVID_LIT_002475,50,24
WEBR1_PROTOCOL_0687,LMT_0625,literature,REF_P1A_UM1_FORMAL_06_XIAO2022,ASSAY_P1A_UM1_FORMAL_06_FIG3_14_MEOH24H,4,not_reported,not_reported,not_reported,one_shot,titrimetric olive-oil hydrolysis residual activity assay after solvent preincubation,olive oil emulsion,same_paper_preincubation_or_no_solvent_control,yes,yes,UM-1 T237L mutant,1,EVID_LIT_002476,50,24
WEBR1_PROTOCOL_0688,LMT_0626,literature,REF_P1A_UM1_FORMAL_09_YANG2022,ASSAY_P1A_UM1_FORMAL_09_FIG4_4_MEOH24H,4,not_reported,not_reported,not_reported,one_shot,titrimetric olive-oil hydrolysis residual activity assay after solvent preincubation,olive oil emulsion,same_paper_preincubation_or_no_solvent_control,yes,yes,UM-1 T237R mutant,1,EVID_LIT_002478,60,24
WEBR1_PROTOCOL_0689,LMT_0627,literature,REF_P1A_UM1_FORMAL_09_YANG2022,ASSAY_P1A_UM1_FORMAL_09_FIG4_4_MEOH24H,4,not_reported,not_reported,not_reported,one_shot,titrimetric olive-oil hydrolysis residual activity assay after solvent preincubation,olive oil emulsion,same_paper_preincubation_or_no_solvent_control,yes,yes,UM-1 G40D/T237R mutant,1,EVID_LIT_002479,60,24
WEBR1_PROTOCOL_0690,LMT_0628,literature,10.4014/jmb.1806.06032,ASSAY_P1A_B26_01_FIG4_ESTSP2_MEOH_1H,not_reported,not_reported,not_reported,not_reported,one_shot,pNP acetate spectrophotometric hydrolysis assay at 405 nm,p-nitrophenyl acetate,same-paper no-solvent control; Fig. 4 caption defines activity without organic solvent as 100% (22 uM/min),yes,yes,EstSP2 carboxylesterase,4,EVID_LIT_001347;EVID_LIT_001348;EVID_LIT_001349;EVID_LIT_001350,10;20;30;40,1
WEBR1_PROTOCOL_0691,LMT_0629,literature,10.1007/s12010-012-9584-0,ASSAY_P1A_B27_JK1_TABLE4_MEOH30,25,50 mM phosphate buffer; no-solvent control,7.0,200 ug total enzyme,one_shot,pNPP spectrophotometric hydrolysis assay at 410 nm after solvent preincubation,p-nitrophenyl palmitate (pNPP),same-paper no-solvent control,yes,yes,Rhizopus JK-1 extracellular lipase,1,EVID_LIT_001351,30,2
WEBR1_PROTOCOL_0692,LMT_0630,literature,10.1039/c3ob41076e,ASSAY_P1A_B28_ITEM2_FIG2B_CALB_IL_MEOH_2H_RT,25,0-50% (v/v) aqueous methanol; room-temperature incubation,not_reported,not_reported,one_shot,p-nitrophenyl palmitate hydrolysis assay at A405,p-nitrophenyl palmitate,same_paper,yes,yes,CALB-[HOOCMMIm][Cl],6,EVID_LIT_001369;EVID_LIT_001370;EVID_LIT_001371;EVID_LIT_001372;EVID_LIT_001373;EVID_LIT_001374,0;10;20;30;40;50,2
WEBR1_PROTOCOL_0693,LMT_0631,literature,10.1039/c3ob41076e,ASSAY_P1A_B28_ITEM2_FIG2B_CALB_IL_MEOH_2H_RT,25,0-50% (v/v) aqueous methanol; room-temperature incubation,not_reported,not_reported,one_shot,p-nitrophenyl palmitate hydrolysis assay at A405,p-nitrophenyl palmitate,same_paper,yes,yes,CALB-[HOOCEMIm][Cl],6,EVID_LIT_001375;EVID_LIT_001376;EVID_LIT_001377;EVID_LIT_001378;EVID_LIT_001379;EVID_LIT_001380,0;10;20;30;40;50,2
WEBR1_PROTOCOL_0694,LMT_0632,literature,10.1039/c3ob41076e,ASSAY_P1A_B28_ITEM2_FIG2B_CALB_IL_MEOH_2H_RT,25,0-50% (v/v) aqueous methanol; room-temperature incubation,not_reported,not_reported,one_shot,p-nitrophenyl palmitate hydrolysis assay at A405,p-nitrophenyl palmitate,same_paper,yes,yes,CALB-[HOOCBMIm][Cl],6,EVID_LIT_001381;EVID_LIT_001382;EVID_LIT_001383;EVID_LIT_001384;EVID_LIT_001385;EVID_LIT_001386,0;10;20;30;40;50,2
WEBR1_PROTOCOL_0695,LMT_0633,literature,10.1039/c3ob41076e,ASSAY_P1A_B28_ITEM2_FIG2B_CALB_IL_MEOH_2H_RT,25,0-50% (v/v) aqueous methanol; room-temperature incubation,not_reported,not_reported,one_shot,p-nitrophenyl palmitate hydrolysis assay at A405,p-nitrophenyl palmitate,same_paper,yes,yes,CALB-[HOOCBMIm][H2PO4],6,EVID_LIT_001387;EVID_LIT_001388;EVID_LIT_001389;EVID_LIT_001390;EVID_LIT_001391;EVID_LIT_001392,0;10;20;30;40;50,2
WEBR1_PROTOCOL_0696,LMT_0634,literature,10.1039/c3ob41076e,ASSAY_P1A_B28_ITEM2_FIG2B_CALB_IL_MEOH_2H_RT,25,0-50% (v/v) aqueous methanol; room-temperature incubation,not_reported,not_reported,one_shot,p-nitrophenyl palmitate hydrolysis assay at A405,p-nitrophenyl palmitate,same_paper,yes,yes,CALB-[HOOCMMIm][PF6],6,EVID_LIT_001393;EVID_LIT_001394;EVID_LIT_001395;EVID_LIT_001396;EVID_LIT_001397;EVID_LIT_001398,0;10;20;30;40;50,2
WEBR1_PROTOCOL_0697,LMT_0635,literature,10.1016/j.enzmictec.2017.03.010,ASSAY_P1A_B28_ITEM4_FIG6A_RML_MEOH_1H,not_reported,pNPP mixture with different methanol concentrations; final assay methanol diluted to 10%,8.0,100 ug/mL,one_shot,p-nitrophenyl palmitate hydrolysis residual activity assay,p-nitrophenyl palmitate,same_paper,yes,yes,RML-G10,8,EVID_LIT_001407;EVID_LIT_001408;EVID_LIT_001409;EVID_LIT_001410;EVID_LIT_001411;EVID_LIT_001412;EVID_LIT_001413;EVID_LIT_001414,10;20;30;40;50;60;70;80,1
WEBR1_PROTOCOL_0698,LMT_0636,literature,10.1016/j.enzmictec.2017.03.010,ASSAY_P1A_B28_ITEM4_FIG6A_RML_MEOH_1H,not_reported,pNPP mixture with different methanol concentrations; final assay methanol diluted to 10%,8.0,100 ug/mL,one_shot,p-nitrophenyl palmitate hydrolysis residual activity assay,p-nitrophenyl palmitate,same_paper,yes,yes,RML-G10-11,8,EVID_LIT_001415;EVID_LIT_001416;EVID_LIT_001417;EVID_LIT_001418;EVID_LIT_001419;EVID_LIT_001420;EVID_LIT_001421;EVID_LIT_001422,10;20;30;40;50;60;70;80,1
WEBR1_PROTOCOL_0699,LMT_0637,literature,10.1016/j.enzmictec.2017.03.010,ASSAY_P1A_B28_ITEM4_FIG6A_RML_MEOH_1H,not_reported,pNPP mixture with different methanol concentrations; final assay methanol diluted to 10%,8.0,100 ug/mL,one_shot,p-nitrophenyl palmitate hydrolysis residual activity assay,p-nitrophenyl palmitate,same_paper,yes,yes,RML-G10-20,8,EVID_LIT_001423;EVID_LIT_001424;EVID_LIT_001425;EVID_LIT_001426;EVID_LIT_001427;EVID_LIT_001428;EVID_LIT_001429;EVID_LIT_001430,10;20;30;40;50;60;70;80,1
WEBR1_PROTOCOL_0700,LMT_0638,literature,10.1016/j.enzmictec.2022.110072,ASSAY_P1A_B28_ITEM5_FIG5A_RML_NGLYCO_MEOH_1H,not_reported,10-90% methanol solution; buffer not reported in extracted method,not_reported,not_reported,one_shot,p-nitrophenyl palmitate hydrolysis assay at A410,p-nitrophenyl palmitate,same_paper,yes,yes,RML-Nglyco-N151,9,EVID_LIT_001449;EVID_LIT_001450;EVID_LIT_001451;EVID_LIT_001452;EVID_LIT_001453;EVID_LIT_001454;EVID_LIT_001455;EVID_LIT_001456;EVID_LIT_001457,10;20;30;40;50;60;70;80;90,1
WEBR1_PROTOCOL_0701,LMT_0638,literature,10.1016/j.enzmictec.2022.110072,ASSAY_P1A_B28_ITEM5_FIG5B_RML_NGLYCO_MEOH50_TIME,not_reported,50% methanol solution; buffer not reported in extracted method,not_reported,not_reported,one_shot,p-nitrophenyl palmitate hydrolysis assay at A410,p-nitrophenyl palmitate,same_paper,yes,yes,RML-Nglyco-N151,4,EVID_LIT_001502;EVID_LIT_001503;EVID_LIT_001504;EVID_LIT_001505,50,0.5;1;2.5;6
WEBR1_PROTOCOL_0702,LMT_0638,literature,10.1016/j.enzmictec.2022.110072,ASSAY_P1A_B29_RML_NGLYCO_SUPP_S3B_MEOH50_TIME,not_reported,50% methanol solution; buffer not reported in extracted method,not_reported,not_reported,one_shot,p-nitrophenyl palmitate hydrolysis assay at A410,p-nitrophenyl palmitate,same_paper,yes,yes,RML-Nglyco-N151,1,EVID_LIT_001612,50,8
WEBR1_PROTOCOL_0703,LMT_0639,literature,10.1016/j.enzmictec.2022.110072,ASSAY_P1A_B28_ITEM5_FIG5A_RML_NGLYCO_MEOH_1H,not_reported,10-90% methanol solution; buffer not reported in extracted method,not_reported,not_reported,one_shot,p-nitrophenyl palmitate hydrolysis assay at A410,p-nitrophenyl palmitate,same_paper,yes,yes,RML-Nglyco-N174-1,9,EVID_LIT_001458;EVID_LIT_001459;EVID_LIT_001460;EVID_LIT_001461;EVID_LIT_001462;EVID_LIT_001463;EVID_LIT_001464;EVID_LIT_001465;EVID_LIT_001466,10;20;30;40;50;60;70;80;90,1
WEBR1_PROTOCOL_0704,LMT_0639,literature,10.1016/j.enzmictec.2022.110072,ASSAY_P1A_B28_ITEM5_FIG5B_RML_NGLYCO_MEOH50_TIME,not_reported,50% methanol solution; buffer not reported in extracted method,not_reported,not_reported,one_shot,p-nitrophenyl palmitate hydrolysis assay at A410,p-nitrophenyl palmitate,same_paper,yes,yes,RML-Nglyco-N174-1,4,EVID_LIT_001506;EVID_LIT_001507;EVID_LIT_001508;EVID_LIT_001509,50,0.5;1;2.5;6
WEBR1_PROTOCOL_0705,LMT_0639,literature,10.1016/j.enzmictec.2022.110072,ASSAY_P1A_B29_RML_NGLYCO_SUPP_S3B_MEOH50_TIME,not_reported,50% methanol solution; buffer not reported in extracted method,not_reported,not_reported,one_shot,p-nitrophenyl palmitate hydrolysis assay at A410,p-nitrophenyl palmitate,same_paper,yes,yes,RML-Nglyco-N174-1,1,EVID_LIT_001613,50,8
WEBR1_PROTOCOL_0706,LMT_0640,literature,10.1016/j.enzmictec.2022.110072,ASSAY_P1A_B28_ITEM5_FIG5A_RML_NGLYCO_MEOH_1H,not_reported,10-90% methanol solution; buffer not reported in extracted method,not_reported,not_reported,one_shot,p-nitrophenyl palmitate hydrolysis assay at A410,p-nitrophenyl palmitate,same_paper,yes,yes,RML-Nglyco-N235,9,EVID_LIT_001467;EVID_LIT_001468;EVID_LIT_001469;EVID_LIT_001470;EVID_LIT_001471;EVID_LIT_001472;EVID_LIT_001473;EVID_LIT_001474;EVID_LIT_001475,10;20;30;40;50;60;70;80;90,1
WEBR1_PROTOCOL_0707,LMT_0640,literature,10.1016/j.enzmictec.2022.110072,ASSAY_P1A_B28_ITEM5_FIG5B_RML_NGLYCO_MEOH50_TIME,not_reported,50% methanol solution; buffer not reported in extracted method,not_reported,not_reported,one_shot,p-nitrophenyl palmitate hydrolysis assay at A410,p-nitrophenyl palmitate,same_paper,yes,yes,RML-Nglyco-N235,4,EVID_LIT_001510;EVID_LIT_001511;EVID_LIT_001512;EVID_LIT_001513,50,0.5;1;2.5;6
WEBR1_PROTOCOL_0708,LMT_0640,literature,10.1016/j.enzmictec.2022.110072,ASSAY_P1A_B29_RML_NGLYCO_SUPP_S3B_MEOH50_TIME,not_reported,50% methanol solution; buffer not reported in extracted method,not_reported,not_reported,one_shot,p-nitrophenyl palmitate hydrolysis assay at A410,p-nitrophenyl palmitate,same_paper,yes,yes,RML-Nglyco-N235,1,EVID_LIT_001624,50,8
WEBR1_PROTOCOL_0709,LMT_0641,literature,10.1016/j.enzmictec.2022.110072,ASSAY_P1A_B28_ITEM5_FIG5A_RML_NGLYCO_MEOH_1H,not_reported,10-90% methanol solution; buffer not reported in extracted method,not_reported,not_reported,one_shot,p-nitrophenyl palmitate hydrolysis assay at A410,p-nitrophenyl palmitate,same_paper,yes,yes,RML-Nglyco-N288,9,EVID_LIT_001476;EVID_LIT_001477;EVID_LIT_001478;EVID_LIT_001479;EVID_LIT_001480;EVID_LIT_001481;EVID_LIT_001482;EVID_LIT_001483;EVID_LIT_001484,10;20;30;40;50;60;70;80;90,1
WEBR1_PROTOCOL_0710,LMT_0641,literature,10.1016/j.enzmictec.2022.110072,ASSAY_P1A_B28_ITEM5_FIG5B_RML_NGLYCO_MEOH50_TIME,not_reported,50% methanol solution; buffer not reported in extracted method,not_reported,not_reported,one_shot,p-nitrophenyl palmitate hydrolysis assay at A410,p-nitrophenyl palmitate,same_paper,yes,yes,RML-Nglyco-N288,4,EVID_LIT_001514;EVID_LIT_001515;EVID_LIT_001516;EVID_LIT_001517,50,0.5;1;2.5;6
WEBR1_PROTOCOL_0711,LMT_0641,literature,10.1016/j.enzmictec.2022.110072,ASSAY_P1A_B29_RML_NGLYCO_SUPP_S3B_MEOH50_TIME,not_reported,50% methanol solution; buffer not reported in extracted method,not_reported,not_reported,one_shot,p-nitrophenyl palmitate hydrolysis assay at A410,p-nitrophenyl palmitate,same_paper,yes,yes,RML-Nglyco-N288,1,EVID_LIT_001630,50,8
WEBR1_PROTOCOL_0712,LMT_0642,literature,10.1016/j.enzmictec.2022.110072,ASSAY_P1A_B28_ITEM5_FIG5A_RML_NGLYCO_MEOH_1H,not_reported,10-90% methanol solution; buffer not reported in extracted method,not_reported,not_reported,one_shot,p-nitrophenyl palmitate hydrolysis assay at A410,p-nitrophenyl palmitate,same_paper,yes,yes,RML-Nglyco-N314,9,EVID_LIT_001485;EVID_LIT_001486;EVID_LIT_001487;EVID_LIT_001488;EVID_LIT_001489;EVID_LIT_001490;EVID_LIT_001491;EVID_LIT_001492;EVID_LIT_001493,10;20;30;40;50;60;70;80;90,1
WEBR1_PROTOCOL_0713,LMT_0642,literature,10.1016/j.enzmictec.2022.110072,ASSAY_P1A_B28_ITEM5_FIG5B_RML_NGLYCO_MEOH50_TIME,not_reported,50% methanol solution; buffer not reported in extracted method,not_reported,not_reported,one_shot,p-nitrophenyl palmitate hydrolysis assay at A410,p-nitrophenyl palmitate,same_paper,yes,yes,RML-Nglyco-N314,4,EVID_LIT_001518;EVID_LIT_001519;EVID_LIT_001520;EVID_LIT_001521,50,0.5;1;2.5;6
WEBR1_PROTOCOL_0714,LMT_0642,literature,10.1016/j.enzmictec.2022.110072,ASSAY_P1A_B29_RML_NGLYCO_SUPP_S3B_MEOH50_TIME,not_reported,50% methanol solution; buffer not reported in extracted method,not_reported,not_reported,one_shot,p-nitrophenyl palmitate hydrolysis assay at A410,p-nitrophenyl palmitate,same_paper,yes,yes,RML-Nglyco-N314,1,EVID_LIT_001641,50,8
WEBR1_PROTOCOL_0715,LMT_0643,literature,10.1016/j.enzmictec.2022.110072,ASSAY_P1A_B29_RML_NGLYCO_SUPP_S3A_MEOH_1H,not_reported,10-90% methanol solution; buffer not reported in extracted method,not_reported,not_reported,one_shot,p-nitrophenyl palmitate hydrolysis assay at A410,p-nitrophenyl palmitate,same_paper,yes,yes,RML-Nglyco-N80,9,EVID_LIT_001523;EVID_LIT_001524;EVID_LIT_001525;EVID_LIT_001526;EVID_LIT_001527;EVID_LIT_001528;EVID_LIT_001529;EVID_LIT_001530;EVID_LIT_001531,10;20;30;40;50;60;70;80;90,1
WEBR1_PROTOCOL_0716,LMT_0643,literature,10.1016/j.enzmictec.2022.110072,ASSAY_P1A_B29_RML_NGLYCO_SUPP_S3B_MEOH50_TIME,not_reported,50% methanol solution; buffer not reported in extracted method,not_reported,not_reported,one_shot,p-nitrophenyl palmitate hydrolysis assay at A410,p-nitrophenyl palmitate,same_paper,yes,yes,RML-Nglyco-N80,5,EVID_LIT_001597;EVID_LIT_001598;EVID_LIT_001599;EVID_LIT_001600;EVID_LIT_001601,50,0.5;1;2.5;6;8
WEBR1_PROTOCOL_0717,LMT_0644,literature,10.1016/j.enzmictec.2022.110072,ASSAY_P1A_B29_RML_NGLYCO_SUPP_S3A_MEOH_1H,not_reported,10-90% methanol solution; buffer not reported in extracted method,not_reported,not_reported,one_shot,p-nitrophenyl palmitate hydrolysis assay at A410,p-nitrophenyl palmitate,same_paper,yes,yes,RML-Nglyco-N142,9,EVID_LIT_001532;EVID_LIT_001533;EVID_LIT_001534;EVID_LIT_001535;EVID_LIT_001536;EVID_LIT_001537;EVID_LIT_001538;EVID_LIT_001539;EVID_LIT_001540,10;20;30;40;50;60;70;80;90,1
WEBR1_PROTOCOL_0718,LMT_0644,literature,10.1016/j.enzmictec.2022.110072,ASSAY_P1A_B29_RML_NGLYCO_SUPP_S3B_MEOH50_TIME,not_reported,50% methanol solution; buffer not reported in extracted method,not_reported,not_reported,one_shot,p-nitrophenyl palmitate hydrolysis assay at A410,p-nitrophenyl palmitate,same_paper,yes,yes,RML-Nglyco-N142,5,EVID_LIT_001602;EVID_LIT_001603;EVID_LIT_001604;EVID_LIT_001605;EVID_LIT_001606,50,0.5;1;2.5;6;8
WEBR1_PROTOCOL_0719,LMT_0645,literature,10.1016/j.enzmictec.2022.110072,ASSAY_P1A_B29_RML_NGLYCO_SUPP_S3A_MEOH_1H,not_reported,10-90% methanol solution; buffer not reported in extracted method,not_reported,not_reported,one_shot,p-nitrophenyl palmitate hydrolysis assay at A410,p-nitrophenyl palmitate,same_paper,yes,yes,RML-Nglyco-N143,9,EVID_LIT_001541;EVID_LIT_001542;EVID_LIT_001543;EVID_LIT_001544;EVID_LIT_001545;EVID_LIT_001546;EVID_LIT_001547;EVID_LIT_001548;EVID_LIT_001549,10;20;30;40;50;60;70;80;90,1
WEBR1_PROTOCOL_0720,LMT_0645,literature,10.1016/j.enzmictec.2022.110072,ASSAY_P1A_B29_RML_NGLYCO_SUPP_S3B_MEOH50_TIME,not_reported,50% methanol solution; buffer not reported in extracted method,not_reported,not_reported,one_shot,p-nitrophenyl palmitate hydrolysis assay at A410,p-nitrophenyl palmitate,same_paper,yes,yes,RML-Nglyco-N143,5,EVID_LIT_001607;EVID_LIT_001608;EVID_LIT_001609;EVID_LIT_001610;EVID_LIT_001611,50,0.5;1;2.5;6;8
WEBR1_PROTOCOL_0721,LMT_0646,literature,10.1016/j.enzmictec.2022.110072,ASSAY_P1A_B29_RML_NGLYCO_SUPP_S3A_MEOH_1H,not_reported,10-90% methanol solution; buffer not reported in extracted method,not_reported,not_reported,one_shot,p-nitrophenyl palmitate hydrolysis assay at A410,p-nitrophenyl palmitate,same_paper,yes,yes,RML-Nglyco-N174-2,9,EVID_LIT_001550;EVID_LIT_001551;EVID_LIT_001552;EVID_LIT_001553;EVID_LIT_001554;EVID_LIT_001555;EVID_LIT_001556;EVID_LIT_001557;EVID_LIT_001558,10;20;30;40;50;60;70;80;90,1
WEBR1_PROTOCOL_0722,LMT_0646,literature,10.1016/j.enzmictec.2022.110072,ASSAY_P1A_B29_RML_NGLYCO_SUPP_S3B_MEOH50_TIME,not_reported,50% methanol solution; buffer not reported in extracted method,not_reported,not_reported,one_shot,p-nitrophenyl palmitate hydrolysis assay at A410,p-nitrophenyl palmitate,same_paper,yes,yes,RML-Nglyco-N174-2,5,EVID_LIT_001614;EVID_LIT_001615;EVID_LIT_001616;EVID_LIT_001617;EVID_LIT_001618,50,0.5;1;2.5;6;8
WEBR1_PROTOCOL_0723,LMT_0647,literature,10.1016/j.enzmictec.2022.110072,ASSAY_P1A_B29_RML_NGLYCO_SUPP_S3A_MEOH_1H,not_reported,10-90% methanol solution; buffer not reported in extracted method,not_reported,not_reported,one_shot,p-nitrophenyl palmitate hydrolysis assay at A410,p-nitrophenyl palmitate,same_paper,yes,yes,RML-Nglyco-N174-3,9,EVID_LIT_001559;EVID_LIT_001560;EVID_LIT_001561;EVID_LIT_001562;EVID_LIT_001563;EVID_LIT_001564;EVID_LIT_001565;EVID_LIT_001566;EVID_LIT_001567,10;20;30;40;50;60;70;80;90,1
WEBR1_PROTOCOL_0724,LMT_0647,literature,10.1016/j.enzmictec.2022.110072,ASSAY_P1A_B29_RML_NGLYCO_SUPP_S3B_MEOH50_TIME,not_reported,50% methanol solution; buffer not reported in extracted method,not_reported,not_reported,one_shot,p-nitrophenyl palmitate hydrolysis assay at A410,p-nitrophenyl palmitate,same_paper,yes,yes,RML-Nglyco-N174-3,5,EVID_LIT_001619;EVID_LIT_001620;EVID_LIT_001621;EVID_LIT_001622;EVID_LIT_001623,50,0.5;1;2.5;6;8
WEBR1_PROTOCOL_0725,LMT_0648,literature,10.1016/j.enzmictec.2022.110072,ASSAY_P1A_B29_RML_NGLYCO_SUPP_S3A_MEOH_1H,not_reported,10-90% methanol solution; buffer not reported in extracted method,not_reported,not_reported,one_shot,p-nitrophenyl palmitate hydrolysis assay at A410,p-nitrophenyl palmitate,same_paper,yes,yes,RML-Nglyco-N249-1,9,EVID_LIT_001568;EVID_LIT_001569;EVID_LIT_001570;EVID_LIT_001571;EVID_LIT_001572;EVID_LIT_001573;EVID_LIT_001574;EVID_LIT_001575;EVID_LIT_001576,10;20;30;40;50;60;70;80;90,1
WEBR1_PROTOCOL_0726,LMT_0648,literature,10.1016/j.enzmictec.2022.110072,ASSAY_P1A_B29_RML_NGLYCO_SUPP_S3B_MEOH50_TIME,not_reported,50% methanol solution; buffer not reported in extracted method,not_reported,not_reported,one_shot,p-nitrophenyl palmitate hydrolysis assay at A410,p-nitrophenyl palmitate,same_paper,yes,yes,RML-Nglyco-N249-1,5,EVID_LIT_001625;EVID_LIT_001626;EVID_LIT_001627;EVID_LIT_001628;EVID_LIT_001629,50,0.5;1;2.5;6;8
WEBR1_PROTOCOL_0727,LMT_0649,literature,10.1016/j.enzmictec.2022.110072,ASSAY_P1A_B29_RML_NGLYCO_SUPP_S3A_MEOH_1H,not_reported,10-90% methanol solution; buffer not reported in extracted method,not_reported,not_reported,one_shot,p-nitrophenyl palmitate hydrolysis assay at A410,p-nitrophenyl palmitate,same_paper,yes,yes,RML-Nglyco-N298,9,EVID_LIT_001577;EVID_LIT_001578;EVID_LIT_001579;EVID_LIT_001580;EVID_LIT_001581;EVID_LIT_001582;EVID_LIT_001583;EVID_LIT_001584;EVID_LIT_001585,10;20;30;40;50;60;70;80;90,1
WEBR1_PROTOCOL_0728,LMT_0649,literature,10.1016/j.enzmictec.2022.110072,ASSAY_P1A_B29_RML_NGLYCO_SUPP_S3B_MEOH50_TIME,not_reported,50% methanol solution; buffer not reported in extracted method,not_reported,not_reported,one_shot,p-nitrophenyl palmitate hydrolysis assay at A410,p-nitrophenyl palmitate,same_paper,yes,yes,RML-Nglyco-N298,5,EVID_LIT_001631;EVID_LIT_001632;EVID_LIT_001633;EVID_LIT_001634;EVID_LIT_001635,50,0.5;1;2.5;6;8
WEBR1_PROTOCOL_0729,LMT_0650,literature,10.1016/j.enzmictec.2022.110072,ASSAY_P1A_B29_RML_NGLYCO_SUPP_S3A_MEOH_1H,not_reported,10-90% methanol solution; buffer not reported in extracted method,not_reported,not_reported,one_shot,p-nitrophenyl palmitate hydrolysis assay at A410,p-nitrophenyl palmitate,same_paper,yes,yes,RML-Nglyco-N310-2,9,EVID_LIT_001586;EVID_LIT_001587;EVID_LIT_001588;EVID_LIT_001589;EVID_LIT_001590;EVID_LIT_001591;EVID_LIT_001592;EVID_LIT_001593;EVID_LIT_001594,10;20;30;40;50;60;70;80;90,1
WEBR1_PROTOCOL_0730,LMT_0650,literature,10.1016/j.enzmictec.2022.110072,ASSAY_P1A_B29_RML_NGLYCO_SUPP_S3B_MEOH50_TIME,not_reported,50% methanol solution; buffer not reported in extracted method,not_reported,not_reported,one_shot,p-nitrophenyl palmitate hydrolysis assay at A410,p-nitrophenyl palmitate,same_paper,yes,yes,RML-Nglyco-N310-2,5,EVID_LIT_001636;EVID_LIT_001637;EVID_LIT_001638;EVID_LIT_001639;EVID_LIT_001640,50,0.5;1;2.5;6;8
WEBR1_PROTOCOL_0731,LMT_0651,literature,10.1007/s12010-018-2865-5,ASSAY_P1A_E0_LIPA9_2019_FIG4B_MEOH,25,organic solvent mixture; buffer not otherwise reported for Fig. 4b,not_reported,0.3 mg/ml,one_shot,p-nitrophenyl caproate hydrolysis assay under standard condition,p-nitrophenyl caproate (p-NPC),same_paper zero-solvent control in Fig. 4b,yes,yes,Marinobacter lipolyticus 27-A9 LipA9,8,EVID_LIT_001655;EVID_LIT_001656;EVID_LIT_001657;EVID_LIT_001658;EVID_LIT_001659;EVID_LIT_001660;EVID_LIT_001661;EVID_LIT_001662,0;10;20;30;40;50;60;65,0.5
WEBR1_PROTOCOL_0732,LMT_0653,literature,SM-004,S8A_SM004_001,37,not_reported,not_reported,not_reported,1:1 v/v methanol challenge,lipase activity assay from source figure,not_reported,"same Fig.4 control bar, 55 U/mL",yes,yes,Aspergillus niger 65I6 crude lipase,1,EVID_LIT_002480,50,1
WEBR1_PROTOCOL_0733,LMT_0656,literature,SM-030,S8A_SM030_001,4,not_reported,not_reported,not_reported,"equal volume methanol, final 50% v/v",residual UM-1 lipase activity from thesis Fig.3-9,not_reported,same Fig.3-9 control normalized to 100%,yes,yes,UM-1 H108A enzyme_solution,1,EVID_LIT_002485,50,24
WEBR1_PROTOCOL_0734,LMT_0656,literature,SM-030,S8A_SM030_002,4,not_reported,not_reported,not_reported,"equal volume methanol, final 50% v/v",residual UM-1 lipase activity from thesis Fig.3-9,not_reported,same Fig.3-9 control normalized to 100%,yes,yes,UM-1 H108A liquid_enzyme_preparation,1,EVID_LIT_002486,50,24
WEBR1_PROTOCOL_0735,LMT_0657,literature,REF_S3_NOT_REPORTED,ASSAY_S3_T17_LMT_0657_30_25_001,30,not_reported,not_reported,not_reported,preincubated_enzyme,not_reported,not_reported,not_reported,not_reported,not_reported,DeEst,1,EVID_LIT_002550,30,25
WEBR1_PROTOCOL_0736,LMT_0657,literature,REF_S3_NOT_REPORTED,ASSAY_S3_T17_LMT_0657_30_3_002,30,not_reported,not_reported,not_reported,preincubated_enzyme,not_reported,not_reported,not_reported,not_reported,not_reported,DeEst,1,EVID_LIT_002588,30,3
WEBR1_PROTOCOL_0737,LMT_0658,literature,REF_S3_NOT_REPORTED,ASSAY_S3_M2_LMT_0658_10_4_003,4,not_reported,not_reported,not_reported,preincubated_enzyme,residual enzyme activity under optimum reaction temperature and pH,not_reported,same-paper untreated/no-solvent control set to 100%,not_reported,not_reported,Lipase MAJ1,1,EVID_LIT_000080,10,4
WEBR1_PROTOCOL_0738,LMT_0659,literature,10.1016/j.ijbiomac.2017.06.003,S8A_SM048_001,25,not_reported,not_reported,not_reported,10% v/v methanol preincubation,standard lipase activity after methanol preincubation,not_reported,same Figure S2/standard assay control normalized to 100%,yes,yes,YLIP9,1,EVID_LIT_002488,10,1
WEBR1_PROTOCOL_0739,LMT_0659,literature,10.1016/j.ijbiomac.2017.06.003,S8A_SM048_002,25,not_reported,not_reported,not_reported,20% v/v methanol preincubation,standard lipase activity after methanol preincubation,not_reported,same Figure S2/standard assay control normalized to 100%,yes,yes,YLIP9,1,EVID_LIT_002489,20,1
WEBR1_PROTOCOL_0740,LMT_0659,literature,10.1016/j.ijbiomac.2017.06.003,S8A_SM048_003,25,not_reported,not_reported,not_reported,30% v/v methanol preincubation,standard lipase activity after methanol preincubation,not_reported,same Figure S2/standard assay control normalized to 100%,yes,yes,YLIP9,1,EVID_LIT_002490,30,1
WEBR1_PROTOCOL_0741,LMT_0659,literature,10.1016/j.ijbiomac.2017.06.003,S8A_SM048_004,25,not_reported,not_reported,not_reported,40% v/v methanol preincubation,standard lipase activity after methanol preincubation,not_reported,same Figure S2/standard assay control normalized to 100%,yes,yes,YLIP9,1,EVID_LIT_002491,40,1
WEBR1_PROTOCOL_0742,LMT_0659,literature,10.1016/j.ijbiomac.2017.06.003,S8A_SM048_005,25,not_reported,not_reported,not_reported,50% v/v methanol preincubation,standard lipase activity after methanol preincubation,not_reported,same Figure S2/standard assay control normalized to 100%,yes,yes,YLIP9,1,EVID_LIT_002492,50,1
WEBR1_PROTOCOL_0743,LMT_0659,literature,10.1016/j.ijbiomac.2017.06.003,S8A_SM048_006,25,not_reported,not_reported,not_reported,60% v/v methanol preincubation,standard lipase activity after methanol preincubation,not_reported,same Figure S2/standard assay control normalized to 100%,yes,yes,YLIP9,1,EVID_LIT_002493,60,1
WEBR1_PROTOCOL_0744,LMT_0659,literature,10.1016/j.ijbiomac.2017.06.003,S8A_SM048_007,25,not_reported,not_reported,not_reported,70% v/v methanol preincubation,standard lipase activity after methanol preincubation,not_reported,same Figure S2/standard assay control normalized to 100%,yes,yes,YLIP9,1,EVID_LIT_002494,70,1
WEBR1_PROTOCOL_0745,LMT_0659,literature,10.1016/j.ijbiomac.2017.06.003,S8A_SM048_008,25,not_reported,not_reported,not_reported,80% v/v methanol preincubation,standard lipase activity after methanol preincubation,not_reported,same Figure S2/standard assay control normalized to 100%,yes,yes,YLIP9,1,EVID_LIT_002495,80,1
WEBR1_PROTOCOL_0746,LMT_0659,literature,10.1016/j.ijbiomac.2017.06.003,S8A_SM048_009,25,not_reported,not_reported,not_reported,90% v/v methanol preincubation,standard lipase activity after methanol preincubation,not_reported,same Figure S2/standard assay control normalized to 100%,yes,yes,YLIP9,1,EVID_LIT_002496,90,1
WEBR1_PROTOCOL_0747,LMT_0660,literature,10.1016/j.biortech.2011.03.083,S8A_SM070_002,30,not_reported,not_reported,not_reported,30% v/v methanol solvent exposure,residual lipase activity after solvent exposure,not_reported,same experiment 0 h/untreated control defined as 100%,yes,yes,Geobacillus sp. ARM lipase,1,EVID_LIT_002516,30,0.5
WEBR1_PROTOCOL_0748,LMT_0661,literature,REF_S3_NOT_REPORTED,ASSAY_S3_L84_B_LMT_0661_30_2_022,4,not_reported,not_reported,not_reported,preincubated_enzyme,phospholipase activity,phospholipid substrate,same-paper no-solvent/unincubated activity set to 100%,not_reported,not_reported,RML chimeric lipase mutant H,1,EVID_LIT_000064,30,2
WEBR1_PROTOCOL_0749,LMT_0662,literature,REF_S3_NOT_REPORTED,ASSAY_S3_L84_B_LMT_0662_30_2_023,4,20 mM Tris-HCl pH 8.0,8,not_reported,preincubated_enzyme,relative lipase activity,Kao diester/PVA emulsion,same-paper no-solvent protein control set to 100%,not_reported,not_reported,Aspergillus oryzae free AOL lipase,1,EVID_LIT_000065,30,2
WEBR1_PROTOCOL_0750,LMT_0664,literature,REF_S3_NOT_REPORTED,ASSAY_S3_L84_B_LMT_0664_100_0_5_0,30,not_reported,not_reported,not_reported,preincubated_enzyme,spectrophotometric lipase activity,p-nitrophenyl caprylate,same-paper no-organic-solvent control in Fig,not_reported,not_reported,Bacillus pumilus WSS5 lipase,1,EVID_LIT_000077,100,0.5
WEBR1_PROTOCOL_0751,LMT_0664,literature,REF_S3_NOT_REPORTED,ASSAY_S3_L84_B_LMT_0664_10_0_5_03,30,not_reported,not_reported,not_reported,preincubated_enzyme,spectrophotometric lipase activity,p-nitrophenyl caprylate,same-paper no-organic-solvent control in Fig,not_reported,not_reported,Bacillus pumilus WSS5 lipase,1,EVID_LIT_000073,10,0.5
WEBR1_PROTOCOL_0752,LMT_0664,literature,REF_S3_NOT_REPORTED,ASSAY_S3_L84_B_LMT_0664_30_0_5_03,30,not_reported,not_reported,not_reported,preincubated_enzyme,spectrophotometric lipase activity,p-nitrophenyl caprylate,same-paper no-organic-solvent control in Fig,not_reported,not_reported,Bacillus pumilus WSS5 lipase,1,EVID_LIT_000074,30,0.5
WEBR1_PROTOCOL_0753,LMT_0664,literature,REF_S3_NOT_REPORTED,ASSAY_S3_L84_B_LMT_0664_50_0_5_03,30,not_reported,not_reported,not_reported,preincubated_enzyme,spectrophotometric lipase activity,p-nitrophenyl caprylate,same-paper no-organic-solvent control in Fig,not_reported,not_reported,Bacillus pumilus WSS5 lipase,1,EVID_LIT_000075,50,0.5
WEBR1_PROTOCOL_0754,LMT_0664,literature,REF_S3_NOT_REPORTED,ASSAY_S3_L84_B_LMT_0664_70_0_5_03,30,not_reported,not_reported,not_reported,preincubated_enzyme,spectrophotometric lipase activity,p-nitrophenyl caprylate,same-paper no-organic-solvent control in Fig,not_reported,not_reported,Bacillus pumilus WSS5 lipase,1,EVID_LIT_000076,70,0.5
WEBR1_PROTOCOL_0755,LMT_0665,literature,10.3390/ijms15010203,ASSAY_S3_C12B_LMT_0665_0_6_001,25,not_reported,not_reported,not_reported,preincubated_enzyme,pH-stat with olive oil substrate,not_reported,same-paper 0% methanol/no-solvent control in Table 4,not_reported,not_reported,rProROL (pro-form Rhizopus oryzae lipase),1,EVID_LIT_000001,0,6
WEBR1_PROTOCOL_0756,LMT_0665,literature,10.3390/ijms15010203,ASSAY_S3_C12B_LMT_0665_10_6_003,25,not_reported,not_reported,not_reported,preincubated_enzyme,pH-stat with olive oil substrate,not_reported,same-paper 0% methanol/no-solvent control in Table 4,not_reported,not_reported,rProROL (pro-form Rhizopus oryzae lipase),1,EVID_LIT_000003,10,6
WEBR1_PROTOCOL_0757,LMT_0665,literature,10.3390/ijms15010203,ASSAY_S3_C12B_LMT_0665_20_6_004,25,not_reported,not_reported,not_reported,preincubated_enzyme,pH-stat with olive oil substrate,not_reported,same-paper 0% methanol/no-solvent control in Table 4,not_reported,not_reported,rProROL (pro-form Rhizopus oryzae lipase),1,EVID_LIT_000004,20,6
WEBR1_PROTOCOL_0758,LMT_0665,literature,10.3390/ijms15010203,ASSAY_S3_C12B_LMT_0665_30_6_005,25,not_reported,not_reported,not_reported,preincubated_enzyme,pH-stat with olive oil substrate,not_reported,same-paper 0% methanol/no-solvent control in Table 4,not_reported,not_reported,rProROL (pro-form Rhizopus oryzae lipase),1,EVID_LIT_000005,30,6
WEBR1_PROTOCOL_0759,LMT_0665,literature,10.3390/ijms15010203,ASSAY_S3_C12B_LMT_0665_40_6_006,25,not_reported,not_reported,not_reported,preincubated_enzyme,pH-stat with olive oil substrate,not_reported,same-paper 0% methanol/no-solvent control in Table 4,not_reported,not_reported,rProROL (pro-form Rhizopus oryzae lipase),1,EVID_LIT_000006,40,6
WEBR1_PROTOCOL_0760,LMT_0665,literature,10.3390/ijms15010203,ASSAY_S3_C12B_LMT_0665_50_6_007,25,not_reported,not_reported,not_reported,preincubated_enzyme,pH-stat with olive oil substrate,not_reported,same-paper 0% methanol/no-solvent control in Table 4,not_reported,not_reported,rProROL (pro-form Rhizopus oryzae lipase),1,EVID_LIT_000007,50,6
WEBR1_PROTOCOL_0761,LMT_0665,literature,10.3390/ijms15010203,ASSAY_S3_C12B_LMT_0665_5_6_002,25,not_reported,not_reported,not_reported,preincubated_enzyme,pH-stat with olive oil substrate,not_reported,same-paper 0% methanol/no-solvent control in Table 4,not_reported,not_reported,rProROL (pro-form Rhizopus oryzae lipase),1,EVID_LIT_000002,5,6
WEBR1_PROTOCOL_0762,LMT_0666,literature,10.1016/j.envres.2022.113570,ASSAY_S3_C12B_LMT_0666_0_24_008,25,not_reported,not_reported,not_reported,preincubated_enzyme,tributyrin emulsion assay,not_reported,same-paper buffer without methanol / 0% point in Fig,not_reported,not_reported,Stenotrophomonas maltophilia D18,1,EVID_LIT_000008,0,24
WEBR1_PROTOCOL_0763,LMT_0666,literature,10.1016/j.envres.2022.113570,ASSAY_S3_C12B_LMT_0666_10_24_010,25,not_reported,not_reported,not_reported,preincubated_enzyme,tributyrin emulsion assay,not_reported,same-paper buffer without methanol / 0% point in Fig,not_reported,not_reported,Stenotrophomonas maltophilia D18,1,EVID_LIT_000010,10,24
WEBR1_PROTOCOL_0764,LMT_0666,literature,10.1016/j.envres.2022.113570,ASSAY_S3_C12B_LMT_0666_15_24_011,25,not_reported,not_reported,not_reported,preincubated_enzyme,tributyrin emulsion assay,not_reported,same-paper buffer without methanol / 0% point in Fig,not_reported,not_reported,Stenotrophomonas maltophilia D18,1,EVID_LIT_000011,15,24
WEBR1_PROTOCOL_0765,LMT_0666,literature,10.1016/j.envres.2022.113570,ASSAY_S3_C12B_LMT_0666_20_24_012,25,not_reported,not_reported,not_reported,preincubated_enzyme,tributyrin emulsion assay,not_reported,same-paper buffer without methanol / 0% point in Fig,not_reported,not_reported,Stenotrophomonas maltophilia D18,1,EVID_LIT_000012,20,24
WEBR1_PROTOCOL_0766,LMT_0666,literature,10.1016/j.envres.2022.113570,ASSAY_S3_C12B_LMT_0666_25_24_013,25,not_reported,not_reported,not_reported,preincubated_enzyme,tributyrin emulsion assay,not_reported,same-paper buffer without methanol / 0% point in Fig,not_reported,not_reported,Stenotrophomonas maltophilia D18,1,EVID_LIT_000013,25,24
WEBR1_PROTOCOL_0767,LMT_0666,literature,10.1016/j.envres.2022.113570,ASSAY_S3_C12B_LMT_0666_30_24_014,25,not_reported,not_reported,not_reported,preincubated_enzyme,tributyrin emulsion assay,not_reported,same-paper buffer without methanol / 0% point in Fig,not_reported,not_reported,Stenotrophomonas maltophilia D18,1,EVID_LIT_000014,30,24
WEBR1_PROTOCOL_0768,LMT_0666,literature,10.1016/j.envres.2022.113570,ASSAY_S3_C12B_LMT_0666_35_24_015,25,not_reported,not_reported,not_reported,preincubated_enzyme,tributyrin emulsion assay,not_reported,same-paper buffer without methanol / 0% point in Fig,not_reported,not_reported,Stenotrophomonas maltophilia D18,1,EVID_LIT_000015,35,24
WEBR1_PROTOCOL_0769,LMT_0666,literature,10.1016/j.envres.2022.113570,ASSAY_S3_C12B_LMT_0666_5_24_009,25,not_reported,not_reported,not_reported,preincubated_enzyme,tributyrin emulsion assay,not_reported,same-paper buffer without methanol / 0% point in Fig,not_reported,not_reported,Stenotrophomonas maltophilia D18,1,EVID_LIT_000009,5,24
WEBR1_PROTOCOL_0770,LMT_0667,literature,10.1016/j.envres.2022.113570,ASSAY_S3_C12B_LMT_0667_0_24_016,35,not_reported,not_reported,not_reported,preincubated_enzyme,tributyrin emulsion assay,not_reported,same-paper buffer without methanol / 0% point in Fig,not_reported,not_reported,Lysinibacillus fusiformis B23,1,EVID_LIT_000016,0,24
WEBR1_PROTOCOL_0771,LMT_0667,literature,10.1016/j.envres.2022.113570,ASSAY_S3_C12B_LMT_0667_10_24_018,35,not_reported,not_reported,not_reported,preincubated_enzyme,tributyrin emulsion assay,not_reported,same-paper buffer without methanol / 0% point in Fig,not_reported,not_reported,Lysinibacillus fusiformis B23,1,EVID_LIT_000018,10,24
WEBR1_PROTOCOL_0772,LMT_0667,literature,10.1016/j.envres.2022.113570,ASSAY_S3_C12B_LMT_0667_15_24_019,35,not_reported,not_reported,not_reported,preincubated_enzyme,tributyrin emulsion assay,not_reported,same-paper buffer without methanol / 0% point in Fig,not_reported,not_reported,Lysinibacillus fusiformis B23,1,EVID_LIT_000019,15,24
WEBR1_PROTOCOL_0773,LMT_0667,literature,10.1016/j.envres.2022.113570,ASSAY_S3_C12B_LMT_0667_20_24_020,35,not_reported,not_reported,not_reported,preincubated_enzyme,tributyrin emulsion assay,not_reported,same-paper buffer without methanol / 0% point in Fig,not_reported,not_reported,Lysinibacillus fusiformis B23,1,EVID_LIT_000020,20,24
WEBR1_PROTOCOL_0774,LMT_0667,literature,10.1016/j.envres.2022.113570,ASSAY_S3_C12B_LMT_0667_25_24_021,35,not_reported,not_reported,not_reported,preincubated_enzyme,tributyrin emulsion assay,not_reported,same-paper buffer without methanol / 0% point in Fig,not_reported,not_reported,Lysinibacillus fusiformis B23,1,EVID_LIT_000021,25,24
WEBR1_PROTOCOL_0775,LMT_0667,literature,10.1016/j.envres.2022.113570,ASSAY_S3_C12B_LMT_0667_30_24_022,35,not_reported,not_reported,not_reported,preincubated_enzyme,tributyrin emulsion assay,not_reported,same-paper buffer without methanol / 0% point in Fig,not_reported,not_reported,Lysinibacillus fusiformis B23,1,EVID_LIT_000022,30,24
WEBR1_PROTOCOL_0776,LMT_0667,literature,10.1016/j.envres.2022.113570,ASSAY_S3_C12B_LMT_0667_35_24_023,35,not_reported,not_reported,not_reported,preincubated_enzyme,tributyrin emulsion assay,not_reported,same-paper buffer without methanol / 0% point in Fig,not_reported,not_reported,Lysinibacillus fusiformis B23,1,EVID_LIT_000023,35,24
WEBR1_PROTOCOL_0777,LMT_0667,literature,10.1016/j.envres.2022.113570,ASSAY_S3_C12B_LMT_0667_5_24_017,35,not_reported,not_reported,not_reported,preincubated_enzyme,tributyrin emulsion assay,not_reported,same-paper buffer without methanol / 0% point in Fig,not_reported,not_reported,Lysinibacillus fusiformis B23,1,EVID_LIT_000017,5,24
WEBR1_PROTOCOL_0778,LMT_0668,literature,10.1016/j.envres.2022.113570,ASSAY_S3_C12B_LMT_0668_0_24_024,30,not_reported,not_reported,not_reported,preincubated_enzyme,tributyrin emulsion assay,not_reported,same-paper buffer without methanol / 0% point in Fig,not_reported,not_reported,Acinetobacter junii C69,1,EVID_LIT_000024,0,24
WEBR1_PROTOCOL_0779,LMT_0668,literature,10.1016/j.envres.2022.113570,ASSAY_S3_C12B_LMT_0668_10_24_026,30,not_reported,not_reported,not_reported,preincubated_enzyme,tributyrin emulsion assay,not_reported,same-paper buffer without methanol / 0% point in Fig,not_reported,not_reported,Acinetobacter junii C69,1,EVID_LIT_000026,10,24
WEBR1_PROTOCOL_0780,LMT_0668,literature,10.1016/j.envres.2022.113570,ASSAY_S3_C12B_LMT_0668_15_24_027,30,not_reported,not_reported,not_reported,preincubated_enzyme,tributyrin emulsion assay,not_reported,same-paper buffer without methanol / 0% point in Fig,not_reported,not_reported,Acinetobacter junii C69,1,EVID_LIT_000027,15,24
WEBR1_PROTOCOL_0781,LMT_0668,literature,10.1016/j.envres.2022.113570,ASSAY_S3_C12B_LMT_0668_20_24_028,30,not_reported,not_reported,not_reported,preincubated_enzyme,tributyrin emulsion assay,not_reported,same-paper buffer without methanol / 0% point in Fig,not_reported,not_reported,Acinetobacter junii C69,1,EVID_LIT_000028,20,24
WEBR1_PROTOCOL_0782,LMT_0668,literature,10.1016/j.envres.2022.113570,ASSAY_S3_C12B_LMT_0668_25_24_029,30,not_reported,not_reported,not_reported,preincubated_enzyme,tributyrin emulsion assay,not_reported,same-paper buffer without methanol / 0% point in Fig,not_reported,not_reported,Acinetobacter junii C69,1,EVID_LIT_000029,25,24
WEBR1_PROTOCOL_0783,LMT_0668,literature,10.1016/j.envres.2022.113570,ASSAY_S3_C12B_LMT_0668_30_24_030,30,not_reported,not_reported,not_reported,preincubated_enzyme,tributyrin emulsion assay,not_reported,same-paper buffer without methanol / 0% point in Fig,not_reported,not_reported,Acinetobacter junii C69,1,EVID_LIT_000030,30,24
WEBR1_PROTOCOL_0784,LMT_0668,literature,10.1016/j.envres.2022.113570,ASSAY_S3_C12B_LMT_0668_35_24_031,30,not_reported,not_reported,not_reported,preincubated_enzyme,tributyrin emulsion assay,not_reported,same-paper buffer without methanol / 0% point in Fig,not_reported,not_reported,Acinetobacter junii C69,1,EVID_LIT_000031,35,24
WEBR1_PROTOCOL_0785,LMT_0668,literature,10.1016/j.envres.2022.113570,ASSAY_S3_C12B_LMT_0668_5_24_025,30,not_reported,not_reported,not_reported,preincubated_enzyme,tributyrin emulsion assay,not_reported,same-paper buffer without methanol / 0% point in Fig,not_reported,not_reported,Acinetobacter junii C69,1,EVID_LIT_000025,5,24
WEBR1_PROTOCOL_0786,LMT_0669,literature,10.1016/j.envres.2022.113570,ASSAY_S3_C12B_LMT_0669_0_24_032,30,not_reported,not_reported,not_reported,preincubated_enzyme,tributyrin emulsion assay,not_reported,same-paper buffer without methanol / 0% point in Fig,not_reported,not_reported,Acinetobacter pittii C95,1,EVID_LIT_000032,0,24
WEBR1_PROTOCOL_0787,LMT_0669,literature,10.1016/j.envres.2022.113570,ASSAY_S3_C12B_LMT_0669_10_24_034,30,not_reported,not_reported,not_reported,preincubated_enzyme,tributyrin emulsion assay,not_reported,same-paper buffer without methanol / 0% point in Fig,not_reported,not_reported,Acinetobacter pittii C95,1,EVID_LIT_000034,10,24
WEBR1_PROTOCOL_0788,LMT_0669,literature,10.1016/j.envres.2022.113570,ASSAY_S3_C12B_LMT_0669_15_24_035,30,not_reported,not_reported,not_reported,preincubated_enzyme,tributyrin emulsion assay,not_reported,same-paper buffer without methanol / 0% point in Fig,not_reported,not_reported,Acinetobacter pittii C95,1,EVID_LIT_000035,15,24
WEBR1_PROTOCOL_0789,LMT_0669,literature,10.1016/j.envres.2022.113570,ASSAY_S3_C12B_LMT_0669_20_24_036,30,not_reported,not_reported,not_reported,preincubated_enzyme,tributyrin emulsion assay,not_reported,same-paper buffer without methanol / 0% point in Fig,not_reported,not_reported,Acinetobacter pittii C95,1,EVID_LIT_000036,20,24
WEBR1_PROTOCOL_0790,LMT_0669,literature,10.1016/j.envres.2022.113570,ASSAY_S3_C12B_LMT_0669_25_24_037,30,not_reported,not_reported,not_reported,preincubated_enzyme,tributyrin emulsion assay,not_reported,same-paper buffer without methanol / 0% point in Fig,not_reported,not_reported,Acinetobacter pittii C95,1,EVID_LIT_000037,25,24
WEBR1_PROTOCOL_0791,LMT_0669,literature,10.1016/j.envres.2022.113570,ASSAY_S3_C12B_LMT_0669_30_24_038,30,not_reported,not_reported,not_reported,preincubated_enzyme,tributyrin emulsion assay,not_reported,same-paper buffer without methanol / 0% point in Fig,not_reported,not_reported,Acinetobacter pittii C95,1,EVID_LIT_000038,30,24
WEBR1_PROTOCOL_0792,LMT_0669,literature,10.1016/j.envres.2022.113570,ASSAY_S3_C12B_LMT_0669_35_24_039,30,not_reported,not_reported,not_reported,preincubated_enzyme,tributyrin emulsion assay,not_reported,same-paper buffer without methanol / 0% point in Fig,not_reported,not_reported,Acinetobacter pittii C95,1,EVID_LIT_000039,35,24
WEBR1_PROTOCOL_0793,LMT_0669,literature,10.1016/j.envres.2022.113570,ASSAY_S3_C12B_LMT_0669_5_24_033,30,not_reported,not_reported,not_reported,preincubated_enzyme,tributyrin emulsion assay,not_reported,same-paper buffer without methanol / 0% point in Fig,not_reported,not_reported,Acinetobacter pittii C95,1,EVID_LIT_000033,5,24
WEBR1_PROTOCOL_0794,LMT_0671,literature,10.53846/goediss-8565,ASSAY_S3_M2_LMT_0671_15_24_001,10,not_reported,not_reported,not_reported,preincubated_enzyme,standard residual activity assay; p-NP ester substrate,not_reported,Specific activity (33.4 U/mg) incubated in organic-solvent-free assay buffer taken as 100%,not_reported,not_reported,Est56,1,EVID_LIT_000078,15,24
WEBR1_PROTOCOL_0795,LMT_0671,literature,10.53846/goediss-8565,ASSAY_S3_M2_LMT_0671_30_24_002,10,not_reported,not_reported,not_reported,preincubated_enzyme,standard residual activity assay; p-NP ester substrate,not_reported,Specific activity (33.4 U/mg) incubated in organic-solvent-free assay buffer taken as 100%,not_reported,not_reported,Est56,1,EVID_LIT_000079,30,24
WEBR1_PROTOCOL_0796,LMT_0672,literature,10.1016/j.ijbiomac.2017.06.003,S8A_SM048_010,25,not_reported,not_reported,not_reported,10% v/v methanol preincubation,standard lipase activity after methanol preincubation,not_reported,same Figure S2/standard assay control normalized to 100%,yes,yes,YLIP9L1,1,EVID_LIT_002497,10,1
WEBR1_PROTOCOL_0797,LMT_0672,literature,10.1016/j.ijbiomac.2017.06.003,S8A_SM048_011,25,not_reported,not_reported,not_reported,20% v/v methanol preincubation,standard lipase activity after methanol preincubation,not_reported,same Figure S2/standard assay control normalized to 100%,yes,yes,YLIP9L1,1,EVID_LIT_002498,20,1
WEBR1_PROTOCOL_0798,LMT_0672,literature,10.1016/j.ijbiomac.2017.06.003,S8A_SM048_012,25,not_reported,not_reported,not_reported,30% v/v methanol preincubation,standard lipase activity after methanol preincubation,not_reported,same Figure S2/standard assay control normalized to 100%,yes,yes,YLIP9L1,1,EVID_LIT_002499,30,1
WEBR1_PROTOCOL_0799,LMT_0672,literature,10.1016/j.ijbiomac.2017.06.003,S8A_SM048_013,25,not_reported,not_reported,not_reported,40% v/v methanol preincubation,standard lipase activity after methanol preincubation,not_reported,same Figure S2/standard assay control normalized to 100%,yes,yes,YLIP9L1,1,EVID_LIT_002500,40,1
WEBR1_PROTOCOL_0800,LMT_0672,literature,10.1016/j.ijbiomac.2017.06.003,S8A_SM048_014,25,not_reported,not_reported,not_reported,50% v/v methanol preincubation,standard lipase activity after methanol preincubation,not_reported,same Figure S2/standard assay control normalized to 100%,yes,yes,YLIP9L1,1,EVID_LIT_002501,50,1
WEBR1_PROTOCOL_0801,LMT_0672,literature,10.1016/j.ijbiomac.2017.06.003,S8A_SM048_015,25,not_reported,not_reported,not_reported,60% v/v methanol preincubation,standard lipase activity after methanol preincubation,not_reported,same Figure S2/standard assay control normalized to 100%,yes,yes,YLIP9L1,1,EVID_LIT_002502,60,1
WEBR1_PROTOCOL_0802,LMT_0672,literature,10.1016/j.ijbiomac.2017.06.003,S8A_SM048_016,25,not_reported,not_reported,not_reported,70% v/v methanol preincubation,standard lipase activity after methanol preincubation,not_reported,same Figure S2/standard assay control normalized to 100%,yes,yes,YLIP9L1,1,EVID_LIT_002503,70,1
WEBR1_PROTOCOL_0803,LMT_0672,literature,10.1016/j.ijbiomac.2017.06.003,S8A_SM048_017,25,not_reported,not_reported,not_reported,80% v/v methanol preincubation,standard lipase activity after methanol preincubation,not_reported,same Figure S2/standard assay control normalized to 100%,yes,yes,YLIP9L1,1,EVID_LIT_002504,80,1
WEBR1_PROTOCOL_0804,LMT_0672,literature,10.1016/j.ijbiomac.2017.06.003,S8A_SM048_018,25,not_reported,not_reported,not_reported,90% v/v methanol preincubation,standard lipase activity after methanol preincubation,not_reported,same Figure S2/standard assay control normalized to 100%,yes,yes,YLIP9L1,1,EVID_LIT_002505,90,1
WEBR1_PROTOCOL_0805,LMT_0673,literature,10.1016/j.ijbiomac.2017.06.003,S8A_SM048_019,25,not_reported,not_reported,not_reported,10% v/v methanol preincubation,standard lipase activity after methanol preincubation,not_reported,same Figure S2/standard assay control normalized to 100%,yes,yes,YLIP9L1Bp3,1,EVID_LIT_002506,10,1
WEBR1_PROTOCOL_0806,LMT_0673,literature,10.1016/j.ijbiomac.2017.06.003,S8A_SM048_020,25,not_reported,not_reported,not_reported,20% v/v methanol preincubation,standard lipase activity after methanol preincubation,not_reported,same Figure S2/standard assay control normalized to 100%,yes,yes,YLIP9L1Bp3,1,EVID_LIT_002507,20,1
WEBR1_PROTOCOL_0807,LMT_0673,literature,10.1016/j.ijbiomac.2017.06.003,S8A_SM048_021,25,not_reported,not_reported,not_reported,30% v/v methanol preincubation,standard lipase activity after methanol preincubation,not_reported,same Figure S2/standard assay control normalized to 100%,yes,yes,YLIP9L1Bp3,1,EVID_LIT_002508,30,1
WEBR1_PROTOCOL_0808,LMT_0673,literature,10.1016/j.ijbiomac.2017.06.003,S8A_SM048_022,25,not_reported,not_reported,not_reported,40% v/v methanol preincubation,standard lipase activity after methanol preincubation,not_reported,same Figure S2/standard assay control normalized to 100%,yes,yes,YLIP9L1Bp3,1,EVID_LIT_002509,40,1
WEBR1_PROTOCOL_0809,LMT_0673,literature,10.1016/j.ijbiomac.2017.06.003,S8A_SM048_023,25,not_reported,not_reported,not_reported,50% v/v methanol preincubation,standard lipase activity after methanol preincubation,not_reported,same Figure S2/standard assay control normalized to 100%,yes,yes,YLIP9L1Bp3,1,EVID_LIT_002510,50,1
WEBR1_PROTOCOL_0810,LMT_0673,literature,10.1016/j.ijbiomac.2017.06.003,S8A_SM048_024,25,not_reported,not_reported,not_reported,60% v/v methanol preincubation,standard lipase activity after methanol preincubation,not_reported,same Figure S2/standard assay control normalized to 100%,yes,yes,YLIP9L1Bp3,1,EVID_LIT_002511,60,1
WEBR1_PROTOCOL_0811,LMT_0673,literature,10.1016/j.ijbiomac.2017.06.003,S8A_SM048_025,25,not_reported,not_reported,not_reported,70% v/v methanol preincubation,standard lipase activity after methanol preincubation,not_reported,same Figure S2/standard assay control normalized to 100%,yes,yes,YLIP9L1Bp3,1,EVID_LIT_002512,70,1
WEBR1_PROTOCOL_0812,LMT_0673,literature,10.1016/j.ijbiomac.2017.06.003,S8A_SM048_026,25,not_reported,not_reported,not_reported,80% v/v methanol preincubation,standard lipase activity after methanol preincubation,not_reported,same Figure S2/standard assay control normalized to 100%,yes,yes,YLIP9L1Bp3,1,EVID_LIT_002513,80,1
WEBR1_PROTOCOL_0813,LMT_0673,literature,10.1016/j.ijbiomac.2017.06.003,S8A_SM048_027,25,not_reported,not_reported,not_reported,90% v/v methanol preincubation,standard lipase activity after methanol preincubation,not_reported,same Figure S2/standard assay control normalized to 100%,yes,yes,YLIP9L1Bp3,1,EVID_LIT_002514,90,1
WEBR1_PROTOCOL_0814,LMT_0674,literature,10.1016/j.biortech.2008.10.063,ASSAY_EVID_S8B_SM099_20,40,not_reported,not_reported,not_reported,preincubation,not_reported,not_reported,control=100 from source,not_reported,not_reported,Pseudozyma hubeiensis HB85A FLCS culture-supernatant lipase,1,EVID_LIT_002545,20,1
WEBR1_PROTOCOL_0815,LMT_0674,literature,10.1016/j.biortech.2008.10.063,ASSAY_EVID_S8B_SM099_50,40,not_reported,not_reported,not_reported,preincubation,not_reported,not_reported,control=100 from source,not_reported,not_reported,Pseudozyma hubeiensis HB85A FLCS culture-supernatant lipase,1,EVID_LIT_002546,50,1
WEBR1_PROTOCOL_0816,LMT_0674,literature,10.1016/j.biortech.2008.10.063,ASSAY_EVID_S8B_SM099_80,40,not_reported,not_reported,not_reported,preincubation,not_reported,not_reported,control=100 from source,not_reported,not_reported,Pseudozyma hubeiensis HB85A FLCS culture-supernatant lipase,1,EVID_LIT_002547,80,1
WEBR1_PROTOCOL_0817,LMT_0674,literature,10.1155/2012/329178,ASSAY_EVID_S8B_SM060_FLCS_20,50,not_reported,not_reported,not_reported,preincubation,not_reported,not_reported,control=100 from source,not_reported,not_reported,Pseudozyma hubeiensis HB85A FLCS free lipase in crude supernatant,1,EVID_LIT_002533,20,1
WEBR1_PROTOCOL_0818,LMT_0674,literature,10.1155/2012/329178,ASSAY_EVID_S8B_SM060_FLCS_50,50,not_reported,not_reported,not_reported,preincubation,not_reported,not_reported,control=100 from source,not_reported,not_reported,Pseudozyma hubeiensis HB85A FLCS free lipase in crude supernatant,1,EVID_LIT_002534,50,1
WEBR1_PROTOCOL_0819,LMT_0674,literature,10.1155/2012/329178,ASSAY_EVID_S8B_SM060_FLCS_80,50,not_reported,not_reported,not_reported,preincubation,not_reported,not_reported,control=100 from source,not_reported,not_reported,Pseudozyma hubeiensis HB85A FLCS free lipase in crude supernatant,1,EVID_LIT_002535,80,1
WEBR1_PROTOCOL_0820,LMT_0675,literature,10.1007/s11274-012-1051-0,ASSAY_EVID_S8B_SM084_SOIL_001,25,not_reported,not_reported,not_reported,preincubation,not_reported,not_reported,control=100 from source,not_reported,not_reported,soil metagenome SMlipA purified lipase,1,EVID_LIT_002539,50,2.5
WEBR1_PROTOCOL_0821,LMT_0675,literature,10.1007/s11274-012-1051-0,ASSAY_EVID_S8B_SM084_SOIL_002,25,not_reported,not_reported,not_reported,preincubation,not_reported,not_reported,control=100 from source,not_reported,not_reported,soil metagenome SMlipA purified lipase,1,EVID_LIT_002540,50,12
WEBR1_PROTOCOL_0822,LMT_0678,literature,10.3390/molecules28217393,ASSAY_B82_EVID_LIT_002560,20,,,,preincubation,not_reported,,same-paper untreated/control reference or not separately reported,,yes,BaAXE WT,1,EVID_LIT_002560,20,19
WEBR1_PROTOCOL_0823,LMT_0678,literature,10.3390/molecules28217393,ASSAY_B82_EVID_LIT_002561,20,,,,preincubation,not_reported,,same-paper untreated/control reference or not separately reported,,yes,BaAXE WT,1,EVID_LIT_002561,40,19
WEBR1_PROTOCOL_0824,LMT_0679,literature,10.3390/molecules28217393,ASSAY_B82_EVID_LIT_002562,20,,,,preincubation,not_reported,,same-paper untreated/control reference or not separately reported,,yes,MUT12,1,EVID_LIT_002562,20,19
WEBR1_PROTOCOL_0825,LMT_0679,literature,10.3390/molecules28217393,ASSAY_B82_EVID_LIT_002563,20,,,,preincubation,not_reported,,same-paper untreated/control reference or not separately reported,,yes,MUT12,1,EVID_LIT_002563,40,19
WEBR1_PROTOCOL_0826,LMT_0680,literature,10.3390/molecules28217393,ASSAY_B82_EVID_LIT_002564,20,,,,preincubation,not_reported,,same-paper untreated/control reference or not separately reported,,yes,MUT143,1,EVID_LIT_002564,20,19
WEBR1_PROTOCOL_0827,LMT_0680,literature,10.3390/molecules28217393,ASSAY_B82_EVID_LIT_002565,20,,,,preincubation,not_reported,,same-paper untreated/control reference or not separately reported,,yes,MUT143,1,EVID_LIT_002565,40,19
WEBR1_PROTOCOL_0828,LMT_0681,literature,10.3390/molecules28217393,ASSAY_B82_EVID_LIT_002566,20,,,,preincubation,not_reported,,same-paper untreated/control reference or not separately reported,,yes,MUT12-143,1,EVID_LIT_002566,20,19
WEBR1_PROTOCOL_0829,LMT_0681,literature,10.3390/molecules28217393,ASSAY_B82_EVID_LIT_002567,20,,,,preincubation,not_reported,,same-paper untreated/control reference or not separately reported,,yes,MUT12-143,1,EVID_LIT_002567,40,19
WEBR1_PROTOCOL_0830,LMT_0682,literature,10.1038/s41598-026-55459-z,ASSAY_B105_EVID_LIT_002589,45,Tris-HCl buffer,8.0,not_reported,preincubation,not_reported,not_reported,same-paper untreated/control reference or not separately reported,not_reported,yes,Stenotrophomonas maltophilia strain HO5 lipase,1,EVID_LIT_002589,10,0.5
WEBR1_PROTOCOL_0831,LMT_0682,literature,10.1038/s41598-026-55459-z,ASSAY_B105_EVID_LIT_002590,45,Tris-HCl buffer,8.0,not_reported,preincubation,not_reported,not_reported,same-paper untreated/control reference or not separately reported,not_reported,yes,Stenotrophomonas maltophilia strain HO5 lipase,1,EVID_LIT_002590,20,0.5
WEBR1_PROTOCOL_0832,LMT_0682,literature,10.1038/s41598-026-55459-z,ASSAY_B82_EVID_LIT_002568,45,Tris-HCl buffer,8.0,,preincubation,not_reported,,same-paper untreated/control reference or not separately reported,,yes,Stenotrophomonas maltophilia strain HO5 lipase,1,EVID_LIT_002568,5,0.5
WEBR1_PROTOCOL_0833,LMT_0683,literature,10.1007/s13205-026-04884-y,ASSAY_B82_EVID_LIT_002569,20,,,,preincubation,not_reported,,same-paper untreated/control reference or not separately reported,,yes,PsEstyfh esterase from Pseudomonas sivasensis R11S16,1,EVID_LIT_002569,10,0.5
WEBR1_PROTOCOL_0834,LMT_0683,literature,10.1007/s13205-026-04884-y,ASSAY_B82_EVID_LIT_002570,20,,,,preincubation,not_reported,,same-paper untreated/control reference or not separately reported,,yes,PsEstyfh esterase from Pseudomonas sivasensis R11S16,1,EVID_LIT_002570,30,0.5
WEBR1_PROTOCOL_0835,LMT_0684,literature,10.55230/mabjournal.v49i2.1519,ASSAY_B82_EVID_LIT_002571,45,,,,preincubation,not_reported,,same-paper untreated/control reference or not separately reported,,yes,Halomonas meridiana BK-AB4 extracellular lipase,1,EVID_LIT_002571,50,0.5
WEBR1_PROTOCOL_0836,LMT_0685,literature,10.22207/jpam.10.2.68,ASSAY_B82_EVID_LIT_002572,40,,,,preincubation,not_reported,,same-paper untreated/control reference or not separately reported,,yes,Pseudomonas aeruginosa KF 853103 extracellular lipase,1,EVID_LIT_002572,30,0.5
WEBR1_PROTOCOL_0837,LMT_0686,literature,10.2323/jgam.59.021,ASSAY_B82_EVID_LIT_002573,25,,,,preincubation,not_reported,,same-paper untreated/control reference or not separately reported,,yes,SMlipB,1,EVID_LIT_002573,50,12
WEBR1_PROTOCOL_0838,LMT_0687,literature,10.2323/jgam.59.021,ASSAY_B82_EVID_LIT_002574,25,,,,preincubation,not_reported,,same-paper untreated/control reference or not separately reported,,yes,SMlipD,1,EVID_LIT_002574,50,12
WEBR1_PROTOCOL_0839,LMT_0688,literature,10.1007/s11356-016-8118-7,ASSAY_B82_EVID_LIT_002575,not_reported,,,,preincubation,not_reported,,same-paper untreated/control reference or not separately reported,,yes,RK-lip479 metagenomic lipase,1,EVID_LIT_002575,25,1
WEBR1_PROTOCOL_0840,LMT_0688,literature,10.1007/s11356-016-8118-7,ASSAY_B82_EVID_LIT_002576,not_reported,,,,preincubation,not_reported,,same-paper untreated/control reference or not separately reported,,yes,RK-lip479 metagenomic lipase,1,EVID_LIT_002576,25,12
WEBR1_PROTOCOL_0841,LMT_0688,literature,10.1007/s11356-016-8118-7,ASSAY_B82_EVID_LIT_002577,not_reported,,,,preincubation,not_reported,,same-paper untreated/control reference or not separately reported,,yes,RK-lip479 metagenomic lipase,1,EVID_LIT_002577,25,24
WEBR1_PROTOCOL_0842,LMT_0688,literature,10.1007/s11356-016-8118-7,ASSAY_B82_EVID_LIT_002578,not_reported,,,,preincubation,not_reported,,same-paper untreated/control reference or not separately reported,,yes,RK-lip479 metagenomic lipase,1,EVID_LIT_002578,25,72
WEBR1_PROTOCOL_0843,LMT_0694,literature,10.7240/jeps.1211656,ASSAY_B70B_EVID_LIT_002582,40,not_reported,not_reported,not_reported,in_assay,not_reported,not_reported,same-paper untreated/control reference or not separately reported,yes,partial,C. diffluens D44 Lip1-1,1,EVID_LIT_002582,10,0.05
WEBR1_PROTOCOL_0844,LMT_0694,literature,10.7240/jeps.1211656,ASSAY_B70B_EVID_LIT_002583,40,not_reported,not_reported,not_reported,in_assay,not_reported,not_reported,same-paper untreated/control reference or not separately reported,yes,partial,C. diffluens D44 Lip1-1,1,EVID_LIT_002583,20,0.05
WEBR1_PROTOCOL_0845,LMT_0695,literature,10.7240/jeps.1211656,ASSAY_B70B_EVID_LIT_002584,40,not_reported,not_reported,not_reported,in_assay,not_reported,not_reported,same-paper untreated/control reference or not separately reported,yes,partial,C. diffluens D44 Lip1-2,1,EVID_LIT_002584,10,0.05
WEBR1_PROTOCOL_0846,LMT_0695,literature,10.7240/jeps.1211656,ASSAY_B70B_EVID_LIT_002585,40,not_reported,not_reported,not_reported,in_assay,not_reported,not_reported,same-paper untreated/control reference or not separately reported,yes,partial,C. diffluens D44 Lip1-2,1,EVID_LIT_002585,20,0.05
WEBR1_PROTOCOL_0847,LMT_0696,literature,10.7240/jeps.1211656,ASSAY_B70B_EVID_LIT_002586,40,not_reported,not_reported,not_reported,in_assay,not_reported,not_reported,same-paper untreated/control reference or not separately reported,yes,partial,C. diffluens D44 Lip4-1,1,EVID_LIT_002586,10,0.05
WEBR1_PROTOCOL_0848,LMT_0696,literature,10.7240/jeps.1211656,ASSAY_B70B_EVID_LIT_002587,40,not_reported,not_reported,not_reported,in_assay,not_reported,not_reported,same-paper untreated/control reference or not separately reported,yes,partial,C. diffluens D44 Lip4-1,1,EVID_LIT_002587,20,0.05
WEBR1_PROTOCOL_0849,LMT_0697,literature,10.1016/j.procbio.2008.05.007,S8A_SM070_001,30,not_reported,not_reported,not_reported,25% v/v methanol solvent exposure,residual lipase activity after solvent exposure,not_reported,same experiment 0 h/untreated control defined as 100%,yes,yes,Pseudomonas aeruginosa PseA lipase,1,EVID_LIT_002515,25,24
