canonical_enzyme_id,source,fixed_conditions,measured_points,measured_range,response_range,c50_status,c50_explanation,curve_shape,platform,monotonicity,coverage,parent_paired_change,measured_evidence,engineering_lead,coverage_limitation,feature_confidence
LMT_0099,10.1016/j.biortech.2022.126769,1 h incubation; 40 °C,9,10–90 % methanol (source-reported basis; volume/mass basis not encoded upstream),29–95%,Within measured range,Estimated C50 within the measured range: 74.635762 % methanol (source-reported basis; volume/mass basis not encoded upstream),Gradual decline,No plateau detected,Monotonic decline,Measured-range feature available,Not yet available,Eligible for measured / derived evidence,Potential engineering lead only; requires same-source parent/readout/fixed-condition paired retest.,no zero-dose control in this series; error or replicate information not encoded in frozen source points; readout type not reported,High
LMT_0555,google_patents_family_WO2023282853,1 h incubation; 25 °C,4,10–40 % methanol (source-reported basis; volume/mass basis not encoded upstream),6–1464%,Non-monotonic response,Non-monotonic response; no single C50 is reported,Nonmonotonic,Uncertain,Non-monotonic,Measured-range feature available,No reliable parent mapping,Eligible for measured / derived evidence,No engineering lead assigned,no zero-dose control in this series; error or replicate information not encoded in frozen source points; readout type not reported,Moderate
LMT_0535,google_patents_family_WO2023282853,1 h incubation; 25 °C,4,10–40 % methanol (source-reported basis; volume/mass basis not encoded upstream),2–1128%,Non-monotonic response,Non-monotonic response; no single C50 is reported,Nonmonotonic,Uncertain,Non-monotonic,Measured-range feature available,No reliable parent mapping,Eligible for measured / derived evidence,No engineering lead assigned,no zero-dose control in this series; error or replicate information not encoded in frozen source points; readout type not reported,Moderate
LMT_0269,10.1016/j.enzmictec.2016.10.007,0.333 h incubation; 30 °C,8,10–100 % methanol (source-reported basis; volume/mass basis not encoded upstream),8.9–99%,Unresolved,C50 unresolved because the measured series is not uniquely interpretable,Insufficient shape information,Insufficient coverage,Uncertain,Limited dose coverage,No reliable parent mapping,Retained with evidence limitations,No engineering lead assigned,no zero-dose control in this series; error or replicate information not encoded in frozen source points; readout type not reported; duplicate concentration trajectories retained without averaging; C50 unresolved; this is not evidence of no response,Unresolved
LMT_0018,10.3390/catal12070761,2 h incubation; 25 °C,4,10–40 % methanol (source-reported basis; volume/mass basis not encoded upstream),40–86%,Within measured range,Estimated C50 within the measured range: 36 % methanol (source-reported basis; volume/mass basis not encoded upstream),Steep transition,No plateau detected,Monotonic decline,Measured-range feature available,Not yet available,Eligible for measured / derived evidence,Potential engineering lead only; requires same-source parent/readout/fixed-condition paired retest.,no zero-dose control in this series; error or replicate information not encoded in frozen source points; readout type not reported,High
LMT_0547,google_patents_family_WO2023282853,1 h incubation; 25 °C,4,10–40 % methanol (source-reported basis; volume/mass basis not encoded upstream),2–136%,Non-monotonic response,Non-monotonic response; no single C50 is reported,Nonmonotonic,Uncertain,Non-monotonic,Measured-range feature available,No reliable parent mapping,Eligible for measured / derived evidence,No engineering lead assigned,no zero-dose control in this series; error or replicate information not encoded in frozen source points; readout type not reported,Moderate
LMT_0021,10.3390/catal12070761,3 h incubation; 25 °C,4,10–40 % methanol (source-reported basis; volume/mass basis not encoded upstream),0–80%,Within measured range,Estimated C50 within the measured range: 18.333333 % methanol (source-reported basis; volume/mass basis not encoded upstream),Steep transition,No plateau detected,Monotonic decline,Measured-range feature available,Not yet available,Eligible for measured / derived evidence,Potential engineering lead only; requires same-source parent/readout/fixed-condition paired retest.,no zero-dose control in this series; error or replicate information not encoded in frozen source points; readout type not reported,High
LMT_0133,10.1016/j.fuel.2021.121514,1 h incubation,6,10–60 % methanol (source-reported basis; volume/mass basis not encoded upstream),17–94%,Within measured range,Estimated C50 within the measured range: 30.384615 % methanol (source-reported basis; volume/mass basis not encoded upstream),Drop then plateau,Plateau present,Monotonic decline,Measured-range feature available,Not yet available,Eligible for measured / derived evidence,Potential engineering lead only; requires same-source parent/readout/fixed-condition paired retest.,no zero-dose control in this series; error or replicate information not encoded in frozen source points; readout type not reported,High
LMT_0278,10.1016/j.jmgm.2021.107897,2 h incubation; 60 °C,5,50–70 % methanol (source-reported basis; volume/mass basis not encoded upstream),35–65%,Unresolved,C50 unresolved because the measured series is not uniquely interpretable,Insufficient shape information,Insufficient coverage,Uncertain,Limited dose coverage,Not yet available,Retained with evidence limitations,No engineering lead assigned,no zero-dose control in this series; error or replicate information not encoded in frozen source points; readout type not reported; duplicate concentration trajectories retained without averaging; C50 unresolved; this is not evidence of no response,Unresolved
LMT_0124,10.1186/s13068-021-02087-6,1 h incubation,9,10–90 % methanol (source-reported basis; volume/mass basis not encoded upstream),19–96%,Within measured range,Estimated C50 within the measured range: 55.606184 % methanol (source-reported basis; volume/mass basis not encoded upstream),Plateau then drop,Plateau present,Monotonic decline,Measured-range feature available,Not yet available,Eligible for measured / derived evidence,Potential engineering lead only; requires same-source parent/readout/fixed-condition paired retest.,no zero-dose control in this series; error or replicate information not encoded in frozen source points; readout type not reported,High
LMT_0052,10.1021/acs.jafc.4c10663,12 h incubation; 50 °C,5,40–80 % methanol (source-reported basis; volume/mass basis not encoded upstream),43–75%,Within measured range,Estimated C50 within the measured range: 69.876543 % methanol (source-reported basis; volume/mass basis not encoded upstream),Gradual decline,No plateau detected,Monotonic decline,Measured-range feature available,Not yet available,Eligible for measured / derived evidence,Potential engineering lead only; requires same-source parent/readout/fixed-condition paired retest.,no zero-dose control in this series; error or replicate information not encoded in frozen source points; readout type not reported,High
LMT_0643,10.1016/j.enzmictec.2022.110072,1 h incubation,10,10–90 % methanol (source-reported basis; volume/mass basis not encoded upstream),3.5–82%,Unresolved,C50 unresolved because the measured series is not uniquely interpretable,Insufficient shape information,Insufficient coverage,Uncertain,Limited dose coverage,Not yet available,Retained with evidence limitations,No engineering lead assigned,no zero-dose control in this series; error or replicate information not encoded in frozen source points; readout type not reported; duplicate concentration trajectories retained without averaging; C50 unresolved; this is not evidence of no response,Unresolved
LMT_0674,10.1155/2012/329178,1 h incubation; 50 °C,3,20–80 % methanol (source-reported basis; volume/mass basis not encoded upstream),17–103%,Within measured range,Estimated C50 within the measured range: 46.065574 % methanol (source-reported basis; volume/mass basis not encoded upstream),Steep transition,No plateau detected,Monotonic decline,Measured-range feature available,No reliable parent mapping,Eligible for measured / derived evidence,No engineering lead assigned,no zero-dose control in this series; error or replicate information not encoded in frozen source points; readout type not reported,Moderate
LMT_0032,10.1016/j.jmgm.2021.107897,3 h incubation; 60 °C,7,50–70 % methanol (source-reported basis; volume/mass basis not encoded upstream),14–35%,Unresolved,C50 unresolved because the measured series is not uniquely interpretable,Insufficient shape information,Insufficient coverage,Uncertain,Limited dose coverage,No reliable parent mapping,Retained with evidence limitations,No engineering lead assigned,no zero-dose control in this series; error or replicate information not encoded in frozen source points; readout type not reported; duplicate concentration trajectories retained without averaging; C50 unresolved; this is not evidence of no response,Unresolved
LMT_0556,google_patents_family_WO2023282853,1 h incubation; 25 °C,4,10–40 % methanol (source-reported basis; volume/mass basis not encoded upstream),2–175%,Non-monotonic response,Non-monotonic response; no single C50 is reported,Nonmonotonic,Uncertain,Non-monotonic,Measured-range feature available,No reliable parent mapping,Eligible for measured / derived evidence,No engineering lead assigned,no zero-dose control in this series; error or replicate information not encoded in frozen source points; readout type not reported,Moderate
LMT_0299,10.1186/s13068-024-02478-5,1 h incubation; 25 °C,9,10–90 % methanol (source-reported basis; volume/mass basis not encoded upstream),25–97%,Within measured range,Estimated C50 within the measured range: 65.2 % methanol (source-reported basis; volume/mass basis not encoded upstream),Plateau then drop,Plateau present,Monotonic decline,Measured-range feature available,Not yet available,Eligible for measured / derived evidence,Potential engineering lead only; requires same-source parent/readout/fixed-condition paired retest.,no zero-dose control in this series; error or replicate information not encoded in frozen source points; readout type not reported,High
LMT_0531,google_patents_family_WO2023282853,1 h incubation; 25 °C,4,10–40 % methanol (source-reported basis; volume/mass basis not encoded upstream),6–100%,Non-monotonic response,Non-monotonic response; no single C50 is reported,Nonmonotonic,Uncertain,Non-monotonic,Measured-range feature available,No reliable parent mapping,Eligible for measured / derived evidence,No engineering lead assigned,no zero-dose control in this series; error or replicate information not encoded in frozen source points; readout type not reported,Moderate
LMT_0645,10.1016/j.enzmictec.2022.110072,1 h incubation,10,10–90 % methanol (source-reported basis; volume/mass basis not encoded upstream),12.5–99%,Unresolved,C50 unresolved because the measured series is not uniquely interpretable,Insufficient shape information,Insufficient coverage,Uncertain,Limited dose coverage,Not yet available,Retained with evidence limitations,No engineering lead assigned,no zero-dose control in this series; error or replicate information not encoded in frozen source points; readout type not reported; duplicate concentration trajectories retained without averaging; C50 unresolved; this is not evidence of no response,Unresolved
LMT_0092,10.1016/j.ijbiomac.2025.148467,24 h incubation,4,50–80 % methanol (source-reported basis; volume/mass basis not encoded upstream),1.4–73%,Within measured range,Estimated C50 within the measured range: 59.504132 % methanol (source-reported basis; volume/mass basis not encoded upstream),Steep transition,No plateau detected,Monotonic decline,Measured-range feature available,Not yet available,Eligible for measured / derived evidence,Potential engineering lead only; requires same-source parent/readout/fixed-condition paired retest.,no zero-dose control in this series; error or replicate information not encoded in frozen source points; readout type not reported,High
LMT_0279,10.1016/j.jmgm.2021.107897,5 h incubation; 60 °C,3,50–70 % methanol (source-reported basis; volume/mass basis not encoded upstream),19–22%,Below measured range,C50 below the measured range (< 50 % methanol (source-reported basis; volume/mass basis not encoded upstream)),Approximately flat,Plateau present,Approximately flat,Measured-range feature available,Not yet available,Eligible for measured / derived evidence,Potential engineering lead only; requires same-source parent/readout/fixed-condition paired retest.,no zero-dose control in this series; error or replicate information not encoded in frozen source points; readout type not reported,Moderate
LMT_0002,10.1186/1754-6834-6-70,2 h incubation; 25 °C,28,20–80 % methanol (source-reported basis; volume/mass basis not encoded upstream),69.1–102.8%,Unresolved,C50 unresolved because the measured series is not uniquely interpretable,Insufficient shape information,Insufficient coverage,Uncertain,Limited dose coverage,No reliable parent mapping,Retained with evidence limitations,No engineering lead assigned,no zero-dose control in this series; error or replicate information not encoded in frozen source points; readout type not reported; duplicate concentration trajectories retained without averaging; C50 unresolved; this is not evidence of no response,Unresolved
LMT_0616,10.1080/07391102.2023.2282177,1.0 h incubation; 45 °C,3,30–50 % methanol (source-reported basis; volume/mass basis not encoded upstream),68–78%,Above measured range,The curve did not cross 50% within the measured range (> 50 % methanol (source-reported basis; volume/mass basis not encoded upstream)),Nonmonotonic,Uncertain,Non-monotonic,Measured-range feature available,Not yet available,Eligible for measured / derived evidence,Potential engineering lead only; requires same-source parent/readout/fixed-condition paired retest.,no zero-dose control in this series; error or replicate information not encoded in frozen source points; readout type not reported,Moderate
LMT_0579,google_patents_family_WO2023282853,1 h incubation; 25 °C,4,10–40 % methanol (source-reported basis; volume/mass basis not encoded upstream),3–107%,Non-monotonic response,Non-monotonic response; no single C50 is reported,Nonmonotonic,Uncertain,Non-monotonic,Measured-range feature available,No reliable parent mapping,Eligible for measured / derived evidence,No engineering lead assigned,no zero-dose control in this series; error or replicate information not encoded in frozen source points; readout type not reported,Moderate
LMT_0050,CN117070495_family,1 h incubation,6,20–75 % methanol (source-reported basis; volume/mass basis not encoded upstream),10–79%,Within measured range,Estimated C50 within the measured range: 61.875 % methanol (source-reported basis; volume/mass basis not encoded upstream),Gradual decline,No plateau detected,Monotonic decline,Measured-range feature available,No reliable parent mapping,Eligible for measured / derived evidence,No engineering lead assigned,no zero-dose control in this series; error or replicate information not encoded in frozen source points; readout type not reported,High
LMT_0284,10.1016/j.jmgm.2021.107897,1 h incubation; 60 °C,3,50–100 % methanol (source-reported basis; volume/mass basis not encoded upstream),11–52%,Within measured range,Estimated C50 within the measured range: 50.571429 % methanol (source-reported basis; volume/mass basis not encoded upstream),Steep transition,No plateau detected,Monotonic decline,Measured-range feature available,Not yet available,Eligible for measured / derived evidence,Potential engineering lead only; requires same-source parent/readout/fixed-condition paired retest.,no zero-dose control in this series; error or replicate information not encoded in frozen source points; readout type not reported,Moderate
LMT_0552,google_patents_family_WO2023282853,1 h incubation; 25 °C,4,10–40 % methanol (source-reported basis; volume/mass basis not encoded upstream),1–75%,Non-monotonic response,Non-monotonic response; no single C50 is reported,Nonmonotonic,Uncertain,Non-monotonic,Measured-range feature available,No reliable parent mapping,Eligible for measured / derived evidence,No engineering lead assigned,no zero-dose control in this series; error or replicate information not encoded in frozen source points; readout type not reported,Moderate
LMT_0486,CN115369099B_single_family,1 h incubation,10,10–90 % methanol (source-reported basis; volume/mass basis not encoded upstream),47.79–98%,Unresolved,C50 unresolved because the measured series is not uniquely interpretable,Insufficient shape information,Insufficient coverage,Uncertain,Limited dose coverage,Not yet available,Retained with evidence limitations,No engineering lead assigned,no zero-dose control in this series; error or replicate information not encoded in frozen source points; readout type not reported; duplicate concentration trajectories retained without averaging; C50 unresolved; this is not evidence of no response,Unresolved
LMT_0023,10.1007/s13205-021-03095-x,24 h incubation; 30 °C,7,5–35 % methanol (source-reported basis; volume/mass basis not encoded upstream),16–100%,Within measured range,Estimated C50 within the measured range: 29.285714 % methanol (source-reported basis; volume/mass basis not encoded upstream),Plateau then drop,Plateau present,Monotonic decline,Measured-range feature available,Not yet available,Eligible for measured / derived evidence,Potential engineering lead only; requires same-source parent/readout/fixed-condition paired retest.,no zero-dose control in this series; error or replicate information not encoded in frozen source points; readout type not reported,High
LMT_0087,10.1016/j.cscee.2024.100721,1 h incubation; 45 °C,4,15–30 % methanol (source-reported basis; volume/mass basis not encoded upstream),64.64–102.92%,Above measured range,The curve did not cross 50% within the measured range (> 30 % methanol (source-reported basis; volume/mass basis not encoded upstream)),Insufficient shape information,Insufficient coverage,Uncertain,Measured-range feature available,No reliable parent mapping,Eligible for measured / derived evidence,No engineering lead assigned,no zero-dose control in this series; error or replicate information not encoded in frozen source points; readout type not reported,Moderate
LMT_0280,10.1016/j.jmgm.2021.107897,3 h incubation; 60 °C,3,50–70 % methanol (source-reported basis; volume/mass basis not encoded upstream),27–46%,Below measured range,C50 below the measured range (< 50 % methanol (source-reported basis; volume/mass basis not encoded upstream)),Nonmonotonic,Uncertain,Non-monotonic,Measured-range feature available,Not yet available,Eligible for measured / derived evidence,Potential engineering lead only; requires same-source parent/readout/fixed-condition paired retest.,no zero-dose control in this series; error or replicate information not encoded in frozen source points; readout type not reported,Moderate
LMT_0543,google_patents_family_WO2023282853,1 h incubation; 25 °C,4,10–40 % methanol (source-reported basis; volume/mass basis not encoded upstream),279–2295%,Above measured range,The curve did not cross 50% within the measured range (> 40 % methanol (source-reported basis; volume/mass basis not encoded upstream)),Nonmonotonic,Uncertain,Non-monotonic,Measured-range feature available,No reliable parent mapping,Eligible for measured / derived evidence,No engineering lead assigned,no zero-dose control in this series; error or replicate information not encoded in frozen source points; readout type not reported,Moderate
LMT_0529,google_patents_family_WO2023282853,1 h incubation; 25 °C,4,10–40 % methanol (source-reported basis; volume/mass basis not encoded upstream),117–656%,Above measured range,The curve did not cross 50% within the measured range (> 40 % methanol (source-reported basis; volume/mass basis not encoded upstream)),Nonmonotonic,Uncertain,Non-monotonic,Measured-range feature available,No reliable parent mapping,Eligible for measured / derived evidence,No engineering lead assigned,no zero-dose control in this series; error or replicate information not encoded in frozen source points; readout type not reported,Moderate
LMT_0097,10.1016/j.biortech.2022.126769,1 h incubation; 40 °C,9,10–90 % methanol (source-reported basis; volume/mass basis not encoded upstream),26.8–92.1%,Within measured range,Estimated C50 within the measured range: 70 % methanol (source-reported basis; volume/mass basis not encoded upstream),Gradual decline,No plateau detected,Monotonic decline,Measured-range feature available,Not yet available,Eligible for measured / derived evidence,Potential engineering lead only; requires same-source parent/readout/fixed-condition paired retest.,no zero-dose control in this series; error or replicate information not encoded in frozen source points; readout type not reported,High
LMT_0672,10.1016/j.ijbiomac.2017.06.003,1 h incubation; 25 °C,9,10–90 % methanol (source-reported basis; volume/mass basis not encoded upstream),28–100%,Within measured range,Estimated C50 within the measured range: 78.518519 % methanol (source-reported basis; volume/mass basis not encoded upstream),Plateau then drop,Plateau present,Monotonic decline,Measured-range feature available,Not yet available,Eligible for measured / derived evidence,Potential engineering lead only; requires same-source parent/readout/fixed-condition paired retest.,no zero-dose control in this series; error or replicate information not encoded in frozen source points; readout type not reported,High
LMT_0566,google_patents_family_WO2023282853,1 h incubation; 25 °C,4,10–40 % methanol (source-reported basis; volume/mass basis not encoded upstream),53–1848%,Above measured range,The curve did not cross 50% within the measured range (> 40 % methanol (source-reported basis; volume/mass basis not encoded upstream)),Nonmonotonic,Uncertain,Non-monotonic,Measured-range feature available,No reliable parent mapping,Eligible for measured / derived evidence,No engineering lead assigned,no zero-dose control in this series; error or replicate information not encoded in frozen source points; readout type not reported,Moderate
LMT_0532,google_patents_family_WO2023282853,1 h incubation; 25 °C,4,10–40 % methanol (source-reported basis; volume/mass basis not encoded upstream),1–384%,Non-monotonic response,Non-monotonic response; no single C50 is reported,Nonmonotonic,Uncertain,Non-monotonic,Measured-range feature available,No reliable parent mapping,Eligible for measured / derived evidence,No engineering lead assigned,no zero-dose control in this series; error or replicate information not encoded in frozen source points; readout type not reported,Moderate
LMT_0154,10.1038/s41598-018-27579-8,0.0833 h incubation; 25 °C,4,10–60 % methanol (source-reported basis; volume/mass basis not encoded upstream),3–24%,Below measured range,C50 below the measured range (< 10 % methanol (source-reported basis; volume/mass basis not encoded upstream)),Gradual decline,No plateau detected,Monotonic decline,Measured-range feature available,No reliable parent mapping,Eligible for measured / derived evidence,No engineering lead assigned,no zero-dose control in this series; error or replicate information not encoded in frozen source points; readout type not reported,Moderate
LMT_0544,google_patents_family_WO2023282853,1 h incubation; 25 °C,4,10–40 % methanol (source-reported basis; volume/mass basis not encoded upstream),18–178%,Non-monotonic response,Non-monotonic response; no single C50 is reported,Nonmonotonic,Uncertain,Non-monotonic,Measured-range feature available,No reliable parent mapping,Eligible for measured / derived evidence,No engineering lead assigned,no zero-dose control in this series; error or replicate information not encoded in frozen source points; readout type not reported,Moderate
LMT_0137,10.1016/j.fuel.2021.121514,1 h incubation,6,10–60 % methanol (source-reported basis; volume/mass basis not encoded upstream),69.66–98%,Above measured range,The curve did not cross 50% within the measured range (> 60 % methanol (source-reported basis; volume/mass basis not encoded upstream)),Gradual decline,No plateau detected,Monotonic decline,Measured-range feature available,Not yet available,Eligible for measured / derived evidence,Potential engineering lead only; requires same-source parent/readout/fixed-condition paired retest.,no zero-dose control in this series; error or replicate information not encoded in frozen source points; readout type not reported,Moderate
LMT_0628,10.4014/jmb.1806.06032,1 h incubation,4,10–40 % methanol (source-reported basis; volume/mass basis not encoded upstream),62–100%,Above measured range,The curve did not cross 50% within the measured range (> 40 % methanol (source-reported basis; volume/mass basis not encoded upstream)),Nonmonotonic,Uncertain,Non-monotonic,Measured-range feature available,No reliable parent mapping,Eligible for measured / derived evidence,No engineering lead assigned,no zero-dose control in this series; error or replicate information not encoded in frozen source points; readout type not reported,Moderate
LMT_0123,10.1186/s13068-021-02087-6,1 h incubation,9,10–90 % methanol (source-reported basis; volume/mass basis not encoded upstream),22–47%,Below measured range,C50 below the measured range (< 10 % methanol (source-reported basis; volume/mass basis not encoded upstream)),Gradual decline,No plateau detected,Monotonic decline,Measured-range feature available,Not yet available,Eligible for measured / derived evidence,Potential engineering lead only; requires same-source parent/readout/fixed-condition paired retest.,no zero-dose control in this series; error or replicate information not encoded in frozen source points; readout type not reported,Moderate
LMT_0091,10.1016/j.ijbiomac.2025.148467,24 h incubation,4,50–80 % methanol (source-reported basis; volume/mass basis not encoded upstream),3.4–94.3%,Within measured range,Estimated C50 within the measured range: 68.097087 % methanol (source-reported basis; volume/mass basis not encoded upstream),Steep transition,No plateau detected,Monotonic decline,Measured-range feature available,Not yet available,Eligible for measured / derived evidence,Potential engineering lead only; requires same-source parent/readout/fixed-condition paired retest.,no zero-dose control in this series; error or replicate information not encoded in frozen source points; readout type not reported,High
LMT_0279,10.1016/j.jmgm.2021.107897,4 h incubation; 60 °C,3,50–70 % methanol (source-reported basis; volume/mass basis not encoded upstream),27–40%,Below measured range,C50 below the measured range (< 50 % methanol (source-reported basis; volume/mass basis not encoded upstream)),Gradual decline,No plateau detected,Monotonic decline,Measured-range feature available,Not yet available,Eligible for measured / derived evidence,Potential engineering lead only; requires same-source parent/readout/fixed-condition paired retest.,no zero-dose control in this series; error or replicate information not encoded in frozen source points; readout type not reported,Moderate
LMT_0283,10.1016/j.jmgm.2021.107897,1 h incubation; 60 °C,3,50–100 % methanol (source-reported basis; volume/mass basis not encoded upstream),12–65%,Non-monotonic response,Non-monotonic response; no single C50 is reported,Nonmonotonic,Uncertain,Non-monotonic,Measured-range feature available,Not yet available,Eligible for measured / derived evidence,Potential engineering lead only; requires same-source parent/readout/fixed-condition paired retest.,no zero-dose control in this series; error or replicate information not encoded in frozen source points; readout type not reported,Moderate
LMT_0131,10.1007/s00792-018-0997-8,5 h incubation; 37 °C,6,10–90 % methanol (source-reported basis; volume/mass basis not encoded upstream),42–90%,Unresolved,C50 unresolved because the measured series is not uniquely interpretable,Insufficient shape information,Insufficient coverage,Uncertain,Limited dose coverage,No reliable parent mapping,Retained with evidence limitations,No engineering lead assigned,no zero-dose control in this series; error or replicate information not encoded in frozen source points; readout type not reported; duplicate concentration trajectories retained without averaging; C50 unresolved; this is not evidence of no response,Unresolved
LMT_0582,google_patents_family_WO2023282853,1 h incubation; 25 °C,4,10–40 % methanol (source-reported basis; volume/mass basis not encoded upstream),29–109%,Non-monotonic response,Non-monotonic response; no single C50 is reported,Nonmonotonic,Uncertain,Non-monotonic,Measured-range feature available,No reliable parent mapping,Eligible for measured / derived evidence,No engineering lead assigned,no zero-dose control in this series; error or replicate information not encoded in frozen source points; readout type not reported,Moderate
LMT_0048,10.1128/AEM.03371-13,1 h incubation; 25 °C,4,50–80 % methanol (source-reported basis; volume/mass basis not encoded upstream),51–88%,Above measured range,The curve did not cross 50% within the measured range (> 80 % methanol (source-reported basis; volume/mass basis not encoded upstream)),Gradual decline,No plateau detected,Monotonic decline,Measured-range feature available,Not yet available,Eligible for measured / derived evidence,Potential engineering lead only; requires same-source parent/readout/fixed-condition paired retest.,no zero-dose control in this series; error or replicate information not encoded in frozen source points; readout type not reported,Moderate
LMT_0575,google_patents_family_WO2023282853,1 h incubation; 25 °C,4,10–40 % methanol (source-reported basis; volume/mass basis not encoded upstream),110–330%,Above measured range,The curve did not cross 50% within the measured range (> 40 % methanol (source-reported basis; volume/mass basis not encoded upstream)),Nonmonotonic,Uncertain,Non-monotonic,Measured-range feature available,No reliable parent mapping,Eligible for measured / derived evidence,No engineering lead assigned,no zero-dose control in this series; error or replicate information not encoded in frozen source points; readout type not reported,Moderate
LMT_0278,10.1016/j.jmgm.2021.107897,1 h incubation; 60 °C,6,50–100 % methanol (source-reported basis; volume/mass basis not encoded upstream),50–85%,Unresolved,C50 unresolved because the measured series is not uniquely interpretable,Insufficient shape information,Insufficient coverage,Uncertain,Limited dose coverage,Not yet available,Retained with evidence limitations,No engineering lead assigned,no zero-dose control in this series; error or replicate information not encoded in frozen source points; readout type not reported; duplicate concentration trajectories retained without averaging; C50 unresolved; this is not evidence of no response,Unresolved
LMT_0539,google_patents_family_WO2023282853,1 h incubation; 25 °C,4,10–40 % methanol (source-reported basis; volume/mass basis not encoded upstream),69–570%,Above measured range,The curve did not cross 50% within the measured range (> 40 % methanol (source-reported basis; volume/mass basis not encoded upstream)),Nonmonotonic,Uncertain,Non-monotonic,Measured-range feature available,No reliable parent mapping,Eligible for measured / derived evidence,No engineering lead assigned,no zero-dose control in this series; error or replicate information not encoded in frozen source points; readout type not reported,Moderate
LMT_0269,10.1016/j.procbio.2006.09.019,0.5 h incubation; 30 °C,3,10–30 % methanol (source-reported basis; volume/mass basis not encoded upstream),0–95.7%,Within measured range,Estimated C50 within the measured range: 21.666667 % methanol (source-reported basis; volume/mass basis not encoded upstream),Steep transition,No plateau detected,Monotonic decline,Measured-range feature available,No reliable parent mapping,Eligible for measured / derived evidence,No engineering lead assigned,no zero-dose control in this series; error or replicate information not encoded in frozen source points; readout type not reported,Moderate
LMT_0541,google_patents_family_WO2023282853,1 h incubation; 25 °C,4,10–40 % methanol (source-reported basis; volume/mass basis not encoded upstream),80–331%,Above measured range,The curve did not cross 50% within the measured range (> 40 % methanol (source-reported basis; volume/mass basis not encoded upstream)),Nonmonotonic,Uncertain,Non-monotonic,Measured-range feature available,No reliable parent mapping,Eligible for measured / derived evidence,No engineering lead assigned,no zero-dose control in this series; error or replicate information not encoded in frozen source points; readout type not reported,Moderate
LMT_0280,10.1016/j.jmgm.2021.107897,1 h incubation; 60 °C,3,50–70 % methanol (source-reported basis; volume/mass basis not encoded upstream),55–66%,Above measured range,The curve did not cross 50% within the measured range (> 70 % methanol (source-reported basis; volume/mass basis not encoded upstream)),Gradual decline,No plateau detected,Monotonic decline,Measured-range feature available,Not yet available,Eligible for measured / derived evidence,Potential engineering lead only; requires same-source parent/readout/fixed-condition paired retest.,no zero-dose control in this series; error or replicate information not encoded in frozen source points; readout type not reported,Moderate
LMT_0223,10.48048/tis.2026.13231,3 h incubation; 30 °C,3,10–60 % methanol (source-reported basis; volume/mass basis not encoded upstream),22–110%,Within measured range,Estimated C50 within the measured range: 28.75 % methanol (source-reported basis; volume/mass basis not encoded upstream),Steep transition,No plateau detected,Monotonic decline,Measured-range feature available,No reliable parent mapping,Eligible for measured / derived evidence,No engineering lead assigned,no zero-dose control in this series; error or replicate information not encoded in frozen source points; readout type not reported,Moderate
LMT_0279,10.1016/j.jmgm.2021.107897,2 h incubation; 60 °C,3,50–70 % methanol (source-reported basis; volume/mass basis not encoded upstream),40–65%,Within measured range,Estimated C50 within the measured range: 65.454545 % methanol (source-reported basis; volume/mass basis not encoded upstream),Gradual decline,No plateau detected,Monotonic decline,Measured-range feature available,Not yet available,Eligible for measured / derived evidence,Potential engineering lead only; requires same-source parent/readout/fixed-condition paired retest.,no zero-dose control in this series; error or replicate information not encoded in frozen source points; readout type not reported,Moderate
LMT_0225,10.4014/jmb.1106.06048,0.5 h incubation; 30 °C,6,10–60 % methanol (source-reported basis; volume/mass basis not encoded upstream),1–98%,Within measured range,Estimated C50 within the measured range: 45.714286 % methanol (source-reported basis; volume/mass basis not encoded upstream),Steep transition,No plateau detected,Monotonic decline,Measured-range feature available,No reliable parent mapping,Eligible for measured / derived evidence,No engineering lead assigned,no zero-dose control in this series; error or replicate information not encoded in frozen source points; readout type not reported,High
LMT_0047,10.1128/AEM.03371-13,1 h incubation; 25 °C,4,50–80 % methanol (source-reported basis; volume/mass basis not encoded upstream),19–87%,Within measured range,Estimated C50 within the measured range: 69.032258 % methanol (source-reported basis; volume/mass basis not encoded upstream),Steep transition,No plateau detected,Monotonic decline,Measured-range feature available,Not yet available,Eligible for measured / derived evidence,Potential engineering lead only; requires same-source parent/readout/fixed-condition paired retest.,no zero-dose control in this series; error or replicate information not encoded in frozen source points; readout type not reported,High
LMT_0032,10.1016/j.jmgm.2021.107897,4 h incubation; 60 °C,7,50–70 % methanol (source-reported basis; volume/mass basis not encoded upstream),12–18%,Unresolved,C50 unresolved because the measured series is not uniquely interpretable,Insufficient shape information,Insufficient coverage,Uncertain,Limited dose coverage,No reliable parent mapping,Retained with evidence limitations,No engineering lead assigned,no zero-dose control in this series; error or replicate information not encoded in frozen source points; readout type not reported; duplicate concentration trajectories retained without averaging; C50 unresolved; this is not evidence of no response,Unresolved
LMT_0147,10.1186/s13568-025-01966-7,0.5 h incubation; 40 °C,6,15–90 % methanol (source-reported basis; volume/mass basis not encoded upstream),3–83%,Non-monotonic response,Non-monotonic response; no single C50 is reported,Nonmonotonic,Uncertain,Non-monotonic,Measured-range feature available,No reliable parent mapping,Eligible for measured / derived evidence,No engineering lead assigned,no zero-dose control in this series; error or replicate information not encoded in frozen source points; readout type not reported,Moderate
LMT_0482,CN103184160_family,24 h incubation; 4 °C,9,10–90 % methanol (source-reported basis; volume/mass basis not encoded upstream),0–136%,Non-monotonic response,Non-monotonic response; no single C50 is reported,Nonmonotonic,Uncertain,Non-monotonic,Measured-range feature available,No reliable parent mapping,Eligible for measured / derived evidence,No engineering lead assigned,no zero-dose control in this series; error or replicate information not encoded in frozen source points; readout type not reported,Moderate
LMT_0546,google_patents_family_WO2023282853,1 h incubation; 25 °C,4,10–40 % methanol (source-reported basis; volume/mass basis not encoded upstream),0–63%,Non-monotonic response,Non-monotonic response; no single C50 is reported,Nonmonotonic,Uncertain,Non-monotonic,Measured-range feature available,No reliable parent mapping,Eligible for measured / derived evidence,No engineering lead assigned,no zero-dose control in this series; error or replicate information not encoded in frozen source points; readout type not reported,Moderate
LMT_0282,10.1016/j.jmgm.2021.107897,1 h incubation; 60 °C,3,50–100 % methanol (source-reported basis; volume/mass basis not encoded upstream),70–70%,Above measured range,The curve did not cross 50% within the measured range (> 100 % methanol (source-reported basis; volume/mass basis not encoded upstream)),Approximately flat,Plateau present,Approximately flat,Measured-range feature available,Not yet available,Eligible for measured / derived evidence,Potential engineering lead only; requires same-source parent/readout/fixed-condition paired retest.,no zero-dose control in this series; error or replicate information not encoded in frozen source points; readout type not reported,Moderate
LMT_0239,10.1002/chem.202004471,2 h incubation; 25 °C,6,10–60 % methanol (source-reported basis; volume/mass basis not encoded upstream),20–98%,Within measured range,Estimated C50 within the measured range: 34.210526 % methanol (source-reported basis; volume/mass basis not encoded upstream),Gradual decline,No plateau detected,Monotonic decline,Measured-range feature available,Not yet available,Eligible for measured / derived evidence,Potential engineering lead only; requires same-source parent/readout/fixed-condition paired retest.,no zero-dose control in this series; error or replicate information not encoded in frozen source points; readout type not reported,High
LMT_0247,10.3390/catal12070761,3 h incubation; 25 °C,4,10–40 % methanol (source-reported basis; volume/mass basis not encoded upstream),80–95%,Above measured range,The curve did not cross 50% within the measured range (> 40 % methanol (source-reported basis; volume/mass basis not encoded upstream)),Gradual decline,No plateau detected,Monotonic decline,Measured-range feature available,No reliable parent mapping,Eligible for measured / derived evidence,No engineering lead assigned,no zero-dose control in this series; error or replicate information not encoded in frozen source points; readout type not reported,Moderate
LMT_0032,10.1016/j.jmgm.2021.107897,2 h incubation; 60 °C,7,50–70 % methanol (source-reported basis; volume/mass basis not encoded upstream),17–57%,Unresolved,C50 unresolved because the measured series is not uniquely interpretable,Insufficient shape information,Insufficient coverage,Uncertain,Limited dose coverage,No reliable parent mapping,Retained with evidence limitations,No engineering lead assigned,no zero-dose control in this series; error or replicate information not encoded in frozen source points; readout type not reported; duplicate concentration trajectories retained without averaging; C50 unresolved; this is not evidence of no response,Unresolved
LMT_0530,google_patents_family_WO2023282853,1 h incubation; 25 °C,4,10–40 % methanol (source-reported basis; volume/mass basis not encoded upstream),2–25%,Below measured range,C50 below the measured range (< 10 % methanol (source-reported basis; volume/mass basis not encoded upstream)),Nonmonotonic,Uncertain,Non-monotonic,Measured-range feature available,No reliable parent mapping,Eligible for measured / derived evidence,No engineering lead assigned,no zero-dose control in this series; error or replicate information not encoded in frozen source points; readout type not reported,Moderate
LMT_0278,10.1016/j.jmgm.2021.107897,3 h incubation; 60 °C,5,50–70 % methanol (source-reported basis; volume/mass basis not encoded upstream),35–55%,Unresolved,C50 unresolved because the measured series is not uniquely interpretable,Insufficient shape information,Insufficient coverage,Uncertain,Limited dose coverage,Not yet available,Retained with evidence limitations,No engineering lead assigned,no zero-dose control in this series; error or replicate information not encoded in frozen source points; readout type not reported; duplicate concentration trajectories retained without averaging; C50 unresolved; this is not evidence of no response,Unresolved
LMT_0093,10.1016/j.ijbiomac.2025.148467,48 h incubation,4,50–80 % methanol (source-reported basis; volume/mass basis not encoded upstream),7.9–63.6%,Non-monotonic response,Non-monotonic response; no single C50 is reported,Nonmonotonic,Uncertain,Non-monotonic,Measured-range feature available,Not yet available,Eligible for measured / derived evidence,Potential engineering lead only; requires same-source parent/readout/fixed-condition paired retest.,no zero-dose control in this series; error or replicate information not encoded in frozen source points; readout type not reported,Moderate
LMT_0250,google_patents_family_57631671,2 h incubation; 25 °C,14,20–80 % methanol (source-reported basis; volume/mass basis not encoded upstream),79–101%,Unresolved,C50 unresolved because the measured series is not uniquely interpretable,Insufficient shape information,Insufficient coverage,Uncertain,Limited dose coverage,Not yet available,Retained with evidence limitations,No engineering lead assigned,no zero-dose control in this series; error or replicate information not encoded in frozen source points; readout type not reported; duplicate concentration trajectories retained without averaging; C50 unresolved; this is not evidence of no response,Unresolved
LMT_0249,google_patents_family_57631671,2 h incubation; 25 °C,14,20–80 % methanol (source-reported basis; volume/mass basis not encoded upstream),27–99%,Unresolved,C50 unresolved because the measured series is not uniquely interpretable,Insufficient shape information,Insufficient coverage,Uncertain,Limited dose coverage,Not yet available,Retained with evidence limitations,No engineering lead assigned,no zero-dose control in this series; error or replicate information not encoded in frozen source points; readout type not reported; duplicate concentration trajectories retained without averaging; C50 unresolved; this is not evidence of no response,Unresolved
LMT_0022,10.1007/s13205-021-03095-x,24 h incubation; 30 °C,7,5–35 % methanol (source-reported basis; volume/mass basis not encoded upstream),6–100%,Within measured range,Estimated C50 within the measured range: 26.964286 % methanol (source-reported basis; volume/mass basis not encoded upstream),Steep transition,No plateau detected,Monotonic decline,Measured-range feature available,No reliable parent mapping,Eligible for measured / derived evidence,No engineering lead assigned,no zero-dose control in this series; error or replicate information not encoded in frozen source points; readout type not reported,High
LMT_0238,10.1002/chem.202004471,2 h incubation; 25 °C,6,10–60 % methanol (source-reported basis; volume/mass basis not encoded upstream),17–100%,Within measured range,Estimated C50 within the measured range: 38.947368 % methanol (source-reported basis; volume/mass basis not encoded upstream),Steep transition,No plateau detected,Monotonic decline,Measured-range feature available,Not yet available,Eligible for measured / derived evidence,Potential engineering lead only; requires same-source parent/readout/fixed-condition paired retest.,no zero-dose control in this series; error or replicate information not encoded in frozen source points; readout type not reported,High
LMT_0003,google_patents_family_WO2023282853,1 h incubation; 25 °C,4,10–40 % methanol (source-reported basis; volume/mass basis not encoded upstream),0–81%,Non-monotonic response,Non-monotonic response; no single C50 is reported,Nonmonotonic,Uncertain,Non-monotonic,Measured-range feature available,No reliable parent mapping,Eligible for measured / derived evidence,No engineering lead assigned,no zero-dose control in this series; error or replicate information not encoded in frozen source points; readout type not reported,Moderate
LMT_0674,10.1016/j.biortech.2008.10.063,1 h incubation; 40 °C,3,20–80 % methanol (source-reported basis; volume/mass basis not encoded upstream),0–79.5%,Within measured range,Estimated C50 within the measured range: 32.5 % methanol (source-reported basis; volume/mass basis not encoded upstream),Steep transition,No plateau detected,Monotonic decline,Measured-range feature available,No reliable parent mapping,Eligible for measured / derived evidence,No engineering lead assigned,no zero-dose control in this series; error or replicate information not encoded in frozen source points; readout type not reported,Moderate
LMT_0045,10.1128/AEM.03371-13,1 h incubation; 25 °C,4,50–80 % methanol (source-reported basis; volume/mass basis not encoded upstream),7–85%,Within measured range,Estimated C50 within the measured range: 65.714286 % methanol (source-reported basis; volume/mass basis not encoded upstream),Steep transition,No plateau detected,Monotonic decline,Measured-range feature available,Not yet available,Eligible for measured / derived evidence,Potential engineering lead only; requires same-source parent/readout/fixed-condition paired retest.,no zero-dose control in this series; error or replicate information not encoded in frozen source points; readout type not reported,High
LMT_0251,10.1186/1754-6834-6-70,2 h incubation; 25 °C,14,20–80 % methanol (source-reported basis; volume/mass basis not encoded upstream),75.9–99.8%,Unresolved,C50 unresolved because the measured series is not uniquely interpretable,Insufficient shape information,Insufficient coverage,Uncertain,Limited dose coverage,Not yet available,Retained with evidence limitations,No engineering lead assigned,no zero-dose control in this series; error or replicate information not encoded in frozen source points; readout type not reported; duplicate concentration trajectories retained without averaging; C50 unresolved; this is not evidence of no response,Unresolved
LMT_0631,10.1039/c3ob41076e,2 h incubation; 25 °C,5,10–50 % methanol (source-reported basis; volume/mass basis not encoded upstream),25–110%,Within measured range,Estimated C50 within the measured range: 40 % methanol (source-reported basis; volume/mass basis not encoded upstream),Steep transition,No plateau detected,Monotonic decline,Measured-range feature available,Not yet available,Eligible for measured / derived evidence,Potential engineering lead only; requires same-source parent/readout/fixed-condition paired retest.,no zero-dose control in this series; error or replicate information not encoded in frozen source points; readout type not reported,High
LMT_0568,google_patents_family_WO2023282853,1 h incubation; 25 °C,4,10–40 % methanol (source-reported basis; volume/mass basis not encoded upstream),51–204%,Above measured range,The curve did not cross 50% within the measured range (> 40 % methanol (source-reported basis; volume/mass basis not encoded upstream)),Nonmonotonic,Uncertain,Non-monotonic,Measured-range feature available,No reliable parent mapping,Eligible for measured / derived evidence,No engineering lead assigned,no zero-dose control in this series; error or replicate information not encoded in frozen source points; readout type not reported,Moderate
LMT_0022,10.1039/c3ob41076e,2 h incubation; 25 °C,5,10–50 % methanol (source-reported basis; volume/mass basis not encoded upstream),5–92%,Within measured range,Estimated C50 within the measured range: 30 % methanol (source-reported basis; volume/mass basis not encoded upstream),Steep transition,No plateau detected,Monotonic decline,Measured-range feature available,No reliable parent mapping,Eligible for measured / derived evidence,No engineering lead assigned,no zero-dose control in this series; error or replicate information not encoded in frozen source points; readout type not reported,High
LMT_0538,google_patents_family_WO2023282853,1 h incubation; 25 °C,4,10–40 % methanol (source-reported basis; volume/mass basis not encoded upstream),1–891%,Non-monotonic response,Non-monotonic response; no single C50 is reported,Nonmonotonic,Uncertain,Non-monotonic,Measured-range feature available,No reliable parent mapping,Eligible for measured / derived evidence,No engineering lead assigned,no zero-dose control in this series; error or replicate information not encoded in frozen source points; readout type not reported,Moderate
LMT_0122,10.1186/s13068-021-02087-6,1 h incubation,9,10–90 % methanol (source-reported basis; volume/mass basis not encoded upstream),23–88%,Within measured range,Estimated C50 within the measured range: 38.846154 % methanol (source-reported basis; volume/mass basis not encoded upstream),Drop then plateau,Plateau present,Monotonic decline,Measured-range feature available,Not yet available,Eligible for measured / derived evidence,Potential engineering lead only; requires same-source parent/readout/fixed-condition paired retest.,no zero-dose control in this series; error or replicate information not encoded in frozen source points; readout type not reported,High
LMT_0528,google_patents_family_WO2023282853,1 h incubation; 25 °C,4,10–40 % methanol (source-reported basis; volume/mass basis not encoded upstream),105–139%,Above measured range,The curve did not cross 50% within the measured range (> 40 % methanol (source-reported basis; volume/mass basis not encoded upstream)),Nonmonotonic,Uncertain,Non-monotonic,Measured-range feature available,No reliable parent mapping,Eligible for measured / derived evidence,No engineering lead assigned,no zero-dose control in this series; error or replicate information not encoded in frozen source points; readout type not reported,Moderate
LMT_0135,10.1016/j.fuel.2021.121514,1 h incubation,6,10–60 % methanol (source-reported basis; volume/mass basis not encoded upstream),16–92%,Within measured range,Estimated C50 within the measured range: 33.913043 % methanol (source-reported basis; volume/mass basis not encoded upstream),Gradual decline,No plateau detected,Monotonic decline,Measured-range feature available,Not yet available,Eligible for measured / derived evidence,Potential engineering lead only; requires same-source parent/readout/fixed-condition paired retest.,no zero-dose control in this series; error or replicate information not encoded in frozen source points; readout type not reported,High
LMT_0668,10.1016/j.envres.2022.113570,24 h incubation; 30 °C,7,5–35 % methanol (source-reported basis; volume/mass basis not encoded upstream),5–99%,Within measured range,Estimated C50 within the measured range: 30.754717 % methanol (source-reported basis; volume/mass basis not encoded upstream),Plateau then drop,Plateau present,Monotonic decline,Measured-range feature available,No reliable parent mapping,Eligible for measured / derived evidence,Potential engineering lead only; requires same-source parent/readout/fixed-condition paired retest.,no zero-dose control in this series; error or replicate information not encoded in frozen source points; readout type not reported,High
LMT_0635,10.1016/j.enzmictec.2017.03.010,1 h incubation,8,10–80 % methanol (source-reported basis; volume/mass basis not encoded upstream),8–90%,Within measured range,Estimated C50 within the measured range: 54 % methanol (source-reported basis; volume/mass basis not encoded upstream),Gradual decline,No plateau detected,Monotonic decline,Measured-range feature available,Not yet available,Eligible for measured / derived evidence,Potential engineering lead only; requires same-source parent/readout/fixed-condition paired retest.,no zero-dose control in this series; error or replicate information not encoded in frozen source points; readout type not reported,High
LMT_0248,10.1186/1754-6834-6-70,2 h incubation; 25 °C,28,20–80 % methanol (source-reported basis; volume/mass basis not encoded upstream),1–90.9%,Unresolved,C50 unresolved because the measured series is not uniquely interpretable,Insufficient shape information,Insufficient coverage,Uncertain,Limited dose coverage,Not yet available,Retained with evidence limitations,No engineering lead assigned,no zero-dose control in this series; error or replicate information not encoded in frozen source points; readout type not reported; duplicate concentration trajectories retained without averaging; C50 unresolved; this is not evidence of no response,Unresolved
LMT_0073,10.3389/fmicb.2023.1270270,1 h incubation; 37 °C,3,25–75 % methanol (source-reported basis; volume/mass basis not encoded upstream),66.4–105.6%,Above measured range,The curve did not cross 50% within the measured range (> 75 % methanol (source-reported basis; volume/mass basis not encoded upstream)),Gradual decline,No plateau detected,Monotonic decline,Measured-range feature available,No reliable parent mapping,Eligible for measured / derived evidence,No engineering lead assigned,no zero-dose control in this series; error or replicate information not encoded in frozen source points; readout type not reported,Moderate
LMT_0467,10.1186/s13068-024-02478-5,1 h incubation; 25 °C,9,10–90 % methanol (source-reported basis; volume/mass basis not encoded upstream),29–98%,Within measured range,Estimated C50 within the measured range: 67.391304 % methanol (source-reported basis; volume/mass basis not encoded upstream),Gradual decline,No plateau detected,Monotonic decline,Measured-range feature available,Not yet available,Eligible for measured / derived evidence,Potential engineering lead only; requires same-source parent/readout/fixed-condition paired retest.,no zero-dose control in this series; error or replicate information not encoded in frozen source points; readout type not reported,High
LMT_0132,10.1186/s13068-021-02087-6,1 h incubation,9,10–90 % methanol (source-reported basis; volume/mass basis not encoded upstream),16.66–82%,Within measured range,Estimated C50 within the measured range: 34.285714 % methanol (source-reported basis; volume/mass basis not encoded upstream),Gradual decline,No plateau detected,Monotonic decline,Measured-range feature available,No reliable parent mapping,Eligible for measured / derived evidence,No engineering lead assigned,no zero-dose control in this series; error or replicate information not encoded in frozen source points; readout type not reported,High
LMT_0483,CN115369099B_single_family,1 h incubation,10,10–90 % methanol (source-reported basis; volume/mass basis not encoded upstream),36.26–96%,Unresolved,C50 unresolved because the measured series is not uniquely interpretable,Insufficient shape information,Insufficient coverage,Uncertain,Limited dose coverage,Not yet available,Retained with evidence limitations,No engineering lead assigned,no zero-dose control in this series; error or replicate information not encoded in frozen source points; readout type not reported; duplicate concentration trajectories retained without averaging; C50 unresolved; this is not evidence of no response,Unresolved
LMT_0050,10.1016/j.jclepro.2024.141949,1 h incubation; 25 °C,6,20–75 % methanol (source-reported basis; volume/mass basis not encoded upstream),10–79%,Within measured range,Estimated C50 within the measured range: 61.875 % methanol (source-reported basis; volume/mass basis not encoded upstream),Gradual decline,No plateau detected,Monotonic decline,Measured-range feature available,No reliable parent mapping,Eligible for measured / derived evidence,No engineering lead assigned,no zero-dose control in this series; error or replicate information not encoded in frozen source points; readout type not reported,High
LMT_0024,10.1007/s13205-021-03095-x,24 h incubation; 30 °C,7,5–35 % methanol (source-reported basis; volume/mass basis not encoded upstream),36–100%,Within measured range,Estimated C50 within the measured range: 31.956522 % methanol (source-reported basis; volume/mass basis not encoded upstream),Plateau then drop,Plateau present,Monotonic decline,Measured-range feature available,Not yet available,Eligible for measured / derived evidence,Potential engineering lead only; requires same-source parent/readout/fixed-condition paired retest.,no zero-dose control in this series; error or replicate information not encoded in frozen source points; readout type not reported,High
LMT_0319,10.1016/j.bcab.2014.11.007,1 h incubation; 30 °C,6,2.5–50 % methanol (source-reported basis; volume/mass basis not encoded upstream),62–100%,Above measured range,The curve did not cross 50% within the measured range (> 50 % methanol (source-reported basis; volume/mass basis not encoded upstream)),Gradual decline,No plateau detected,Monotonic decline,Measured-range feature available,No reliable parent mapping,Eligible for measured / derived evidence,No engineering lead assigned,no zero-dose control in this series; error or replicate information not encoded in frozen source points; readout type not reported,Moderate
LMT_0649,10.1016/j.enzmictec.2022.110072,1 h incubation,10,10–90 % methanol (source-reported basis; volume/mass basis not encoded upstream),10–99.5%,Unresolved,C50 unresolved because the measured series is not uniquely interpretable,Insufficient shape information,Insufficient coverage,Uncertain,Limited dose coverage,Not yet available,Retained with evidence limitations,No engineering lead assigned,no zero-dose control in this series; error or replicate information not encoded in frozen source points; readout type not reported; duplicate concentration trajectories retained without averaging; C50 unresolved; this is not evidence of no response,Unresolved
LMT_0053,10.1021/acs.jafc.4c10663,12 h incubation; 50 °C,5,40–80 % methanol (source-reported basis; volume/mass basis not encoded upstream),43–80.1%,Within measured range,Estimated C50 within the measured range: 72.134831 % methanol (source-reported basis; volume/mass basis not encoded upstream),Gradual decline,No plateau detected,Monotonic decline,Measured-range feature available,Not yet available,Eligible for measured / derived evidence,Potential engineering lead only; requires same-source parent/readout/fixed-condition paired retest.,no zero-dose control in this series; error or replicate information not encoded in frozen source points; readout type not reported,High
LMT_0055,10.3390/ijms19041129,0.5 h incubation; 25 °C,3,10–20 % methanol (source-reported basis; volume/mass basis not encoded upstream),50–123%,Within measured range,Estimated C50 within the measured range: 20 % methanol (source-reported basis; volume/mass basis not encoded upstream),Insufficient shape information,Insufficient coverage,Uncertain,Measured-range feature available,No reliable parent mapping,Eligible for measured / derived evidence,No engineering lead assigned,no zero-dose control in this series; error or replicate information not encoded in frozen source points; readout type not reported,Moderate
LMT_0269,10.1016/j.enzmictec.2016.10.007,1 h incubation; 30 °C,6,10–30 % methanol (source-reported basis; volume/mass basis not encoded upstream),4.6–88.6%,Unresolved,C50 unresolved because the measured series is not uniquely interpretable,Insufficient shape information,Insufficient coverage,Uncertain,Limited dose coverage,No reliable parent mapping,Retained with evidence limitations,No engineering lead assigned,no zero-dose control in this series; error or replicate information not encoded in frozen source points; readout type not reported; duplicate concentration trajectories retained without averaging; C50 unresolved; this is not evidence of no response,Unresolved
LMT_0673,10.1016/j.ijbiomac.2017.06.003,1 h incubation; 25 °C,9,10–90 % methanol (source-reported basis; volume/mass basis not encoded upstream),30–100%,Within measured range,Estimated C50 within the measured range: 82.592593 % methanol (source-reported basis; volume/mass basis not encoded upstream),Plateau then drop,Plateau present,Monotonic decline,Measured-range feature available,Not yet available,Eligible for measured / derived evidence,Potential engineering lead only; requires same-source parent/readout/fixed-condition paired retest.,no zero-dose control in this series; error or replicate information not encoded in frozen source points; readout type not reported,High
LMT_0018,10.3390/catal12070761,1 h incubation; 25 °C,4,10–40 % methanol (source-reported basis; volume/mass basis not encoded upstream),45–92%,Within measured range,Estimated C50 within the measured range: 38.4375 % methanol (source-reported basis; volume/mass basis not encoded upstream),Steep transition,No plateau detected,Monotonic decline,Measured-range feature available,Not yet available,Eligible for measured / derived evidence,Potential engineering lead only; requires same-source parent/readout/fixed-condition paired retest.,no zero-dose control in this series; error or replicate information not encoded in frozen source points; readout type not reported,High
LMT_0637,10.1016/j.enzmictec.2017.03.010,1 h incubation,8,10–80 % methanol (source-reported basis; volume/mass basis not encoded upstream),30.22–95%,Within measured range,Estimated C50 within the measured range: 67.619048 % methanol (source-reported basis; volume/mass basis not encoded upstream),Gradual decline,No plateau detected,Monotonic decline,Measured-range feature available,Not yet available,Eligible for measured / derived evidence,Potential engineering lead only; requires same-source parent/readout/fixed-condition paired retest.,no zero-dose control in this series; error or replicate information not encoded in frozen source points; readout type not reported,High
LMT_0118,10.1016/j.bcab.2020.101806,1 h incubation; 40 °C,3,10–30 % methanol (source-reported basis; volume/mass basis not encoded upstream),55.35–97.62%,Above measured range,The curve did not cross 50% within the measured range (> 30 % methanol (source-reported basis; volume/mass basis not encoded upstream)),Gradual decline,No plateau detected,Monotonic decline,Measured-range feature available,No reliable parent mapping,Eligible for measured / derived evidence,No engineering lead assigned,no zero-dose control in this series; error or replicate information not encoded in frozen source points; readout type not reported,Moderate
LMT_0069,CN117070495_family,1 h incubation,6,20–75 % methanol (source-reported basis; volume/mass basis not encoded upstream),14–95%,Within measured range,Estimated C50 within the measured range: 71.086957 % methanol (source-reported basis; volume/mass basis not encoded upstream),Plateau then drop,Plateau present,Monotonic decline,Measured-range feature available,Not yet available,Eligible for measured / derived evidence,Potential engineering lead only; requires same-source parent/readout/fixed-condition paired retest.,no zero-dose control in this series; error or replicate information not encoded in frozen source points; readout type not reported,High
LMT_0132,10.1016/j.fuel.2021.121514,1 h incubation,6,10–60 % methanol (source-reported basis; volume/mass basis not encoded upstream),16–96%,Within measured range,Estimated C50 within the measured range: 32 % methanol (source-reported basis; volume/mass basis not encoded upstream),Steep transition,No plateau detected,Monotonic decline,Measured-range feature available,No reliable parent mapping,Eligible for measured / derived evidence,No engineering lead assigned,no zero-dose control in this series; error or replicate information not encoded in frozen source points; readout type not reported,High
LMT_0096,10.1016/j.biortech.2022.126769,1 h incubation; 40 °C,9,10–90 % methanol (source-reported basis; volume/mass basis not encoded upstream),4–86.1%,Within measured range,Estimated C50 within the measured range: 38.409091 % methanol (source-reported basis; volume/mass basis not encoded upstream),Drop then plateau,Plateau present,Monotonic decline,Measured-range feature available,Not yet available,Eligible for measured / derived evidence,Potential engineering lead only; requires same-source parent/readout/fixed-condition paired retest.,no zero-dose control in this series; error or replicate information not encoded in frozen source points; readout type not reported,High
LMT_0118,10.1016/j.bcab.2020.101806,24 h incubation; 40 °C,3,10–30 % methanol (source-reported basis; volume/mass basis not encoded upstream),6.1–102.5%,Within measured range,Estimated C50 within the measured range: 24.862493 % methanol (source-reported basis; volume/mass basis not encoded upstream),Steep transition,No plateau detected,Monotonic decline,Measured-range feature available,No reliable parent mapping,Eligible for measured / derived evidence,No engineering lead assigned,no zero-dose control in this series; error or replicate information not encoded in frozen source points; readout type not reported,Moderate
LMT_0003,10.1128/AEM.03371-13,1 h incubation; 25 °C,4,50–80 % methanol (source-reported basis; volume/mass basis not encoded upstream),0–74%,Within measured range,Estimated C50 within the measured range: 55.454545 % methanol (source-reported basis; volume/mass basis not encoded upstream),Steep transition,No plateau detected,Monotonic decline,Measured-range feature available,No reliable parent mapping,Eligible for measured / derived evidence,No engineering lead assigned,no zero-dose control in this series; error or replicate information not encoded in frozen source points; readout type not reported,High
LMT_0646,10.1016/j.enzmictec.2022.110072,1 h incubation,10,10–90 % methanol (source-reported basis; volume/mass basis not encoded upstream),8–83%,Unresolved,C50 unresolved because the measured series is not uniquely interpretable,Insufficient shape information,Insufficient coverage,Uncertain,Limited dose coverage,Not yet available,Retained with evidence limitations,No engineering lead assigned,no zero-dose control in this series; error or replicate information not encoded in frozen source points; readout type not reported; duplicate concentration trajectories retained without averaging; C50 unresolved; this is not evidence of no response,Unresolved
LMT_0465,10.3390/ijms15010203,6 h incubation; 25 °C,6,5–50 % methanol (source-reported basis; volume/mass basis not encoded upstream),22–98%,Within measured range,Estimated C50 within the measured range: 32.820513 % methanol (source-reported basis; volume/mass basis not encoded upstream),Steep transition,No plateau detected,Monotonic decline,Measured-range feature available,Not yet available,Eligible for measured / derived evidence,Potential engineering lead only; requires same-source parent/readout/fixed-condition paired retest.,no zero-dose control in this series; error or replicate information not encoded in frozen source points; readout type not reported,High
LMT_0094,10.1016/j.ijbiomac.2025.148467,48 h incubation,4,50–80 % methanol (source-reported basis; volume/mass basis not encoded upstream),1.7–53.8%,Within measured range,Estimated C50 within the measured range: 51.024259 % methanol (source-reported basis; volume/mass basis not encoded upstream),Steep transition,No plateau detected,Monotonic decline,Measured-range feature available,Not yet available,Eligible for measured / derived evidence,Potential engineering lead only; requires same-source parent/readout/fixed-condition paired retest.,no zero-dose control in this series; error or replicate information not encoded in frozen source points; readout type not reported,High
LMT_0666,10.1016/j.envres.2022.113570,24 h incubation; 25 °C,7,5–35 % methanol (source-reported basis; volume/mass basis not encoded upstream),24–100%,Within measured range,Estimated C50 within the measured range: 32.291667 % methanol (source-reported basis; volume/mass basis not encoded upstream),Plateau then drop,Plateau present,Monotonic decline,Measured-range feature available,No reliable parent mapping,Eligible for measured / derived evidence,Potential engineering lead only; requires same-source parent/readout/fixed-condition paired retest.,no zero-dose control in this series; error or replicate information not encoded in frozen source points; readout type not reported,High
LMT_0570,google_patents_family_WO2023282853,1 h incubation; 25 °C,4,10–40 % methanol (source-reported basis; volume/mass basis not encoded upstream),3–247%,Non-monotonic response,Non-monotonic response; no single C50 is reported,Nonmonotonic,Uncertain,Non-monotonic,Measured-range feature available,No reliable parent mapping,Eligible for measured / derived evidence,No engineering lead assigned,no zero-dose control in this series; error or replicate information not encoded in frozen source points; readout type not reported,Moderate
LMT_0206,not_reported,1 h incubation; 37 °C,3,25–75 % methanol (source-reported basis; volume/mass basis not encoded upstream),13.17–94.25%,Within measured range,Estimated C50 within the measured range: 53.18128 % methanol (source-reported basis; volume/mass basis not encoded upstream),Gradual decline,No plateau detected,Monotonic decline,Measured-range feature available,No reliable parent mapping,Eligible for measured / derived evidence,No engineering lead assigned,no zero-dose control in this series; error or replicate information not encoded in frozen source points; readout type not reported,Moderate
LMT_0527,google_patents_family_WO2023282853,1 h incubation; 25 °C,4,10–40 % methanol (source-reported basis; volume/mass basis not encoded upstream),7–224%,Non-monotonic response,Non-monotonic response; no single C50 is reported,Nonmonotonic,Uncertain,Non-monotonic,Measured-range feature available,No reliable parent mapping,Eligible for measured / derived evidence,No engineering lead assigned,no zero-dose control in this series; error or replicate information not encoded in frozen source points; readout type not reported,Moderate
LMT_0219,10.1007/s12010-013-0690-4,24 h incubation; 30 °C,3,10–99 % methanol (source-reported basis; volume/mass basis not encoded upstream),1.8–72.3%,Within measured range,Estimated C50 within the measured range: 22.652482 % methanol (source-reported basis; volume/mass basis not encoded upstream),Gradual decline,No plateau detected,Monotonic decline,Measured-range feature available,No reliable parent mapping,Eligible for measured / derived evidence,No engineering lead assigned,no zero-dose control in this series; error or replicate information not encoded in frozen source points; readout type not reported,Moderate
LMT_0086,10.1007/s12010-013-0406-9,1 h incubation; 5 °C,3,12.5–50 % methanol (source-reported basis; volume/mass basis not encoded upstream),88–110%,Above measured range,The curve did not cross 50% within the measured range (> 50 % methanol (source-reported basis; volume/mass basis not encoded upstream)),Nonmonotonic,Uncertain,Non-monotonic,Measured-range feature available,No reliable parent mapping,Eligible for measured / derived evidence,No engineering lead assigned,no zero-dose control in this series; error or replicate information not encoded in frozen source points; readout type not reported,Moderate
LMT_0146,10.1186/s13568-025-01966-7,0.5 h incubation; 40 °C,6,15–90 % methanol (source-reported basis; volume/mass basis not encoded upstream),5–123%,Non-monotonic response,Non-monotonic response; no single C50 is reported,Nonmonotonic,Uncertain,Non-monotonic,Measured-range feature available,Not yet available,Eligible for measured / derived evidence,Potential engineering lead only; requires same-source parent/readout/fixed-condition paired retest.,no zero-dose control in this series; error or replicate information not encoded in frozen source points; readout type not reported,Moderate
LMT_0281,10.1016/j.jmgm.2021.107897,1 h incubation; 60 °C,3,50–100 % methanol (source-reported basis; volume/mass basis not encoded upstream),38–74%,Non-monotonic response,Non-monotonic response; no single C50 is reported,Nonmonotonic,Uncertain,Non-monotonic,Measured-range feature available,Not yet available,Eligible for measured / derived evidence,Potential engineering lead only; requires same-source parent/readout/fixed-condition paired retest.,no zero-dose control in this series; error or replicate information not encoded in frozen source points; readout type not reported,Moderate
LMT_0651,10.1007/s12010-018-2865-5,0.5 h incubation; 25 °C,7,10–65 % methanol (source-reported basis; volume/mass basis not encoded upstream),0–104%,Within measured range,Estimated C50 within the measured range: 61.95122 % methanol (source-reported basis; volume/mass basis not encoded upstream),Plateau then drop,Plateau present,Monotonic decline,Measured-range feature available,No reliable parent mapping,Eligible for measured / derived evidence,No engineering lead assigned,no zero-dose control in this series; error or replicate information not encoded in frozen source points; readout type not reported,High
LMT_0100,10.1016/j.biortech.2022.126769,1 h incubation; 40 °C,9,10–90 % methanol (source-reported basis; volume/mass basis not encoded upstream),47.9–99.8%,Within measured range,Estimated C50 within the measured range: 87.407407 % methanol (source-reported basis; volume/mass basis not encoded upstream),Gradual decline,No plateau detected,Monotonic decline,Measured-range feature available,Not yet available,Eligible for measured / derived evidence,Potential engineering lead only; requires same-source parent/readout/fixed-condition paired retest.,no zero-dose control in this series; error or replicate information not encoded in frozen source points; readout type not reported,High
LMT_0022,10.1016/j.ijbiomac.2020.02.145,0.05 h incubation; 25 °C,4,10–40 % methanol (source-reported basis; volume/mass basis not encoded upstream),37–70%,Within measured range,Estimated C50 within the measured range: 24.705882 % methanol (source-reported basis; volume/mass basis not encoded upstream),Gradual decline,No plateau detected,Monotonic decline,Measured-range feature available,No reliable parent mapping,Eligible for measured / derived evidence,No engineering lead assigned,no zero-dose control in this series; error or replicate information not encoded in frozen source points; readout type not reported,High
LMT_0605,not_reported,2 h incubation; 4 °C,4,10–80 % methanol (source-reported basis; volume/mass basis not encoded upstream),16.8–144.5%,Within measured range,Estimated C50 within the measured range: 58.157895 % methanol (source-reported basis; volume/mass basis not encoded upstream),Steep transition,No plateau detected,Monotonic decline,Measured-range feature available,No reliable parent mapping,Eligible for measured / derived evidence,No engineering lead assigned,no zero-dose control in this series; error or replicate information not encoded in frozen source points; readout type not reported,High
LMT_0549,google_patents_family_WO2023282853,1 h incubation; 25 °C,4,10–40 % methanol (source-reported basis; volume/mass basis not encoded upstream),7–166%,Non-monotonic response,Non-monotonic response; no single C50 is reported,Nonmonotonic,Uncertain,Non-monotonic,Measured-range feature available,No reliable parent mapping,Eligible for measured / derived evidence,No engineering lead assigned,no zero-dose control in this series; error or replicate information not encoded in frozen source points; readout type not reported,Moderate
LMT_0132,CN115369099B_single_family,1 h incubation,7,10–60 % methanol (source-reported basis; volume/mass basis not encoded upstream),19.1–96%,Unresolved,C50 unresolved because the measured series is not uniquely interpretable,Insufficient shape information,Insufficient coverage,Uncertain,Limited dose coverage,No reliable parent mapping,Retained with evidence limitations,No engineering lead assigned,no zero-dose control in this series; error or replicate information not encoded in frozen source points; readout type not reported; duplicate concentration trajectories retained without averaging; C50 unresolved; this is not evidence of no response,Unresolved
LMT_0542,google_patents_family_WO2023282853,1 h incubation; 25 °C,4,10–40 % methanol (source-reported basis; volume/mass basis not encoded upstream),72–219%,Above measured range,The curve did not cross 50% within the measured range (> 40 % methanol (source-reported basis; volume/mass basis not encoded upstream)),Nonmonotonic,Uncertain,Non-monotonic,Measured-range feature available,No reliable parent mapping,Eligible for measured / derived evidence,No engineering lead assigned,no zero-dose control in this series; error or replicate information not encoded in frozen source points; readout type not reported,Moderate
LMT_0132,10.1016/j.enzmictec.2017.03.010,1 h incubation,8,10–80 % methanol (source-reported basis; volume/mass basis not encoded upstream),0–91%,Within measured range,Estimated C50 within the measured range: 52.957746 % methanol (source-reported basis; volume/mass basis not encoded upstream),Gradual decline,No plateau detected,Monotonic decline,Measured-range feature available,No reliable parent mapping,Eligible for measured / derived evidence,No engineering lead assigned,no zero-dose control in this series; error or replicate information not encoded in frozen source points; readout type not reported,High
LMT_0121,10.1186/s13068-021-02087-6,1 h incubation,9,10–90 % methanol (source-reported basis; volume/mass basis not encoded upstream),9–71%,Within measured range,Estimated C50 within the measured range: 18.4 % methanol (source-reported basis; volume/mass basis not encoded upstream),Drop then plateau,Plateau present,Monotonic decline,Measured-range feature available,Not yet available,Eligible for measured / derived evidence,Potential engineering lead only; requires same-source parent/readout/fixed-condition paired retest.,no zero-dose control in this series; error or replicate information not encoded in frozen source points; readout type not reported,High
LMT_0216,10.1155/2014/108913,1.5 h incubation; 30 °C,3,25–75 % methanol (source-reported basis; volume/mass basis not encoded upstream),13.1–108.09%,Non-monotonic response,Non-monotonic response; no single C50 is reported,Nonmonotonic,Uncertain,Non-monotonic,Measured-range feature available,No reliable parent mapping,Eligible for measured / derived evidence,No engineering lead assigned,no zero-dose control in this series; error or replicate information not encoded in frozen source points; readout type not reported,Moderate
LMT_0068,CN117070495_family,1 h incubation,6,20–75 % methanol (source-reported basis; volume/mass basis not encoded upstream),14–85%,Within measured range,Estimated C50 within the measured range: 69.5 % methanol (source-reported basis; volume/mass basis not encoded upstream),Steep transition,No plateau detected,Monotonic decline,Measured-range feature available,Not yet available,Eligible for measured / derived evidence,Potential engineering lead only; requires same-source parent/readout/fixed-condition paired retest.,no zero-dose control in this series; error or replicate information not encoded in frozen source points; readout type not reported,High
LMT_0616,10.1080/07391102.2023.2282177,2.5 h incubation; 45 °C,3,30–50 % methanol (source-reported basis; volume/mass basis not encoded upstream),25–53%,Non-monotonic response,Non-monotonic response; no single C50 is reported,Nonmonotonic,Uncertain,Non-monotonic,Measured-range feature available,Not yet available,Eligible for measured / derived evidence,Potential engineering lead only; requires same-source parent/readout/fixed-condition paired retest.,no zero-dose control in this series; error or replicate information not encoded in frozen source points; readout type not reported,Moderate
LMT_0523,google_patents_family_WO2023282853,1 h incubation; 25 °C,4,10–40 % methanol (source-reported basis; volume/mass basis not encoded upstream),0–111%,Non-monotonic response,Non-monotonic response; no single C50 is reported,Nonmonotonic,Uncertain,Non-monotonic,Measured-range feature available,No reliable parent mapping,Eligible for measured / derived evidence,No engineering lead assigned,no zero-dose control in this series; error or replicate information not encoded in frozen source points; readout type not reported,Moderate
LMT_0020,10.3390/catal12070761,1 h incubation; 25 °C,4,10–40 % methanol (source-reported basis; volume/mass basis not encoded upstream),78–96%,Above measured range,The curve did not cross 50% within the measured range (> 40 % methanol (source-reported basis; volume/mass basis not encoded upstream)),Gradual decline,No plateau detected,Monotonic decline,Measured-range feature available,Not yet available,Eligible for measured / derived evidence,Potential engineering lead only; requires same-source parent/readout/fixed-condition paired retest.,no zero-dose control in this series; error or replicate information not encoded in frozen source points; readout type not reported,Moderate
LMT_0446,google_patents_family_WO2023282853,1 h incubation; 25 °C,4,10–40 % methanol (source-reported basis; volume/mass basis not encoded upstream),3–151%,Non-monotonic response,Non-monotonic response; no single C50 is reported,Nonmonotonic,Uncertain,Non-monotonic,Measured-range feature available,No reliable parent mapping,Eligible for measured / derived evidence,No engineering lead assigned,no zero-dose control in this series; error or replicate information not encoded in frozen source points; readout type not reported,Moderate
LMT_0534,google_patents_family_WO2023282853,1 h incubation; 25 °C,4,10–40 % methanol (source-reported basis; volume/mass basis not encoded upstream),4–360%,Non-monotonic response,Non-monotonic response; no single C50 is reported,Nonmonotonic,Uncertain,Non-monotonic,Measured-range feature available,No reliable parent mapping,Eligible for measured / derived evidence,No engineering lead assigned,no zero-dose control in this series; error or replicate information not encoded in frozen source points; readout type not reported,Moderate
LMT_0279,10.1016/j.jmgm.2021.107897,3 h incubation; 60 °C,3,50–70 % methanol (source-reported basis; volume/mass basis not encoded upstream),32–55%,Within measured range,Estimated C50 within the measured range: 55 % methanol (source-reported basis; volume/mass basis not encoded upstream),Gradual decline,No plateau detected,Monotonic decline,Measured-range feature available,Not yet available,Eligible for measured / derived evidence,Potential engineering lead only; requires same-source parent/readout/fixed-condition paired retest.,no zero-dose control in this series; error or replicate information not encoded in frozen source points; readout type not reported,Moderate
LMT_0218,10.1007/s10930-010-9251-7,0.5 h incubation; 40 °C,6,15–90 % methanol (source-reported basis; volume/mass basis not encoded upstream),1–86%,Non-monotonic response,Non-monotonic response; no single C50 is reported,Nonmonotonic,Uncertain,Non-monotonic,Measured-range feature available,No reliable parent mapping,Eligible for measured / derived evidence,No engineering lead assigned,no zero-dose control in this series; error or replicate information not encoded in frozen source points; readout type not reported,Moderate
LMT_0051,10.1021/acs.jafc.4c10663,12 h incubation; 50 °C,5,40–80 % methanol (source-reported basis; volume/mass basis not encoded upstream),0.1–5%,Below measured range,C50 below the measured range (< 40 % methanol (source-reported basis; volume/mass basis not encoded upstream)),Approximately flat,Plateau present,Approximately flat,Measured-range feature available,Not yet available,Eligible for measured / derived evidence,Potential engineering lead only; requires same-source parent/readout/fixed-condition paired retest.,no zero-dose control in this series; error or replicate information not encoded in frozen source points; readout type not reported,Moderate
LMT_0095,10.1016/j.ijbiomac.2025.148467,24 h incubation,4,50–80 % methanol (source-reported basis; volume/mass basis not encoded upstream),2.7–55.3%,Within measured range,Estimated C50 within the measured range: 51.760797 % methanol (source-reported basis; volume/mass basis not encoded upstream),Steep transition,No plateau detected,Monotonic decline,Measured-range feature available,Not yet available,Eligible for measured / derived evidence,Potential engineering lead only; requires same-source parent/readout/fixed-condition paired retest.,no zero-dose control in this series; error or replicate information not encoded in frozen source points; readout type not reported,High
LMT_0537,google_patents_family_WO2023282853,1 h incubation; 25 °C,4,10–40 % methanol (source-reported basis; volume/mass basis not encoded upstream),206–394%,Above measured range,The curve did not cross 50% within the measured range (> 40 % methanol (source-reported basis; volume/mass basis not encoded upstream)),Nonmonotonic,Uncertain,Non-monotonic,Measured-range feature available,No reliable parent mapping,Eligible for measured / derived evidence,No engineering lead assigned,no zero-dose control in this series; error or replicate information not encoded in frozen source points; readout type not reported,Moderate
LMT_0616,10.1080/07391102.2023.2282177,3.0 h incubation; 45 °C,3,30–50 % methanol (source-reported basis; volume/mass basis not encoded upstream),20–38%,Below measured range,C50 below the measured range (< 30 % methanol (source-reported basis; volume/mass basis not encoded upstream)),Nonmonotonic,Uncertain,Non-monotonic,Measured-range feature available,Not yet available,Eligible for measured / derived evidence,Potential engineering lead only; requires same-source parent/readout/fixed-condition paired retest.,no zero-dose control in this series; error or replicate information not encoded in frozen source points; readout type not reported,Moderate
LMT_0018,10.3390/catal12070761,3 h incubation; 25 °C,4,10–40 % methanol (source-reported basis; volume/mass basis not encoded upstream),31–80%,Within measured range,Estimated C50 within the measured range: 33.448276 % methanol (source-reported basis; volume/mass basis not encoded upstream),Steep transition,No plateau detected,Monotonic decline,Measured-range feature available,Not yet available,Eligible for measured / derived evidence,Potential engineering lead only; requires same-source parent/readout/fixed-condition paired retest.,no zero-dose control in this series; error or replicate information not encoded in frozen source points; readout type not reported,High
LMT_0580,google_patents_family_WO2023282853,1 h incubation; 25 °C,4,10–40 % methanol (source-reported basis; volume/mass basis not encoded upstream),21–116%,Non-monotonic response,Non-monotonic response; no single C50 is reported,Nonmonotonic,Uncertain,Non-monotonic,Measured-range feature available,No reliable parent mapping,Eligible for measured / derived evidence,No engineering lead assigned,no zero-dose control in this series; error or replicate information not encoded in frozen source points; readout type not reported,Moderate
LMT_0019,10.3390/catal12070761,1 h incubation; 25 °C,4,10–40 % methanol (source-reported basis; volume/mass basis not encoded upstream),52–88%,Above measured range,The curve did not cross 50% within the measured range (> 40 % methanol (source-reported basis; volume/mass basis not encoded upstream)),Gradual decline,No plateau detected,Monotonic decline,Measured-range feature available,Not yet available,Eligible for measured / derived evidence,Potential engineering lead only; requires same-source parent/readout/fixed-condition paired retest.,no zero-dose control in this series; error or replicate information not encoded in frozen source points; readout type not reported,Moderate
LMT_0605,10.1002/jobm.201400730,2 h incubation; 4 °C,4,10–80 % methanol (source-reported basis; volume/mass basis not encoded upstream),16.8–145%,Within measured range,Estimated C50 within the measured range: 58.157895 % methanol (source-reported basis; volume/mass basis not encoded upstream),Steep transition,No plateau detected,Monotonic decline,Measured-range feature available,No reliable parent mapping,Eligible for measured / derived evidence,No engineering lead assigned,no zero-dose control in this series; error or replicate information not encoded in frozen source points; readout type not reported,High
LMT_0548,google_patents_family_WO2023282853,1 h incubation; 25 °C,4,10–40 % methanol (source-reported basis; volume/mass basis not encoded upstream),0–82%,Non-monotonic response,Non-monotonic response; no single C50 is reported,Nonmonotonic,Uncertain,Non-monotonic,Measured-range feature available,No reliable parent mapping,Eligible for measured / derived evidence,No engineering lead assigned,no zero-dose control in this series; error or replicate information not encoded in frozen source points; readout type not reported,Moderate
LMT_0634,10.1039/c3ob41076e,2 h incubation; 25 °C,5,10–50 % methanol (source-reported basis; volume/mass basis not encoded upstream),22–102%,Within measured range,Estimated C50 within the measured range: 40.666667 % methanol (source-reported basis; volume/mass basis not encoded upstream),Steep transition,No plateau detected,Monotonic decline,Measured-range feature available,Not yet available,Eligible for measured / derived evidence,Potential engineering lead only; requires same-source parent/readout/fixed-condition paired retest.,no zero-dose control in this series; error or replicate information not encoded in frozen source points; readout type not reported,High
LMT_0557,google_patents_family_WO2023282853,1 h incubation; 25 °C,4,10–40 % methanol (source-reported basis; volume/mass basis not encoded upstream),37–748%,Non-monotonic response,Non-monotonic response; no single C50 is reported,Nonmonotonic,Uncertain,Non-monotonic,Measured-range feature available,No reliable parent mapping,Eligible for measured / derived evidence,No engineering lead assigned,no zero-dose control in this series; error or replicate information not encoded in frozen source points; readout type not reported,Moderate
LMT_0669,10.1016/j.envres.2022.113570,24 h incubation; 30 °C,7,5–35 % methanol (source-reported basis; volume/mass basis not encoded upstream),0–98%,Within measured range,Estimated C50 within the measured range: 28.793103 % methanol (source-reported basis; volume/mass basis not encoded upstream),Plateau then drop,Plateau present,Monotonic decline,Measured-range feature available,No reliable parent mapping,Eligible for measured / derived evidence,Potential engineering lead only; requires same-source parent/readout/fixed-condition paired retest.,no zero-dose control in this series; error or replicate information not encoded in frozen source points; readout type not reported,High
LMT_0639,10.1016/j.enzmictec.2022.110072,1 h incubation,10,10–90 % methanol (source-reported basis; volume/mass basis not encoded upstream),22.5–101%,Unresolved,C50 unresolved because the measured series is not uniquely interpretable,Insufficient shape information,Insufficient coverage,Uncertain,Limited dose coverage,Not yet available,Retained with evidence limitations,No engineering lead assigned,no zero-dose control in this series; error or replicate information not encoded in frozen source points; readout type not reported; duplicate concentration trajectories retained without averaging; C50 unresolved; this is not evidence of no response,Unresolved
LMT_0054,10.1021/acs.jafc.4c10663,12 h incubation; 50 °C,5,40–80 % methanol (source-reported basis; volume/mass basis not encoded upstream),17–35%,Below measured range,C50 below the measured range (< 40 % methanol (source-reported basis; volume/mass basis not encoded upstream)),Nonmonotonic,Uncertain,Non-monotonic,Measured-range feature available,Not yet available,Eligible for measured / derived evidence,Potential engineering lead only; requires same-source parent/readout/fixed-condition paired retest.,no zero-dose control in this series; error or replicate information not encoded in frozen source points; readout type not reported,Moderate
LMT_0095,10.1016/j.ijbiomac.2025.148467,48 h incubation,4,50–80 % methanol (source-reported basis; volume/mass basis not encoded upstream),2.7–49.6%,Below measured range,C50 below the measured range (< 50 % methanol (source-reported basis; volume/mass basis not encoded upstream)),Steep transition,No plateau detected,Monotonic decline,Measured-range feature available,Not yet available,Eligible for measured / derived evidence,Potential engineering lead only; requires same-source parent/readout/fixed-condition paired retest.,no zero-dose control in this series; error or replicate information not encoded in frozen source points; readout type not reported,Moderate
LMT_0642,10.1016/j.enzmictec.2022.110072,1 h incubation,10,10–90 % methanol (source-reported basis; volume/mass basis not encoded upstream),28–99%,Unresolved,C50 unresolved because the measured series is not uniquely interpretable,Insufficient shape information,Insufficient coverage,Uncertain,Limited dose coverage,Not yet available,Retained with evidence limitations,No engineering lead assigned,no zero-dose control in this series; error or replicate information not encoded in frozen source points; readout type not reported; duplicate concentration trajectories retained without averaging; C50 unresolved; this is not evidence of no response,Unresolved
LMT_0125,10.1186/s13068-021-02087-6,1 h incubation,9,10–90 % methanol (source-reported basis; volume/mass basis not encoded upstream),32–99%,Within measured range,Estimated C50 within the measured range: 71.267427 % methanol (source-reported basis; volume/mass basis not encoded upstream),Plateau then drop,Plateau present,Monotonic decline,Measured-range feature available,Not yet available,Eligible for measured / derived evidence,Potential engineering lead only; requires same-source parent/readout/fixed-condition paired retest.,no zero-dose control in this series; error or replicate information not encoded in frozen source points; readout type not reported,High
LMT_0020,10.3390/catal12070761,2 h incubation; 25 °C,4,10–40 % methanol (source-reported basis; volume/mass basis not encoded upstream),67–92%,Above measured range,The curve did not cross 50% within the measured range (> 40 % methanol (source-reported basis; volume/mass basis not encoded upstream)),Gradual decline,No plateau detected,Monotonic decline,Measured-range feature available,Not yet available,Eligible for measured / derived evidence,Potential engineering lead only; requires same-source parent/readout/fixed-condition paired retest.,no zero-dose control in this series; error or replicate information not encoded in frozen source points; readout type not reported,Moderate
LMT_0571,google_patents_family_WO2023282853,1 h incubation; 25 °C,4,10–40 % methanol (source-reported basis; volume/mass basis not encoded upstream),0–145%,Non-monotonic response,Non-monotonic response; no single C50 is reported,Nonmonotonic,Uncertain,Non-monotonic,Measured-range feature available,No reliable parent mapping,Eligible for measured / derived evidence,No engineering lead assigned,no zero-dose control in this series; error or replicate information not encoded in frozen source points; readout type not reported,Moderate
LMT_0195,10.1016/j.biortech.2013.08.101,168 h incubation; 30 °C,3,20–100 % methanol (source-reported basis; volume/mass basis not encoded upstream),10.8–52.7%,Non-monotonic response,Non-monotonic response; no single C50 is reported,Nonmonotonic,Uncertain,Non-monotonic,Measured-range feature available,No reliable parent mapping,Eligible for measured / derived evidence,No engineering lead assigned,no zero-dose control in this series; error or replicate information not encoded in frozen source points; readout type not reported,Moderate
LMT_0572,google_patents_family_WO2023282853,1 h incubation; 25 °C,4,10–40 % methanol (source-reported basis; volume/mass basis not encoded upstream),2–227%,Non-monotonic response,Non-monotonic response; no single C50 is reported,Nonmonotonic,Uncertain,Non-monotonic,Measured-range feature available,No reliable parent mapping,Eligible for measured / derived evidence,No engineering lead assigned,no zero-dose control in this series; error or replicate information not encoded in frozen source points; readout type not reported,Moderate
LMT_0484,CN115369099B_single_family,1 h incubation,10,10–90 % methanol (source-reported basis; volume/mass basis not encoded upstream),34.6–96%,Unresolved,C50 unresolved because the measured series is not uniquely interpretable,Insufficient shape information,Insufficient coverage,Uncertain,Limited dose coverage,Not yet available,Retained with evidence limitations,No engineering lead assigned,no zero-dose control in this series; error or replicate information not encoded in frozen source points; readout type not reported; duplicate concentration trajectories retained without averaging; C50 unresolved; this is not evidence of no response,Unresolved
LMT_0644,10.1016/j.enzmictec.2022.110072,1 h incubation,10,10–90 % methanol (source-reported basis; volume/mass basis not encoded upstream),21.5–99%,Unresolved,C50 unresolved because the measured series is not uniquely interpretable,Insufficient shape information,Insufficient coverage,Uncertain,Limited dose coverage,Not yet available,Retained with evidence limitations,No engineering lead assigned,no zero-dose control in this series; error or replicate information not encoded in frozen source points; readout type not reported; duplicate concentration trajectories retained without averaging; C50 unresolved; this is not evidence of no response,Unresolved
LMT_0573,google_patents_family_WO2023282853,1 h incubation; 25 °C,4,10–40 % methanol (source-reported basis; volume/mass basis not encoded upstream),7–110%,Non-monotonic response,Non-monotonic response; no single C50 is reported,Nonmonotonic,Uncertain,Non-monotonic,Measured-range feature available,No reliable parent mapping,Eligible for measured / derived evidence,No engineering lead assigned,no zero-dose control in this series; error or replicate information not encoded in frozen source points; readout type not reported,Moderate
LMT_0269,10.1016/j.enzmictec.2016.10.007,0.5 h incubation; 30 °C,8,10–100 % methanol (source-reported basis; volume/mass basis not encoded upstream),5.7–96.5%,Unresolved,C50 unresolved because the measured series is not uniquely interpretable,Insufficient shape information,Insufficient coverage,Uncertain,Limited dose coverage,No reliable parent mapping,Retained with evidence limitations,No engineering lead assigned,no zero-dose control in this series; error or replicate information not encoded in frozen source points; readout type not reported; duplicate concentration trajectories retained without averaging; C50 unresolved; this is not evidence of no response,Unresolved
LMT_0217,10.1016/j.procbio.2008.01.023,24 h incubation; 30 °C,3,10–100 % methanol (source-reported basis; volume/mass basis not encoded upstream),0–97.4%,Within measured range,Estimated C50 within the measured range: 29.66805 % methanol (source-reported basis; volume/mass basis not encoded upstream),Steep transition,No plateau detected,Monotonic decline,Measured-range feature available,No reliable parent mapping,Eligible for measured / derived evidence,No engineering lead assigned,no zero-dose control in this series; error or replicate information not encoded in frozen source points; readout type not reported,Moderate
LMT_0616,10.1080/07391102.2023.2282177,2.0 h incubation; 45 °C,3,30–50 % methanol (source-reported basis; volume/mass basis not encoded upstream),35–61%,Within measured range,Estimated C50 within the measured range: 38.461538 % methanol (source-reported basis; volume/mass basis not encoded upstream),Gradual decline,No plateau detected,Monotonic decline,Measured-range feature available,Not yet available,Eligible for measured / derived evidence,Potential engineering lead only; requires same-source parent/readout/fixed-condition paired retest.,no zero-dose control in this series; error or replicate information not encoded in frozen source points; readout type not reported,Moderate
LMT_0545,google_patents_family_WO2023282853,1 h incubation; 25 °C,4,10–40 % methanol (source-reported basis; volume/mass basis not encoded upstream),4–55%,Non-monotonic response,Non-monotonic response; no single C50 is reported,Nonmonotonic,Uncertain,Non-monotonic,Measured-range feature available,No reliable parent mapping,Eligible for measured / derived evidence,No engineering lead assigned,no zero-dose control in this series; error or replicate information not encoded in frozen source points; readout type not reported,Moderate
LMT_0031,10.1007/s00253-023-12396-5,0.5 h incubation,8,10–80 % methanol (source-reported basis; volume/mass basis not encoded upstream),3–100%,Within measured range,Estimated C50 within the measured range: 39.2 % methanol (source-reported basis; volume/mass basis not encoded upstream),Drop then plateau,Plateau present,Monotonic decline,Measured-range feature available,Not yet available,Eligible for measured / derived evidence,Potential engineering lead only; requires same-source parent/readout/fixed-condition paired retest.,no zero-dose control in this series; error or replicate information not encoded in frozen source points; readout type not reported,High
LMT_0222,10.1007/s12010-013-0690-4,24 h incubation; 30 °C,3,10–99 % methanol (source-reported basis; volume/mass basis not encoded upstream),2.7–76%,Within measured range,Estimated C50 within the measured range: 24.188267 % methanol (source-reported basis; volume/mass basis not encoded upstream),Gradual decline,No plateau detected,Monotonic decline,Measured-range feature available,Not yet available,Eligible for measured / derived evidence,Potential engineering lead only; requires same-source parent/readout/fixed-condition paired retest.,no zero-dose control in this series; error or replicate information not encoded in frozen source points; readout type not reported,Moderate
LMT_0632,10.1039/c3ob41076e,2 h incubation; 25 °C,5,10–50 % methanol (source-reported basis; volume/mass basis not encoded upstream),28–115%,Within measured range,Estimated C50 within the measured range: 42.413793 % methanol (source-reported basis; volume/mass basis not encoded upstream),Steep transition,No plateau detected,Monotonic decline,Measured-range feature available,Not yet available,Eligible for measured / derived evidence,Potential engineering lead only; requires same-source parent/readout/fixed-condition paired retest.,no zero-dose control in this series; error or replicate information not encoded in frozen source points; readout type not reported,High
LMT_0021,10.3390/catal12070761,2 h incubation; 25 °C,4,10–40 % methanol (source-reported basis; volume/mass basis not encoded upstream),2–83%,Within measured range,Estimated C50 within the measured range: 21.333333 % methanol (source-reported basis; volume/mass basis not encoded upstream),Steep transition,No plateau detected,Monotonic decline,Measured-range feature available,Not yet available,Eligible for measured / derived evidence,Potential engineering lead only; requires same-source parent/readout/fixed-condition paired retest.,no zero-dose control in this series; error or replicate information not encoded in frozen source points; readout type not reported,High
LMT_0090,10.1016/j.ijbiomac.2025.148467,24 h incubation,4,50–80 % methanol (source-reported basis; volume/mass basis not encoded upstream),4.4–45.3%,Below measured range,C50 below the measured range (< 50 % methanol (source-reported basis; volume/mass basis not encoded upstream)),Gradual decline,No plateau detected,Monotonic decline,Measured-range feature available,No reliable parent mapping,Eligible for measured / derived evidence,No engineering lead assigned,no zero-dose control in this series; error or replicate information not encoded in frozen source points; readout type not reported,Moderate
LMT_0236,google_patents_family_WO2023282853,1 h incubation; 25 °C,4,10–40 % methanol (source-reported basis; volume/mass basis not encoded upstream),1–58%,Non-monotonic response,Non-monotonic response; no single C50 is reported,Nonmonotonic,Uncertain,Non-monotonic,Measured-range feature available,No reliable parent mapping,Eligible for measured / derived evidence,No engineering lead assigned,no zero-dose control in this series; error or replicate information not encoded in frozen source points; readout type not reported,Moderate
LMT_0576,google_patents_family_WO2023282853,1 h incubation; 25 °C,4,10–40 % methanol (source-reported basis; volume/mass basis not encoded upstream),102–559%,Above measured range,The curve did not cross 50% within the measured range (> 40 % methanol (source-reported basis; volume/mass basis not encoded upstream)),Nonmonotonic,Uncertain,Non-monotonic,Measured-range feature available,No reliable parent mapping,Eligible for measured / derived evidence,No engineering lead assigned,no zero-dose control in this series; error or replicate information not encoded in frozen source points; readout type not reported,Moderate
LMT_0050,10.1021/acs.jafc.4c10663,12 h incubation; 50 °C,5,40–80 % methanol (source-reported basis; volume/mass basis not encoded upstream),0.1–0.2%,Below measured range,C50 below the measured range (< 40 % methanol (source-reported basis; volume/mass basis not encoded upstream)),Approximately flat,Plateau present,Approximately flat,Measured-range feature available,No reliable parent mapping,Eligible for measured / derived evidence,No engineering lead assigned,no zero-dose control in this series; error or replicate information not encoded in frozen source points; readout type not reported,Moderate
LMT_0046,10.1128/AEM.03371-13,1 h incubation; 25 °C,4,50–80 % methanol (source-reported basis; volume/mass basis not encoded upstream),3–85%,Within measured range,Estimated C50 within the measured range: 62.954545 % methanol (source-reported basis; volume/mass basis not encoded upstream),Steep transition,No plateau detected,Monotonic decline,Measured-range feature available,Not yet available,Eligible for measured / derived evidence,Potential engineering lead only; requires same-source parent/readout/fixed-condition paired retest.,no zero-dose control in this series; error or replicate information not encoded in frozen source points; readout type not reported,High
LMT_0436,google_patents_family_WO2023282853,1 h incubation; 25 °C,4,10–40 % methanol (source-reported basis; volume/mass basis not encoded upstream),9–843%,Non-monotonic response,Non-monotonic response; no single C50 is reported,Nonmonotonic,Uncertain,Non-monotonic,Measured-range feature available,No reliable parent mapping,Eligible for measured / derived evidence,No engineering lead assigned,no zero-dose control in this series; error or replicate information not encoded in frozen source points; readout type not reported,Moderate
LMT_0567,google_patents_family_WO2023282853,1 h incubation; 25 °C,4,10–40 % methanol (source-reported basis; volume/mass basis not encoded upstream),4–97%,Non-monotonic response,Non-monotonic response; no single C50 is reported,Nonmonotonic,Uncertain,Non-monotonic,Measured-range feature available,No reliable parent mapping,Eligible for measured / derived evidence,No engineering lead assigned,no zero-dose control in this series; error or replicate information not encoded in frozen source points; readout type not reported,Moderate
LMT_0164,10.1080/14756366.2020.1861607,24 h incubation; 37 °C,3,10–50 % methanol (source-reported basis; volume/mass basis not encoded upstream),71.9–116.4%,Above measured range,The curve did not cross 50% within the measured range (> 50 % methanol (source-reported basis; volume/mass basis not encoded upstream)),Gradual decline,No plateau detected,Monotonic decline,Measured-range feature available,No reliable parent mapping,Eligible for measured / derived evidence,No engineering lead assigned,no zero-dose control in this series; error or replicate information not encoded in frozen source points; readout type not reported,Moderate
LMT_0050,10.1186/s13068-024-02478-5,1 h incubation; 25 °C,9,10–90 % methanol (source-reported basis; volume/mass basis not encoded upstream),3–91%,Within measured range,Estimated C50 within the measured range: 35.714286 % methanol (source-reported basis; volume/mass basis not encoded upstream),Gradual decline,No plateau detected,Monotonic decline,Measured-range feature available,No reliable parent mapping,Eligible for measured / derived evidence,No engineering lead assigned,no zero-dose control in this series; error or replicate information not encoded in frozen source points; readout type not reported,High
LMT_0563,google_patents_family_WO2023282853,1 h incubation; 25 °C,4,10–40 % methanol (source-reported basis; volume/mass basis not encoded upstream),142–2077%,Above measured range,The curve did not cross 50% within the measured range (> 40 % methanol (source-reported basis; volume/mass basis not encoded upstream)),Nonmonotonic,Uncertain,Non-monotonic,Measured-range feature available,No reliable parent mapping,Eligible for measured / derived evidence,No engineering lead assigned,no zero-dose control in this series; error or replicate information not encoded in frozen source points; readout type not reported,Moderate
LMT_0066,CN117070495_family,1 h incubation,6,20–75 % methanol (source-reported basis; volume/mass basis not encoded upstream),12–87%,Within measured range,Estimated C50 within the measured range: 70.681818 % methanol (source-reported basis; volume/mass basis not encoded upstream),Plateau then drop,Plateau present,Monotonic decline,Measured-range feature available,Not yet available,Eligible for measured / derived evidence,Potential engineering lead only; requires same-source parent/readout/fixed-condition paired retest.,no zero-dose control in this series; error or replicate information not encoded in frozen source points; readout type not reported,High
LMT_0101,10.1016/j.biortech.2022.126769,1 h incubation; 40 °C,9,10–90 % methanol (source-reported basis; volume/mass basis not encoded upstream),31.1–96.1%,Within measured range,Estimated C50 within the measured range: 76.918239 % methanol (source-reported basis; volume/mass basis not encoded upstream),Gradual decline,No plateau detected,Monotonic decline,Measured-range feature available,Not yet available,Eligible for measured / derived evidence,Potential engineering lead only; requires same-source parent/readout/fixed-condition paired retest.,no zero-dose control in this series; error or replicate information not encoded in frozen source points; readout type not reported,High
LMT_0240,10.1002/chem.202004471,2 h incubation; 25 °C,6,10–60 % methanol (source-reported basis; volume/mass basis not encoded upstream),34–100%,Within measured range,Estimated C50 within the measured range: 37.272727 % methanol (source-reported basis; volume/mass basis not encoded upstream),Drop then plateau,Plateau present,Monotonic decline,Measured-range feature available,Not yet available,Eligible for measured / derived evidence,Potential engineering lead only; requires same-source parent/readout/fixed-condition paired retest.,no zero-dose control in this series; error or replicate information not encoded in frozen source points; readout type not reported,High
LMT_0558,google_patents_family_WO2023282853,1 h incubation; 25 °C,4,10–40 % methanol (source-reported basis; volume/mass basis not encoded upstream),14–10446%,Non-monotonic response,Non-monotonic response; no single C50 is reported,Nonmonotonic,Uncertain,Non-monotonic,Measured-range feature available,No reliable parent mapping,Eligible for measured / derived evidence,No engineering lead assigned,no zero-dose control in this series; error or replicate information not encoded in frozen source points; readout type not reported,Moderate
LMT_0647,10.1016/j.enzmictec.2022.110072,1 h incubation,10,10–90 % methanol (source-reported basis; volume/mass basis not encoded upstream),8.5–99%,Unresolved,C50 unresolved because the measured series is not uniquely interpretable,Insufficient shape information,Insufficient coverage,Uncertain,Limited dose coverage,Not yet available,Retained with evidence limitations,No engineering lead assigned,no zero-dose control in this series; error or replicate information not encoded in frozen source points; readout type not reported; duplicate concentration trajectories retained without averaging; C50 unresolved; this is not evidence of no response,Unresolved
LMT_0069,10.1016/j.jclepro.2024.141949,1 h incubation; 25 °C,6,20–75 % methanol (source-reported basis; volume/mass basis not encoded upstream),14–95%,Within measured range,Estimated C50 within the measured range: 71.086957 % methanol (source-reported basis; volume/mass basis not encoded upstream),Plateau then drop,Plateau present,Monotonic decline,Measured-range feature available,Not yet available,Eligible for measured / derived evidence,Potential engineering lead only; requires same-source parent/readout/fixed-condition paired retest.,no zero-dose control in this series; error or replicate information not encoded in frozen source points; readout type not reported,High
LMT_0578,google_patents_family_WO2023282853,1 h incubation; 25 °C,4,10–40 % methanol (source-reported basis; volume/mass basis not encoded upstream),17–198%,Non-monotonic response,Non-monotonic response; no single C50 is reported,Nonmonotonic,Uncertain,Non-monotonic,Measured-range feature available,No reliable parent mapping,Eligible for measured / derived evidence,No engineering lead assigned,no zero-dose control in this series; error or replicate information not encoded in frozen source points; readout type not reported,Moderate
LMT_0032,10.1016/j.jmgm.2021.107897,5 h incubation; 60 °C,7,50–70 % methanol (source-reported basis; volume/mass basis not encoded upstream),10–12%,Unresolved,C50 unresolved because the measured series is not uniquely interpretable,Insufficient shape information,Insufficient coverage,Uncertain,Limited dose coverage,No reliable parent mapping,Retained with evidence limitations,No engineering lead assigned,no zero-dose control in this series; error or replicate information not encoded in frozen source points; readout type not reported; duplicate concentration trajectories retained without averaging; C50 unresolved; this is not evidence of no response,Unresolved
LMT_0280,10.1016/j.jmgm.2021.107897,4 h incubation; 60 °C,3,50–70 % methanol (source-reported basis; volume/mass basis not encoded upstream),14–22%,Below measured range,C50 below the measured range (< 50 % methanol (source-reported basis; volume/mass basis not encoded upstream)),Approximately flat,Plateau present,Approximately flat,Measured-range feature available,Not yet available,Eligible for measured / derived evidence,Potential engineering lead only; requires same-source parent/readout/fixed-condition paired retest.,no zero-dose control in this series; error or replicate information not encoded in frozen source points; readout type not reported,Moderate
LMT_0237,10.1002/chem.202004471,2 h incubation; 25 °C,6,10–60 % methanol (source-reported basis; volume/mass basis not encoded upstream),13–122%,Within measured range,Estimated C50 within the measured range: 32.631579 % methanol (source-reported basis; volume/mass basis not encoded upstream),Steep transition,No plateau detected,Monotonic decline,Measured-range feature available,No reliable parent mapping,Eligible for measured / derived evidence,No engineering lead assigned,no zero-dose control in this series; error or replicate information not encoded in frozen source points; readout type not reported,High
LMT_0540,google_patents_family_WO2023282853,1 h incubation; 25 °C,4,10–40 % methanol (source-reported basis; volume/mass basis not encoded upstream),151–732%,Above measured range,The curve did not cross 50% within the measured range (> 40 % methanol (source-reported basis; volume/mass basis not encoded upstream)),Nonmonotonic,Uncertain,Non-monotonic,Measured-range feature available,No reliable parent mapping,Eligible for measured / derived evidence,No engineering lead assigned,no zero-dose control in this series; error or replicate information not encoded in frozen source points; readout type not reported,Moderate
LMT_0250,10.1186/1754-6834-6-70,2 h incubation; 25 °C,14,20–80 % methanol (source-reported basis; volume/mass basis not encoded upstream),78.8–100.9%,Unresolved,C50 unresolved because the measured series is not uniquely interpretable,Insufficient shape information,Insufficient coverage,Uncertain,Limited dose coverage,Not yet available,Retained with evidence limitations,No engineering lead assigned,no zero-dose control in this series; error or replicate information not encoded in frozen source points; readout type not reported; duplicate concentration trajectories retained without averaging; C50 unresolved; this is not evidence of no response,Unresolved
LMT_0269,10.1016/j.enzmictec.2016.10.007,0.167 h incubation; 30 °C,8,10–100 % methanol (source-reported basis; volume/mass basis not encoded upstream),25.3–100%,Unresolved,C50 unresolved because the measured series is not uniquely interpretable,Insufficient shape information,Insufficient coverage,Uncertain,Limited dose coverage,No reliable parent mapping,Retained with evidence limitations,No engineering lead assigned,no zero-dose control in this series; error or replicate information not encoded in frozen source points; readout type not reported; duplicate concentration trajectories retained without averaging; C50 unresolved; this is not evidence of no response,Unresolved
LMT_0132,10.1016/j.enzmictec.2022.110072,1 h incubation,10,10–90 % methanol (source-reported basis; volume/mass basis not encoded upstream),0.5–85%,Unresolved,C50 unresolved because the measured series is not uniquely interpretable,Insufficient shape information,Insufficient coverage,Uncertain,Limited dose coverage,No reliable parent mapping,Retained with evidence limitations,No engineering lead assigned,no zero-dose control in this series; error or replicate information not encoded in frozen source points; readout type not reported; duplicate concentration trajectories retained without averaging; C50 unresolved; this is not evidence of no response,Unresolved
LMT_0533,google_patents_family_WO2023282853,1 h incubation; 25 °C,4,10–40 % methanol (source-reported basis; volume/mass basis not encoded upstream),82–197%,Above measured range,The curve did not cross 50% within the measured range (> 40 % methanol (source-reported basis; volume/mass basis not encoded upstream)),Nonmonotonic,Uncertain,Non-monotonic,Measured-range feature available,No reliable parent mapping,Eligible for measured / derived evidence,No engineering lead assigned,no zero-dose control in this series; error or replicate information not encoded in frozen source points; readout type not reported,Moderate
LMT_0221,10.1007/s12010-013-0690-4,24 h incubation; 30 °C,3,10–99 % methanol (source-reported basis; volume/mass basis not encoded upstream),2–83.3%,Within measured range,Estimated C50 within the measured range: 26.383764 % methanol (source-reported basis; volume/mass basis not encoded upstream),Steep transition,No plateau detected,Monotonic decline,Measured-range feature available,Not yet available,Eligible for measured / derived evidence,Potential engineering lead only; requires same-source parent/readout/fixed-condition paired retest.,no zero-dose control in this series; error or replicate information not encoded in frozen source points; readout type not reported,Moderate
LMT_0247,10.3390/catal12070761,2 h incubation; 25 °C,4,10–40 % methanol (source-reported basis; volume/mass basis not encoded upstream),85–100%,Above measured range,The curve did not cross 50% within the measured range (> 40 % methanol (source-reported basis; volume/mass basis not encoded upstream)),Gradual decline,No plateau detected,Monotonic decline,Measured-range feature available,No reliable parent mapping,Eligible for measured / derived evidence,No engineering lead assigned,no zero-dose control in this series; error or replicate information not encoded in frozen source points; readout type not reported,Moderate
LMT_0019,10.3390/catal12070761,3 h incubation; 25 °C,4,10–40 % methanol (source-reported basis; volume/mass basis not encoded upstream),39–78%,Within measured range,Estimated C50 within the measured range: 28.75 % methanol (source-reported basis; volume/mass basis not encoded upstream),Steep transition,No plateau detected,Monotonic decline,Measured-range feature available,Not yet available,Eligible for measured / derived evidence,Potential engineering lead only; requires same-source parent/readout/fixed-condition paired retest.,no zero-dose control in this series; error or replicate information not encoded in frozen source points; readout type not reported,High
LMT_0565,google_patents_family_WO2023282853,1 h incubation; 25 °C,4,10–40 % methanol (source-reported basis; volume/mass basis not encoded upstream),72–128%,Above measured range,The curve did not cross 50% within the measured range (> 40 % methanol (source-reported basis; volume/mass basis not encoded upstream)),Nonmonotonic,Uncertain,Non-monotonic,Measured-range feature available,No reliable parent mapping,Eligible for measured / derived evidence,No engineering lead assigned,no zero-dose control in this series; error or replicate information not encoded in frozen source points; readout type not reported,Moderate
LMT_0553,google_patents_family_WO2023282853,1 h incubation; 25 °C,4,10–40 % methanol (source-reported basis; volume/mass basis not encoded upstream),36–264%,Non-monotonic response,Non-monotonic response; no single C50 is reported,Nonmonotonic,Uncertain,Non-monotonic,Measured-range feature available,No reliable parent mapping,Eligible for measured / derived evidence,No engineering lead assigned,no zero-dose control in this series; error or replicate information not encoded in frozen source points; readout type not reported,Moderate
LMT_0526,google_patents_family_WO2023282853,1 h incubation; 25 °C,4,10–40 % methanol (source-reported basis; volume/mass basis not encoded upstream),29–3925%,Non-monotonic response,Non-monotonic response; no single C50 is reported,Nonmonotonic,Uncertain,Non-monotonic,Measured-range feature available,No reliable parent mapping,Eligible for measured / derived evidence,No engineering lead assigned,no zero-dose control in this series; error or replicate information not encoded in frozen source points; readout type not reported,Moderate
LMT_0577,google_patents_family_WO2023282853,1 h incubation; 25 °C,4,10–40 % methanol (source-reported basis; volume/mass basis not encoded upstream),178–1179%,Above measured range,The curve did not cross 50% within the measured range (> 40 % methanol (source-reported basis; volume/mass basis not encoded upstream)),Nonmonotonic,Uncertain,Non-monotonic,Measured-range feature available,No reliable parent mapping,Eligible for measured / derived evidence,No engineering lead assigned,no zero-dose control in this series; error or replicate information not encoded in frozen source points; readout type not reported,Moderate
LMT_0165,10.1016/j.jbiosc.2017.06.012,2 h incubation; 28 °C,10,10–98 % methanol (source-reported basis; volume/mass basis not encoded upstream),38–128%,Non-monotonic response,Non-monotonic response; no single C50 is reported,Nonmonotonic,Uncertain,Non-monotonic,Measured-range feature available,No reliable parent mapping,Eligible for measured / derived evidence,No engineering lead assigned,no zero-dose control in this series; error or replicate information not encoded in frozen source points; readout type not reported,Moderate
LMT_0536,google_patents_family_WO2023282853,1 h incubation; 25 °C,4,10–40 % methanol (source-reported basis; volume/mass basis not encoded upstream),6–38%,Below measured range,C50 below the measured range (< 10 % methanol (source-reported basis; volume/mass basis not encoded upstream)),Nonmonotonic,Uncertain,Non-monotonic,Measured-range feature available,No reliable parent mapping,Eligible for measured / derived evidence,No engineering lead assigned,no zero-dose control in this series; error or replicate information not encoded in frozen source points; readout type not reported,Moderate
LMT_0616,10.1080/07391102.2023.2282177,0.5 h incubation; 45 °C,3,30–50 % methanol (source-reported basis; volume/mass basis not encoded upstream),78–115%,Above measured range,The curve did not cross 50% within the measured range (> 50 % methanol (source-reported basis; volume/mass basis not encoded upstream)),Nonmonotonic,Uncertain,Non-monotonic,Measured-range feature available,Not yet available,Eligible for measured / derived evidence,Potential engineering lead only; requires same-source parent/readout/fixed-condition paired retest.,no zero-dose control in this series; error or replicate information not encoded in frozen source points; readout type not reported,Moderate
LMT_0071,10.1007/s12257-011-0347-5,24 h incubation; 30 °C,6,2.5–50 % methanol (source-reported basis; volume/mass basis not encoded upstream),65–109%,Above measured range,The curve did not cross 50% within the measured range (> 50 % methanol (source-reported basis; volume/mass basis not encoded upstream)),Nonmonotonic,Uncertain,Non-monotonic,Measured-range feature available,No reliable parent mapping,Eligible for measured / derived evidence,No engineering lead assigned,no zero-dose control in this series; error or replicate information not encoded in frozen source points; readout type not reported,Moderate
LMT_0032,google_patents_family_WO2023282853,1 h incubation; 25 °C,4,10–40 % methanol (source-reported basis; volume/mass basis not encoded upstream),2–133%,Non-monotonic response,Non-monotonic response; no single C50 is reported,Nonmonotonic,Uncertain,Non-monotonic,Measured-range feature available,No reliable parent mapping,Eligible for measured / derived evidence,No engineering lead assigned,no zero-dose control in this series; error or replicate information not encoded in frozen source points; readout type not reported,Moderate
LMT_0092,10.1016/j.ijbiomac.2025.148467,48 h incubation,4,50–80 % methanol (source-reported basis; volume/mass basis not encoded upstream),2–28%,Below measured range,C50 below the measured range (< 50 % methanol (source-reported basis; volume/mass basis not encoded upstream)),Gradual decline,No plateau detected,Monotonic decline,Measured-range feature available,Not yet available,Eligible for measured / derived evidence,Potential engineering lead only; requires same-source parent/readout/fixed-condition paired retest.,no zero-dose control in this series; error or replicate information not encoded in frozen source points; readout type not reported,Moderate
LMT_0032,10.1007/s00253-023-12396-5,0.5 h incubation,8,10–80 % methanol (source-reported basis; volume/mass basis not encoded upstream),0–100%,Within measured range,Estimated C50 within the measured range: 35.333333 % methanol (source-reported basis; volume/mass basis not encoded upstream),Drop then plateau,Plateau present,Monotonic decline,Measured-range feature available,No reliable parent mapping,Eligible for measured / derived evidence,No engineering lead assigned,no zero-dose control in this series; error or replicate information not encoded in frozen source points; readout type not reported,High
LMT_0278,10.1016/j.jmgm.2021.107897,5 h incubation; 60 °C,5,50–70 % methanol (source-reported basis; volume/mass basis not encoded upstream),8–15%,Unresolved,C50 unresolved because the measured series is not uniquely interpretable,Insufficient shape information,Insufficient coverage,Uncertain,Limited dose coverage,Not yet available,Retained with evidence limitations,No engineering lead assigned,no zero-dose control in this series; error or replicate information not encoded in frozen source points; readout type not reported; duplicate concentration trajectories retained without averaging; C50 unresolved; this is not evidence of no response,Unresolved
LMT_0659,10.1016/j.ijbiomac.2017.06.003,1 h incubation; 25 °C,9,10–90 % methanol (source-reported basis; volume/mass basis not encoded upstream),22–100%,Within measured range,Estimated C50 within the measured range: 77.727273 % methanol (source-reported basis; volume/mass basis not encoded upstream),Gradual decline,No plateau detected,Monotonic decline,Measured-range feature available,No reliable parent mapping,Eligible for measured / derived evidence,Potential engineering lead only; requires same-source parent/readout/fixed-condition paired retest.,no zero-dose control in this series; error or replicate information not encoded in frozen source points; readout type not reported,High
LMT_0067,10.1016/j.jclepro.2024.141949,1 h incubation; 25 °C,6,20–75 % methanol (source-reported basis; volume/mass basis not encoded upstream),10–93%,Within measured range,Estimated C50 within the measured range: 66.515152 % methanol (source-reported basis; volume/mass basis not encoded upstream),Plateau then drop,Plateau present,Monotonic decline,Measured-range feature available,Not yet available,Eligible for measured / derived evidence,Potential engineering lead only; requires same-source parent/readout/fixed-condition paired retest.,no zero-dose control in this series; error or replicate information not encoded in frozen source points; readout type not reported,High
LMT_0234,10.1128/AEM.02072-14,0.5 h incubation; 37 °C,4,10–90 % methanol (source-reported basis; volume/mass basis not encoded upstream),5.4–149.4%,Non-monotonic response,Non-monotonic response; no single C50 is reported,Nonmonotonic,Uncertain,Non-monotonic,Measured-range feature available,No reliable parent mapping,Eligible for measured / derived evidence,No engineering lead assigned,no zero-dose control in this series; error or replicate information not encoded in frozen source points; readout type not reported,Moderate
LMT_0550,google_patents_family_WO2023282853,1 h incubation; 25 °C,4,10–40 % methanol (source-reported basis; volume/mass basis not encoded upstream),48–131%,Non-monotonic response,Non-monotonic response; no single C50 is reported,Nonmonotonic,Uncertain,Non-monotonic,Measured-range feature available,No reliable parent mapping,Eligible for measured / derived evidence,No engineering lead assigned,no zero-dose control in this series; error or replicate information not encoded in frozen source points; readout type not reported,Moderate
LMT_0638,10.1016/j.enzmictec.2022.110072,1 h incubation,10,10–90 % methanol (source-reported basis; volume/mass basis not encoded upstream),18.5–100.5%,Unresolved,C50 unresolved because the measured series is not uniquely interpretable,Insufficient shape information,Insufficient coverage,Uncertain,Limited dose coverage,Not yet available,Retained with evidence limitations,No engineering lead assigned,no zero-dose control in this series; error or replicate information not encoded in frozen source points; readout type not reported; duplicate concentration trajectories retained without averaging; C50 unresolved; this is not evidence of no response,Unresolved
LMT_0525,google_patents_family_WO2023282853,1 h incubation; 25 °C,4,10–40 % methanol (source-reported basis; volume/mass basis not encoded upstream),55–586%,Above measured range,The curve did not cross 50% within the measured range (> 40 % methanol (source-reported basis; volume/mass basis not encoded upstream)),Nonmonotonic,Uncertain,Non-monotonic,Measured-range feature available,No reliable parent mapping,Eligible for measured / derived evidence,No engineering lead assigned,no zero-dose control in this series; error or replicate information not encoded in frozen source points; readout type not reported,Moderate
LMT_0021,10.3390/catal12070761,1 h incubation; 25 °C,4,10–40 % methanol (source-reported basis; volume/mass basis not encoded upstream),2–85%,Within measured range,Estimated C50 within the measured range: 26.8 % methanol (source-reported basis; volume/mass basis not encoded upstream),Steep transition,No plateau detected,Monotonic decline,Measured-range feature available,Not yet available,Eligible for measured / derived evidence,Potential engineering lead only; requires same-source parent/readout/fixed-condition paired retest.,no zero-dose control in this series; error or replicate information not encoded in frozen source points; readout type not reported,High
LMT_0574,google_patents_family_WO2023282853,1 h incubation; 25 °C,4,10–40 % methanol (source-reported basis; volume/mass basis not encoded upstream),7–16%,Below measured range,C50 below the measured range (< 10 % methanol (source-reported basis; volume/mass basis not encoded upstream)),Nonmonotonic,Uncertain,Non-monotonic,Measured-range feature available,No reliable parent mapping,Eligible for measured / derived evidence,No engineering lead assigned,no zero-dose control in this series; error or replicate information not encoded in frozen source points; readout type not reported,Moderate
LMT_0583,CN104278004_family_gap20,0.5 h incubation; 30 °C,5,10–50 % methanol (source-reported basis; volume/mass basis not encoded upstream),0–95%,Within measured range,Estimated C50 within the measured range: 25.862069 % methanol (source-reported basis; volume/mass basis not encoded upstream),Steep transition,No plateau detected,Monotonic decline,Measured-range feature available,No reliable parent mapping,Eligible for measured / derived evidence,No engineering lead assigned,no zero-dose control in this series; error or replicate information not encoded in frozen source points; readout type not reported,High
LMT_0068,10.1016/j.jclepro.2024.141949,1 h incubation; 25 °C,6,20–75 % methanol (source-reported basis; volume/mass basis not encoded upstream),14–85%,Within measured range,Estimated C50 within the measured range: 69.5 % methanol (source-reported basis; volume/mass basis not encoded upstream),Steep transition,No plateau detected,Monotonic decline,Measured-range feature available,Not yet available,Eligible for measured / derived evidence,Potential engineering lead only; requires same-source parent/readout/fixed-condition paired retest.,no zero-dose control in this series; error or replicate information not encoded in frozen source points; readout type not reported,High
LMT_0667,10.1016/j.envres.2022.113570,24 h incubation; 35 °C,7,5–35 % methanol (source-reported basis; volume/mass basis not encoded upstream),0–99%,Within measured range,Estimated C50 within the measured range: 24 % methanol (source-reported basis; volume/mass basis not encoded upstream),Steep transition,No plateau detected,Monotonic decline,Measured-range feature available,No reliable parent mapping,Eligible for measured / derived evidence,Potential engineering lead only; requires same-source parent/readout/fixed-condition paired retest.,no zero-dose control in this series; error or replicate information not encoded in frozen source points; readout type not reported,High
LMT_0192,10.1002/chem.202004471,2 h incubation; 25 °C,6,10–60 % methanol (source-reported basis; volume/mass basis not encoded upstream),32–108%,Within measured range,Estimated C50 within the measured range: 43.478261 % methanol (source-reported basis; volume/mass basis not encoded upstream),Steep transition,No plateau detected,Monotonic decline,Measured-range feature available,Not yet available,Eligible for measured / derived evidence,Potential engineering lead only; requires same-source parent/readout/fixed-condition paired retest.,no zero-dose control in this series; error or replicate information not encoded in frozen source points; readout type not reported,High
LMT_0616,10.1080/07391102.2023.2282177,1.5 h incubation; 45 °C,3,30–50 % methanol (source-reported basis; volume/mass basis not encoded upstream),58–66%,Above measured range,The curve did not cross 50% within the measured range (> 50 % methanol (source-reported basis; volume/mass basis not encoded upstream)),Approximately flat,Plateau present,Approximately flat,Measured-range feature available,Not yet available,Eligible for measured / derived evidence,Potential engineering lead only; requires same-source parent/readout/fixed-condition paired retest.,no zero-dose control in this series; error or replicate information not encoded in frozen source points; readout type not reported,Moderate
LMT_0139,10.1128/spectrum.01422-21,0.5 h incubation; 15 °C,3,15–50 % methanol (source-reported basis; volume/mass basis not encoded upstream),106.7–141%,Above measured range,The curve did not cross 50% within the measured range (> 50 % methanol (source-reported basis; volume/mass basis not encoded upstream)),Gradual decline,No plateau detected,Monotonic decline,Measured-range feature available,No reliable parent mapping,Eligible for measured / derived evidence,No engineering lead assigned,no zero-dose control in this series; error or replicate information not encoded in frozen source points; readout type not reported,Moderate
LMT_0094,10.1016/j.ijbiomac.2025.148467,24 h incubation,4,50–80 % methanol (source-reported basis; volume/mass basis not encoded upstream),1.7–57.4%,Within measured range,Estimated C50 within the measured range: 51.86398 % methanol (source-reported basis; volume/mass basis not encoded upstream),Steep transition,No plateau detected,Monotonic decline,Measured-range feature available,Not yet available,Eligible for measured / derived evidence,Potential engineering lead only; requires same-source parent/readout/fixed-condition paired retest.,no zero-dose control in this series; error or replicate information not encoded in frozen source points; readout type not reported,High
LMT_0554,google_patents_family_WO2023282853,1 h incubation; 25 °C,4,10–40 % methanol (source-reported basis; volume/mass basis not encoded upstream),171–464%,Above measured range,The curve did not cross 50% within the measured range (> 40 % methanol (source-reported basis; volume/mass basis not encoded upstream)),Nonmonotonic,Uncertain,Non-monotonic,Measured-range feature available,No reliable parent mapping,Eligible for measured / derived evidence,No engineering lead assigned,no zero-dose control in this series; error or replicate information not encoded in frozen source points; readout type not reported,Moderate
LMT_0002,google_patents_family_57631671,2 h incubation; 25 °C,28,20–80 % methanol (source-reported basis; volume/mass basis not encoded upstream),69–103%,Unresolved,C50 unresolved because the measured series is not uniquely interpretable,Insufficient shape information,Insufficient coverage,Uncertain,Limited dose coverage,No reliable parent mapping,Retained with evidence limitations,No engineering lead assigned,no zero-dose control in this series; error or replicate information not encoded in frozen source points; readout type not reported; duplicate concentration trajectories retained without averaging; C50 unresolved; this is not evidence of no response,Unresolved
LMT_0562,google_patents_family_WO2023282853,1 h incubation; 25 °C,4,10–40 % methanol (source-reported basis; volume/mass basis not encoded upstream),70–173%,Above measured range,The curve did not cross 50% within the measured range (> 40 % methanol (source-reported basis; volume/mass basis not encoded upstream)),Nonmonotonic,Uncertain,Non-monotonic,Measured-range feature available,No reliable parent mapping,Eligible for measured / derived evidence,No engineering lead assigned,no zero-dose control in this series; error or replicate information not encoded in frozen source points; readout type not reported,Moderate
LMT_0066,10.1016/j.jclepro.2024.141949,1 h incubation; 25 °C,6,20–75 % methanol (source-reported basis; volume/mass basis not encoded upstream),12–87%,Within measured range,Estimated C50 within the measured range: 70.681818 % methanol (source-reported basis; volume/mass basis not encoded upstream),Plateau then drop,Plateau present,Monotonic decline,Measured-range feature available,Not yet available,Eligible for measured / derived evidence,Potential engineering lead only; requires same-source parent/readout/fixed-condition paired retest.,no zero-dose control in this series; error or replicate information not encoded in frozen source points; readout type not reported,High
LMT_0120,10.1016/j.enzmictec.2022.110072,1 h incubation,10,10–90 % methanol (source-reported basis; volume/mass basis not encoded upstream),0–98%,Unresolved,C50 unresolved because the measured series is not uniquely interpretable,Insufficient shape information,Insufficient coverage,Uncertain,Limited dose coverage,Not yet available,Retained with evidence limitations,No engineering lead assigned,no zero-dose control in this series; error or replicate information not encoded in frozen source points; readout type not reported; duplicate concentration trajectories retained without averaging; C50 unresolved; this is not evidence of no response,Unresolved
LMT_0569,google_patents_family_WO2023282853,1 h incubation; 25 °C,4,10–40 % methanol (source-reported basis; volume/mass basis not encoded upstream),1–47%,Below measured range,C50 below the measured range (< 10 % methanol (source-reported basis; volume/mass basis not encoded upstream)),Nonmonotonic,Uncertain,Non-monotonic,Measured-range feature available,No reliable parent mapping,Eligible for measured / derived evidence,No engineering lead assigned,no zero-dose control in this series; error or replicate information not encoded in frozen source points; readout type not reported,Moderate
LMT_0564,google_patents_family_WO2023282853,1 h incubation; 25 °C,4,10–40 % methanol (source-reported basis; volume/mass basis not encoded upstream),1–28%,Below measured range,C50 below the measured range (< 10 % methanol (source-reported basis; volume/mass basis not encoded upstream)),Gradual decline,No plateau detected,Monotonic decline,Measured-range feature available,No reliable parent mapping,Eligible for measured / derived evidence,No engineering lead assigned,no zero-dose control in this series; error or replicate information not encoded in frozen source points; readout type not reported,Moderate
LMT_0524,google_patents_family_WO2023282853,1 h incubation; 25 °C,4,10–40 % methanol (source-reported basis; volume/mass basis not encoded upstream),25–100%,Non-monotonic response,Non-monotonic response; no single C50 is reported,Nonmonotonic,Uncertain,Non-monotonic,Measured-range feature available,No reliable parent mapping,Eligible for measured / derived evidence,No engineering lead assigned,no zero-dose control in this series; error or replicate information not encoded in frozen source points; readout type not reported,Moderate
LMT_0138,10.1016/j.fuel.2021.121514,1 h incubation,6,10–60 % methanol (source-reported basis; volume/mass basis not encoded upstream),18–94%,Within measured range,Estimated C50 within the measured range: 39.487179 % methanol (source-reported basis; volume/mass basis not encoded upstream),Plateau then drop,Plateau present,Monotonic decline,Measured-range feature available,Not yet available,Eligible for measured / derived evidence,Potential engineering lead only; requires same-source parent/readout/fixed-condition paired retest.,no zero-dose control in this series; error or replicate information not encoded in frozen source points; readout type not reported,High
LMT_0640,10.1016/j.enzmictec.2022.110072,1 h incubation,10,10–90 % methanol (source-reported basis; volume/mass basis not encoded upstream),27.5–101%,Unresolved,C50 unresolved because the measured series is not uniquely interpretable,Insufficient shape information,Insufficient coverage,Uncertain,Limited dose coverage,Not yet available,Retained with evidence limitations,No engineering lead assigned,no zero-dose control in this series; error or replicate information not encoded in frozen source points; readout type not reported; duplicate concentration trajectories retained without averaging; C50 unresolved; this is not evidence of no response,Unresolved
LMT_0019,10.3390/catal12070761,2 h incubation; 25 °C,4,10–40 % methanol (source-reported basis; volume/mass basis not encoded upstream),49–84%,Within measured range,Estimated C50 within the measured range: 39.090909 % methanol (source-reported basis; volume/mass basis not encoded upstream),Gradual decline,No plateau detected,Monotonic decline,Measured-range feature available,Not yet available,Eligible for measured / derived evidence,Potential engineering lead only; requires same-source parent/readout/fixed-condition paired retest.,no zero-dose control in this series; error or replicate information not encoded in frozen source points; readout type not reported,High
LMT_0220,10.1007/s12010-013-0690-4,24 h incubation; 30 °C,3,10–99 % methanol (source-reported basis; volume/mass basis not encoded upstream),1–66.3%,Within measured range,Estimated C50 within the measured range: 19.984686 % methanol (source-reported basis; volume/mass basis not encoded upstream),Gradual decline,No plateau detected,Monotonic decline,Measured-range feature available,Not yet available,Eligible for measured / derived evidence,Potential engineering lead only; requires same-source parent/readout/fixed-condition paired retest.,no zero-dose control in this series; error or replicate information not encoded in frozen source points; readout type not reported,Moderate
LMT_0098,10.1016/j.biortech.2022.126769,1 h incubation; 40 °C,9,10–90 % methanol (source-reported basis; volume/mass basis not encoded upstream),35–98%,Within measured range,Estimated C50 within the measured range: 78.716216 % methanol (source-reported basis; volume/mass basis not encoded upstream),Gradual decline,No plateau detected,Monotonic decline,Measured-range feature available,Not yet available,Eligible for measured / derived evidence,Potential engineering lead only; requires same-source parent/readout/fixed-condition paired retest.,no zero-dose control in this series; error or replicate information not encoded in frozen source points; readout type not reported,High
LMT_0247,google_patents_family_57631671,2 h incubation; 25 °C,28,20–80 % methanol (source-reported basis; volume/mass basis not encoded upstream),2–90%,Unresolved,C50 unresolved because the measured series is not uniquely interpretable,Insufficient shape information,Insufficient coverage,Uncertain,Limited dose coverage,No reliable parent mapping,Retained with evidence limitations,No engineering lead assigned,no zero-dose control in this series; error or replicate information not encoded in frozen source points; readout type not reported; duplicate concentration trajectories retained without averaging; C50 unresolved; this is not evidence of no response,Unresolved
LMT_0561,google_patents_family_WO2023282853,1 h incubation; 25 °C,4,10–40 % methanol (source-reported basis; volume/mass basis not encoded upstream),2–47%,Below measured range,C50 below the measured range (< 10 % methanol (source-reported basis; volume/mass basis not encoded upstream)),Nonmonotonic,Uncertain,Non-monotonic,Measured-range feature available,No reliable parent mapping,Eligible for measured / derived evidence,No engineering lead assigned,no zero-dose control in this series; error or replicate information not encoded in frozen source points; readout type not reported,Moderate
LMT_0164,10.1080/14756366.2020.1861607,672 h incubation; 37 °C,3,10–50 % methanol (source-reported basis; volume/mass basis not encoded upstream),80.4–108.3%,Above measured range,The curve did not cross 50% within the measured range (> 50 % methanol (source-reported basis; volume/mass basis not encoded upstream)),Gradual decline,No plateau detected,Monotonic decline,Measured-range feature available,No reliable parent mapping,Eligible for measured / derived evidence,No engineering lead assigned,no zero-dose control in this series; error or replicate information not encoded in frozen source points; readout type not reported,Moderate
LMT_0020,10.3390/catal12070761,3 h incubation; 25 °C,4,10–40 % methanol (source-reported basis; volume/mass basis not encoded upstream),61–86%,Above measured range,The curve did not cross 50% within the measured range (> 40 % methanol (source-reported basis; volume/mass basis not encoded upstream)),Gradual decline,No plateau detected,Monotonic decline,Measured-range feature available,Not yet available,Eligible for measured / derived evidence,Potential engineering lead only; requires same-source parent/readout/fixed-condition paired retest.,no zero-dose control in this series; error or replicate information not encoded in frozen source points; readout type not reported,Moderate
LMT_0278,10.1016/j.jmgm.2021.107897,4 h incubation; 60 °C,5,50–70 % methanol (source-reported basis; volume/mass basis not encoded upstream),14–35%,Unresolved,C50 unresolved because the measured series is not uniquely interpretable,Insufficient shape information,Insufficient coverage,Uncertain,Limited dose coverage,Not yet available,Retained with evidence limitations,No engineering lead assigned,no zero-dose control in this series; error or replicate information not encoded in frozen source points; readout type not reported; duplicate concentration trajectories retained without averaging; C50 unresolved; this is not evidence of no response,Unresolved
LMT_0070,10.1016/j.procbio.2012.01.003,24 h incubation; 30 °C,6,5–50 % methanol (source-reported basis; volume/mass basis not encoded upstream),23–117%,Within measured range,Estimated C50 within the measured range: 41 % methanol (source-reported basis; volume/mass basis not encoded upstream),Plateau then drop,Plateau present,Monotonic decline,Measured-range feature available,No reliable parent mapping,Eligible for measured / derived evidence,No engineering lead assigned,no zero-dose control in this series; error or replicate information not encoded in frozen source points; readout type not reported,High
LMT_0247,10.1186/1754-6834-6-70,2 h incubation; 25 °C,28,20–80 % methanol (source-reported basis; volume/mass basis not encoded upstream),2.2–89.9%,Unresolved,C50 unresolved because the measured series is not uniquely interpretable,Insufficient shape information,Insufficient coverage,Uncertain,Limited dose coverage,No reliable parent mapping,Retained with evidence limitations,No engineering lead assigned,no zero-dose control in this series; error or replicate information not encoded in frozen source points; readout type not reported; duplicate concentration trajectories retained without averaging; C50 unresolved; this is not evidence of no response,Unresolved
LMT_0682,10.1038/s41598-026-55459-z,0.5 h incubation; 45 °C,3,5–20 % methanol (source-reported basis; volume/mass basis not encoded upstream),98–113.1%,Above measured range,The curve did not cross 50% within the measured range (> 20 % methanol (source-reported basis; volume/mass basis not encoded upstream)),Insufficient shape information,Insufficient coverage,Uncertain,Measured-range feature available,No reliable parent mapping,Eligible for measured / derived evidence,No engineering lead assigned,no zero-dose control in this series; error or replicate information not encoded in frozen source points; readout type not reported,Moderate
LMT_0230,10.1007/s13197-020-04784-w,1 h incubation; 25 °C,3,25–80 % methanol (source-reported basis; volume/mass basis not encoded upstream),0–84%,Within measured range,Estimated C50 within the measured range: 58.510029 % methanol (source-reported basis; volume/mass basis not encoded upstream),Steep transition,No plateau detected,Monotonic decline,Measured-range feature available,No reliable parent mapping,Eligible for measured / derived evidence,No engineering lead assigned,no zero-dose control in this series; error or replicate information not encoded in frozen source points; readout type not reported,Moderate
LMT_0136,10.1016/j.fuel.2021.121514,1 h incubation,6,10–60 % methanol (source-reported basis; volume/mass basis not encoded upstream),27–96%,Within measured range,Estimated C50 within the measured range: 53.947368 % methanol (source-reported basis; volume/mass basis not encoded upstream),Steep transition,No plateau detected,Monotonic decline,Measured-range feature available,Not yet available,Eligible for measured / derived evidence,Potential engineering lead only; requires same-source parent/readout/fixed-condition paired retest.,no zero-dose control in this series; error or replicate information not encoded in frozen source points; readout type not reported,High
LMT_0650,10.1016/j.enzmictec.2022.110072,1 h incubation,10,10–90 % methanol (source-reported basis; volume/mass basis not encoded upstream),6–84%,Unresolved,C50 unresolved because the measured series is not uniquely interpretable,Insufficient shape information,Insufficient coverage,Uncertain,Limited dose coverage,Not yet available,Retained with evidence limitations,No engineering lead assigned,no zero-dose control in this series; error or replicate information not encoded in frozen source points; readout type not reported; duplicate concentration trajectories retained without averaging; C50 unresolved; this is not evidence of no response,Unresolved
LMT_0093,10.1016/j.ijbiomac.2025.148467,24 h incubation,4,50–80 % methanol (source-reported basis; volume/mass basis not encoded upstream),12.3–67.9%,Non-monotonic response,Non-monotonic response; no single C50 is reported,Nonmonotonic,Uncertain,Non-monotonic,Measured-range feature available,Not yet available,Eligible for measured / derived evidence,Potential engineering lead only; requires same-source parent/readout/fixed-condition paired retest.,no zero-dose control in this series; error or replicate information not encoded in frozen source points; readout type not reported,Moderate
LMT_0120,10.1186/s13068-021-02087-6,1 h incubation,9,10–90 % methanol (source-reported basis; volume/mass basis not encoded upstream),18–97%,Non-monotonic response,Non-monotonic response; no single C50 is reported,Nonmonotonic,Uncertain,Non-monotonic,Measured-range feature available,Not yet available,Eligible for measured / derived evidence,Potential engineering lead only; requires same-source parent/readout/fixed-condition paired retest.,no zero-dose control in this series; error or replicate information not encoded in frozen source points; readout type not reported,Moderate
LMT_0648,10.1016/j.enzmictec.2022.110072,1 h incubation,10,10–90 % methanol (source-reported basis; volume/mass basis not encoded upstream),13.5–100%,Unresolved,C50 unresolved because the measured series is not uniquely interpretable,Insufficient shape information,Insufficient coverage,Uncertain,Limited dose coverage,Not yet available,Retained with evidence limitations,No engineering lead assigned,no zero-dose control in this series; error or replicate information not encoded in frozen source points; readout type not reported; duplicate concentration trajectories retained without averaging; C50 unresolved; this is not evidence of no response,Unresolved
LMT_0485,CN115369099B_single_family,1 h incubation,10,10–90 % methanol (source-reported basis; volume/mass basis not encoded upstream),35.9–99%,Unresolved,C50 unresolved because the measured series is not uniquely interpretable,Insufficient shape information,Insufficient coverage,Uncertain,Limited dose coverage,Not yet available,Retained with evidence limitations,No engineering lead assigned,no zero-dose control in this series; error or replicate information not encoded in frozen source points; readout type not reported; duplicate concentration trajectories retained without averaging; C50 unresolved; this is not evidence of no response,Unresolved
LMT_0236,10.1007/s00894-020-04396-3,0.5 h incubation; 25 °C,9,10–90 % methanol (source-reported basis; volume/mass basis not encoded upstream),28.7–165.7%,Non-monotonic response,Non-monotonic response; no single C50 is reported,Nonmonotonic,Uncertain,Non-monotonic,Measured-range feature available,No reliable parent mapping,Eligible for measured / derived evidence,No engineering lead assigned,no zero-dose control in this series; error or replicate information not encoded in frozen source points; readout type not reported,Moderate
LMT_0636,10.1016/j.enzmictec.2017.03.010,1 h incubation,8,10–80 % methanol (source-reported basis; volume/mass basis not encoded upstream),15.98–93%,Within measured range,Estimated C50 within the measured range: 56.270396 % methanol (source-reported basis; volume/mass basis not encoded upstream),Gradual decline,No plateau detected,Monotonic decline,Measured-range feature available,Not yet available,Eligible for measured / derived evidence,Potential engineering lead only; requires same-source parent/readout/fixed-condition paired retest.,no zero-dose control in this series; error or replicate information not encoded in frozen source points; readout type not reported,High
LMT_0153,10.1038/s41598-018-27579-8,0.0833 h incubation; 25 °C,4,10–60 % methanol (source-reported basis; volume/mass basis not encoded upstream),3–30%,Below measured range,C50 below the measured range (< 10 % methanol (source-reported basis; volume/mass basis not encoded upstream)),Gradual decline,No plateau detected,Monotonic decline,Measured-range feature available,No reliable parent mapping,Eligible for measured / derived evidence,No engineering lead assigned,no zero-dose control in this series; error or replicate information not encoded in frozen source points; readout type not reported,Moderate
LMT_0443,google_patents_family_WO2023282853,1 h incubation; 25 °C,4,10–40 % methanol (source-reported basis; volume/mass basis not encoded upstream),12–315%,Non-monotonic response,Non-monotonic response; no single C50 is reported,Nonmonotonic,Uncertain,Non-monotonic,Measured-range feature available,No reliable parent mapping,Eligible for measured / derived evidence,No engineering lead assigned,no zero-dose control in this series; error or replicate information not encoded in frozen source points; readout type not reported,Moderate
LMT_0134,10.1016/j.fuel.2021.121514,1 h incubation,6,10–60 % methanol (source-reported basis; volume/mass basis not encoded upstream),5–88%,Within measured range,Estimated C50 within the measured range: 38.75 % methanol (source-reported basis; volume/mass basis not encoded upstream),Steep transition,No plateau detected,Monotonic decline,Measured-range feature available,Not yet available,Eligible for measured / derived evidence,Potential engineering lead only; requires same-source parent/readout/fixed-condition paired retest.,no zero-dose control in this series; error or replicate information not encoded in frozen source points; readout type not reported,High
LMT_0251,google_patents_family_57631671,2 h incubation; 25 °C,14,20–80 % methanol (source-reported basis; volume/mass basis not encoded upstream),76–100%,Unresolved,C50 unresolved because the measured series is not uniquely interpretable,Insufficient shape information,Insufficient coverage,Uncertain,Limited dose coverage,Not yet available,Retained with evidence limitations,No engineering lead assigned,no zero-dose control in this series; error or replicate information not encoded in frozen source points; readout type not reported; duplicate concentration trajectories retained without averaging; C50 unresolved; this is not evidence of no response,Unresolved
LMT_0280,10.1016/j.jmgm.2021.107897,5 h incubation; 60 °C,3,50–70 % methanol (source-reported basis; volume/mass basis not encoded upstream),10–20%,Below measured range,C50 below the measured range (< 50 % methanol (source-reported basis; volume/mass basis not encoded upstream)),Approximately flat,Plateau present,Approximately flat,Measured-range feature available,Not yet available,Eligible for measured / derived evidence,Potential engineering lead only; requires same-source parent/readout/fixed-condition paired retest.,no zero-dose control in this series; error or replicate information not encoded in frozen source points; readout type not reported,Moderate
LMT_0630,10.1039/c3ob41076e,2 h incubation; 25 °C,5,10–50 % methanol (source-reported basis; volume/mass basis not encoded upstream),20–120%,Within measured range,Estimated C50 within the measured range: 38.484848 % methanol (source-reported basis; volume/mass basis not encoded upstream),Steep transition,No plateau detected,Monotonic decline,Measured-range feature available,Not yet available,Eligible for measured / derived evidence,Potential engineering lead only; requires same-source parent/readout/fixed-condition paired retest.,no zero-dose control in this series; error or replicate information not encoded in frozen source points; readout type not reported,High
LMT_0091,10.1016/j.ijbiomac.2025.148467,48 h incubation,4,50–80 % methanol (source-reported basis; volume/mass basis not encoded upstream),7.9–70.15%,Within measured range,Estimated C50 within the measured range: 66.118881 % methanol (source-reported basis; volume/mass basis not encoded upstream),Steep transition,No plateau detected,Monotonic decline,Measured-range feature available,Not yet available,Eligible for measured / derived evidence,Potential engineering lead only; requires same-source parent/readout/fixed-condition paired retest.,no zero-dose control in this series; error or replicate information not encoded in frozen source points; readout type not reported,High
LMT_0641,10.1016/j.enzmictec.2022.110072,1 h incubation,10,10–90 % methanol (source-reported basis; volume/mass basis not encoded upstream),29–98.5%,Unresolved,C50 unresolved because the measured series is not uniquely interpretable,Insufficient shape information,Insufficient coverage,Uncertain,Limited dose coverage,Not yet available,Retained with evidence limitations,No engineering lead assigned,no zero-dose control in this series; error or replicate information not encoded in frozen source points; readout type not reported; duplicate concentration trajectories retained without averaging; C50 unresolved; this is not evidence of no response,Unresolved
LMT_0664,not_reported,0.5 h incubation; 30 °C,5,10–100 % methanol (source-reported basis; volume/mass basis not encoded upstream),22–80%,Within measured range,Estimated C50 within the measured range: 50 % methanol (source-reported basis; volume/mass basis not encoded upstream),Gradual decline,No plateau detected,Monotonic decline,Measured-range feature available,No reliable parent mapping,Eligible for measured / derived evidence,Potential engineering lead only; requires same-source parent/readout/fixed-condition paired retest.,no zero-dose control in this series; error or replicate information not encoded in frozen source points; readout type not reported,High
LMT_0067,CN117070495_family,1 h incubation,6,20–75 % methanol (source-reported basis; volume/mass basis not encoded upstream),10–93%,Within measured range,Estimated C50 within the measured range: 66.515152 % methanol (source-reported basis; volume/mass basis not encoded upstream),Plateau then drop,Plateau present,Monotonic decline,Measured-range feature available,Not yet available,Eligible for measured / derived evidence,Potential engineering lead only; requires same-source parent/readout/fixed-condition paired retest.,no zero-dose control in this series; error or replicate information not encoded in frozen source points; readout type not reported,High
LMT_0057,10.1007/s00449-011-0598-8,24 h incubation; 25 °C,6,5–40 % methanol (source-reported basis; volume/mass basis not encoded upstream),73–89%,Above measured range,The curve did not cross 50% within the measured range (> 40 % methanol (source-reported basis; volume/mass basis not encoded upstream)),Nonmonotonic,Uncertain,Non-monotonic,Measured-range feature available,No reliable parent mapping,Eligible for measured / derived evidence,No engineering lead assigned,no zero-dose control in this series; error or replicate information not encoded in frozen source points; readout type not reported,Moderate
LMT_0247,10.3390/catal12070761,1 h incubation; 25 °C,4,10–40 % methanol (source-reported basis; volume/mass basis not encoded upstream),90–103%,Above measured range,The curve did not cross 50% within the measured range (> 40 % methanol (source-reported basis; volume/mass basis not encoded upstream)),Gradual decline,No plateau detected,Monotonic decline,Measured-range feature available,No reliable parent mapping,Eligible for measured / derived evidence,No engineering lead assigned,no zero-dose control in this series; error or replicate information not encoded in frozen source points; readout type not reported,Moderate
LMT_0249,10.1186/1754-6834-6-70,2 h incubation; 25 °C,14,20–80 % methanol (source-reported basis; volume/mass basis not encoded upstream),27.3–98.8%,Unresolved,C50 unresolved because the measured series is not uniquely interpretable,Insufficient shape information,Insufficient coverage,Uncertain,Limited dose coverage,Not yet available,Retained with evidence limitations,No engineering lead assigned,no zero-dose control in this series; error or replicate information not encoded in frozen source points; readout type not reported; duplicate concentration trajectories retained without averaging; C50 unresolved; this is not evidence of no response,Unresolved
LMT_0581,google_patents_family_WO2023282853,1 h incubation; 25 °C,4,10–40 % methanol (source-reported basis; volume/mass basis not encoded upstream),6–124%,Non-monotonic response,Non-monotonic response; no single C50 is reported,Nonmonotonic,Uncertain,Non-monotonic,Measured-range feature available,No reliable parent mapping,Eligible for measured / derived evidence,No engineering lead assigned,no zero-dose control in this series; error or replicate information not encoded in frozen source points; readout type not reported,Moderate
LMT_0560,google_patents_family_WO2023282853,1 h incubation; 25 °C,4,10–40 % methanol (source-reported basis; volume/mass basis not encoded upstream),70–3040%,Above measured range,The curve did not cross 50% within the measured range (> 40 % methanol (source-reported basis; volume/mass basis not encoded upstream)),Nonmonotonic,Uncertain,Non-monotonic,Measured-range feature available,No reliable parent mapping,Eligible for measured / derived evidence,No engineering lead assigned,no zero-dose control in this series; error or replicate information not encoded in frozen source points; readout type not reported,Moderate
LMT_0248,google_patents_family_57631671,2 h incubation; 25 °C,28,20–80 % methanol (source-reported basis; volume/mass basis not encoded upstream),1–91%,Unresolved,C50 unresolved because the measured series is not uniquely interpretable,Insufficient shape information,Insufficient coverage,Uncertain,Limited dose coverage,Not yet available,Retained with evidence limitations,No engineering lead assigned,no zero-dose control in this series; error or replicate information not encoded in frozen source points; readout type not reported; duplicate concentration trajectories retained without averaging; C50 unresolved; this is not evidence of no response,Unresolved
LMT_0195,10.1016/j.biortech.2013.08.101,24 h incubation; 30 °C,3,20–100 % methanol (source-reported basis; volume/mass basis not encoded upstream),40.4–82.2%,Non-monotonic response,Non-monotonic response; no single C50 is reported,Nonmonotonic,Uncertain,Non-monotonic,Measured-range feature available,No reliable parent mapping,Eligible for measured / derived evidence,No engineering lead assigned,no zero-dose control in this series; error or replicate information not encoded in frozen source points; readout type not reported,Moderate
LMT_0482,CN103865941_family,22 h incubation; 4-8 °C,11,15–95 % methanol (source-reported basis; volume/mass basis not encoded upstream),2–104%,Non-monotonic response,Non-monotonic response; no single C50 is reported,Nonmonotonic,Uncertain,Non-monotonic,Measured-range feature available,No reliable parent mapping,Eligible for measured / derived evidence,No engineering lead assigned,no zero-dose control in this series; error or replicate information not encoded in frozen source points; readout type not reported,Moderate
LMT_0207,10.5897/ajmr2015.7493,1 h incubation; 37 °C,3,6–50 % methanol (source-reported basis; volume/mass basis not encoded upstream),13.1–132.5%,Within measured range,Estimated C50 within the measured range: 25.488189 % methanol (source-reported basis; volume/mass basis not encoded upstream),Steep transition,No plateau detected,Monotonic decline,Measured-range feature available,No reliable parent mapping,Eligible for measured / derived evidence,No engineering lead assigned,no zero-dose control in this series; error or replicate information not encoded in frozen source points; readout type not reported,Moderate
LMT_0144,10.4014/jmb.1408.08039,6 h incubation; 25 °C,6,5–50 % methanol (source-reported basis; volume/mass basis not encoded upstream),65–100%,Above measured range,The curve did not cross 50% within the measured range (> 50 % methanol (source-reported basis; volume/mass basis not encoded upstream)),Gradual decline,No plateau detected,Monotonic decline,Measured-range feature available,No reliable parent mapping,Eligible for measured / derived evidence,No engineering lead assigned,no zero-dose control in this series; error or replicate information not encoded in frozen source points; readout type not reported,Moderate
LMT_0280,10.1016/j.jmgm.2021.107897,2 h incubation; 60 °C,3,50–70 % methanol (source-reported basis; volume/mass basis not encoded upstream),40–62%,Within measured range,Estimated C50 within the measured range: 65 % methanol (source-reported basis; volume/mass basis not encoded upstream),Gradual decline,No plateau detected,Monotonic decline,Measured-range feature available,Not yet available,Eligible for measured / derived evidence,Potential engineering lead only; requires same-source parent/readout/fixed-condition paired retest.,no zero-dose control in this series; error or replicate information not encoded in frozen source points; readout type not reported,Moderate
LMT_0559,google_patents_family_WO2023282853,1 h incubation; 25 °C,4,10–40 % methanol (source-reported basis; volume/mass basis not encoded upstream),29–204%,Non-monotonic response,Non-monotonic response; no single C50 is reported,Nonmonotonic,Uncertain,Non-monotonic,Measured-range feature available,No reliable parent mapping,Eligible for measured / derived evidence,No engineering lead assigned,no zero-dose control in this series; error or replicate information not encoded in frozen source points; readout type not reported,Moderate
LMT_0279,10.1016/j.jmgm.2021.107897,1 h incubation; 60 °C,3,50–70 % methanol (source-reported basis; volume/mass basis not encoded upstream),69–73%,Above measured range,The curve did not cross 50% within the measured range (> 70 % methanol (source-reported basis; volume/mass basis not encoded upstream)),Approximately flat,Plateau present,Approximately flat,Measured-range feature available,Not yet available,Eligible for measured / derived evidence,Potential engineering lead only; requires same-source parent/readout/fixed-condition paired retest.,no zero-dose control in this series; error or replicate information not encoded in frozen source points; readout type not reported,Moderate
LMT_0090,10.1016/j.ijbiomac.2025.148467,48 h incubation,4,50–80 % methanol (source-reported basis; volume/mass basis not encoded upstream),4.92–32.02%,Below measured range,C50 below the measured range (< 50 % methanol (source-reported basis; volume/mass basis not encoded upstream)),Gradual decline,No plateau detected,Monotonic decline,Measured-range feature available,No reliable parent mapping,Eligible for measured / derived evidence,No engineering lead assigned,no zero-dose control in this series; error or replicate information not encoded in frozen source points; readout type not reported,Moderate
LMT_0551,google_patents_family_WO2023282853,1 h incubation; 25 °C,4,10–40 % methanol (source-reported basis; volume/mass basis not encoded upstream),8–42%,Below measured range,C50 below the measured range (< 10 % methanol (source-reported basis; volume/mass basis not encoded upstream)),Plateau then drop,Plateau present,Monotonic decline,Measured-range feature available,No reliable parent mapping,Eligible for measured / derived evidence,No engineering lead assigned,no zero-dose control in this series; error or replicate information not encoded in frozen source points; readout type not reported,Moderate
LMT_0032,10.1016/j.jmgm.2021.107897,1 h incubation; 60 °C,7,50–70 % methanol (source-reported basis; volume/mass basis not encoded upstream),33–73%,Unresolved,C50 unresolved because the measured series is not uniquely interpretable,Insufficient shape information,Insufficient coverage,Uncertain,Limited dose coverage,No reliable parent mapping,Retained with evidence limitations,No engineering lead assigned,no zero-dose control in this series; error or replicate information not encoded in frozen source points; readout type not reported; duplicate concentration trajectories retained without averaging; C50 unresolved; this is not evidence of no response,Unresolved
LMT_0633,10.1039/c3ob41076e,2 h incubation; 25 °C,5,10–50 % methanol (source-reported basis; volume/mass basis not encoded upstream),30–112%,Within measured range,Estimated C50 within the measured range: 43.333333 % methanol (source-reported basis; volume/mass basis not encoded upstream),Steep transition,No plateau detected,Monotonic decline,Measured-range feature available,Not yet available,Eligible for measured / derived evidence,Potential engineering lead only; requires same-source parent/readout/fixed-condition paired retest.,no zero-dose control in this series; error or replicate information not encoded in frozen source points; readout type not reported,High
LMT_0613,10.3390/ijms25147928,0.5 h incubation; 25 °C,6,10–90 % methanol (source-reported basis; volume/mass basis not encoded upstream),51–80%,Above measured range,The curve did not cross 50% within the measured range (> 90 % methanol (source-reported basis; volume/mass basis not encoded upstream)),Nonmonotonic,Uncertain,Non-monotonic,Measured-range feature available,No reliable parent mapping,Eligible for measured / derived evidence,No engineering lead assigned,no zero-dose control in this series; error or replicate information not encoded in frozen source points; readout type not reported,Moderate
