vocabulary_id,table_name,column_name,observed_term,term_class,canonical_term_candidate,impact_row_count,evidence_basis,conflict_note,decision_status,public_writeback,note,mapping_rule,decision_id,mapping_version,provenance
VOC_ALL_ENZYME_INDEX_DISPLAY_TIER,all_enzyme_index,display_tier,evidence_absent,canonical_term_candidate,evidence_absent,180,current_public_value_domain_count,none_observed,observed_not_promoted,forbidden_in_WEBSCHEMA1,"empty string, not_reported, needs_manual_check, and business values remain distinct",not_promoted,WEBR8-D08,WEBR8-v1,WEBSCHEMA1 field inventory + WEBR8 decision contract
VOC_ALL_ENZYME_INDEX_DISPLAY_TIER,all_enzyme_index,display_tier,evidence_moderate,canonical_term_candidate,evidence_moderate,104,current_public_value_domain_count,none_observed,observed_not_promoted,forbidden_in_WEBSCHEMA1,"empty string, not_reported, needs_manual_check, and business values remain distinct",not_promoted,WEBR8-D08,WEBR8-v1,WEBSCHEMA1 field inventory + WEBR8 decision contract
VOC_ALL_ENZYME_INDEX_DISPLAY_TIER,all_enzyme_index,display_tier,evidence_rich,canonical_term_candidate,evidence_rich,126,current_public_value_domain_count,none_observed,observed_not_promoted,forbidden_in_WEBSCHEMA1,"empty string, not_reported, needs_manual_check, and business values remain distinct",not_promoted,WEBR8-D08,WEBR8-v1,WEBSCHEMA1 field inventory + WEBR8 decision contract
VOC_ALL_ENZYME_INDEX_DISPLAY_TIER,all_enzyme_index,display_tier,evidence_sparse,canonical_term_candidate,evidence_sparse,201,current_public_value_domain_count,none_observed,observed_not_promoted,forbidden_in_WEBSCHEMA1,"empty string, not_reported, needs_manual_check, and business values remain distinct",not_promoted,WEBR8-D08,WEBR8-v1,WEBSCHEMA1 field inventory + WEBR8 decision contract
VOC_ALL_ENZYME_INDEX_ENTITY_ROLE,all_enzyme_index,entity_role,canonical_entity,canonical_term_candidate,canonical_entity,347,current_public_value_domain_count,none_observed,observed_not_promoted,forbidden_in_WEBSCHEMA1,"empty string, not_reported, needs_manual_check, and business values remain distinct",not_promoted,WEBR8-D08,WEBR8-v1,WEBSCHEMA1 field inventory + WEBR8 decision contract
VOC_ALL_ENZYME_INDEX_ENTITY_ROLE,all_enzyme_index,entity_role,engineered_chimera,canonical_term_candidate,engineered_chimera,1,current_public_value_domain_count,none_observed,observed_not_promoted,forbidden_in_WEBSCHEMA1,"empty string, not_reported, needs_manual_check, and business values remain distinct",not_promoted,WEBR8-D08,WEBR8-v1,WEBSCHEMA1 field inventory + WEBR8 decision contract
VOC_ALL_ENZYME_INDEX_ENTITY_ROLE,all_enzyme_index,entity_role,enzyme_identity,canonical_term_candidate,enzyme_identity,14,current_public_value_domain_count,none_observed,observed_not_promoted,forbidden_in_WEBSCHEMA1,"empty string, not_reported, needs_manual_check, and business values remain distinct",not_promoted,WEBR8-D08,WEBR8-v1,WEBSCHEMA1 field inventory + WEBR8 decision contract
VOC_ALL_ENZYME_INDEX_ENTITY_ROLE,all_enzyme_index,entity_role,known_duplicate_alias,canonical_term_candidate,known_duplicate_alias,16,current_public_value_domain_count,none_observed,observed_not_promoted,forbidden_in_WEBSCHEMA1,"empty string, not_reported, needs_manual_check, and business values remain distinct",not_promoted,WEBR8-D08,WEBR8-v1,WEBSCHEMA1 field inventory + WEBR8 decision contract
VOC_ALL_ENZYME_INDEX_ENTITY_ROLE,all_enzyme_index,entity_role,mutant_or_engineered_construct,canonical_term_candidate,mutant_or_engineered_construct,253,current_public_value_domain_count,none_observed,observed_not_promoted,forbidden_in_WEBSCHEMA1,"empty string, not_reported, needs_manual_check, and business values remain distinct",not_promoted,WEBR8-D08,WEBR8-v1,WEBSCHEMA1 field inventory + WEBR8 decision contract
VOC_ALL_ENZYME_INDEX_ENTITY_ROLE,all_enzyme_index,entity_role,same_uniprot_wt_alias,canonical_term_candidate,same_uniprot_wt_alias,40,current_public_value_domain_count,none_observed,observed_not_promoted,forbidden_in_WEBSCHEMA1,"empty string, not_reported, needs_manual_check, and business values remain distinct",not_promoted,WEBR8-D08,WEBR8-v1,WEBSCHEMA1 field inventory + WEBR8 decision contract
VOC_ALL_ENZYME_INDEX_ENZYME_EC_NUMBER,all_enzyme_index,enzyme_ec_number,EC 3.1.1.-,canonical_term_candidate,EC 3.1.1.-,1,current_public_value_domain_count,none_observed,observed_not_promoted,forbidden_in_WEBSCHEMA1,"empty string, not_reported, needs_manual_check, and business values remain distinct",not_promoted,WEBR8-D08,WEBR8-v1,WEBSCHEMA1 field inventory + WEBR8 decision contract
VOC_ALL_ENZYME_INDEX_ENZYME_EC_NUMBER,all_enzyme_index,enzyme_ec_number,EC 3.1.1.1,canonical_term_candidate,EC 3.1.1.1,2,current_public_value_domain_count,none_observed,observed_not_promoted,forbidden_in_WEBSCHEMA1,"empty string, not_reported, needs_manual_check, and business values remain distinct",not_promoted,WEBR8-D08,WEBR8-v1,WEBSCHEMA1 field inventory + WEBR8 decision contract
VOC_ALL_ENZYME_INDEX_ENZYME_EC_NUMBER,all_enzyme_index,enzyme_ec_number,EC 3.1.1.3,canonical_term_candidate,EC 3.1.1.3,462,current_public_value_domain_count,none_observed,observed_not_promoted,forbidden_in_WEBSCHEMA1,"empty string, not_reported, needs_manual_check, and business values remain distinct",not_promoted,WEBR8-D08,WEBR8-v1,WEBSCHEMA1 field inventory + WEBR8 decision contract
VOC_ALL_ENZYME_INDEX_ENZYME_EC_NUMBER,all_enzyme_index,enzyme_ec_number,EC 3.1.1.72,canonical_term_candidate,EC 3.1.1.72,4,current_public_value_domain_count,none_observed,observed_not_promoted,forbidden_in_WEBSCHEMA1,"empty string, not_reported, needs_manual_check, and business values remain distinct",not_promoted,WEBR8-D08,WEBR8-v1,WEBSCHEMA1 field inventory + WEBR8 decision contract
VOC_ALL_ENZYME_INDEX_ENZYME_EC_NUMBER,all_enzyme_index,enzyme_ec_number,EC 3.1.1.x,canonical_term_candidate,EC 3.1.1.x,3,current_public_value_domain_count,none_observed,observed_not_promoted,forbidden_in_WEBSCHEMA1,"empty string, not_reported, needs_manual_check, and business values remain distinct",not_promoted,WEBR8-D08,WEBR8-v1,WEBSCHEMA1 field inventory + WEBR8 decision contract
VOC_ALL_ENZYME_INDEX_ENZYME_EC_NUMBER,all_enzyme_index,enzyme_ec_number,needs_manual_check,sentinel,needs_manual_check,4,current_public_value_domain_count,none_observed,observed_sentinel_locked_distinct,forbidden_in_WEBSCHEMA1,"empty string, not_reported, needs_manual_check, and business values remain distinct",not_promoted,WEBR8-D08,WEBR8-v1,WEBSCHEMA1 field inventory + WEBR8 decision contract
VOC_ALL_ENZYME_INDEX_ENZYME_EC_NUMBER,all_enzyme_index,enzyme_ec_number,not_reported,sentinel,not_reported,195,current_public_value_domain_count,none_observed,observed_sentinel_locked_distinct,forbidden_in_WEBSCHEMA1,"empty string, not_reported, needs_manual_check, and business values remain distinct",not_promoted,WEBR8-D08,WEBR8-v1,WEBSCHEMA1 field inventory + WEBR8 decision contract
VOC_ALL_ENZYME_INDEX_ENZYME_FORM,all_enzyme_index,enzyme_form,crude_extract,canonical_term_candidate,crude_extract,12,current_public_value_domain_count,none_observed,observed_not_promoted,forbidden_in_WEBSCHEMA1,"empty string, not_reported, needs_manual_check, and business values remain distinct",not_promoted,WEBR8-D08,WEBR8-v1,WEBSCHEMA1 field inventory + WEBR8 decision contract
VOC_ALL_ENZYME_INDEX_ENZYME_FORM,all_enzyme_index,enzyme_form,crude_extract | soluble/free enzyme,canonical_term_candidate,crude_extract | soluble/free enzyme,1,current_public_value_domain_count,none_observed,observed_not_promoted,forbidden_in_WEBSCHEMA1,"empty string, not_reported, needs_manual_check, and business values remain distinct",not_promoted,WEBR8-D08,WEBR8-v1,WEBSCHEMA1 field inventory + WEBR8 decision contract
VOC_ALL_ENZYME_INDEX_ENZYME_FORM,all_enzyme_index,enzyme_form,crude_preparation,canonical_term_candidate,crude_preparation,29,current_public_value_domain_count,none_observed,observed_not_promoted,forbidden_in_WEBSCHEMA1,"empty string, not_reported, needs_manual_check, and business values remain distinct",not_promoted,WEBR8-D08,WEBR8-v1,WEBSCHEMA1 field inventory + WEBR8 decision contract
VOC_ALL_ENZYME_INDEX_ENZYME_FORM,all_enzyme_index,enzyme_form,crude_preparation | free,canonical_term_candidate,crude_preparation | free,5,current_public_value_domain_count,none_observed,observed_not_promoted,forbidden_in_WEBSCHEMA1,"empty string, not_reported, needs_manual_check, and business values remain distinct",not_promoted,WEBR8-D08,WEBR8-v1,WEBSCHEMA1 field inventory + WEBR8 decision contract
VOC_ALL_ENZYME_INDEX_ENZYME_FORM,all_enzyme_index,enzyme_form,crude_preparation | free_purified,canonical_term_candidate,crude_preparation | free_purified,1,current_public_value_domain_count,none_observed,observed_not_promoted,forbidden_in_WEBSCHEMA1,"empty string, not_reported, needs_manual_check, and business values remain distinct",not_promoted,WEBR8-D08,WEBR8-v1,WEBSCHEMA1 field inventory + WEBR8 decision contract
VOC_ALL_ENZYME_INDEX_ENZYME_FORM,all_enzyme_index,enzyme_form,enzyme_solution | liquid_enzyme_preparation,canonical_term_candidate,enzyme_solution | liquid_enzyme_preparation,1,current_public_value_domain_count,none_observed,observed_not_promoted,forbidden_in_WEBSCHEMA1,"empty string, not_reported, needs_manual_check, and business values remain distinct",not_promoted,WEBR8-D08,WEBR8-v1,WEBSCHEMA1 field inventory + WEBR8 decision contract
VOC_ALL_ENZYME_INDEX_ENZYME_FORM,all_enzyme_index,enzyme_form,free,canonical_term_candidate,free,329,current_public_value_domain_count,none_observed,observed_not_promoted,forbidden_in_WEBSCHEMA1,"empty string, not_reported, needs_manual_check, and business values remain distinct",not_promoted,WEBR8-D08,WEBR8-v1,WEBSCHEMA1 field inventory + WEBR8 decision contract
VOC_ALL_ENZYME_INDEX_ENZYME_FORM,all_enzyme_index,enzyme_form,free | free; recombinant purified enzyme,canonical_term_candidate,free | free; recombinant purified enzyme,1,current_public_value_domain_count,none_observed,observed_not_promoted,forbidden_in_WEBSCHEMA1,"empty string, not_reported, needs_manual_check, and business values remain distinct",not_promoted,WEBR8-D08,WEBR8-v1,WEBSCHEMA1 field inventory + WEBR8 decision contract
VOC_ALL_ENZYME_INDEX_ENZYME_FORM,all_enzyme_index,enzyme_form,free | free_enzyme,canonical_term_candidate,free | free_enzyme,1,current_public_value_domain_count,none_observed,observed_not_promoted,forbidden_in_WEBSCHEMA1,"empty string, not_reported, needs_manual_check, and business values remain distinct",not_promoted,WEBR8-D08,WEBR8-v1,WEBSCHEMA1 field inventory + WEBR8 decision contract
VOC_ALL_ENZYME_INDEX_ENZYME_FORM,all_enzyme_index,enzyme_form,free | free_lyophilized_recombinant | crude_extract | immobilized,canonical_term_candidate,free | free_lyophilized_recombinant | crude_extract | immobilized,1,current_public_value_domain_count,none_observed,observed_not_promoted,forbidden_in_WEBSCHEMA1,"empty string, not_reported, needs_manual_check, and business values remain distinct",not_promoted,WEBR8-D08,WEBR8-v1,WEBSCHEMA1 field inventory + WEBR8 decision contract
VOC_ALL_ENZYME_INDEX_ENZYME_FORM,all_enzyme_index,enzyme_form,free | free_suspended_enzyme,canonical_term_candidate,free | free_suspended_enzyme,1,current_public_value_domain_count,none_observed,observed_not_promoted,forbidden_in_WEBSCHEMA1,"empty string, not_reported, needs_manual_check, and business values remain distinct",not_promoted,WEBR8-D08,WEBR8-v1,WEBSCHEMA1 field inventory + WEBR8 decision contract
VOC_ALL_ENZYME_INDEX_ENZYME_FORM,all_enzyme_index,enzyme_form,free | immobilized,canonical_term_candidate,free | immobilized,1,current_public_value_domain_count,none_observed,observed_not_promoted,forbidden_in_WEBSCHEMA1,"empty string, not_reported, needs_manual_check, and business values remain distinct",not_promoted,WEBR8-D08,WEBR8-v1,WEBSCHEMA1 field inventory + WEBR8 decision contract
VOC_ALL_ENZYME_INDEX_ENZYME_FORM,all_enzyme_index,enzyme_form,free | lyophilized,canonical_term_candidate,free | lyophilized,5,current_public_value_domain_count,none_observed,observed_not_promoted,forbidden_in_WEBSCHEMA1,"empty string, not_reported, needs_manual_check, and business values remain distinct",not_promoted,WEBR8-D08,WEBR8-v1,WEBSCHEMA1 field inventory + WEBR8 decision contract
VOC_ALL_ENZYME_INDEX_ENZYME_FORM,all_enzyme_index,enzyme_form,free | lyophilized | purified_recombinant,canonical_term_candidate,free | lyophilized | purified_recombinant,1,current_public_value_domain_count,none_observed,observed_not_promoted,forbidden_in_WEBSCHEMA1,"empty string, not_reported, needs_manual_check, and business values remain distinct",not_promoted,WEBR8-D08,WEBR8-v1,WEBSCHEMA1 field inventory + WEBR8 decision contract
VOC_ALL_ENZYME_INDEX_ENZYME_FORM,all_enzyme_index,enzyme_form,free | purified_free,canonical_term_candidate,free | purified_free,1,current_public_value_domain_count,none_observed,observed_not_promoted,forbidden_in_WEBSCHEMA1,"empty string, not_reported, needs_manual_check, and business values remain distinct",not_promoted,WEBR8-D08,WEBR8-v1,WEBSCHEMA1 field inventory + WEBR8 decision contract
VOC_ALL_ENZYME_INDEX_ENZYME_FORM,all_enzyme_index,enzyme_form,free | purified_recombinant,alias_candidate,free_purified_recombinant,2,current_public_value_domain_count,normalized-form collision; human merge decision required,approved,normalized_display_field_only,"empty string, not_reported, needs_manual_check, and business values remain distinct",spelling_case_hyphen_or_delimiter_only,WEBR8-D07,WEBR8-v1,WEBSCHEMA1 field inventory + WEBR8 decision contract
VOC_ALL_ENZYME_INDEX_ENZYME_FORM,all_enzyme_index,enzyme_form,free | whole_cell,canonical_term_candidate,free | whole_cell,3,current_public_value_domain_count,none_observed,observed_not_promoted,forbidden_in_WEBSCHEMA1,"empty string, not_reported, needs_manual_check, and business values remain distinct",not_promoted,WEBR8-D08,WEBR8-v1,WEBSCHEMA1 field inventory + WEBR8 decision contract
VOC_ALL_ENZYME_INDEX_ENZYME_FORM,all_enzyme_index,enzyme_form,free_purified,canonical_term_candidate,free_purified,4,current_public_value_domain_count,none_observed,observed_not_promoted,forbidden_in_WEBSCHEMA1,"empty string, not_reported, needs_manual_check, and business values remain distinct",not_promoted,WEBR8-D08,WEBR8-v1,WEBSCHEMA1 field inventory + WEBR8 decision contract
VOC_ALL_ENZYME_INDEX_ENZYME_FORM,all_enzyme_index,enzyme_form,free_purified_recombinant,alias_candidate,free_purified_recombinant,1,current_public_value_domain_count,normalized-form collision; human merge decision required,approved,normalized_display_field_only,"empty string, not_reported, needs_manual_check, and business values remain distinct",spelling_case_hyphen_or_delimiter_only,WEBR8-D07,WEBR8-v1,WEBSCHEMA1 field inventory + WEBR8 decision contract
VOC_ALL_ENZYME_INDEX_ENZYME_FORM,all_enzyme_index,enzyme_form,partially_purified,canonical_term_candidate,partially_purified,2,current_public_value_domain_count,none_observed,observed_not_promoted,forbidden_in_WEBSCHEMA1,"empty string, not_reported, needs_manual_check, and business values remain distinct",not_promoted,WEBR8-D08,WEBR8-v1,WEBSCHEMA1 field inventory + WEBR8 decision contract
VOC_ALL_ENZYME_INDEX_ENZYME_FORM,all_enzyme_index,enzyme_form,purified,canonical_term_candidate,purified,21,current_public_value_domain_count,none_observed,observed_not_promoted,forbidden_in_WEBSCHEMA1,"empty string, not_reported, needs_manual_check, and business values remain distinct",not_promoted,WEBR8-D08,WEBR8-v1,WEBSCHEMA1 field inventory + WEBR8 decision contract
VOC_ALL_ENZYME_INDEX_ENZYME_FORM,all_enzyme_index,enzyme_form,purified | cell_free_extract,canonical_term_candidate,purified | cell_free_extract,1,current_public_value_domain_count,none_observed,observed_not_promoted,forbidden_in_WEBSCHEMA1,"empty string, not_reported, needs_manual_check, and business values remain distinct",not_promoted,WEBR8-D08,WEBR8-v1,WEBSCHEMA1 field inventory + WEBR8 decision contract
VOC_ALL_ENZYME_INDEX_ENZYME_FORM,all_enzyme_index,enzyme_form,purified_free,canonical_term_candidate,purified_free,28,current_public_value_domain_count,none_observed,observed_not_promoted,forbidden_in_WEBSCHEMA1,"empty string, not_reported, needs_manual_check, and business values remain distinct",not_promoted,WEBR8-D08,WEBR8-v1,WEBSCHEMA1 field inventory + WEBR8 decision contract
VOC_ALL_ENZYME_INDEX_ENZYME_FORM,all_enzyme_index,enzyme_form,purified_recombinant,canonical_term_candidate,purified_recombinant,16,current_public_value_domain_count,none_observed,observed_not_promoted,forbidden_in_WEBSCHEMA1,"empty string, not_reported, needs_manual_check, and business values remain distinct",not_promoted,WEBR8-D08,WEBR8-v1,WEBSCHEMA1 field inventory + WEBR8 decision contract
VOC_ALL_ENZYME_INDEX_ENZYME_FORM,all_enzyme_index,enzyme_form,purified_recombinant | purified,canonical_term_candidate,purified_recombinant | purified,1,current_public_value_domain_count,none_observed,observed_not_promoted,forbidden_in_WEBSCHEMA1,"empty string, not_reported, needs_manual_check, and business values remain distinct",not_promoted,WEBR8-D08,WEBR8-v1,WEBSCHEMA1 field inventory + WEBR8 decision contract
VOC_ALL_ENZYME_INDEX_EVIDENCE_CONFIDENCE_TIER,all_enzyme_index,evidence_confidence_tier,core_train,canonical_term_candidate,core_train,6,current_public_value_domain_count,none_observed,observed_not_promoted,forbidden_in_WEBSCHEMA1,"empty string, not_reported, needs_manual_check, and business values remain distinct",not_promoted,WEBR8-D08,WEBR8-v1,WEBSCHEMA1 field inventory + WEBR8 decision contract
VOC_ALL_ENZYME_INDEX_EVIDENCE_CONFIDENCE_TIER,all_enzyme_index,evidence_confidence_tier,core_train | downweighted_train,canonical_term_candidate,core_train | downweighted_train,1,current_public_value_domain_count,none_observed,observed_not_promoted,forbidden_in_WEBSCHEMA1,"empty string, not_reported, needs_manual_check, and business values remain distinct",not_promoted,WEBR8-D08,WEBR8-v1,WEBSCHEMA1 field inventory + WEBR8 decision contract
VOC_ALL_ENZYME_INDEX_EVIDENCE_CONFIDENCE_TIER,all_enzyme_index,evidence_confidence_tier,core_train | holdout_only,canonical_term_candidate,core_train | holdout_only,1,current_public_value_domain_count,none_observed,observed_not_promoted,forbidden_in_WEBSCHEMA1,"empty string, not_reported, needs_manual_check, and business values remain distinct",not_promoted,WEBR8-D08,WEBR8-v1,WEBSCHEMA1 field inventory + WEBR8 decision contract
VOC_ALL_ENZYME_INDEX_EVIDENCE_CONFIDENCE_TIER,all_enzyme_index,evidence_confidence_tier,downweighted_train,canonical_term_candidate,downweighted_train,284,current_public_value_domain_count,none_observed,observed_not_promoted,forbidden_in_WEBSCHEMA1,"empty string, not_reported, needs_manual_check, and business values remain distinct",not_promoted,WEBR8-D08,WEBR8-v1,WEBSCHEMA1 field inventory + WEBR8 decision contract
VOC_ALL_ENZYME_INDEX_EVIDENCE_CONFIDENCE_TIER,all_enzyme_index,evidence_confidence_tier,downweighted_train | core_train | holdout_only,canonical_term_candidate,downweighted_train | core_train | holdout_only,1,current_public_value_domain_count,none_observed,observed_not_promoted,forbidden_in_WEBSCHEMA1,"empty string, not_reported, needs_manual_check, and business values remain distinct",not_promoted,WEBR8-D08,WEBR8-v1,WEBSCHEMA1 field inventory + WEBR8 decision contract
VOC_ALL_ENZYME_INDEX_EVIDENCE_CONFIDENCE_TIER,all_enzyme_index,evidence_confidence_tier,downweighted_train | holdout_only,canonical_term_candidate,downweighted_train | holdout_only,6,current_public_value_domain_count,none_observed,observed_not_promoted,forbidden_in_WEBSCHEMA1,"empty string, not_reported, needs_manual_check, and business values remain distinct",not_promoted,WEBR8-D08,WEBR8-v1,WEBSCHEMA1 field inventory + WEBR8 decision contract
VOC_ALL_ENZYME_INDEX_EVIDENCE_CONFIDENCE_TIER,all_enzyme_index,evidence_confidence_tier,holdout_only,canonical_term_candidate,holdout_only,159,current_public_value_domain_count,none_observed,observed_not_promoted,forbidden_in_WEBSCHEMA1,"empty string, not_reported, needs_manual_check, and business values remain distinct",not_promoted,WEBR8-D08,WEBR8-v1,WEBSCHEMA1 field inventory + WEBR8 decision contract
VOC_ALL_ENZYME_INDEX_EVIDENCE_CONFIDENCE_TIER,all_enzyme_index,evidence_confidence_tier,holdout_only | downweighted_train,canonical_term_candidate,holdout_only | downweighted_train,8,current_public_value_domain_count,none_observed,observed_not_promoted,forbidden_in_WEBSCHEMA1,"empty string, not_reported, needs_manual_check, and business values remain distinct",not_promoted,WEBR8-D08,WEBR8-v1,WEBSCHEMA1 field inventory + WEBR8 decision contract
VOC_ALL_ENZYME_INDEX_EVIDENCE_CONFIDENCE_TIER,all_enzyme_index,evidence_confidence_tier,holdout_only | downweighted_train | core_train,canonical_term_candidate,holdout_only | downweighted_train | core_train,1,current_public_value_domain_count,none_observed,observed_not_promoted,forbidden_in_WEBSCHEMA1,"empty string, not_reported, needs_manual_check, and business values remain distinct",not_promoted,WEBR8-D08,WEBR8-v1,WEBSCHEMA1 field inventory + WEBR8 decision contract
VOC_ALL_ENZYME_INDEX_EVIDENCE_CONFIDENCE_TIER,all_enzyme_index,evidence_confidence_tier,mechanism_only | downweighted_train,canonical_term_candidate,mechanism_only | downweighted_train,2,current_public_value_domain_count,none_observed,observed_not_promoted,forbidden_in_WEBSCHEMA1,"empty string, not_reported, needs_manual_check, and business values remain distinct",not_promoted,WEBR8-D08,WEBR8-v1,WEBSCHEMA1 field inventory + WEBR8 decision contract
VOC_ALL_ENZYME_INDEX_EVIDENCE_SOURCE_MIX,all_enzyme_index,evidence_source_mix,literature,canonical_term_candidate,literature,346,current_public_value_domain_count,none_observed,observed_not_promoted,forbidden_in_WEBSCHEMA1,"empty string, not_reported, needs_manual_check, and business values remain distinct",not_promoted,WEBR8-D08,WEBR8-v1,WEBSCHEMA1 field inventory + WEBR8 decision contract
VOC_ALL_ENZYME_INDEX_EVIDENCE_SOURCE_MIX,all_enzyme_index,evidence_source_mix,literature+patent,canonical_term_candidate,literature+patent,16,current_public_value_domain_count,none_observed,observed_not_promoted,forbidden_in_WEBSCHEMA1,"empty string, not_reported, needs_manual_check, and business values remain distinct",not_promoted,WEBR8-D08,WEBR8-v1,WEBSCHEMA1 field inventory + WEBR8 decision contract
VOC_ALL_ENZYME_INDEX_EVIDENCE_SOURCE_MIX,all_enzyme_index,evidence_source_mix,no linked evidence,canonical_term_candidate,no linked evidence,60,current_public_value_domain_count,none_observed,observed_not_promoted,forbidden_in_WEBSCHEMA1,"empty string, not_reported, needs_manual_check, and business values remain distinct",not_promoted,WEBR8-D08,WEBR8-v1,WEBSCHEMA1 field inventory + WEBR8 decision contract
VOC_ALL_ENZYME_INDEX_EVIDENCE_SOURCE_MIX,all_enzyme_index,evidence_source_mix,no_measurements,canonical_term_candidate,no_measurements,142,current_public_value_domain_count,none_observed,observed_not_promoted,forbidden_in_WEBSCHEMA1,"empty string, not_reported, needs_manual_check, and business values remain distinct",not_promoted,WEBR8-D08,WEBR8-v1,WEBSCHEMA1 field inventory + WEBR8 decision contract
VOC_ALL_ENZYME_INDEX_EVIDENCE_SOURCE_MIX,all_enzyme_index,evidence_source_mix,patent,canonical_term_candidate,patent,107,current_public_value_domain_count,none_observed,observed_not_promoted,forbidden_in_WEBSCHEMA1,"empty string, not_reported, needs_manual_check, and business values remain distinct",not_promoted,WEBR8-D08,WEBR8-v1,WEBSCHEMA1 field inventory + WEBR8 decision contract
VOC_ALL_ENZYME_INDEX_EVIDENCE_STATUS,all_enzyme_index,evidence_status,identity only,canonical_term_candidate,identity only,60,current_public_value_domain_count,none_observed,observed_not_promoted,forbidden_in_WEBSCHEMA1,"empty string, not_reported, needs_manual_check, and business values remain distinct",not_promoted,WEBR8-D08,WEBR8-v1,WEBSCHEMA1 field inventory + WEBR8 decision contract
VOC_ALL_ENZYME_INDEX_EVIDENCE_STATUS,all_enzyme_index,evidence_status,linked,canonical_term_candidate,linked,611,current_public_value_domain_count,none_observed,observed_not_promoted,forbidden_in_WEBSCHEMA1,"empty string, not_reported, needs_manual_check, and business values remain distinct",not_promoted,WEBR8-D08,WEBR8-v1,WEBSCHEMA1 field inventory + WEBR8 decision contract
VOC_ALL_ENZYME_INDEX_EXPRESSION_HOST,all_enzyme_index,expression_host,Aspergillus oryzae,canonical_term_candidate,Aspergillus oryzae,3,current_public_value_domain_count,none_observed,observed_not_promoted,forbidden_in_WEBSCHEMA1,"empty string, not_reported, needs_manual_check, and business values remain distinct",not_promoted,WEBR8-D08,WEBR8-v1,WEBSCHEMA1 field inventory + WEBR8 decision contract
VOC_ALL_ENZYME_INDEX_EXPRESSION_HOST,all_enzyme_index,expression_host,Escherichia coli,canonical_term_candidate,Escherichia coli,33,current_public_value_domain_count,none_observed,observed_not_promoted,forbidden_in_WEBSCHEMA1,"empty string, not_reported, needs_manual_check, and business values remain distinct",not_promoted,WEBR8-D08,WEBR8-v1,WEBSCHEMA1 field inventory + WEBR8 decision contract
VOC_ALL_ENZYME_INDEX_EXPRESSION_HOST,all_enzyme_index,expression_host,Escherichia coli BL21(DE3),canonical_term_candidate,Escherichia coli BL21(DE3),5,current_public_value_domain_count,none_observed,observed_not_promoted,forbidden_in_WEBSCHEMA1,"empty string, not_reported, needs_manual_check, and business values remain distinct",not_promoted,WEBR8-D08,WEBR8-v1,WEBSCHEMA1 field inventory + WEBR8 decision contract
VOC_ALL_ENZYME_INDEX_EXPRESSION_HOST,all_enzyme_index,expression_host,Escherichia coli JM109,canonical_term_candidate,Escherichia coli JM109,1,current_public_value_domain_count,none_observed,observed_not_promoted,forbidden_in_WEBSCHEMA1,"empty string, not_reported, needs_manual_check, and business values remain distinct",not_promoted,WEBR8-D08,WEBR8-v1,WEBSCHEMA1 field inventory + WEBR8 decision contract
VOC_ALL_ENZYME_INDEX_EXPRESSION_HOST,all_enzyme_index,expression_host,Komagataella phaffii,canonical_term_candidate,Komagataella phaffii,2,current_public_value_domain_count,none_observed,observed_not_promoted,forbidden_in_WEBSCHEMA1,"empty string, not_reported, needs_manual_check, and business values remain distinct",not_promoted,WEBR8-D08,WEBR8-v1,WEBSCHEMA1 field inventory + WEBR8 decision contract
VOC_ALL_ENZYME_INDEX_EXPRESSION_HOST,all_enzyme_index,expression_host,Pichia pastoris,canonical_term_candidate,Pichia pastoris,50,current_public_value_domain_count,none_observed,observed_not_promoted,forbidden_in_WEBSCHEMA1,"empty string, not_reported, needs_manual_check, and business values remain distinct",not_promoted,WEBR8-D08,WEBR8-v1,WEBSCHEMA1 field inventory + WEBR8 decision contract
VOC_ALL_ENZYME_INDEX_EXPRESSION_HOST,all_enzyme_index,expression_host,Saccharomyces cerevisiae,canonical_term_candidate,Saccharomyces cerevisiae,1,current_public_value_domain_count,none_observed,observed_not_promoted,forbidden_in_WEBSCHEMA1,"empty string, not_reported, needs_manual_check, and business values remain distinct",not_promoted,WEBR8-D08,WEBR8-v1,WEBSCHEMA1 field inventory + WEBR8 decision contract
VOC_ALL_ENZYME_INDEX_FIT_STATUS,all_enzyme_index,fit_status,not_applicable,sentinel,not_applicable,60,current_public_value_domain_count,none_observed,observed_sentinel_locked_distinct,forbidden_in_WEBSCHEMA1,"empty string, not_reported, needs_manual_check, and business values remain distinct",not_promoted,WEBR8-D08,WEBR8-v1,WEBSCHEMA1 field inventory + WEBR8 decision contract
VOC_ALL_ENZYME_INDEX_PDB_LINK_RELATION,all_enzyme_index,pdb_link_relation,exact,canonical_term_candidate,exact,37,current_public_value_domain_count,none_observed,observed_not_promoted,forbidden_in_WEBSCHEMA1,"empty string, not_reported, needs_manual_check, and business values remain distinct",not_promoted,WEBR8-D08,WEBR8-v1,WEBSCHEMA1 field inventory + WEBR8 decision contract
VOC_ALL_ENZYME_INDEX_PDB_LINK_RELATION,all_enzyme_index,pdb_link_relation,parent,canonical_term_candidate,parent,18,current_public_value_domain_count,none_observed,observed_not_promoted,forbidden_in_WEBSCHEMA1,"empty string, not_reported, needs_manual_check, and business values remain distinct",not_promoted,WEBR8-D08,WEBR8-v1,WEBSCHEMA1 field inventory + WEBR8 decision contract
VOC_ALL_ENZYME_INDEX_PDB_LINK_RELATION,all_enzyme_index,pdb_link_relation,shared,canonical_term_candidate,shared,27,current_public_value_domain_count,none_observed,observed_not_promoted,forbidden_in_WEBSCHEMA1,"empty string, not_reported, needs_manual_check, and business values remain distinct",not_promoted,WEBR8-D08,WEBR8-v1,WEBSCHEMA1 field inventory + WEBR8 decision contract
VOC_ALL_ENZYME_INDEX_PDB_LINK_RELATION,all_enzyme_index,pdb_link_relation,unverified,canonical_term_candidate,unverified,589,current_public_value_domain_count,none_observed,observed_not_promoted,forbidden_in_WEBSCHEMA1,"empty string, not_reported, needs_manual_check, and business values remain distinct",not_promoted,WEBR8-D08,WEBR8-v1,WEBSCHEMA1 field inventory + WEBR8 decision contract
VOC_ALL_ENZYME_INDEX_PDB_RELATION_SOURCE,all_enzyme_index,pdb_relation_source,canonical.identifier_verify_status,canonical_term_candidate,canonical.identifier_verify_status,68,current_public_value_domain_count,none_observed,observed_not_promoted,forbidden_in_WEBSCHEMA1,"empty string, not_reported, needs_manual_check, and business values remain distinct",not_promoted,WEBR8-D08,WEBR8-v1,WEBSCHEMA1 field inventory + WEBR8 decision contract
VOC_ALL_ENZYME_INDEX_PDB_RELATION_SOURCE,all_enzyme_index,pdb_relation_source,results/2026-10-04_CH4_FNDR_identity_sequence_family_structure_readiness/pdb_identity_review_FNDR.csv,canonical_term_candidate,results/2026-10-04_CH4_FNDR_identity_sequence_family_structure_readiness/pdb_identity_review_FNDR.csv,75,current_public_value_domain_count,none_observed,observed_not_promoted,forbidden_in_WEBSCHEMA1,"empty string, not_reported, needs_manual_check, and business values remain distinct",not_promoted,WEBR8-D08,WEBR8-v1,WEBSCHEMA1 field inventory + WEBR8 decision contract
VOC_ALL_ENZYME_INDEX_PROTEIN_SEQUENCE_AVAILABLE,all_enzyme_index,protein_sequence_available,no,canonical_term_candidate,no,549,current_public_value_domain_count,none_observed,observed_not_promoted,forbidden_in_WEBSCHEMA1,"empty string, not_reported, needs_manual_check, and business values remain distinct",not_promoted,WEBR8-D08,WEBR8-v1,WEBSCHEMA1 field inventory + WEBR8 decision contract
VOC_ALL_ENZYME_INDEX_PROTEIN_SEQUENCE_AVAILABLE,all_enzyme_index,protein_sequence_available,yes,canonical_term_candidate,yes,122,current_public_value_domain_count,none_observed,observed_not_promoted,forbidden_in_WEBSCHEMA1,"empty string, not_reported, needs_manual_check, and business values remain distinct",not_promoted,WEBR8-D08,WEBR8-v1,WEBSCHEMA1 field inventory + WEBR8 decision contract
VOC_ALL_ENZYME_INDEX_PROTEIN_SEQUENCE_SOURCE,all_enzyme_index,protein_sequence_source,UniProt,canonical_term_candidate,UniProt,122,current_public_value_domain_count,none_observed,observed_not_promoted,forbidden_in_WEBSCHEMA1,"empty string, not_reported, needs_manual_check, and business values remain distinct",not_promoted,WEBR8-D08,WEBR8-v1,WEBSCHEMA1 field inventory + WEBR8 decision contract
VOC_ALL_ENZYME_INDEX_PROVENANCE_CAVEAT,all_enzyme_index,provenance_caveat,No methanol-tolerance evidence currently linked to this entry,canonical_term_candidate,No methanol-tolerance evidence currently linked to this entry,60,current_public_value_domain_count,none_observed,observed_not_promoted,forbidden_in_WEBSCHEMA1,"empty string, not_reported, needs_manual_check, and business values remain distinct",not_promoted,WEBR8-D08,WEBR8-v1,WEBSCHEMA1 field inventory + WEBR8 decision contract
VOC_ALL_ENZYME_INDEX_PROVENANCE_CAVEAT,all_enzyme_index,provenance_caveat,Public pages use the frozen methanol-tolerance score with an uncertainty range and a confidence badge as the main tolerance summary. Lower number = more methanol tolerant. Internal archive fields remain available in CSV and SQLite downloads for reproducibility.,canonical_term_candidate,Public pages use the frozen methanol-tolerance score with an uncertainty range and a confidence badge as the main tolerance summary. Lower number = more methanol tolerant. Internal archive fields remain available in CSV and SQLite downloads for reproducibility.,611,current_public_value_domain_count,none_observed,observed_not_promoted,forbidden_in_WEBSCHEMA1,"empty string, not_reported, needs_manual_check, and business values remain distinct",not_promoted,WEBR8-D08,WEBR8-v1,WEBSCHEMA1 field inventory + WEBR8 decision contract
VOC_ALL_ENZYME_INDEX_SCAFFOLD_FAMILY,all_enzyme_index,scaffold_family,non_abhydrolase_familyVIII,canonical_term_candidate,non_abhydrolase_familyVIII,1,current_public_value_domain_count,none_observed,observed_not_promoted,forbidden_in_WEBSCHEMA1,"empty string, not_reported, needs_manual_check, and business values remain distinct",not_promoted,WEBR8-D08,WEBR8-v1,WEBSCHEMA1 field inventory + WEBR8 decision contract
VOC_ALL_ENZYME_INDEX_SOURCE_TYPE,all_enzyme_index,source_type,literature,canonical_term_candidate,literature,346,current_public_value_domain_count,none_observed,observed_not_promoted,forbidden_in_WEBSCHEMA1,"empty string, not_reported, needs_manual_check, and business values remain distinct",not_promoted,WEBR8-D08,WEBR8-v1,WEBSCHEMA1 field inventory + WEBR8 decision contract
VOC_ALL_ENZYME_INDEX_SOURCE_TYPE,all_enzyme_index,source_type,literature+patent,canonical_term_candidate,literature+patent,16,current_public_value_domain_count,none_observed,observed_not_promoted,forbidden_in_WEBSCHEMA1,"empty string, not_reported, needs_manual_check, and business values remain distinct",not_promoted,WEBR8-D08,WEBR8-v1,WEBSCHEMA1 field inventory + WEBR8 decision contract
VOC_ALL_ENZYME_INDEX_SOURCE_TYPE,all_enzyme_index,source_type,no linked evidence,canonical_term_candidate,no linked evidence,60,current_public_value_domain_count,none_observed,observed_not_promoted,forbidden_in_WEBSCHEMA1,"empty string, not_reported, needs_manual_check, and business values remain distinct",not_promoted,WEBR8-D08,WEBR8-v1,WEBSCHEMA1 field inventory + WEBR8 decision contract
VOC_ALL_ENZYME_INDEX_SOURCE_TYPE,all_enzyme_index,source_type,no_measurements,canonical_term_candidate,no_measurements,142,current_public_value_domain_count,none_observed,observed_not_promoted,forbidden_in_WEBSCHEMA1,"empty string, not_reported, needs_manual_check, and business values remain distinct",not_promoted,WEBR8-D08,WEBR8-v1,WEBSCHEMA1 field inventory + WEBR8 decision contract
VOC_ALL_ENZYME_INDEX_SOURCE_TYPE,all_enzyme_index,source_type,patent,canonical_term_candidate,patent,107,current_public_value_domain_count,none_observed,observed_not_promoted,forbidden_in_WEBSCHEMA1,"empty string, not_reported, needs_manual_check, and business values remain distinct",not_promoted,WEBR8-D08,WEBR8-v1,WEBSCHEMA1 field inventory + WEBR8 decision contract
VOC_ALL_ENZYME_INDEX_STRUCTURE_MODELING_READINESS,all_enzyme_index,structure_modeling_readiness,needs_manual_check,sentinel,needs_manual_check,38,current_public_value_domain_count,none_observed,observed_sentinel_locked_distinct,forbidden_in_WEBSCHEMA1,"empty string, not_reported, needs_manual_check, and business values remain distinct",not_promoted,WEBR8-D08,WEBR8-v1,WEBSCHEMA1 field inventory + WEBR8 decision contract
VOC_ALL_ENZYME_INDEX_STRUCTURE_MODELING_READINESS,all_enzyme_index,structure_modeling_readiness,parent_scaffold_only,canonical_term_candidate,parent_scaffold_only,1,current_public_value_domain_count,none_observed,observed_not_promoted,forbidden_in_WEBSCHEMA1,"empty string, not_reported, needs_manual_check, and business values remain distinct",not_promoted,WEBR8-D08,WEBR8-v1,WEBSCHEMA1 field inventory + WEBR8 decision contract
VOC_ALL_ENZYME_INDEX_STRUCTURE_MODELING_READINESS,all_enzyme_index,structure_modeling_readiness,phenotype_ready,canonical_term_candidate,phenotype_ready,210,current_public_value_domain_count,none_observed,observed_not_promoted,forbidden_in_WEBSCHEMA1,"empty string, not_reported, needs_manual_check, and business values remain distinct",not_promoted,WEBR8-D08,WEBR8-v1,WEBSCHEMA1 field inventory + WEBR8 decision contract
VOC_ALL_ENZYME_INDEX_STRUCTURE_MODELING_READINESS,all_enzyme_index,structure_modeling_readiness,queued,canonical_term_candidate,queued,4,current_public_value_domain_count,none_observed,observed_not_promoted,forbidden_in_WEBSCHEMA1,"empty string, not_reported, needs_manual_check, and business values remain distinct",not_promoted,WEBR8-D08,WEBR8-v1,WEBSCHEMA1 field inventory + WEBR8 decision contract
VOC_ALL_ENZYME_INDEX_STRUCTURE_MODELING_READINESS,all_enzyme_index,structure_modeling_readiness,ready,canonical_term_candidate,ready,2,current_public_value_domain_count,none_observed,observed_not_promoted,forbidden_in_WEBSCHEMA1,"empty string, not_reported, needs_manual_check, and business values remain distinct",not_promoted,WEBR8-D08,WEBR8-v1,WEBSCHEMA1 field inventory + WEBR8 decision contract
VOC_ALL_ENZYME_INDEX_STRUCTURE_MODELING_READINESS,all_enzyme_index,structure_modeling_readiness,sequence_ready,canonical_term_candidate,sequence_ready,284,current_public_value_domain_count,none_observed,observed_not_promoted,forbidden_in_WEBSCHEMA1,"empty string, not_reported, needs_manual_check, and business values remain distinct",not_promoted,WEBR8-D08,WEBR8-v1,WEBSCHEMA1 field inventory + WEBR8 decision contract
VOC_ALL_ENZYME_INDEX_STRUCTURE_MODELING_READINESS,all_enzyme_index,structure_modeling_readiness,structure_ready,canonical_term_candidate,structure_ready,132,current_public_value_domain_count,none_observed,observed_not_promoted,forbidden_in_WEBSCHEMA1,"empty string, not_reported, needs_manual_check, and business values remain distinct",not_promoted,WEBR8-D08,WEBR8-v1,WEBSCHEMA1 field inventory + WEBR8 decision contract
VOC_ALL_ENZYME_INDEX_T7A_CONFIDENCE_TIER,all_enzyme_index,t7a_confidence_tier,D,canonical_term_candidate,D,611,current_public_value_domain_count,none_observed,observed_not_promoted,forbidden_in_WEBSCHEMA1,"empty string, not_reported, needs_manual_check, and business values remain distinct",not_promoted,WEBR8-D08,WEBR8-v1,WEBSCHEMA1 field inventory + WEBR8 decision contract
VOC_ALL_ENZYME_INDEX_T7A_EVIDENCE_INSUFFICIENCY_DISPLAY,all_enzyme_index,t7a_evidence_insufficiency_display,独立来源数=，独立性档=D,canonical_term_candidate,独立来源数=，独立性档=D,611,current_public_value_domain_count,none_observed,observed_not_promoted,forbidden_in_WEBSCHEMA1,"empty string, not_reported, needs_manual_check, and business values remain distinct",not_promoted,WEBR8-D08,WEBR8-v1,WEBSCHEMA1 field inventory + WEBR8 decision contract
VOC_ALL_ENZYME_INDEX_T7A_MEASUREMENT_UNCERTAINTY_DISPLAY,all_enzyme_index,t7a_measurement_uncertainty_display,误差带仅说明测量不精确，不参与T7a评分,canonical_term_candidate,误差带仅说明测量不精确，不参与T7a评分,611,current_public_value_domain_count,none_observed,observed_not_promoted,forbidden_in_WEBSCHEMA1,"empty string, not_reported, needs_manual_check, and business values remain distinct",not_promoted,WEBR8-D08,WEBR8-v1,WEBSCHEMA1 field inventory + WEBR8 decision contract
VOC_ALL_ENZYME_INDEX_TOLERANCE_DISPLAY_CAVEAT,all_enzyme_index,tolerance_display_caveat,Public pages use the frozen methanol-tolerance score with an uncertainty range and a confidence badge as the main tolerance summary. Lower number = more methanol tolerant. Internal archive fields remain available in CSV and SQLite downloads for reproducibility.,canonical_term_candidate,Public pages use the frozen methanol-tolerance score with an uncertainty range and a confidence badge as the main tolerance summary. Lower number = more methanol tolerant. Internal archive fields remain available in CSV and SQLite downloads for reproducibility.,671,current_public_value_domain_count,none_observed,observed_not_promoted,forbidden_in_WEBSCHEMA1,"empty string, not_reported, needs_manual_check, and business values remain distinct",not_promoted,WEBR8-D08,WEBR8-v1,WEBSCHEMA1 field inventory + WEBR8 decision contract
VOC_ALL_ENZYME_INDEX_TOLERANCE_TIER,all_enzyme_index,tolerance_tier,evidence_absent,canonical_term_candidate,evidence_absent,180,current_public_value_domain_count,none_observed,observed_not_promoted,forbidden_in_WEBSCHEMA1,"empty string, not_reported, needs_manual_check, and business values remain distinct",not_promoted,WEBR8-D08,WEBR8-v1,WEBSCHEMA1 field inventory + WEBR8 decision contract
VOC_ALL_ENZYME_INDEX_TOLERANCE_TIER,all_enzyme_index,tolerance_tier,evidence_moderate,canonical_term_candidate,evidence_moderate,104,current_public_value_domain_count,none_observed,observed_not_promoted,forbidden_in_WEBSCHEMA1,"empty string, not_reported, needs_manual_check, and business values remain distinct",not_promoted,WEBR8-D08,WEBR8-v1,WEBSCHEMA1 field inventory + WEBR8 decision contract
VOC_ALL_ENZYME_INDEX_TOLERANCE_TIER,all_enzyme_index,tolerance_tier,evidence_rich,canonical_term_candidate,evidence_rich,126,current_public_value_domain_count,none_observed,observed_not_promoted,forbidden_in_WEBSCHEMA1,"empty string, not_reported, needs_manual_check, and business values remain distinct",not_promoted,WEBR8-D08,WEBR8-v1,WEBSCHEMA1 field inventory + WEBR8 decision contract
VOC_ALL_ENZYME_INDEX_TOLERANCE_TIER,all_enzyme_index,tolerance_tier,evidence_sparse,canonical_term_candidate,evidence_sparse,201,current_public_value_domain_count,none_observed,observed_not_promoted,forbidden_in_WEBSCHEMA1,"empty string, not_reported, needs_manual_check, and business values remain distinct",not_promoted,WEBR8-D08,WEBR8-v1,WEBSCHEMA1 field inventory + WEBR8 decision contract
VOC_ALL_ENZYME_INDEX_UNIPROT_LINK_RELATION,all_enzyme_index,uniprot_link_relation,exact,canonical_term_candidate,exact,34,current_public_value_domain_count,none_observed,observed_not_promoted,forbidden_in_WEBSCHEMA1,"empty string, not_reported, needs_manual_check, and business values remain distinct",not_promoted,WEBR8-D08,WEBR8-v1,WEBSCHEMA1 field inventory + WEBR8 decision contract
VOC_ALL_ENZYME_INDEX_UNIPROT_LINK_RELATION,all_enzyme_index,uniprot_link_relation,parent,canonical_term_candidate,parent,150,current_public_value_domain_count,none_observed,observed_not_promoted,forbidden_in_WEBSCHEMA1,"empty string, not_reported, needs_manual_check, and business values remain distinct",not_promoted,WEBR8-D08,WEBR8-v1,WEBSCHEMA1 field inventory + WEBR8 decision contract
VOC_ALL_ENZYME_INDEX_UNIPROT_LINK_RELATION,all_enzyme_index,uniprot_link_relation,shared,canonical_term_candidate,shared,26,current_public_value_domain_count,none_observed,observed_not_promoted,forbidden_in_WEBSCHEMA1,"empty string, not_reported, needs_manual_check, and business values remain distinct",not_promoted,WEBR8-D08,WEBR8-v1,WEBSCHEMA1 field inventory + WEBR8 decision contract
VOC_ALL_ENZYME_INDEX_UNIPROT_LINK_RELATION,all_enzyme_index,uniprot_link_relation,unverified,canonical_term_candidate,unverified,461,current_public_value_domain_count,none_observed,observed_not_promoted,forbidden_in_WEBSCHEMA1,"empty string, not_reported, needs_manual_check, and business values remain distinct",not_promoted,WEBR8-D08,WEBR8-v1,WEBSCHEMA1 field inventory + WEBR8 decision contract
VOC_ALL_ENZYME_INDEX_UNIPROT_RELATION_SOURCE,all_enzyme_index,uniprot_relation_source,canonical.identifier_verify_status,canonical_term_candidate,canonical.identifier_verify_status,68,current_public_value_domain_count,none_observed,observed_not_promoted,forbidden_in_WEBSCHEMA1,"empty string, not_reported, needs_manual_check, and business values remain distinct",not_promoted,WEBR8-D08,WEBR8-v1,WEBSCHEMA1 field inventory + WEBR8 decision contract
VOC_ALL_ENZYME_INDEX_UNIPROT_RELATION_SOURCE,all_enzyme_index,uniprot_relation_source,results/2026-10-04_CH4_FNDR_identity_sequence_family_structure_readiness/uniprot_identity_review_FNDR.csv,canonical_term_candidate,results/2026-10-04_CH4_FNDR_identity_sequence_family_structure_readiness/uniprot_identity_review_FNDR.csv,184,current_public_value_domain_count,none_observed,observed_not_promoted,forbidden_in_WEBSCHEMA1,"empty string, not_reported, needs_manual_check, and business values remain distinct",not_promoted,WEBR8-D08,WEBR8-v1,WEBSCHEMA1 field inventory + WEBR8 decision contract
VOC_ASSAY_PROTOCOL_A0_CONDITION_MATCHED_TO_READOUT,assay_protocol,A0_condition_matched_to_readout,needs_manual_check,sentinel,needs_manual_check,6,current_public_value_domain_count,none_observed,observed_sentinel_locked_distinct,forbidden_in_WEBSCHEMA1,"empty string, not_reported, needs_manual_check, and business values remain distinct",not_promoted,WEBR8-D08,WEBR8-v1,WEBSCHEMA1 field inventory + WEBR8 decision contract
VOC_ASSAY_PROTOCOL_A0_CONDITION_MATCHED_TO_READOUT,assay_protocol,A0_condition_matched_to_readout,not_reported,sentinel,not_reported,101,current_public_value_domain_count,none_observed,observed_sentinel_locked_distinct,forbidden_in_WEBSCHEMA1,"empty string, not_reported, needs_manual_check, and business values remain distinct",not_promoted,WEBR8-D08,WEBR8-v1,WEBSCHEMA1 field inventory + WEBR8 decision contract
VOC_ASSAY_PROTOCOL_A0_CONDITION_MATCHED_TO_READOUT,assay_protocol,A0_condition_matched_to_readout,partial,canonical_term_candidate,partial,83,current_public_value_domain_count,none_observed,observed_not_promoted,forbidden_in_WEBSCHEMA1,"empty string, not_reported, needs_manual_check, and business values remain distinct",not_promoted,WEBR8-D08,WEBR8-v1,WEBSCHEMA1 field inventory + WEBR8 decision contract
VOC_ASSAY_PROTOCOL_A0_CONDITION_MATCHED_TO_READOUT,assay_protocol,A0_condition_matched_to_readout,yes,canonical_term_candidate,yes,659,current_public_value_domain_count,none_observed,observed_not_promoted,forbidden_in_WEBSCHEMA1,"empty string, not_reported, needs_manual_check, and business values remain distinct",not_promoted,WEBR8-D08,WEBR8-v1,WEBSCHEMA1 field inventory + WEBR8 decision contract
VOC_ASSAY_PROTOCOL_A0_SAME_BATCH_AS_CHALLENGE,assay_protocol,A0_same_batch_as_challenge,not_reported,sentinel,not_reported,121,current_public_value_domain_count,none_observed,observed_sentinel_locked_distinct,forbidden_in_WEBSCHEMA1,"empty string, not_reported, needs_manual_check, and business values remain distinct",not_promoted,WEBR8-D08,WEBR8-v1,WEBSCHEMA1 field inventory + WEBR8 decision contract
VOC_ASSAY_PROTOCOL_A0_SAME_BATCH_AS_CHALLENGE,assay_protocol,A0_same_batch_as_challenge,yes,canonical_term_candidate,yes,706,current_public_value_domain_count,none_observed,observed_not_promoted,forbidden_in_WEBSCHEMA1,"empty string, not_reported, needs_manual_check, and business values remain distinct",not_promoted,WEBR8-D08,WEBR8-v1,WEBSCHEMA1 field inventory + WEBR8 decision contract
VOC_ASSAY_PROTOCOL_ENZYME_CONC,assay_protocol,enzyme_conc,0.0002 mg/ml,canonical_term_candidate,0.0002 mg/ml,1,current_public_value_domain_count,none_observed,observed_not_promoted,forbidden_in_WEBSCHEMA1,"empty string, not_reported, needs_manual_check, and business values remain distinct",not_promoted,WEBR8-D08,WEBR8-v1,WEBSCHEMA1 field inventory + WEBR8 decision contract
VOC_ASSAY_PROTOCOL_ENZYME_CONC,assay_protocol,enzyme_conc,0.001 mg/ml,canonical_term_candidate,0.001 mg/ml,1,current_public_value_domain_count,none_observed,observed_not_promoted,forbidden_in_WEBSCHEMA1,"empty string, not_reported, needs_manual_check, and business values remain distinct",not_promoted,WEBR8-D08,WEBR8-v1,WEBSCHEMA1 field inventory + WEBR8 decision contract
VOC_ASSAY_PROTOCOL_ENZYME_CONC,assay_protocol,enzyme_conc,0.002 mg/ml,canonical_term_candidate,0.002 mg/ml,1,current_public_value_domain_count,none_observed,observed_not_promoted,forbidden_in_WEBSCHEMA1,"empty string, not_reported, needs_manual_check, and business values remain distinct",not_promoted,WEBR8-D08,WEBR8-v1,WEBSCHEMA1 field inventory + WEBR8 decision contract
VOC_ASSAY_PROTOCOL_ENZYME_CONC,assay_protocol,enzyme_conc,0.005 mg/ml,canonical_term_candidate,0.005 mg/ml,3,current_public_value_domain_count,none_observed,observed_not_promoted,forbidden_in_WEBSCHEMA1,"empty string, not_reported, needs_manual_check, and business values remain distinct",not_promoted,WEBR8-D08,WEBR8-v1,WEBSCHEMA1 field inventory + WEBR8 decision contract
VOC_ASSAY_PROTOCOL_ENZYME_CONC,assay_protocol,enzyme_conc,0.05 mg/ml,canonical_term_candidate,0.05 mg/ml,10,current_public_value_domain_count,none_observed,observed_not_promoted,forbidden_in_WEBSCHEMA1,"empty string, not_reported, needs_manual_check, and business values remain distinct",not_promoted,WEBR8-D08,WEBR8-v1,WEBSCHEMA1 field inventory + WEBR8 decision contract
VOC_ASSAY_PROTOCOL_ENZYME_CONC,assay_protocol,enzyme_conc,0.1 mg/ml,canonical_term_candidate,0.1 mg/ml,34,current_public_value_domain_count,none_observed,observed_not_promoted,forbidden_in_WEBSCHEMA1,"empty string, not_reported, needs_manual_check, and business values remain distinct",not_promoted,WEBR8-D08,WEBR8-v1,WEBSCHEMA1 field inventory + WEBR8 decision contract
VOC_ASSAY_PROTOCOL_ENZYME_CONC,assay_protocol,enzyme_conc,0.2 mg/ml,canonical_term_candidate,0.2 mg/ml,41,current_public_value_domain_count,none_observed,observed_not_promoted,forbidden_in_WEBSCHEMA1,"empty string, not_reported, needs_manual_check, and business values remain distinct",not_promoted,WEBR8-D08,WEBR8-v1,WEBSCHEMA1 field inventory + WEBR8 decision contract
VOC_ASSAY_PROTOCOL_ENZYME_CONC,assay_protocol,enzyme_conc,0.25 nM (0.011 ug/mL),canonical_term_candidate,0.25 nM (0.011 ug/mL),6,current_public_value_domain_count,none_observed,observed_not_promoted,forbidden_in_WEBSCHEMA1,"empty string, not_reported, needs_manual_check, and business values remain distinct",not_promoted,WEBR8-D08,WEBR8-v1,WEBSCHEMA1 field inventory + WEBR8 decision contract
VOC_ASSAY_PROTOCOL_ENZYME_CONC,assay_protocol,enzyme_conc,0.3 mg/ml,canonical_term_candidate,0.3 mg/ml,1,current_public_value_domain_count,none_observed,observed_not_promoted,forbidden_in_WEBSCHEMA1,"empty string, not_reported, needs_manual_check, and business values remain distinct",not_promoted,WEBR8-D08,WEBR8-v1,WEBSCHEMA1 field inventory + WEBR8 decision contract
VOC_ASSAY_PROTOCOL_ENZYME_CONC,assay_protocol,enzyme_conc,0.30 mg/ml,canonical_term_candidate,0.30 mg/ml,12,current_public_value_domain_count,none_observed,observed_not_promoted,forbidden_in_WEBSCHEMA1,"empty string, not_reported, needs_manual_check, and business values remain distinct",not_promoted,WEBR8-D08,WEBR8-v1,WEBSCHEMA1 field inventory + WEBR8 decision contract
VOC_ASSAY_PROTOCOL_ENZYME_CONC,assay_protocol,enzyme_conc,0.5 mg/ml,canonical_term_candidate,0.5 mg/ml,33,current_public_value_domain_count,none_observed,observed_not_promoted,forbidden_in_WEBSCHEMA1,"empty string, not_reported, needs_manual_check, and business values remain distinct",not_promoted,WEBR8-D08,WEBR8-v1,WEBSCHEMA1 field inventory + WEBR8 decision contract
VOC_ASSAY_PROTOCOL_ENZYME_CONC,assay_protocol,enzyme_conc,1 mg/ml,canonical_term_candidate,1 mg/ml,33,current_public_value_domain_count,none_observed,observed_not_promoted,forbidden_in_WEBSCHEMA1,"empty string, not_reported, needs_manual_check, and business values remain distinct",not_promoted,WEBR8-D08,WEBR8-v1,WEBSCHEMA1 field inventory + WEBR8 decision contract
VOC_ASSAY_PROTOCOL_ENZYME_CONC,assay_protocol,enzyme_conc,1 μM,canonical_term_candidate,1 μM,2,current_public_value_domain_count,none_observed,observed_not_promoted,forbidden_in_WEBSCHEMA1,"empty string, not_reported, needs_manual_check, and business values remain distinct",not_promoted,WEBR8-D08,WEBR8-v1,WEBSCHEMA1 field inventory + WEBR8 decision contract
VOC_ASSAY_PROTOCOL_ENZYME_CONC,assay_protocol,enzyme_conc,1.08 mg/ml,canonical_term_candidate,1.08 mg/ml,1,current_public_value_domain_count,none_observed,observed_not_promoted,forbidden_in_WEBSCHEMA1,"empty string, not_reported, needs_manual_check, and business values remain distinct",not_promoted,WEBR8-D08,WEBR8-v1,WEBSCHEMA1 field inventory + WEBR8 decision contract
VOC_ASSAY_PROTOCOL_ENZYME_CONC,assay_protocol,enzyme_conc,1.23 μM,canonical_term_candidate,1.23 μM,2,current_public_value_domain_count,none_observed,observed_not_promoted,forbidden_in_WEBSCHEMA1,"empty string, not_reported, needs_manual_check, and business values remain distinct",not_promoted,WEBR8-D08,WEBR8-v1,WEBSCHEMA1 field inventory + WEBR8 decision contract
VOC_ASSAY_PROTOCOL_ENZYME_CONC,assay_protocol,enzyme_conc,1.5 uM,canonical_term_candidate,1.5 uM,42,current_public_value_domain_count,none_observed,observed_not_promoted,forbidden_in_WEBSCHEMA1,"empty string, not_reported, needs_manual_check, and business values remain distinct",not_promoted,WEBR8-D08,WEBR8-v1,WEBSCHEMA1 field inventory + WEBR8 decision contract
VOC_ASSAY_PROTOCOL_ENZYME_CONC,assay_protocol,enzyme_conc,1.72 μM,canonical_term_candidate,1.72 μM,2,current_public_value_domain_count,none_observed,observed_not_promoted,forbidden_in_WEBSCHEMA1,"empty string, not_reported, needs_manual_check, and business values remain distinct",not_promoted,WEBR8-D08,WEBR8-v1,WEBSCHEMA1 field inventory + WEBR8 decision contract
VOC_ASSAY_PROTOCOL_ENZYME_CONC,assay_protocol,enzyme_conc,100 ug/mL,canonical_term_candidate,100 ug/mL,4,current_public_value_domain_count,none_observed,observed_not_promoted,forbidden_in_WEBSCHEMA1,"empty string, not_reported, needs_manual_check, and business values remain distinct",not_promoted,WEBR8-D08,WEBR8-v1,WEBSCHEMA1 field inventory + WEBR8 decision contract
VOC_ASSAY_PROTOCOL_ENZYME_CONC,assay_protocol,enzyme_conc,200 ug total enzyme,canonical_term_candidate,200 ug total enzyme,1,current_public_value_domain_count,none_observed,observed_not_promoted,forbidden_in_WEBSCHEMA1,"empty string, not_reported, needs_manual_check, and business values remain distinct",not_promoted,WEBR8-D08,WEBR8-v1,WEBSCHEMA1 field inventory + WEBR8 decision contract
VOC_ASSAY_PROTOCOL_ENZYME_CONC,assay_protocol,enzyme_conc,4 mg/ml,canonical_term_candidate,4 mg/ml,1,current_public_value_domain_count,none_observed,observed_not_promoted,forbidden_in_WEBSCHEMA1,"empty string, not_reported, needs_manual_check, and business values remain distinct",not_promoted,WEBR8-D08,WEBR8-v1,WEBSCHEMA1 field inventory + WEBR8 decision contract
VOC_ASSAY_PROTOCOL_ENZYME_CONC,assay_protocol,enzyme_conc,50 nM,canonical_term_candidate,50 nM,1,current_public_value_domain_count,none_observed,observed_not_promoted,forbidden_in_WEBSCHEMA1,"empty string, not_reported, needs_manual_check, and business values remain distinct",not_promoted,WEBR8-D08,WEBR8-v1,WEBSCHEMA1 field inventory + WEBR8 decision contract
VOC_ASSAY_PROTOCOL_ENZYME_CONC,assay_protocol,enzyme_conc,500 nM,canonical_term_candidate,500 nM,1,current_public_value_domain_count,none_observed,observed_not_promoted,forbidden_in_WEBSCHEMA1,"empty string, not_reported, needs_manual_check, and business values remain distinct",not_promoted,WEBR8-D08,WEBR8-v1,WEBSCHEMA1 field inventory + WEBR8 decision contract
VOC_ASSAY_PROTOCOL_ENZYME_CONC,assay_protocol,enzyme_conc,600 nM,canonical_term_candidate,600 nM,1,current_public_value_domain_count,none_observed,observed_not_promoted,forbidden_in_WEBSCHEMA1,"empty string, not_reported, needs_manual_check, and business values remain distinct",not_promoted,WEBR8-D08,WEBR8-v1,WEBSCHEMA1 field inventory + WEBR8 decision contract
VOC_ASSAY_PROTOCOL_ENZYME_CONC,assay_protocol,enzyme_conc,79 units/ml,canonical_term_candidate,79 units/ml,2,current_public_value_domain_count,none_observed,observed_not_promoted,forbidden_in_WEBSCHEMA1,"empty string, not_reported, needs_manual_check, and business values remain distinct",not_promoted,WEBR8-D08,WEBR8-v1,WEBSCHEMA1 field inventory + WEBR8 decision contract
VOC_ASSAY_PROTOCOL_ENZYME_CONC,assay_protocol,enzyme_conc,cell_free_extract,canonical_term_candidate,cell_free_extract,1,current_public_value_domain_count,none_observed,observed_not_promoted,forbidden_in_WEBSCHEMA1,"empty string, not_reported, needs_manual_check, and business values remain distinct",not_promoted,WEBR8-D08,WEBR8-v1,WEBSCHEMA1 field inventory + WEBR8 decision contract
VOC_ASSAY_PROTOCOL_ENZYME_CONC,assay_protocol,enzyme_conc,crude lipase,canonical_term_candidate,crude lipase,2,current_public_value_domain_count,none_observed,observed_not_promoted,forbidden_in_WEBSCHEMA1,"empty string, not_reported, needs_manual_check, and business values remain distinct",not_promoted,WEBR8-D08,WEBR8-v1,WEBSCHEMA1 field inventory + WEBR8 decision contract
VOC_ASSAY_PROTOCOL_ENZYME_CONC,assay_protocol,enzyme_conc,not_reported,sentinel,not_reported,588,current_public_value_domain_count,none_observed,observed_sentinel_locked_distinct,forbidden_in_WEBSCHEMA1,"empty string, not_reported, needs_manual_check, and business values remain distinct",not_promoted,WEBR8-D08,WEBR8-v1,WEBSCHEMA1 field inventory + WEBR8 decision contract
VOC_ASSAY_PROTOCOL_INCUBATION_PH,assay_protocol,incubation_pH,10,canonical_term_candidate,10,6,current_public_value_domain_count,none_observed,observed_not_promoted,forbidden_in_WEBSCHEMA1,"empty string, not_reported, needs_manual_check, and business values remain distinct",not_promoted,WEBR8-D08,WEBR8-v1,WEBSCHEMA1 field inventory + WEBR8 decision contract
VOC_ASSAY_PROTOCOL_INCUBATION_PH,assay_protocol,incubation_pH,11.0,canonical_term_candidate,11.0,1,current_public_value_domain_count,none_observed,observed_not_promoted,forbidden_in_WEBSCHEMA1,"empty string, not_reported, needs_manual_check, and business values remain distinct",not_promoted,WEBR8-D08,WEBR8-v1,WEBSCHEMA1 field inventory + WEBR8 decision contract
VOC_ASSAY_PROTOCOL_INCUBATION_PH,assay_protocol,incubation_pH,12,canonical_term_candidate,12,5,current_public_value_domain_count,none_observed,observed_not_promoted,forbidden_in_WEBSCHEMA1,"empty string, not_reported, needs_manual_check, and business values remain distinct",not_promoted,WEBR8-D08,WEBR8-v1,WEBSCHEMA1 field inventory + WEBR8 decision contract
VOC_ASSAY_PROTOCOL_INCUBATION_PH,assay_protocol,incubation_pH,4.0,canonical_term_candidate,4.0,1,current_public_value_domain_count,none_observed,observed_not_promoted,forbidden_in_WEBSCHEMA1,"empty string, not_reported, needs_manual_check, and business values remain distinct",not_promoted,WEBR8-D08,WEBR8-v1,WEBSCHEMA1 field inventory + WEBR8 decision contract
VOC_ASSAY_PROTOCOL_INCUBATION_PH,assay_protocol,incubation_pH,6.0,canonical_term_candidate,6.0,2,current_public_value_domain_count,none_observed,observed_not_promoted,forbidden_in_WEBSCHEMA1,"empty string, not_reported, needs_manual_check, and business values remain distinct",not_promoted,WEBR8-D08,WEBR8-v1,WEBSCHEMA1 field inventory + WEBR8 decision contract
VOC_ASSAY_PROTOCOL_INCUBATION_PH,assay_protocol,incubation_pH,6.5,canonical_term_candidate,6.5,6,current_public_value_domain_count,none_observed,observed_not_promoted,forbidden_in_WEBSCHEMA1,"empty string, not_reported, needs_manual_check, and business values remain distinct",not_promoted,WEBR8-D08,WEBR8-v1,WEBSCHEMA1 field inventory + WEBR8 decision contract
VOC_ASSAY_PROTOCOL_INCUBATION_PH,assay_protocol,incubation_pH,6.8,canonical_term_candidate,6.8,1,current_public_value_domain_count,none_observed,observed_not_promoted,forbidden_in_WEBSCHEMA1,"empty string, not_reported, needs_manual_check, and business values remain distinct",not_promoted,WEBR8-D08,WEBR8-v1,WEBSCHEMA1 field inventory + WEBR8 decision contract
VOC_ASSAY_PROTOCOL_INCUBATION_PH,assay_protocol,incubation_pH,7.0,canonical_term_candidate,7.0,95,current_public_value_domain_count,none_observed,observed_not_promoted,forbidden_in_WEBSCHEMA1,"empty string, not_reported, needs_manual_check, and business values remain distinct",not_promoted,WEBR8-D08,WEBR8-v1,WEBSCHEMA1 field inventory + WEBR8 decision contract
VOC_ASSAY_PROTOCOL_INCUBATION_PH,assay_protocol,incubation_pH,7.0-8.5,canonical_term_candidate,7.0-8.5,1,current_public_value_domain_count,none_observed,observed_not_promoted,forbidden_in_WEBSCHEMA1,"empty string, not_reported, needs_manual_check, and business values remain distinct",not_promoted,WEBR8-D08,WEBR8-v1,WEBSCHEMA1 field inventory + WEBR8 decision contract
VOC_ASSAY_PROTOCOL_INCUBATION_PH,assay_protocol,incubation_pH,7.2,canonical_term_candidate,7.2,15,current_public_value_domain_count,none_observed,observed_not_promoted,forbidden_in_WEBSCHEMA1,"empty string, not_reported, needs_manual_check, and business values remain distinct",not_promoted,WEBR8-D08,WEBR8-v1,WEBSCHEMA1 field inventory + WEBR8 decision contract
VOC_ASSAY_PROTOCOL_INCUBATION_PH,assay_protocol,incubation_pH,7.5,canonical_term_candidate,7.5,24,current_public_value_domain_count,none_observed,observed_not_promoted,forbidden_in_WEBSCHEMA1,"empty string, not_reported, needs_manual_check, and business values remain distinct",not_promoted,WEBR8-D08,WEBR8-v1,WEBSCHEMA1 field inventory + WEBR8 decision contract
VOC_ASSAY_PROTOCOL_INCUBATION_PH,assay_protocol,incubation_pH,7.6,canonical_term_candidate,7.6,2,current_public_value_domain_count,none_observed,observed_not_promoted,forbidden_in_WEBSCHEMA1,"empty string, not_reported, needs_manual_check, and business values remain distinct",not_promoted,WEBR8-D08,WEBR8-v1,WEBSCHEMA1 field inventory + WEBR8 decision contract
VOC_ASSAY_PROTOCOL_INCUBATION_PH,assay_protocol,incubation_pH,8,canonical_term_candidate,8,104,current_public_value_domain_count,none_observed,observed_not_promoted,forbidden_in_WEBSCHEMA1,"empty string, not_reported, needs_manual_check, and business values remain distinct",not_promoted,WEBR8-D08,WEBR8-v1,WEBSCHEMA1 field inventory + WEBR8 decision contract
VOC_ASSAY_PROTOCOL_INCUBATION_PH,assay_protocol,incubation_pH,8.0,canonical_term_candidate,8.0,121,current_public_value_domain_count,none_observed,observed_not_promoted,forbidden_in_WEBSCHEMA1,"empty string, not_reported, needs_manual_check, and business values remain distinct",not_promoted,WEBR8-D08,WEBR8-v1,WEBSCHEMA1 field inventory + WEBR8 decision contract
VOC_ASSAY_PROTOCOL_INCUBATION_PH,assay_protocol,incubation_pH,8.2,canonical_term_candidate,8.2,4,current_public_value_domain_count,none_observed,observed_not_promoted,forbidden_in_WEBSCHEMA1,"empty string, not_reported, needs_manual_check, and business values remain distinct",not_promoted,WEBR8-D08,WEBR8-v1,WEBSCHEMA1 field inventory + WEBR8 decision contract
VOC_ASSAY_PROTOCOL_INCUBATION_PH,assay_protocol,incubation_pH,8.5,canonical_term_candidate,8.5,8,current_public_value_domain_count,none_observed,observed_not_promoted,forbidden_in_WEBSCHEMA1,"empty string, not_reported, needs_manual_check, and business values remain distinct",not_promoted,WEBR8-D08,WEBR8-v1,WEBSCHEMA1 field inventory + WEBR8 decision contract
VOC_ASSAY_PROTOCOL_INCUBATION_PH,assay_protocol,incubation_pH,9.0,canonical_term_candidate,9.0,3,current_public_value_domain_count,none_observed,observed_not_promoted,forbidden_in_WEBSCHEMA1,"empty string, not_reported, needs_manual_check, and business values remain distinct",not_promoted,WEBR8-D08,WEBR8-v1,WEBSCHEMA1 field inventory + WEBR8 decision contract
VOC_ASSAY_PROTOCOL_INCUBATION_PH,assay_protocol,incubation_pH,not_applicable,sentinel,not_applicable,2,current_public_value_domain_count,none_observed,observed_sentinel_locked_distinct,forbidden_in_WEBSCHEMA1,"empty string, not_reported, needs_manual_check, and business values remain distinct",not_promoted,WEBR8-D08,WEBR8-v1,WEBSCHEMA1 field inventory + WEBR8 decision contract
VOC_ASSAY_PROTOCOL_INCUBATION_PH,assay_protocol,incubation_pH,not_reported,sentinel,not_reported,427,current_public_value_domain_count,none_observed,observed_sentinel_locked_distinct,forbidden_in_WEBSCHEMA1,"empty string, not_reported, needs_manual_check, and business values remain distinct",not_promoted,WEBR8-D08,WEBR8-v1,WEBSCHEMA1 field inventory + WEBR8 decision contract
VOC_ASSAY_PROTOCOL_INCUBATION_TEMP_C,assay_protocol,incubation_temp_C,10,canonical_term_candidate,10,2,current_public_value_domain_count,none_observed,observed_not_promoted,forbidden_in_WEBSCHEMA1,"empty string, not_reported, needs_manual_check, and business values remain distinct",not_promoted,WEBR8-D08,WEBR8-v1,WEBSCHEMA1 field inventory + WEBR8 decision contract
VOC_ASSAY_PROTOCOL_INCUBATION_TEMP_C,assay_protocol,incubation_temp_C,15,canonical_term_candidate,15,2,current_public_value_domain_count,none_observed,observed_not_promoted,forbidden_in_WEBSCHEMA1,"empty string, not_reported, needs_manual_check, and business values remain distinct",not_promoted,WEBR8-D08,WEBR8-v1,WEBSCHEMA1 field inventory + WEBR8 decision contract
VOC_ASSAY_PROTOCOL_INCUBATION_TEMP_C,assay_protocol,incubation_temp_C,20,canonical_term_candidate,20,12,current_public_value_domain_count,none_observed,observed_not_promoted,forbidden_in_WEBSCHEMA1,"empty string, not_reported, needs_manual_check, and business values remain distinct",not_promoted,WEBR8-D08,WEBR8-v1,WEBSCHEMA1 field inventory + WEBR8 decision contract
VOC_ASSAY_PROTOCOL_INCUBATION_TEMP_C,assay_protocol,incubation_temp_C,23,canonical_term_candidate,23,2,current_public_value_domain_count,none_observed,observed_not_promoted,forbidden_in_WEBSCHEMA1,"empty string, not_reported, needs_manual_check, and business values remain distinct",not_promoted,WEBR8-D08,WEBR8-v1,WEBSCHEMA1 field inventory + WEBR8 decision contract
VOC_ASSAY_PROTOCOL_INCUBATION_TEMP_C,assay_protocol,incubation_temp_C,25,canonical_term_candidate,25,296,current_public_value_domain_count,none_observed,observed_not_promoted,forbidden_in_WEBSCHEMA1,"empty string, not_reported, needs_manual_check, and business values remain distinct",not_promoted,WEBR8-D08,WEBR8-v1,WEBSCHEMA1 field inventory + WEBR8 decision contract
VOC_ASSAY_PROTOCOL_INCUBATION_TEMP_C,assay_protocol,incubation_temp_C,25+/-2,canonical_term_candidate,25+/-2,3,current_public_value_domain_count,none_observed,observed_not_promoted,forbidden_in_WEBSCHEMA1,"empty string, not_reported, needs_manual_check, and business values remain distinct",not_promoted,WEBR8-D08,WEBR8-v1,WEBSCHEMA1 field inventory + WEBR8 decision contract
VOC_ASSAY_PROTOCOL_INCUBATION_TEMP_C,assay_protocol,incubation_temp_C,28,canonical_term_candidate,28,14,current_public_value_domain_count,none_observed,observed_not_promoted,forbidden_in_WEBSCHEMA1,"empty string, not_reported, needs_manual_check, and business values remain distinct",not_promoted,WEBR8-D08,WEBR8-v1,WEBSCHEMA1 field inventory + WEBR8 decision contract
VOC_ASSAY_PROTOCOL_INCUBATION_TEMP_C,assay_protocol,incubation_temp_C,30,canonical_term_candidate,30,123,current_public_value_domain_count,none_observed,observed_not_promoted,forbidden_in_WEBSCHEMA1,"empty string, not_reported, needs_manual_check, and business values remain distinct",not_promoted,WEBR8-D08,WEBR8-v1,WEBSCHEMA1 field inventory + WEBR8 decision contract
VOC_ASSAY_PROTOCOL_INCUBATION_TEMP_C,assay_protocol,incubation_temp_C,33,canonical_term_candidate,33,1,current_public_value_domain_count,none_observed,observed_not_promoted,forbidden_in_WEBSCHEMA1,"empty string, not_reported, needs_manual_check, and business values remain distinct",not_promoted,WEBR8-D08,WEBR8-v1,WEBSCHEMA1 field inventory + WEBR8 decision contract
VOC_ASSAY_PROTOCOL_INCUBATION_TEMP_C,assay_protocol,incubation_temp_C,35,canonical_term_candidate,35,13,current_public_value_domain_count,none_observed,observed_not_promoted,forbidden_in_WEBSCHEMA1,"empty string, not_reported, needs_manual_check, and business values remain distinct",not_promoted,WEBR8-D08,WEBR8-v1,WEBSCHEMA1 field inventory + WEBR8 decision contract
VOC_ASSAY_PROTOCOL_INCUBATION_TEMP_C,assay_protocol,incubation_temp_C,37,canonical_term_candidate,37,62,current_public_value_domain_count,none_observed,observed_not_promoted,forbidden_in_WEBSCHEMA1,"empty string, not_reported, needs_manual_check, and business values remain distinct",not_promoted,WEBR8-D08,WEBR8-v1,WEBSCHEMA1 field inventory + WEBR8 decision contract
VOC_ASSAY_PROTOCOL_INCUBATION_TEMP_C,assay_protocol,incubation_temp_C,4,canonical_term_candidate,4,29,current_public_value_domain_count,none_observed,observed_not_promoted,forbidden_in_WEBSCHEMA1,"empty string, not_reported, needs_manual_check, and business values remain distinct",not_promoted,WEBR8-D08,WEBR8-v1,WEBSCHEMA1 field inventory + WEBR8 decision contract
VOC_ASSAY_PROTOCOL_INCUBATION_TEMP_C,assay_protocol,incubation_temp_C,4-8,canonical_term_candidate,4-8,2,current_public_value_domain_count,none_observed,observed_not_promoted,forbidden_in_WEBSCHEMA1,"empty string, not_reported, needs_manual_check, and business values remain distinct",not_promoted,WEBR8-D08,WEBR8-v1,WEBSCHEMA1 field inventory + WEBR8 decision contract
VOC_ASSAY_PROTOCOL_INCUBATION_TEMP_C,assay_protocol,incubation_temp_C,40,canonical_term_candidate,40,58,current_public_value_domain_count,none_observed,observed_not_promoted,forbidden_in_WEBSCHEMA1,"empty string, not_reported, needs_manual_check, and business values remain distinct",not_promoted,WEBR8-D08,WEBR8-v1,WEBSCHEMA1 field inventory + WEBR8 decision contract
VOC_ASSAY_PROTOCOL_INCUBATION_TEMP_C,assay_protocol,incubation_temp_C,45,canonical_term_candidate,45,27,current_public_value_domain_count,none_observed,observed_not_promoted,forbidden_in_WEBSCHEMA1,"empty string, not_reported, needs_manual_check, and business values remain distinct",not_promoted,WEBR8-D08,WEBR8-v1,WEBSCHEMA1 field inventory + WEBR8 decision contract
VOC_ASSAY_PROTOCOL_INCUBATION_TEMP_C,assay_protocol,incubation_temp_C,47,canonical_term_candidate,47,33,current_public_value_domain_count,none_observed,observed_not_promoted,forbidden_in_WEBSCHEMA1,"empty string, not_reported, needs_manual_check, and business values remain distinct",not_promoted,WEBR8-D08,WEBR8-v1,WEBSCHEMA1 field inventory + WEBR8 decision contract
VOC_ASSAY_PROTOCOL_INCUBATION_TEMP_C,assay_protocol,incubation_temp_C,5,canonical_term_candidate,5,2,current_public_value_domain_count,none_observed,observed_not_promoted,forbidden_in_WEBSCHEMA1,"empty string, not_reported, needs_manual_check, and business values remain distinct",not_promoted,WEBR8-D08,WEBR8-v1,WEBSCHEMA1 field inventory + WEBR8 decision contract
VOC_ASSAY_PROTOCOL_INCUBATION_TEMP_C,assay_protocol,incubation_temp_C,50,canonical_term_candidate,50,24,current_public_value_domain_count,none_observed,observed_not_promoted,forbidden_in_WEBSCHEMA1,"empty string, not_reported, needs_manual_check, and business values remain distinct",not_promoted,WEBR8-D08,WEBR8-v1,WEBSCHEMA1 field inventory + WEBR8 decision contract
VOC_ASSAY_PROTOCOL_INCUBATION_TEMP_C,assay_protocol,incubation_temp_C,60,canonical_term_candidate,60,22,current_public_value_domain_count,none_observed,observed_not_promoted,forbidden_in_WEBSCHEMA1,"empty string, not_reported, needs_manual_check, and business values remain distinct",not_promoted,WEBR8-D08,WEBR8-v1,WEBSCHEMA1 field inventory + WEBR8 decision contract
VOC_ASSAY_PROTOCOL_INCUBATION_TEMP_C,assay_protocol,incubation_temp_C,65,canonical_term_candidate,65,3,current_public_value_domain_count,none_observed,observed_not_promoted,forbidden_in_WEBSCHEMA1,"empty string, not_reported, needs_manual_check, and business values remain distinct",not_promoted,WEBR8-D08,WEBR8-v1,WEBSCHEMA1 field inventory + WEBR8 decision contract
VOC_ASSAY_PROTOCOL_INCUBATION_TEMP_C,assay_protocol,incubation_temp_C,70,canonical_term_candidate,70,5,current_public_value_domain_count,none_observed,observed_not_promoted,forbidden_in_WEBSCHEMA1,"empty string, not_reported, needs_manual_check, and business values remain distinct",not_promoted,WEBR8-D08,WEBR8-v1,WEBSCHEMA1 field inventory + WEBR8 decision contract
VOC_ASSAY_PROTOCOL_INCUBATION_TEMP_C,assay_protocol,incubation_temp_C,boiling_methanol,canonical_term_candidate,boiling_methanol,1,current_public_value_domain_count,none_observed,observed_not_promoted,forbidden_in_WEBSCHEMA1,"empty string, not_reported, needs_manual_check, and business values remain distinct",not_promoted,WEBR8-D08,WEBR8-v1,WEBSCHEMA1 field inventory + WEBR8 decision contract
VOC_ASSAY_PROTOCOL_INCUBATION_TEMP_C,assay_protocol,incubation_temp_C,needs_manual_check,sentinel,needs_manual_check,1,current_public_value_domain_count,none_observed,observed_sentinel_locked_distinct,forbidden_in_WEBSCHEMA1,"empty string, not_reported, needs_manual_check, and business values remain distinct",not_promoted,WEBR8-D08,WEBR8-v1,WEBSCHEMA1 field inventory + WEBR8 decision contract
VOC_ASSAY_PROTOCOL_INCUBATION_TEMP_C,assay_protocol,incubation_temp_C,not_reported,sentinel,not_reported,112,current_public_value_domain_count,none_observed,observed_sentinel_locked_distinct,forbidden_in_WEBSCHEMA1,"empty string, not_reported, needs_manual_check, and business values remain distinct",not_promoted,WEBR8-D08,WEBR8-v1,WEBSCHEMA1 field inventory + WEBR8 decision contract
VOC_ASSAY_PROTOCOL_METHANOL_ADDITION_MODE,assay_protocol,methanol_addition_mode,10% v/v methanol preincubation,canonical_term_candidate,10% v/v methanol preincubation,5,current_public_value_domain_count,none_observed,observed_not_promoted,forbidden_in_WEBSCHEMA1,"empty string, not_reported, needs_manual_check, and business values remain distinct",not_promoted,WEBR8-D08,WEBR8-v1,WEBSCHEMA1 field inventory + WEBR8 decision contract
VOC_ASSAY_PROTOCOL_METHANOL_ADDITION_MODE,assay_protocol,methanol_addition_mode,1:1 v/v methanol challenge,canonical_term_candidate,1:1 v/v methanol challenge,1,current_public_value_domain_count,none_observed,observed_not_promoted,forbidden_in_WEBSCHEMA1,"empty string, not_reported, needs_manual_check, and business values remain distinct",not_promoted,WEBR8-D08,WEBR8-v1,WEBSCHEMA1 field inventory + WEBR8 decision contract
VOC_ASSAY_PROTOCOL_METHANOL_ADDITION_MODE,assay_protocol,methanol_addition_mode,20% v/v methanol preincubation,canonical_term_candidate,20% v/v methanol preincubation,3,current_public_value_domain_count,none_observed,observed_not_promoted,forbidden_in_WEBSCHEMA1,"empty string, not_reported, needs_manual_check, and business values remain distinct",not_promoted,WEBR8-D08,WEBR8-v1,WEBSCHEMA1 field inventory + WEBR8 decision contract
VOC_ASSAY_PROTOCOL_METHANOL_ADDITION_MODE,assay_protocol,methanol_addition_mode,25% v/v methanol solvent exposure,canonical_term_candidate,25% v/v methanol solvent exposure,1,current_public_value_domain_count,none_observed,observed_not_promoted,forbidden_in_WEBSCHEMA1,"empty string, not_reported, needs_manual_check, and business values remain distinct",not_promoted,WEBR8-D08,WEBR8-v1,WEBSCHEMA1 field inventory + WEBR8 decision contract
VOC_ASSAY_PROTOCOL_METHANOL_ADDITION_MODE,assay_protocol,methanol_addition_mode,30% v/v methanol preincubation,canonical_term_candidate,30% v/v methanol preincubation,3,current_public_value_domain_count,none_observed,observed_not_promoted,forbidden_in_WEBSCHEMA1,"empty string, not_reported, needs_manual_check, and business values remain distinct",not_promoted,WEBR8-D08,WEBR8-v1,WEBSCHEMA1 field inventory + WEBR8 decision contract
VOC_ASSAY_PROTOCOL_METHANOL_ADDITION_MODE,assay_protocol,methanol_addition_mode,30% v/v methanol solvent exposure,canonical_term_candidate,30% v/v methanol solvent exposure,1,current_public_value_domain_count,none_observed,observed_not_promoted,forbidden_in_WEBSCHEMA1,"empty string, not_reported, needs_manual_check, and business values remain distinct",not_promoted,WEBR8-D08,WEBR8-v1,WEBSCHEMA1 field inventory + WEBR8 decision contract
VOC_ASSAY_PROTOCOL_METHANOL_ADDITION_MODE,assay_protocol,methanol_addition_mode,40% v/v methanol preincubation,canonical_term_candidate,40% v/v methanol preincubation,3,current_public_value_domain_count,none_observed,observed_not_promoted,forbidden_in_WEBSCHEMA1,"empty string, not_reported, needs_manual_check, and business values remain distinct",not_promoted,WEBR8-D08,WEBR8-v1,WEBSCHEMA1 field inventory + WEBR8 decision contract
VOC_ASSAY_PROTOCOL_METHANOL_ADDITION_MODE,assay_protocol,methanol_addition_mode,50% v/v methanol preincubation,canonical_term_candidate,50% v/v methanol preincubation,3,current_public_value_domain_count,none_observed,observed_not_promoted,forbidden_in_WEBSCHEMA1,"empty string, not_reported, needs_manual_check, and business values remain distinct",not_promoted,WEBR8-D08,WEBR8-v1,WEBSCHEMA1 field inventory + WEBR8 decision contract
VOC_ASSAY_PROTOCOL_METHANOL_ADDITION_MODE,assay_protocol,methanol_addition_mode,60% v/v methanol preincubation,canonical_term_candidate,60% v/v methanol preincubation,3,current_public_value_domain_count,none_observed,observed_not_promoted,forbidden_in_WEBSCHEMA1,"empty string, not_reported, needs_manual_check, and business values remain distinct",not_promoted,WEBR8-D08,WEBR8-v1,WEBSCHEMA1 field inventory + WEBR8 decision contract
VOC_ASSAY_PROTOCOL_METHANOL_ADDITION_MODE,assay_protocol,methanol_addition_mode,70% v/v methanol preincubation,canonical_term_candidate,70% v/v methanol preincubation,3,current_public_value_domain_count,none_observed,observed_not_promoted,forbidden_in_WEBSCHEMA1,"empty string, not_reported, needs_manual_check, and business values remain distinct",not_promoted,WEBR8-D08,WEBR8-v1,WEBSCHEMA1 field inventory + WEBR8 decision contract
VOC_ASSAY_PROTOCOL_METHANOL_ADDITION_MODE,assay_protocol,methanol_addition_mode,80% v/v methanol preincubation,canonical_term_candidate,80% v/v methanol preincubation,3,current_public_value_domain_count,none_observed,observed_not_promoted,forbidden_in_WEBSCHEMA1,"empty string, not_reported, needs_manual_check, and business values remain distinct",not_promoted,WEBR8-D08,WEBR8-v1,WEBSCHEMA1 field inventory + WEBR8 decision contract
VOC_ASSAY_PROTOCOL_METHANOL_ADDITION_MODE,assay_protocol,methanol_addition_mode,90% v/v methanol preincubation,canonical_term_candidate,90% v/v methanol preincubation,3,current_public_value_domain_count,none_observed,observed_not_promoted,forbidden_in_WEBSCHEMA1,"empty string, not_reported, needs_manual_check, and business values remain distinct",not_promoted,WEBR8-D08,WEBR8-v1,WEBSCHEMA1 field inventory + WEBR8 decision contract
VOC_ASSAY_PROTOCOL_METHANOL_ADDITION_MODE,assay_protocol,methanol_addition_mode,"equal volume methanol, final 50% v/v",canonical_term_candidate,"equal volume methanol, final 50% v/v",2,current_public_value_domain_count,none_observed,observed_not_promoted,forbidden_in_WEBSCHEMA1,"empty string, not_reported, needs_manual_check, and business values remain distinct",not_promoted,WEBR8-D08,WEBR8-v1,WEBSCHEMA1 field inventory + WEBR8 decision contract
VOC_ASSAY_PROTOCOL_METHANOL_ADDITION_MODE,assay_protocol,methanol_addition_mode,"equal volume organic solvent, final 50% v/v",canonical_term_candidate,"equal volume organic solvent, final 50% v/v",1,current_public_value_domain_count,none_observed,observed_not_promoted,forbidden_in_WEBSCHEMA1,"empty string, not_reported, needs_manual_check, and business values remain distinct",not_promoted,WEBR8-D08,WEBR8-v1,WEBSCHEMA1 field inventory + WEBR8 decision contract
VOC_ASSAY_PROTOCOL_METHANOL_ADDITION_MODE,assay_protocol,methanol_addition_mode,in_assay,canonical_term_candidate,in_assay,6,current_public_value_domain_count,none_observed,observed_not_promoted,forbidden_in_WEBSCHEMA1,"empty string, not_reported, needs_manual_check, and business values remain distinct",not_promoted,WEBR8-D08,WEBR8-v1,WEBSCHEMA1 field inventory + WEBR8 decision contract
VOC_ASSAY_PROTOCOL_METHANOL_ADDITION_MODE,assay_protocol,methanol_addition_mode,"methanol in toluene, controlled water activity",canonical_term_candidate,"methanol in toluene, controlled water activity",2,current_public_value_domain_count,none_observed,observed_not_promoted,forbidden_in_WEBSCHEMA1,"empty string, not_reported, needs_manual_check, and business values remain distinct",not_promoted,WEBR8-D08,WEBR8-v1,WEBSCHEMA1 field inventory + WEBR8 decision contract
VOC_ASSAY_PROTOCOL_METHANOL_ADDITION_MODE,assay_protocol,methanol_addition_mode,one_shot,canonical_term_candidate,one_shot,693,current_public_value_domain_count,none_observed,observed_not_promoted,forbidden_in_WEBSCHEMA1,"empty string, not_reported, needs_manual_check, and business values remain distinct",not_promoted,WEBR8-D08,WEBR8-v1,WEBSCHEMA1 field inventory + WEBR8 decision contract
VOC_ASSAY_PROTOCOL_METHANOL_ADDITION_MODE,assay_protocol,methanol_addition_mode,preincubated_enzyme,canonical_term_candidate,preincubated_enzyme,73,current_public_value_domain_count,none_observed,observed_not_promoted,forbidden_in_WEBSCHEMA1,"empty string, not_reported, needs_manual_check, and business values remain distinct",not_promoted,WEBR8-D08,WEBR8-v1,WEBSCHEMA1 field inventory + WEBR8 decision contract
VOC_ASSAY_PROTOCOL_METHANOL_ADDITION_MODE,assay_protocol,methanol_addition_mode,preincubation,canonical_term_candidate,preincubation,37,current_public_value_domain_count,none_observed,observed_not_promoted,forbidden_in_WEBSCHEMA1,"empty string, not_reported, needs_manual_check, and business values remain distinct",not_promoted,WEBR8-D08,WEBR8-v1,WEBSCHEMA1 field inventory + WEBR8 decision contract
VOC_ASSAY_PROTOCOL_METHANOL_ADDITION_MODE,assay_protocol,methanol_addition_mode,stepwise,canonical_term_candidate,stepwise,3,current_public_value_domain_count,none_observed,observed_not_promoted,forbidden_in_WEBSCHEMA1,"empty string, not_reported, needs_manual_check, and business values remain distinct",not_promoted,WEBR8-D08,WEBR8-v1,WEBSCHEMA1 field inventory + WEBR8 decision contract
VOC_ASSAY_PROTOCOL_SOURCE_TYPE,assay_protocol,source_type,literature,canonical_term_candidate,literature,684,current_public_value_domain_count,none_observed,observed_not_promoted,forbidden_in_WEBSCHEMA1,"empty string, not_reported, needs_manual_check, and business values remain distinct",not_promoted,WEBR8-D08,WEBR8-v1,WEBSCHEMA1 field inventory + WEBR8 decision contract
VOC_ASSAY_PROTOCOL_SOURCE_TYPE,assay_protocol,source_type,patent,canonical_term_candidate,patent,165,current_public_value_domain_count,none_observed,observed_not_promoted,forbidden_in_WEBSCHEMA1,"empty string, not_reported, needs_manual_check, and business values remain distinct",not_promoted,WEBR8-D08,WEBR8-v1,WEBSCHEMA1 field inventory + WEBR8 decision contract
VOC_CANONICAL_ENZYMES_ALPHAFOLD_STATUS,canonical_enzymes,alphafold_status,available,canonical_term_candidate,available,324,current_public_value_domain_count,none_observed,observed_not_promoted,forbidden_in_WEBSCHEMA1,"empty string, not_reported, needs_manual_check, and business values remain distinct",not_promoted,WEBR8-D08,WEBR8-v1,WEBSCHEMA1 field inventory + WEBR8 decision contract
VOC_CANONICAL_ENZYMES_ALPHAFOLD_STATUS,canonical_enzymes,alphafold_status,not_checked,canonical_term_candidate,not_checked,331,current_public_value_domain_count,none_observed,observed_not_promoted,forbidden_in_WEBSCHEMA1,"empty string, not_reported, needs_manual_check, and business values remain distinct",not_promoted,WEBR8-D08,WEBR8-v1,WEBSCHEMA1 field inventory + WEBR8 decision contract
VOC_CANONICAL_ENZYMES_ALPHAFOLD_STATUS,canonical_enzymes,alphafold_status,not_in_afdb,canonical_term_candidate,not_in_afdb,16,current_public_value_domain_count,none_observed,observed_not_promoted,forbidden_in_WEBSCHEMA1,"empty string, not_reported, needs_manual_check, and business values remain distinct",not_promoted,WEBR8-D08,WEBR8-v1,WEBSCHEMA1 field inventory + WEBR8 decision contract
VOC_CANONICAL_ENZYMES_DUPLICATE_OF,canonical_enzymes,duplicate_of,LMT_0002,canonical_term_candidate,LMT_0002,5,current_public_value_domain_count,none_observed,observed_not_promoted,forbidden_in_WEBSCHEMA1,"empty string, not_reported, needs_manual_check, and business values remain distinct",not_promoted,WEBR8-D08,WEBR8-v1,WEBSCHEMA1 field inventory + WEBR8 decision contract
VOC_CANONICAL_ENZYMES_DUPLICATE_OF,canonical_enzymes,duplicate_of,LMT_0003,canonical_term_candidate,LMT_0003,2,current_public_value_domain_count,none_observed,observed_not_promoted,forbidden_in_WEBSCHEMA1,"empty string, not_reported, needs_manual_check, and business values remain distinct",not_promoted,WEBR8-D08,WEBR8-v1,WEBSCHEMA1 field inventory + WEBR8 decision contract
VOC_CANONICAL_ENZYMES_DUPLICATE_OF,canonical_enzymes,duplicate_of,LMT_0022,canonical_term_candidate,LMT_0022,13,current_public_value_domain_count,none_observed,observed_not_promoted,forbidden_in_WEBSCHEMA1,"empty string, not_reported, needs_manual_check, and business values remain distinct",not_promoted,WEBR8-D08,WEBR8-v1,WEBSCHEMA1 field inventory + WEBR8 decision contract
VOC_CANONICAL_ENZYMES_DUPLICATE_OF,canonical_enzymes,duplicate_of,LMT_0050,canonical_term_candidate,LMT_0050,2,current_public_value_domain_count,none_observed,observed_not_promoted,forbidden_in_WEBSCHEMA1,"empty string, not_reported, needs_manual_check, and business values remain distinct",not_promoted,WEBR8-D08,WEBR8-v1,WEBSCHEMA1 field inventory + WEBR8 decision contract
VOC_CANONICAL_ENZYMES_DUPLICATE_OF,canonical_enzymes,duplicate_of,LMT_0056,canonical_term_candidate,LMT_0056,1,current_public_value_domain_count,none_observed,observed_not_promoted,forbidden_in_WEBSCHEMA1,"empty string, not_reported, needs_manual_check, and business values remain distinct",not_promoted,WEBR8-D08,WEBR8-v1,WEBSCHEMA1 field inventory + WEBR8 decision contract
VOC_CANONICAL_ENZYMES_DUPLICATE_OF,canonical_enzymes,duplicate_of,LMT_0120,canonical_term_candidate,LMT_0120,1,current_public_value_domain_count,none_observed,observed_not_promoted,forbidden_in_WEBSCHEMA1,"empty string, not_reported, needs_manual_check, and business values remain distinct",not_promoted,WEBR8-D08,WEBR8-v1,WEBSCHEMA1 field inventory + WEBR8 decision contract
VOC_CANONICAL_ENZYMES_DUPLICATE_OF,canonical_enzymes,duplicate_of,LMT_0121,canonical_term_candidate,LMT_0121,1,current_public_value_domain_count,none_observed,observed_not_promoted,forbidden_in_WEBSCHEMA1,"empty string, not_reported, needs_manual_check, and business values remain distinct",not_promoted,WEBR8-D08,WEBR8-v1,WEBSCHEMA1 field inventory + WEBR8 decision contract
VOC_CANONICAL_ENZYMES_DUPLICATE_OF,canonical_enzymes,duplicate_of,LMT_0122,canonical_term_candidate,LMT_0122,1,current_public_value_domain_count,none_observed,observed_not_promoted,forbidden_in_WEBSCHEMA1,"empty string, not_reported, needs_manual_check, and business values remain distinct",not_promoted,WEBR8-D08,WEBR8-v1,WEBSCHEMA1 field inventory + WEBR8 decision contract
VOC_CANONICAL_ENZYMES_DUPLICATE_OF,canonical_enzymes,duplicate_of,LMT_0123,canonical_term_candidate,LMT_0123,1,current_public_value_domain_count,none_observed,observed_not_promoted,forbidden_in_WEBSCHEMA1,"empty string, not_reported, needs_manual_check, and business values remain distinct",not_promoted,WEBR8-D08,WEBR8-v1,WEBSCHEMA1 field inventory + WEBR8 decision contract
VOC_CANONICAL_ENZYMES_DUPLICATE_OF,canonical_enzymes,duplicate_of,LMT_0124,canonical_term_candidate,LMT_0124,1,current_public_value_domain_count,none_observed,observed_not_promoted,forbidden_in_WEBSCHEMA1,"empty string, not_reported, needs_manual_check, and business values remain distinct",not_promoted,WEBR8-D08,WEBR8-v1,WEBSCHEMA1 field inventory + WEBR8 decision contract
VOC_CANONICAL_ENZYMES_DUPLICATE_OF,canonical_enzymes,duplicate_of,LMT_0125,canonical_term_candidate,LMT_0125,1,current_public_value_domain_count,none_observed,observed_not_promoted,forbidden_in_WEBSCHEMA1,"empty string, not_reported, needs_manual_check, and business values remain distinct",not_promoted,WEBR8-D08,WEBR8-v1,WEBSCHEMA1 field inventory + WEBR8 decision contract
VOC_CANONICAL_ENZYMES_DUPLICATE_OF,canonical_enzymes,duplicate_of,LMT_0132,canonical_term_candidate,LMT_0132,3,current_public_value_domain_count,none_observed,observed_not_promoted,forbidden_in_WEBSCHEMA1,"empty string, not_reported, needs_manual_check, and business values remain distinct",not_promoted,WEBR8-D08,WEBR8-v1,WEBSCHEMA1 field inventory + WEBR8 decision contract
VOC_CANONICAL_ENZYMES_DUPLICATE_OF,canonical_enzymes,duplicate_of,LMT_0133,canonical_term_candidate,LMT_0133,1,current_public_value_domain_count,none_observed,observed_not_promoted,forbidden_in_WEBSCHEMA1,"empty string, not_reported, needs_manual_check, and business values remain distinct",not_promoted,WEBR8-D08,WEBR8-v1,WEBSCHEMA1 field inventory + WEBR8 decision contract
VOC_CANONICAL_ENZYMES_DUPLICATE_OF,canonical_enzymes,duplicate_of,LMT_0134,canonical_term_candidate,LMT_0134,1,current_public_value_domain_count,none_observed,observed_not_promoted,forbidden_in_WEBSCHEMA1,"empty string, not_reported, needs_manual_check, and business values remain distinct",not_promoted,WEBR8-D08,WEBR8-v1,WEBSCHEMA1 field inventory + WEBR8 decision contract
VOC_CANONICAL_ENZYMES_DUPLICATE_OF,canonical_enzymes,duplicate_of,LMT_0135,canonical_term_candidate,LMT_0135,1,current_public_value_domain_count,none_observed,observed_not_promoted,forbidden_in_WEBSCHEMA1,"empty string, not_reported, needs_manual_check, and business values remain distinct",not_promoted,WEBR8-D08,WEBR8-v1,WEBSCHEMA1 field inventory + WEBR8 decision contract
VOC_CANONICAL_ENZYMES_DUPLICATE_OF,canonical_enzymes,duplicate_of,LMT_0136,canonical_term_candidate,LMT_0136,1,current_public_value_domain_count,none_observed,observed_not_promoted,forbidden_in_WEBSCHEMA1,"empty string, not_reported, needs_manual_check, and business values remain distinct",not_promoted,WEBR8-D08,WEBR8-v1,WEBSCHEMA1 field inventory + WEBR8 decision contract
VOC_CANONICAL_ENZYMES_DUPLICATE_OF,canonical_enzymes,duplicate_of,LMT_0137,canonical_term_candidate,LMT_0137,1,current_public_value_domain_count,none_observed,observed_not_promoted,forbidden_in_WEBSCHEMA1,"empty string, not_reported, needs_manual_check, and business values remain distinct",not_promoted,WEBR8-D08,WEBR8-v1,WEBSCHEMA1 field inventory + WEBR8 decision contract
VOC_CANONICAL_ENZYMES_DUPLICATE_OF,canonical_enzymes,duplicate_of,LMT_0138,canonical_term_candidate,LMT_0138,1,current_public_value_domain_count,none_observed,observed_not_promoted,forbidden_in_WEBSCHEMA1,"empty string, not_reported, needs_manual_check, and business values remain distinct",not_promoted,WEBR8-D08,WEBR8-v1,WEBSCHEMA1 field inventory + WEBR8 decision contract
VOC_CANONICAL_ENZYMES_DUPLICATE_OF,canonical_enzymes,duplicate_of,LMT_0225,canonical_term_candidate,LMT_0225,2,current_public_value_domain_count,none_observed,observed_not_promoted,forbidden_in_WEBSCHEMA1,"empty string, not_reported, needs_manual_check, and business values remain distinct",not_promoted,WEBR8-D08,WEBR8-v1,WEBSCHEMA1 field inventory + WEBR8 decision contract
VOC_CANONICAL_ENZYMES_DUPLICATE_OF,canonical_enzymes,duplicate_of,LMT_0231,canonical_term_candidate,LMT_0231,3,current_public_value_domain_count,none_observed,observed_not_promoted,forbidden_in_WEBSCHEMA1,"empty string, not_reported, needs_manual_check, and business values remain distinct",not_promoted,WEBR8-D08,WEBR8-v1,WEBSCHEMA1 field inventory + WEBR8 decision contract
VOC_CANONICAL_ENZYMES_DUPLICATE_OF,canonical_enzymes,duplicate_of,LMT_0234,canonical_term_candidate,LMT_0234,1,current_public_value_domain_count,none_observed,observed_not_promoted,forbidden_in_WEBSCHEMA1,"empty string, not_reported, needs_manual_check, and business values remain distinct",not_promoted,WEBR8-D08,WEBR8-v1,WEBSCHEMA1 field inventory + WEBR8 decision contract
VOC_CANONICAL_ENZYMES_DUPLICATE_OF,canonical_enzymes,duplicate_of,LMT_0247,canonical_term_candidate,LMT_0247,3,current_public_value_domain_count,none_observed,observed_not_promoted,forbidden_in_WEBSCHEMA1,"empty string, not_reported, needs_manual_check, and business values remain distinct",not_promoted,WEBR8-D08,WEBR8-v1,WEBSCHEMA1 field inventory + WEBR8 decision contract
VOC_CANONICAL_ENZYMES_DUPLICATE_OF,canonical_enzymes,duplicate_of,LMT_0269,canonical_term_candidate,LMT_0269,1,current_public_value_domain_count,none_observed,observed_not_promoted,forbidden_in_WEBSCHEMA1,"empty string, not_reported, needs_manual_check, and business values remain distinct",not_promoted,WEBR8-D08,WEBR8-v1,WEBSCHEMA1 field inventory + WEBR8 decision contract
VOC_CANONICAL_ENZYMES_DUPLICATE_OF,canonical_enzymes,duplicate_of,LMT_0285,canonical_term_candidate,LMT_0285,2,current_public_value_domain_count,none_observed,observed_not_promoted,forbidden_in_WEBSCHEMA1,"empty string, not_reported, needs_manual_check, and business values remain distinct",not_promoted,WEBR8-D08,WEBR8-v1,WEBSCHEMA1 field inventory + WEBR8 decision contract
VOC_CANONICAL_ENZYMES_DUPLICATE_OF,canonical_enzymes,duplicate_of,LMT_0436,canonical_term_candidate,LMT_0436,1,current_public_value_domain_count,none_observed,observed_not_promoted,forbidden_in_WEBSCHEMA1,"empty string, not_reported, needs_manual_check, and business values remain distinct",not_promoted,WEBR8-D08,WEBR8-v1,WEBSCHEMA1 field inventory + WEBR8 decision contract
VOC_CANONICAL_ENZYMES_DUPLICATE_OF,canonical_enzymes,duplicate_of,LMT_0446,canonical_term_candidate,LMT_0446,1,current_public_value_domain_count,none_observed,observed_not_promoted,forbidden_in_WEBSCHEMA1,"empty string, not_reported, needs_manual_check, and business values remain distinct",not_promoted,WEBR8-D08,WEBR8-v1,WEBSCHEMA1 field inventory + WEBR8 decision contract
VOC_CANONICAL_ENZYMES_DUPLICATE_OF,canonical_enzymes,duplicate_of,LMT_0465,canonical_term_candidate,LMT_0465,1,current_public_value_domain_count,none_observed,observed_not_promoted,forbidden_in_WEBSCHEMA1,"empty string, not_reported, needs_manual_check, and business values remain distinct",not_promoted,WEBR8-D08,WEBR8-v1,WEBSCHEMA1 field inventory + WEBR8 decision contract
VOC_CANONICAL_ENZYMES_DUPLICATE_OF,canonical_enzymes,duplicate_of,LMT_0477,canonical_term_candidate,LMT_0477,1,current_public_value_domain_count,none_observed,observed_not_promoted,forbidden_in_WEBSCHEMA1,"empty string, not_reported, needs_manual_check, and business values remain distinct",not_promoted,WEBR8-D08,WEBR8-v1,WEBSCHEMA1 field inventory + WEBR8 decision contract
VOC_CANONICAL_ENZYMES_ENTITY_ROLE,canonical_enzymes,entity_role,canonical_entity,canonical_term_candidate,canonical_entity,347,current_public_value_domain_count,none_observed,observed_not_promoted,forbidden_in_WEBSCHEMA1,"empty string, not_reported, needs_manual_check, and business values remain distinct",not_promoted,WEBR8-D08,WEBR8-v1,WEBSCHEMA1 field inventory + WEBR8 decision contract
VOC_CANONICAL_ENZYMES_ENTITY_ROLE,canonical_enzymes,entity_role,engineered_chimera,canonical_term_candidate,engineered_chimera,1,current_public_value_domain_count,none_observed,observed_not_promoted,forbidden_in_WEBSCHEMA1,"empty string, not_reported, needs_manual_check, and business values remain distinct",not_promoted,WEBR8-D08,WEBR8-v1,WEBSCHEMA1 field inventory + WEBR8 decision contract
VOC_CANONICAL_ENZYMES_ENTITY_ROLE,canonical_enzymes,entity_role,enzyme_identity,canonical_term_candidate,enzyme_identity,14,current_public_value_domain_count,none_observed,observed_not_promoted,forbidden_in_WEBSCHEMA1,"empty string, not_reported, needs_manual_check, and business values remain distinct",not_promoted,WEBR8-D08,WEBR8-v1,WEBSCHEMA1 field inventory + WEBR8 decision contract
VOC_CANONICAL_ENZYMES_ENTITY_ROLE,canonical_enzymes,entity_role,known_duplicate_alias,canonical_term_candidate,known_duplicate_alias,16,current_public_value_domain_count,none_observed,observed_not_promoted,forbidden_in_WEBSCHEMA1,"empty string, not_reported, needs_manual_check, and business values remain distinct",not_promoted,WEBR8-D08,WEBR8-v1,WEBSCHEMA1 field inventory + WEBR8 decision contract
VOC_CANONICAL_ENZYMES_ENTITY_ROLE,canonical_enzymes,entity_role,mutant_or_engineered_construct,canonical_term_candidate,mutant_or_engineered_construct,253,current_public_value_domain_count,none_observed,observed_not_promoted,forbidden_in_WEBSCHEMA1,"empty string, not_reported, needs_manual_check, and business values remain distinct",not_promoted,WEBR8-D08,WEBR8-v1,WEBSCHEMA1 field inventory + WEBR8 decision contract
VOC_CANONICAL_ENZYMES_ENTITY_ROLE,canonical_enzymes,entity_role,same_uniprot_wt_alias,canonical_term_candidate,same_uniprot_wt_alias,40,current_public_value_domain_count,none_observed,observed_not_promoted,forbidden_in_WEBSCHEMA1,"empty string, not_reported, needs_manual_check, and business values remain distinct",not_promoted,WEBR8-D08,WEBR8-v1,WEBSCHEMA1 field inventory + WEBR8 decision contract
VOC_CANONICAL_ENZYMES_EXPRESSION_HOST,canonical_enzymes,expression_host,Aspergillus oryzae,canonical_term_candidate,Aspergillus oryzae,3,current_public_value_domain_count,none_observed,observed_not_promoted,forbidden_in_WEBSCHEMA1,"empty string, not_reported, needs_manual_check, and business values remain distinct",not_promoted,WEBR8-D08,WEBR8-v1,WEBSCHEMA1 field inventory + WEBR8 decision contract
VOC_CANONICAL_ENZYMES_EXPRESSION_HOST,canonical_enzymes,expression_host,Escherichia coli,canonical_term_candidate,Escherichia coli,33,current_public_value_domain_count,none_observed,observed_not_promoted,forbidden_in_WEBSCHEMA1,"empty string, not_reported, needs_manual_check, and business values remain distinct",not_promoted,WEBR8-D08,WEBR8-v1,WEBSCHEMA1 field inventory + WEBR8 decision contract
VOC_CANONICAL_ENZYMES_EXPRESSION_HOST,canonical_enzymes,expression_host,Escherichia coli BL21(DE3),canonical_term_candidate,Escherichia coli BL21(DE3),5,current_public_value_domain_count,none_observed,observed_not_promoted,forbidden_in_WEBSCHEMA1,"empty string, not_reported, needs_manual_check, and business values remain distinct",not_promoted,WEBR8-D08,WEBR8-v1,WEBSCHEMA1 field inventory + WEBR8 decision contract
VOC_CANONICAL_ENZYMES_EXPRESSION_HOST,canonical_enzymes,expression_host,Escherichia coli JM109,canonical_term_candidate,Escherichia coli JM109,1,current_public_value_domain_count,none_observed,observed_not_promoted,forbidden_in_WEBSCHEMA1,"empty string, not_reported, needs_manual_check, and business values remain distinct",not_promoted,WEBR8-D08,WEBR8-v1,WEBSCHEMA1 field inventory + WEBR8 decision contract
VOC_CANONICAL_ENZYMES_EXPRESSION_HOST,canonical_enzymes,expression_host,Komagataella phaffii,canonical_term_candidate,Komagataella phaffii,2,current_public_value_domain_count,none_observed,observed_not_promoted,forbidden_in_WEBSCHEMA1,"empty string, not_reported, needs_manual_check, and business values remain distinct",not_promoted,WEBR8-D08,WEBR8-v1,WEBSCHEMA1 field inventory + WEBR8 decision contract
VOC_CANONICAL_ENZYMES_EXPRESSION_HOST,canonical_enzymes,expression_host,Pichia pastoris,canonical_term_candidate,Pichia pastoris,50,current_public_value_domain_count,none_observed,observed_not_promoted,forbidden_in_WEBSCHEMA1,"empty string, not_reported, needs_manual_check, and business values remain distinct",not_promoted,WEBR8-D08,WEBR8-v1,WEBSCHEMA1 field inventory + WEBR8 decision contract
VOC_CANONICAL_ENZYMES_EXPRESSION_HOST,canonical_enzymes,expression_host,Saccharomyces cerevisiae,canonical_term_candidate,Saccharomyces cerevisiae,1,current_public_value_domain_count,none_observed,observed_not_promoted,forbidden_in_WEBSCHEMA1,"empty string, not_reported, needs_manual_check, and business values remain distinct",not_promoted,WEBR8-D08,WEBR8-v1,WEBSCHEMA1 field inventory + WEBR8 decision contract
VOC_CANONICAL_ENZYMES_HAS_CHILDREN,canonical_enzymes,has_children,False,canonical_term_candidate,False,635,current_public_value_domain_count,none_observed,observed_not_promoted,forbidden_in_WEBSCHEMA1,"empty string, not_reported, needs_manual_check, and business values remain distinct",not_promoted,WEBR8-D08,WEBR8-v1,WEBSCHEMA1 field inventory + WEBR8 decision contract
VOC_CANONICAL_ENZYMES_HAS_CHILDREN,canonical_enzymes,has_children,True,canonical_term_candidate,True,17,current_public_value_domain_count,none_observed,observed_not_promoted,forbidden_in_WEBSCHEMA1,"empty string, not_reported, needs_manual_check, and business values remain distinct",not_promoted,WEBR8-D08,WEBR8-v1,WEBSCHEMA1 field inventory + WEBR8 decision contract
VOC_CANONICAL_ENZYMES_IDENTIFIER_VERIFY_STATUS,canonical_enzymes,identifier_verify_status,claimed_unverified,canonical_term_candidate,claimed_unverified,236,current_public_value_domain_count,none_observed,observed_not_promoted,forbidden_in_WEBSCHEMA1,"empty string, not_reported, needs_manual_check, and business values remain distinct",not_promoted,WEBR8-D08,WEBR8-v1,WEBSCHEMA1 field inventory + WEBR8 decision contract
VOC_CANONICAL_ENZYMES_IDENTIFIER_VERIFY_STATUS,canonical_enzymes,identifier_verify_status,verified_exact,canonical_term_candidate,verified_exact,68,current_public_value_domain_count,none_observed,observed_not_promoted,forbidden_in_WEBSCHEMA1,"empty string, not_reported, needs_manual_check, and business values remain distinct",not_promoted,WEBR8-D08,WEBR8-v1,WEBSCHEMA1 field inventory + WEBR8 decision contract
VOC_CANONICAL_ENZYMES_IDENTIFIER_VERIFY_STATUS,canonical_enzymes,identifier_verify_status,verified_reviewed,canonical_term_candidate,verified_reviewed,117,current_public_value_domain_count,none_observed,observed_not_promoted,forbidden_in_WEBSCHEMA1,"empty string, not_reported, needs_manual_check, and business values remain distinct",not_promoted,WEBR8-D08,WEBR8-v1,WEBSCHEMA1 field inventory + WEBR8 decision contract
VOC_CANONICAL_ENZYMES_IS_MUTANT_RESOLVED,canonical_enzymes,is_mutant_resolved,False,canonical_term_candidate,False,377,current_public_value_domain_count,none_observed,observed_not_promoted,forbidden_in_WEBSCHEMA1,"empty string, not_reported, needs_manual_check, and business values remain distinct",not_promoted,WEBR8-D08,WEBR8-v1,WEBSCHEMA1 field inventory + WEBR8 decision contract
VOC_CANONICAL_ENZYMES_IS_MUTANT_RESOLVED,canonical_enzymes,is_mutant_resolved,group_level_entry,canonical_term_candidate,group_level_entry,12,current_public_value_domain_count,none_observed,observed_not_promoted,forbidden_in_WEBSCHEMA1,"empty string, not_reported, needs_manual_check, and business values remain distinct",not_promoted,WEBR8-D08,WEBR8-v1,WEBSCHEMA1 field inventory + WEBR8 decision contract
VOC_CANONICAL_ENZYMES_IS_MUTANT_RESOLVED,canonical_enzymes,is_mutant_resolved,not_applicable,sentinel,not_applicable,18,current_public_value_domain_count,none_observed,observed_sentinel_locked_distinct,forbidden_in_WEBSCHEMA1,"empty string, not_reported, needs_manual_check, and business values remain distinct",not_promoted,WEBR8-D08,WEBR8-v1,WEBSCHEMA1 field inventory + WEBR8 decision contract
VOC_CANONICAL_ENZYMES_IS_MUTANT_RESOLVED,canonical_enzymes,is_mutant_resolved,True,canonical_term_candidate,True,262,current_public_value_domain_count,none_observed,observed_not_promoted,forbidden_in_WEBSCHEMA1,"empty string, not_reported, needs_manual_check, and business values remain distinct",not_promoted,WEBR8-D08,WEBR8-v1,WEBSCHEMA1 field inventory + WEBR8 decision contract
VOC_CANONICAL_ENZYMES_IS_MUTANT_RESOLVED,canonical_enzymes,is_mutant_resolved,yes,canonical_term_candidate,yes,2,current_public_value_domain_count,none_observed,observed_not_promoted,forbidden_in_WEBSCHEMA1,"empty string, not_reported, needs_manual_check, and business values remain distinct",not_promoted,WEBR8-D08,WEBR8-v1,WEBSCHEMA1 field inventory + WEBR8 decision contract
VOC_CANONICAL_ENZYMES_PRIORITY_GROUP,canonical_enzymes,priority_group,A,canonical_term_candidate,A,97,current_public_value_domain_count,none_observed,observed_not_promoted,forbidden_in_WEBSCHEMA1,"empty string, not_reported, needs_manual_check, and business values remain distinct",not_promoted,WEBR8-D08,WEBR8-v1,WEBSCHEMA1 field inventory + WEBR8 decision contract
VOC_CANONICAL_ENZYMES_PRIORITY_GROUP,canonical_enzymes,priority_group,B,canonical_term_candidate,B,21,current_public_value_domain_count,none_observed,observed_not_promoted,forbidden_in_WEBSCHEMA1,"empty string, not_reported, needs_manual_check, and business values remain distinct",not_promoted,WEBR8-D08,WEBR8-v1,WEBSCHEMA1 field inventory + WEBR8 decision contract
VOC_CANONICAL_ENZYMES_PRIORITY_GROUP,canonical_enzymes,priority_group,B37,canonical_term_candidate,B37,4,current_public_value_domain_count,none_observed,observed_not_promoted,forbidden_in_WEBSCHEMA1,"empty string, not_reported, needs_manual_check, and business values remain distinct",not_promoted,WEBR8-D08,WEBR8-v1,WEBSCHEMA1 field inventory + WEBR8 decision contract
VOC_CANONICAL_ENZYMES_PRIORITY_GROUP,canonical_enzymes,priority_group,B70b,canonical_term_candidate,B70b,3,current_public_value_domain_count,none_observed,observed_not_promoted,forbidden_in_WEBSCHEMA1,"empty string, not_reported, needs_manual_check, and business values remain distinct",not_promoted,WEBR8-D08,WEBR8-v1,WEBSCHEMA1 field inventory + WEBR8 decision contract
VOC_CANONICAL_ENZYMES_PRIORITY_GROUP,canonical_enzymes,priority_group,B82,canonical_term_candidate,B82,16,current_public_value_domain_count,none_observed,observed_not_promoted,forbidden_in_WEBSCHEMA1,"empty string, not_reported, needs_manual_check, and business values remain distinct",not_promoted,WEBR8-D08,WEBR8-v1,WEBSCHEMA1 field inventory + WEBR8 decision contract
VOC_CANONICAL_ENZYMES_PRIORITY_GROUP,canonical_enzymes,priority_group,B98,canonical_term_candidate,B98,1,current_public_value_domain_count,none_observed,observed_not_promoted,forbidden_in_WEBSCHEMA1,"empty string, not_reported, needs_manual_check, and business values remain distinct",not_promoted,WEBR8-D08,WEBR8-v1,WEBSCHEMA1 field inventory + WEBR8 decision contract
VOC_CANONICAL_ENZYMES_PRIORITY_GROUP,canonical_enzymes,priority_group,C,canonical_term_candidate,C,251,current_public_value_domain_count,none_observed,observed_not_promoted,forbidden_in_WEBSCHEMA1,"empty string, not_reported, needs_manual_check, and business values remain distinct",not_promoted,WEBR8-D08,WEBR8-v1,WEBSCHEMA1 field inventory + WEBR8 decision contract
VOC_CANONICAL_ENZYMES_PRIORITY_GROUP,canonical_enzymes,priority_group,D,canonical_term_candidate,D,132,current_public_value_domain_count,none_observed,observed_not_promoted,forbidden_in_WEBSCHEMA1,"empty string, not_reported, needs_manual_check, and business values remain distinct",not_promoted,WEBR8-D08,WEBR8-v1,WEBSCHEMA1 field inventory + WEBR8 decision contract
VOC_CANONICAL_ENZYMES_PRIORITY_GROUP,canonical_enzymes,priority_group,direct_intrinsic_literature_2026_06_12,canonical_term_candidate,direct_intrinsic_literature_2026_06_12,2,current_public_value_domain_count,none_observed,observed_not_promoted,forbidden_in_WEBSCHEMA1,"empty string, not_reported, needs_manual_check, and business values remain distinct",not_promoted,WEBR8-D08,WEBR8-v1,WEBSCHEMA1 field inventory + WEBR8 decision contract
VOC_CANONICAL_ENZYMES_PRIORITY_GROUP,canonical_enzymes,priority_group,direct_intrinsic_thesis_2026_06_14,canonical_term_candidate,direct_intrinsic_thesis_2026_06_14,8,current_public_value_domain_count,none_observed,observed_not_promoted,forbidden_in_WEBSCHEMA1,"empty string, not_reported, needs_manual_check, and business values remain distinct",not_promoted,WEBR8-D08,WEBR8-v1,WEBSCHEMA1 field inventory + WEBR8 decision contract
VOC_CANONICAL_ENZYMES_PRIORITY_GROUP,canonical_enzymes,priority_group,E,canonical_term_candidate,E,12,current_public_value_domain_count,none_observed,observed_not_promoted,forbidden_in_WEBSCHEMA1,"empty string, not_reported, needs_manual_check, and business values remain distinct",not_promoted,WEBR8-D08,WEBR8-v1,WEBSCHEMA1 field inventory + WEBR8 decision contract
VOC_CANONICAL_ENZYMES_PRIORITY_GROUP,canonical_enzymes,priority_group,P1A_B27_20260622,canonical_term_candidate,P1A_B27_20260622,1,current_public_value_domain_count,none_observed,observed_not_promoted,forbidden_in_WEBSCHEMA1,"empty string, not_reported, needs_manual_check, and business values remain distinct",not_promoted,WEBR8-D08,WEBR8-v1,WEBSCHEMA1 field inventory + WEBR8 decision contract
VOC_CANONICAL_ENZYMES_PRIORITY_GROUP,canonical_enzymes,priority_group,patent_closure,canonical_term_candidate,patent_closure,101,current_public_value_domain_count,none_observed,observed_not_promoted,forbidden_in_WEBSCHEMA1,"empty string, not_reported, needs_manual_check, and business values remain distinct",not_promoted,WEBR8-D08,WEBR8-v1,WEBSCHEMA1 field inventory + WEBR8 decision contract
VOC_CANONICAL_ENZYMES_PRIORITY_GROUP,canonical_enzymes,priority_group,S3_writeback,canonical_term_candidate,S3_writeback,19,current_public_value_domain_count,none_observed,observed_not_promoted,forbidden_in_WEBSCHEMA1,"empty string, not_reported, needs_manual_check, and business values remain distinct",not_promoted,WEBR8-D08,WEBR8-v1,WEBSCHEMA1 field inventory + WEBR8 decision contract
VOC_CANONICAL_ENZYMES_PRIORITY_GROUP,canonical_enzymes,priority_group,S8b_writeback,canonical_term_candidate,S8b_writeback,2,current_public_value_domain_count,none_observed,observed_not_promoted,forbidden_in_WEBSCHEMA1,"empty string, not_reported, needs_manual_check, and business values remain distinct",not_promoted,WEBR8-D08,WEBR8-v1,WEBSCHEMA1 field inventory + WEBR8 decision contract
VOC_CANONICAL_ENZYMES_PRIORITY_GROUP,canonical_enzymes,priority_group,Sprint_B_citation_graph_batch1,canonical_term_candidate,Sprint_B_citation_graph_batch1,1,current_public_value_domain_count,none_observed,observed_not_promoted,forbidden_in_WEBSCHEMA1,"empty string, not_reported, needs_manual_check, and business values remain distinct",not_promoted,WEBR8-D08,WEBR8-v1,WEBSCHEMA1 field inventory + WEBR8 decision contract
VOC_CANONICAL_ENZYMES_REVIEW_FLAG,canonical_enzymes,review_flag,deprecated_commercial_mixture,canonical_term_candidate,deprecated_commercial_mixture,1,current_public_value_domain_count,none_observed,observed_not_promoted,forbidden_in_WEBSCHEMA1,"empty string, not_reported, needs_manual_check, and business values remain distinct",not_promoted,WEBR8-D08,WEBR8-v1,WEBSCHEMA1 field inventory + WEBR8 decision contract
VOC_CANONICAL_ENZYMES_REVIEW_FLAG,canonical_enzymes,review_flag,deprecated_user_decision,canonical_term_candidate,deprecated_user_decision,6,current_public_value_domain_count,none_observed,observed_not_promoted,forbidden_in_WEBSCHEMA1,"empty string, not_reported, needs_manual_check, and business values remain distinct",not_promoted,WEBR8-D08,WEBR8-v1,WEBSCHEMA1 field inventory + WEBR8 decision contract
VOC_CANONICAL_ENZYMES_REVIEW_FLAG,canonical_enzymes,review_flag,needs_manual_check,sentinel,needs_manual_check,37,current_public_value_domain_count,none_observed,observed_sentinel_locked_distinct,forbidden_in_WEBSCHEMA1,"empty string, not_reported, needs_manual_check, and business values remain distinct",not_promoted,WEBR8-D08,WEBR8-v1,WEBSCHEMA1 field inventory + WEBR8 decision contract
VOC_CANONICAL_ENZYMES_STRUCTURE_MODELING_READINESS,canonical_enzymes,structure_modeling_readiness,needs_manual_check,sentinel,needs_manual_check,38,current_public_value_domain_count,none_observed,observed_sentinel_locked_distinct,forbidden_in_WEBSCHEMA1,"empty string, not_reported, needs_manual_check, and business values remain distinct",not_promoted,WEBR8-D08,WEBR8-v1,WEBSCHEMA1 field inventory + WEBR8 decision contract
VOC_CANONICAL_ENZYMES_STRUCTURE_MODELING_READINESS,canonical_enzymes,structure_modeling_readiness,parent_scaffold_only,canonical_term_candidate,parent_scaffold_only,1,current_public_value_domain_count,none_observed,observed_not_promoted,forbidden_in_WEBSCHEMA1,"empty string, not_reported, needs_manual_check, and business values remain distinct",not_promoted,WEBR8-D08,WEBR8-v1,WEBSCHEMA1 field inventory + WEBR8 decision contract
VOC_CANONICAL_ENZYMES_STRUCTURE_MODELING_READINESS,canonical_enzymes,structure_modeling_readiness,phenotype_ready,canonical_term_candidate,phenotype_ready,210,current_public_value_domain_count,none_observed,observed_not_promoted,forbidden_in_WEBSCHEMA1,"empty string, not_reported, needs_manual_check, and business values remain distinct",not_promoted,WEBR8-D08,WEBR8-v1,WEBSCHEMA1 field inventory + WEBR8 decision contract
VOC_CANONICAL_ENZYMES_STRUCTURE_MODELING_READINESS,canonical_enzymes,structure_modeling_readiness,queued,canonical_term_candidate,queued,4,current_public_value_domain_count,none_observed,observed_not_promoted,forbidden_in_WEBSCHEMA1,"empty string, not_reported, needs_manual_check, and business values remain distinct",not_promoted,WEBR8-D08,WEBR8-v1,WEBSCHEMA1 field inventory + WEBR8 decision contract
VOC_CANONICAL_ENZYMES_STRUCTURE_MODELING_READINESS,canonical_enzymes,structure_modeling_readiness,ready,canonical_term_candidate,ready,2,current_public_value_domain_count,none_observed,observed_not_promoted,forbidden_in_WEBSCHEMA1,"empty string, not_reported, needs_manual_check, and business values remain distinct",not_promoted,WEBR8-D08,WEBR8-v1,WEBSCHEMA1 field inventory + WEBR8 decision contract
VOC_CANONICAL_ENZYMES_STRUCTURE_MODELING_READINESS,canonical_enzymes,structure_modeling_readiness,sequence_ready,canonical_term_candidate,sequence_ready,284,current_public_value_domain_count,none_observed,observed_not_promoted,forbidden_in_WEBSCHEMA1,"empty string, not_reported, needs_manual_check, and business values remain distinct",not_promoted,WEBR8-D08,WEBR8-v1,WEBSCHEMA1 field inventory + WEBR8 decision contract
VOC_CANONICAL_ENZYMES_STRUCTURE_MODELING_READINESS,canonical_enzymes,structure_modeling_readiness,structure_ready,canonical_term_candidate,structure_ready,132,current_public_value_domain_count,none_observed,observed_not_promoted,forbidden_in_WEBSCHEMA1,"empty string, not_reported, needs_manual_check, and business values remain distinct",not_promoted,WEBR8-D08,WEBR8-v1,WEBSCHEMA1 field inventory + WEBR8 decision contract
VOC_CONDITION_RESPONSE_FEATURES_C50_STATUS,condition_response_features,c50_status,Above measured range,canonical_term_candidate,Above measured range,49,current_public_value_domain_count,none_observed,observed_not_promoted,forbidden_in_WEBSCHEMA1,"empty string, not_reported, needs_manual_check, and business values remain distinct",not_promoted,WEBR8-D08,WEBR8-v1,WEBSCHEMA1 field inventory + WEBR8 decision contract
VOC_CONDITION_RESPONSE_FEATURES_C50_STATUS,condition_response_features,c50_status,Below measured range,canonical_term_candidate,Below measured range,23,current_public_value_domain_count,none_observed,observed_not_promoted,forbidden_in_WEBSCHEMA1,"empty string, not_reported, needs_manual_check, and business values remain distinct",not_promoted,WEBR8-D08,WEBR8-v1,WEBSCHEMA1 field inventory + WEBR8 decision contract
VOC_CONDITION_RESPONSE_FEATURES_C50_STATUS,condition_response_features,c50_status,Non-monotonic response,canonical_term_candidate,Non-monotonic response,56,current_public_value_domain_count,none_observed,observed_not_promoted,forbidden_in_WEBSCHEMA1,"empty string, not_reported, needs_manual_check, and business values remain distinct",not_promoted,WEBR8-D08,WEBR8-v1,WEBSCHEMA1 field inventory + WEBR8 decision contract
VOC_CONDITION_RESPONSE_FEATURES_C50_STATUS,condition_response_features,c50_status,Unresolved,canonical_term_candidate,Unresolved,47,current_public_value_domain_count,none_observed,observed_not_promoted,forbidden_in_WEBSCHEMA1,"empty string, not_reported, needs_manual_check, and business values remain distinct",not_promoted,WEBR8-D08,WEBR8-v1,WEBSCHEMA1 field inventory + WEBR8 decision contract
VOC_CONDITION_RESPONSE_FEATURES_C50_STATUS,condition_response_features,c50_status,Within measured range,canonical_term_candidate,Within measured range,105,current_public_value_domain_count,none_observed,observed_not_promoted,forbidden_in_WEBSCHEMA1,"empty string, not_reported, needs_manual_check, and business values remain distinct",not_promoted,WEBR8-D08,WEBR8-v1,WEBSCHEMA1 field inventory + WEBR8 decision contract
VOC_CONDITION_RESPONSE_FEATURES_COVERAGE,condition_response_features,coverage,Limited dose coverage,canonical_term_candidate,Limited dose coverage,47,current_public_value_domain_count,none_observed,observed_not_promoted,forbidden_in_WEBSCHEMA1,"empty string, not_reported, needs_manual_check, and business values remain distinct",not_promoted,WEBR8-D08,WEBR8-v1,WEBSCHEMA1 field inventory + WEBR8 decision contract
VOC_CONDITION_RESPONSE_FEATURES_COVERAGE,condition_response_features,coverage,Measured-range feature available,canonical_term_candidate,Measured-range feature available,233,current_public_value_domain_count,none_observed,observed_not_promoted,forbidden_in_WEBSCHEMA1,"empty string, not_reported, needs_manual_check, and business values remain distinct",not_promoted,WEBR8-D08,WEBR8-v1,WEBSCHEMA1 field inventory + WEBR8 decision contract
VOC_CONDITION_RESPONSE_FEATURES_CURVE_SHAPE,condition_response_features,curve_shape,Approximately flat,canonical_term_candidate,Approximately flat,8,current_public_value_domain_count,none_observed,observed_not_promoted,forbidden_in_WEBSCHEMA1,"empty string, not_reported, needs_manual_check, and business values remain distinct",not_promoted,WEBR8-D08,WEBR8-v1,WEBSCHEMA1 field inventory + WEBR8 decision contract
VOC_CONDITION_RESPONSE_FEATURES_CURVE_SHAPE,condition_response_features,curve_shape,Drop then plateau,canonical_term_candidate,Drop then plateau,7,current_public_value_domain_count,none_observed,observed_not_promoted,forbidden_in_WEBSCHEMA1,"empty string, not_reported, needs_manual_check, and business values remain distinct",not_promoted,WEBR8-D08,WEBR8-v1,WEBSCHEMA1 field inventory + WEBR8 decision contract
VOC_CONDITION_RESPONSE_FEATURES_CURVE_SHAPE,condition_response_features,curve_shape,Gradual decline,canonical_term_candidate,Gradual decline,55,current_public_value_domain_count,none_observed,observed_not_promoted,forbidden_in_WEBSCHEMA1,"empty string, not_reported, needs_manual_check, and business values remain distinct",not_promoted,WEBR8-D08,WEBR8-v1,WEBSCHEMA1 field inventory + WEBR8 decision contract
VOC_CONDITION_RESPONSE_FEATURES_CURVE_SHAPE,condition_response_features,curve_shape,Insufficient shape information,canonical_term_candidate,Insufficient shape information,50,current_public_value_domain_count,none_observed,observed_not_promoted,forbidden_in_WEBSCHEMA1,"empty string, not_reported, needs_manual_check, and business values remain distinct",not_promoted,WEBR8-D08,WEBR8-v1,WEBSCHEMA1 field inventory + WEBR8 decision contract
VOC_CONDITION_RESPONSE_FEATURES_CURVE_SHAPE,condition_response_features,curve_shape,Nonmonotonic,canonical_term_candidate,Nonmonotonic,91,current_public_value_domain_count,none_observed,observed_not_promoted,forbidden_in_WEBSCHEMA1,"empty string, not_reported, needs_manual_check, and business values remain distinct",not_promoted,WEBR8-D08,WEBR8-v1,WEBSCHEMA1 field inventory + WEBR8 decision contract
VOC_CONDITION_RESPONSE_FEATURES_CURVE_SHAPE,condition_response_features,curve_shape,Plateau then drop,canonical_term_candidate,Plateau then drop,20,current_public_value_domain_count,none_observed,observed_not_promoted,forbidden_in_WEBSCHEMA1,"empty string, not_reported, needs_manual_check, and business values remain distinct",not_promoted,WEBR8-D08,WEBR8-v1,WEBSCHEMA1 field inventory + WEBR8 decision contract
VOC_CONDITION_RESPONSE_FEATURES_CURVE_SHAPE,condition_response_features,curve_shape,Steep transition,canonical_term_candidate,Steep transition,49,current_public_value_domain_count,none_observed,observed_not_promoted,forbidden_in_WEBSCHEMA1,"empty string, not_reported, needs_manual_check, and business values remain distinct",not_promoted,WEBR8-D08,WEBR8-v1,WEBSCHEMA1 field inventory + WEBR8 decision contract
VOC_CONDITION_RESPONSE_FEATURES_FEATURE_CONFIDENCE,condition_response_features,feature_confidence,High,canonical_term_candidate,High,86,current_public_value_domain_count,none_observed,observed_not_promoted,forbidden_in_WEBSCHEMA1,"empty string, not_reported, needs_manual_check, and business values remain distinct",not_promoted,WEBR8-D08,WEBR8-v1,WEBSCHEMA1 field inventory + WEBR8 decision contract
VOC_CONDITION_RESPONSE_FEATURES_FEATURE_CONFIDENCE,condition_response_features,feature_confidence,Moderate,canonical_term_candidate,Moderate,147,current_public_value_domain_count,none_observed,observed_not_promoted,forbidden_in_WEBSCHEMA1,"empty string, not_reported, needs_manual_check, and business values remain distinct",not_promoted,WEBR8-D08,WEBR8-v1,WEBSCHEMA1 field inventory + WEBR8 decision contract
VOC_CONDITION_RESPONSE_FEATURES_FEATURE_CONFIDENCE,condition_response_features,feature_confidence,Unresolved,canonical_term_candidate,Unresolved,47,current_public_value_domain_count,none_observed,observed_not_promoted,forbidden_in_WEBSCHEMA1,"empty string, not_reported, needs_manual_check, and business values remain distinct",not_promoted,WEBR8-D08,WEBR8-v1,WEBSCHEMA1 field inventory + WEBR8 decision contract
VOC_CONDITION_RESPONSE_FEATURES_MEASURED_EVIDENCE,condition_response_features,measured_evidence,Eligible for measured / derived evidence,canonical_term_candidate,Eligible for measured / derived evidence,233,current_public_value_domain_count,none_observed,observed_not_promoted,forbidden_in_WEBSCHEMA1,"empty string, not_reported, needs_manual_check, and business values remain distinct",not_promoted,WEBR8-D08,WEBR8-v1,WEBSCHEMA1 field inventory + WEBR8 decision contract
VOC_CONDITION_RESPONSE_FEATURES_MEASURED_EVIDENCE,condition_response_features,measured_evidence,Retained with evidence limitations,canonical_term_candidate,Retained with evidence limitations,47,current_public_value_domain_count,none_observed,observed_not_promoted,forbidden_in_WEBSCHEMA1,"empty string, not_reported, needs_manual_check, and business values remain distinct",not_promoted,WEBR8-D08,WEBR8-v1,WEBSCHEMA1 field inventory + WEBR8 decision contract
VOC_CONDITION_RESPONSE_FEATURES_MONOTONICITY,condition_response_features,monotonicity,Approximately flat,canonical_term_candidate,Approximately flat,8,current_public_value_domain_count,none_observed,observed_not_promoted,forbidden_in_WEBSCHEMA1,"empty string, not_reported, needs_manual_check, and business values remain distinct",not_promoted,WEBR8-D08,WEBR8-v1,WEBSCHEMA1 field inventory + WEBR8 decision contract
VOC_CONDITION_RESPONSE_FEATURES_MONOTONICITY,condition_response_features,monotonicity,Monotonic decline,canonical_term_candidate,Monotonic decline,131,current_public_value_domain_count,none_observed,observed_not_promoted,forbidden_in_WEBSCHEMA1,"empty string, not_reported, needs_manual_check, and business values remain distinct",not_promoted,WEBR8-D08,WEBR8-v1,WEBSCHEMA1 field inventory + WEBR8 decision contract
VOC_CONDITION_RESPONSE_FEATURES_MONOTONICITY,condition_response_features,monotonicity,Non-monotonic,canonical_term_candidate,Non-monotonic,91,current_public_value_domain_count,none_observed,observed_not_promoted,forbidden_in_WEBSCHEMA1,"empty string, not_reported, needs_manual_check, and business values remain distinct",not_promoted,WEBR8-D08,WEBR8-v1,WEBSCHEMA1 field inventory + WEBR8 decision contract
VOC_CONDITION_RESPONSE_FEATURES_MONOTONICITY,condition_response_features,monotonicity,Uncertain,canonical_term_candidate,Uncertain,50,current_public_value_domain_count,none_observed,observed_not_promoted,forbidden_in_WEBSCHEMA1,"empty string, not_reported, needs_manual_check, and business values remain distinct",not_promoted,WEBR8-D08,WEBR8-v1,WEBSCHEMA1 field inventory + WEBR8 decision contract
VOC_CONDITION_RESPONSE_FEATURES_PARENT_PAIRED_CHANGE,condition_response_features,parent_paired_change,No reliable parent mapping,canonical_term_candidate,No reliable parent mapping,149,current_public_value_domain_count,none_observed,observed_not_promoted,forbidden_in_WEBSCHEMA1,"empty string, not_reported, needs_manual_check, and business values remain distinct",not_promoted,WEBR8-D08,WEBR8-v1,WEBSCHEMA1 field inventory + WEBR8 decision contract
VOC_CONDITION_RESPONSE_FEATURES_PARENT_PAIRED_CHANGE,condition_response_features,parent_paired_change,Not yet available,canonical_term_candidate,Not yet available,131,current_public_value_domain_count,none_observed,observed_not_promoted,forbidden_in_WEBSCHEMA1,"empty string, not_reported, needs_manual_check, and business values remain distinct",not_promoted,WEBR8-D08,WEBR8-v1,WEBSCHEMA1 field inventory + WEBR8 decision contract
VOC_CONDITION_RESPONSE_FEATURES_PLATFORM,condition_response_features,platform,Insufficient coverage,canonical_term_candidate,Insufficient coverage,50,current_public_value_domain_count,none_observed,observed_not_promoted,forbidden_in_WEBSCHEMA1,"empty string, not_reported, needs_manual_check, and business values remain distinct",not_promoted,WEBR8-D08,WEBR8-v1,WEBSCHEMA1 field inventory + WEBR8 decision contract
VOC_CONDITION_RESPONSE_FEATURES_PLATFORM,condition_response_features,platform,No plateau detected,canonical_term_candidate,No plateau detected,104,current_public_value_domain_count,none_observed,observed_not_promoted,forbidden_in_WEBSCHEMA1,"empty string, not_reported, needs_manual_check, and business values remain distinct",not_promoted,WEBR8-D08,WEBR8-v1,WEBSCHEMA1 field inventory + WEBR8 decision contract
VOC_CONDITION_RESPONSE_FEATURES_PLATFORM,condition_response_features,platform,Plateau present,canonical_term_candidate,Plateau present,35,current_public_value_domain_count,none_observed,observed_not_promoted,forbidden_in_WEBSCHEMA1,"empty string, not_reported, needs_manual_check, and business values remain distinct",not_promoted,WEBR8-D08,WEBR8-v1,WEBSCHEMA1 field inventory + WEBR8 decision contract
VOC_CONDITION_RESPONSE_FEATURES_PLATFORM,condition_response_features,platform,Uncertain,canonical_term_candidate,Uncertain,91,current_public_value_domain_count,none_observed,observed_not_promoted,forbidden_in_WEBSCHEMA1,"empty string, not_reported, needs_manual_check, and business values remain distinct",not_promoted,WEBR8-D08,WEBR8-v1,WEBSCHEMA1 field inventory + WEBR8 decision contract
VOC_DIRECT_EVIDENCE_A0_CONDITION_MATCHED_TO_READOUT,direct_evidence,A0_condition_matched_to_readout,needs_manual_check,sentinel,needs_manual_check,3,current_public_value_domain_count,none_observed,observed_sentinel_locked_distinct,forbidden_in_WEBSCHEMA1,"empty string, not_reported, needs_manual_check, and business values remain distinct",not_promoted,WEBR8-D08,WEBR8-v1,WEBSCHEMA1 field inventory + WEBR8 decision contract
VOC_DIRECT_EVIDENCE_A0_CONDITION_MATCHED_TO_READOUT,direct_evidence,A0_condition_matched_to_readout,partial,canonical_term_candidate,partial,557,current_public_value_domain_count,none_observed,observed_not_promoted,forbidden_in_WEBSCHEMA1,"empty string, not_reported, needs_manual_check, and business values remain distinct",not_promoted,WEBR8-D08,WEBR8-v1,WEBSCHEMA1 field inventory + WEBR8 decision contract
VOC_DIRECT_EVIDENCE_A0_CONDITION_MATCHED_TO_READOUT,direct_evidence,A0_condition_matched_to_readout,yes,canonical_term_candidate,yes,1478,current_public_value_domain_count,none_observed,observed_not_promoted,forbidden_in_WEBSCHEMA1,"empty string, not_reported, needs_manual_check, and business values remain distinct",not_promoted,WEBR8-D08,WEBR8-v1,WEBSCHEMA1 field inventory + WEBR8 decision contract
VOC_DIRECT_EVIDENCE_A0_CV_PERCENT,direct_evidence,A0_cv_percent,0.0,canonical_term_candidate,0.0,2,current_public_value_domain_count,none_observed,observed_not_promoted,forbidden_in_WEBSCHEMA1,"empty string, not_reported, needs_manual_check, and business values remain distinct",not_promoted,WEBR8-D08,WEBR8-v1,WEBSCHEMA1 field inventory + WEBR8 decision contract
VOC_DIRECT_EVIDENCE_A0_CV_PERCENT,direct_evidence,A0_cv_percent,0.2,canonical_term_candidate,0.2,1,current_public_value_domain_count,none_observed,observed_not_promoted,forbidden_in_WEBSCHEMA1,"empty string, not_reported, needs_manual_check, and business values remain distinct",not_promoted,WEBR8-D08,WEBR8-v1,WEBSCHEMA1 field inventory + WEBR8 decision contract
VOC_DIRECT_EVIDENCE_A0_CV_PERCENT,direct_evidence,A0_cv_percent,0.4,canonical_term_candidate,0.4,1,current_public_value_domain_count,none_observed,observed_not_promoted,forbidden_in_WEBSCHEMA1,"empty string, not_reported, needs_manual_check, and business values remain distinct",not_promoted,WEBR8-D08,WEBR8-v1,WEBSCHEMA1 field inventory + WEBR8 decision contract
VOC_DIRECT_EVIDENCE_A0_CV_PERCENT,direct_evidence,A0_cv_percent,0.5,canonical_term_candidate,0.5,1,current_public_value_domain_count,none_observed,observed_not_promoted,forbidden_in_WEBSCHEMA1,"empty string, not_reported, needs_manual_check, and business values remain distinct",not_promoted,WEBR8-D08,WEBR8-v1,WEBSCHEMA1 field inventory + WEBR8 decision contract
VOC_DIRECT_EVIDENCE_A0_CV_PERCENT,direct_evidence,A0_cv_percent,0.6,canonical_term_candidate,0.6,1,current_public_value_domain_count,none_observed,observed_not_promoted,forbidden_in_WEBSCHEMA1,"empty string, not_reported, needs_manual_check, and business values remain distinct",not_promoted,WEBR8-D08,WEBR8-v1,WEBSCHEMA1 field inventory + WEBR8 decision contract
VOC_DIRECT_EVIDENCE_A0_CV_PERCENT,direct_evidence,A0_cv_percent,1.0,canonical_term_candidate,1.0,1,current_public_value_domain_count,none_observed,observed_not_promoted,forbidden_in_WEBSCHEMA1,"empty string, not_reported, needs_manual_check, and business values remain distinct",not_promoted,WEBR8-D08,WEBR8-v1,WEBSCHEMA1 field inventory + WEBR8 decision contract
VOC_DIRECT_EVIDENCE_A0_CV_PERCENT,direct_evidence,A0_cv_percent,1.1,canonical_term_candidate,1.1,1,current_public_value_domain_count,none_observed,observed_not_promoted,forbidden_in_WEBSCHEMA1,"empty string, not_reported, needs_manual_check, and business values remain distinct",not_promoted,WEBR8-D08,WEBR8-v1,WEBSCHEMA1 field inventory + WEBR8 decision contract
VOC_DIRECT_EVIDENCE_A0_CV_PERCENT,direct_evidence,A0_cv_percent,1.6,canonical_term_candidate,1.6,2,current_public_value_domain_count,none_observed,observed_not_promoted,forbidden_in_WEBSCHEMA1,"empty string, not_reported, needs_manual_check, and business values remain distinct",not_promoted,WEBR8-D08,WEBR8-v1,WEBSCHEMA1 field inventory + WEBR8 decision contract
VOC_DIRECT_EVIDENCE_A0_CV_PERCENT,direct_evidence,A0_cv_percent,1.7,canonical_term_candidate,1.7,1,current_public_value_domain_count,none_observed,observed_not_promoted,forbidden_in_WEBSCHEMA1,"empty string, not_reported, needs_manual_check, and business values remain distinct",not_promoted,WEBR8-D08,WEBR8-v1,WEBSCHEMA1 field inventory + WEBR8 decision contract
VOC_DIRECT_EVIDENCE_A0_CV_PERCENT,direct_evidence,A0_cv_percent,3.1,canonical_term_candidate,3.1,1,current_public_value_domain_count,none_observed,observed_not_promoted,forbidden_in_WEBSCHEMA1,"empty string, not_reported, needs_manual_check, and business values remain distinct",not_promoted,WEBR8-D08,WEBR8-v1,WEBSCHEMA1 field inventory + WEBR8 decision contract
VOC_DIRECT_EVIDENCE_A0_CV_PERCENT,direct_evidence,A0_cv_percent,4.2,canonical_term_candidate,4.2,1,current_public_value_domain_count,none_observed,observed_not_promoted,forbidden_in_WEBSCHEMA1,"empty string, not_reported, needs_manual_check, and business values remain distinct",not_promoted,WEBR8-D08,WEBR8-v1,WEBSCHEMA1 field inventory + WEBR8 decision contract
VOC_DIRECT_EVIDENCE_A0_CV_PERCENT,direct_evidence,A0_cv_percent,4.4,canonical_term_candidate,4.4,1,current_public_value_domain_count,none_observed,observed_not_promoted,forbidden_in_WEBSCHEMA1,"empty string, not_reported, needs_manual_check, and business values remain distinct",not_promoted,WEBR8-D08,WEBR8-v1,WEBSCHEMA1 field inventory + WEBR8 decision contract
VOC_DIRECT_EVIDENCE_A0_CV_PERCENT,direct_evidence,A0_cv_percent,<5,canonical_term_candidate,<5,198,current_public_value_domain_count,none_observed,observed_not_promoted,forbidden_in_WEBSCHEMA1,"empty string, not_reported, needs_manual_check, and business values remain distinct",not_promoted,WEBR8-D08,WEBR8-v1,WEBSCHEMA1 field inventory + WEBR8 decision contract
VOC_DIRECT_EVIDENCE_A0_CV_PERCENT,direct_evidence,A0_cv_percent,not_applicable,sentinel,not_applicable,2,current_public_value_domain_count,none_observed,observed_sentinel_locked_distinct,forbidden_in_WEBSCHEMA1,"empty string, not_reported, needs_manual_check, and business values remain distinct",not_promoted,WEBR8-D08,WEBR8-v1,WEBSCHEMA1 field inventory + WEBR8 decision contract
VOC_DIRECT_EVIDENCE_A0_SAME_BATCH_AS_CHALLENGE,direct_evidence,A0_same_batch_as_challenge,yes,canonical_term_candidate,yes,1971,current_public_value_domain_count,none_observed,observed_not_promoted,forbidden_in_WEBSCHEMA1,"empty string, not_reported, needs_manual_check, and business values remain distinct",not_promoted,WEBR8-D08,WEBR8-v1,WEBSCHEMA1 field inventory + WEBR8 decision contract
VOC_DIRECT_EVIDENCE_D_OBS_UNRELIABLE,direct_evidence,D_obs_unreliable,FALSE,canonical_term_candidate,FALSE,1996,current_public_value_domain_count,none_observed,observed_not_promoted,forbidden_in_WEBSCHEMA1,"empty string, not_reported, needs_manual_check, and business values remain distinct",not_promoted,WEBR8-D08,WEBR8-v1,WEBSCHEMA1 field inventory + WEBR8 decision contract
VOC_DIRECT_EVIDENCE_D_OBS_UNRELIABLE,direct_evidence,D_obs_unreliable,TRUE,canonical_term_candidate,TRUE,103,current_public_value_domain_count,none_observed,observed_not_promoted,forbidden_in_WEBSCHEMA1,"empty string, not_reported, needs_manual_check, and business values remain distinct",not_promoted,WEBR8-D08,WEBR8-v1,WEBSCHEMA1 field inventory + WEBR8 decision contract
VOC_DIRECT_EVIDENCE_ASSAY_COMPARABILITY_FLAG,direct_evidence,assay_comparability_flag,high,canonical_term_candidate,high,71,current_public_value_domain_count,none_observed,observed_not_promoted,forbidden_in_WEBSCHEMA1,"empty string, not_reported, needs_manual_check, and business values remain distinct",not_promoted,WEBR8-D08,WEBR8-v1,WEBSCHEMA1 field inventory + WEBR8 decision contract
VOC_DIRECT_EVIDENCE_ASSAY_COMPARABILITY_FLAG,direct_evidence,assay_comparability_flag,low,canonical_term_candidate,low,96,current_public_value_domain_count,none_observed,observed_not_promoted,forbidden_in_WEBSCHEMA1,"empty string, not_reported, needs_manual_check, and business values remain distinct",not_promoted,WEBR8-D08,WEBR8-v1,WEBSCHEMA1 field inventory + WEBR8 decision contract
VOC_DIRECT_EVIDENCE_ASSAY_COMPARABILITY_FLAG,direct_evidence,assay_comparability_flag,medium,canonical_term_candidate,medium,1956,current_public_value_domain_count,none_observed,observed_not_promoted,forbidden_in_WEBSCHEMA1,"empty string, not_reported, needs_manual_check, and business values remain distinct",not_promoted,WEBR8-D08,WEBR8-v1,WEBSCHEMA1 field inventory + WEBR8 decision contract
VOC_DIRECT_EVIDENCE_ASSAY_CONTAINS_CHALLENGE_SOLVENT,direct_evidence,assay_contains_challenge_solvent,not_stated,canonical_term_candidate,not_stated,2039,current_public_value_domain_count,none_observed,observed_not_promoted,forbidden_in_WEBSCHEMA1,"empty string, not_reported, needs_manual_check, and business values remain distinct",not_promoted,WEBR8-D08,WEBR8-v1,WEBSCHEMA1 field inventory + WEBR8 decision contract
VOC_DIRECT_EVIDENCE_ASSAY_CONTAINS_CHALLENGE_SOLVENT,direct_evidence,assay_contains_challenge_solvent,yes_stated_in_methods,canonical_term_candidate,yes_stated_in_methods,60,current_public_value_domain_count,none_observed,observed_not_promoted,forbidden_in_WEBSCHEMA1,"empty string, not_reported, needs_manual_check, and business values remain distinct",not_promoted,WEBR8-D08,WEBR8-v1,WEBSCHEMA1 field inventory + WEBR8 decision contract
VOC_DIRECT_EVIDENCE_ASSAY_OFFSET_TERM,direct_evidence,assay_offset_term,free_enzyme,canonical_term_candidate,free_enzyme,18,current_public_value_domain_count,none_observed,observed_not_promoted,forbidden_in_WEBSCHEMA1,"empty string, not_reported, needs_manual_check, and business values remain distinct",not_promoted,WEBR8-D08,WEBR8-v1,WEBSCHEMA1 field inventory + WEBR8 decision contract
VOC_DIRECT_EVIDENCE_ASSAY_PH,direct_evidence,assay_pH,10,canonical_term_candidate,10,1,current_public_value_domain_count,none_observed,observed_not_promoted,forbidden_in_WEBSCHEMA1,"empty string, not_reported, needs_manual_check, and business values remain distinct",not_promoted,WEBR8-D08,WEBR8-v1,WEBSCHEMA1 field inventory + WEBR8 decision contract
VOC_DIRECT_EVIDENCE_ASSAY_PH,direct_evidence,assay_pH,10.0,canonical_term_candidate,10.0,6,current_public_value_domain_count,none_observed,observed_not_promoted,forbidden_in_WEBSCHEMA1,"empty string, not_reported, needs_manual_check, and business values remain distinct",not_promoted,WEBR8-D08,WEBR8-v1,WEBSCHEMA1 field inventory + WEBR8 decision contract
VOC_DIRECT_EVIDENCE_ASSAY_PH,direct_evidence,assay_pH,11,canonical_term_candidate,11,8,current_public_value_domain_count,none_observed,observed_not_promoted,forbidden_in_WEBSCHEMA1,"empty string, not_reported, needs_manual_check, and business values remain distinct",not_promoted,WEBR8-D08,WEBR8-v1,WEBSCHEMA1 field inventory + WEBR8 decision contract
VOC_DIRECT_EVIDENCE_ASSAY_PH,direct_evidence,assay_pH,11.0,canonical_term_candidate,11.0,2,current_public_value_domain_count,none_observed,observed_not_promoted,forbidden_in_WEBSCHEMA1,"empty string, not_reported, needs_manual_check, and business values remain distinct",not_promoted,WEBR8-D08,WEBR8-v1,WEBSCHEMA1 field inventory + WEBR8 decision contract
VOC_DIRECT_EVIDENCE_ASSAY_PH,direct_evidence,assay_pH,4.0,canonical_term_candidate,4.0,2,current_public_value_domain_count,none_observed,observed_not_promoted,forbidden_in_WEBSCHEMA1,"empty string, not_reported, needs_manual_check, and business values remain distinct",not_promoted,WEBR8-D08,WEBR8-v1,WEBSCHEMA1 field inventory + WEBR8 decision contract
VOC_DIRECT_EVIDENCE_ASSAY_PH,direct_evidence,assay_pH,5.0,canonical_term_candidate,5.0,3,current_public_value_domain_count,none_observed,observed_not_promoted,forbidden_in_WEBSCHEMA1,"empty string, not_reported, needs_manual_check, and business values remain distinct",not_promoted,WEBR8-D08,WEBR8-v1,WEBSCHEMA1 field inventory + WEBR8 decision contract
VOC_DIRECT_EVIDENCE_ASSAY_PH,direct_evidence,assay_pH,6.0,canonical_term_candidate,6.0,2,current_public_value_domain_count,none_observed,observed_not_promoted,forbidden_in_WEBSCHEMA1,"empty string, not_reported, needs_manual_check, and business values remain distinct",not_promoted,WEBR8-D08,WEBR8-v1,WEBSCHEMA1 field inventory + WEBR8 decision contract
VOC_DIRECT_EVIDENCE_ASSAY_PH,direct_evidence,assay_pH,6.5,canonical_term_candidate,6.5,24,current_public_value_domain_count,none_observed,observed_not_promoted,forbidden_in_WEBSCHEMA1,"empty string, not_reported, needs_manual_check, and business values remain distinct",not_promoted,WEBR8-D08,WEBR8-v1,WEBSCHEMA1 field inventory + WEBR8 decision contract
VOC_DIRECT_EVIDENCE_ASSAY_PH,direct_evidence,assay_pH,6.8,canonical_term_candidate,6.8,3,current_public_value_domain_count,none_observed,observed_not_promoted,forbidden_in_WEBSCHEMA1,"empty string, not_reported, needs_manual_check, and business values remain distinct",not_promoted,WEBR8-D08,WEBR8-v1,WEBSCHEMA1 field inventory + WEBR8 decision contract
VOC_DIRECT_EVIDENCE_ASSAY_PH,direct_evidence,assay_pH,7,canonical_term_candidate,7,1,current_public_value_domain_count,none_observed,observed_not_promoted,forbidden_in_WEBSCHEMA1,"empty string, not_reported, needs_manual_check, and business values remain distinct",not_promoted,WEBR8-D08,WEBR8-v1,WEBSCHEMA1 field inventory + WEBR8 decision contract
VOC_DIRECT_EVIDENCE_ASSAY_PH,direct_evidence,assay_pH,7.0,canonical_term_candidate,7.0,294,current_public_value_domain_count,none_observed,observed_not_promoted,forbidden_in_WEBSCHEMA1,"empty string, not_reported, needs_manual_check, and business values remain distinct",not_promoted,WEBR8-D08,WEBR8-v1,WEBSCHEMA1 field inventory + WEBR8 decision contract
VOC_DIRECT_EVIDENCE_ASSAY_PH,direct_evidence,assay_pH,7.2,canonical_term_candidate,7.2,13,current_public_value_domain_count,none_observed,observed_not_promoted,forbidden_in_WEBSCHEMA1,"empty string, not_reported, needs_manual_check, and business values remain distinct",not_promoted,WEBR8-D08,WEBR8-v1,WEBSCHEMA1 field inventory + WEBR8 decision contract
VOC_DIRECT_EVIDENCE_ASSAY_PH,direct_evidence,assay_pH,7.5,canonical_term_candidate,7.5,143,current_public_value_domain_count,none_observed,observed_not_promoted,forbidden_in_WEBSCHEMA1,"empty string, not_reported, needs_manual_check, and business values remain distinct",not_promoted,WEBR8-D08,WEBR8-v1,WEBSCHEMA1 field inventory + WEBR8 decision contract
VOC_DIRECT_EVIDENCE_ASSAY_PH,direct_evidence,assay_pH,7.6,canonical_term_candidate,7.6,3,current_public_value_domain_count,none_observed,observed_not_promoted,forbidden_in_WEBSCHEMA1,"empty string, not_reported, needs_manual_check, and business values remain distinct",not_promoted,WEBR8-D08,WEBR8-v1,WEBSCHEMA1 field inventory + WEBR8 decision contract
VOC_DIRECT_EVIDENCE_ASSAY_PH,direct_evidence,assay_pH,8,canonical_term_candidate,8,415,current_public_value_domain_count,none_observed,observed_not_promoted,forbidden_in_WEBSCHEMA1,"empty string, not_reported, needs_manual_check, and business values remain distinct",not_promoted,WEBR8-D08,WEBR8-v1,WEBSCHEMA1 field inventory + WEBR8 decision contract
VOC_DIRECT_EVIDENCE_ASSAY_PH,direct_evidence,assay_pH,8.0,canonical_term_candidate,8.0,878,current_public_value_domain_count,none_observed,observed_not_promoted,forbidden_in_WEBSCHEMA1,"empty string, not_reported, needs_manual_check, and business values remain distinct",not_promoted,WEBR8-D08,WEBR8-v1,WEBSCHEMA1 field inventory + WEBR8 decision contract
VOC_DIRECT_EVIDENCE_ASSAY_PH,direct_evidence,assay_pH,8.2,canonical_term_candidate,8.2,26,current_public_value_domain_count,none_observed,observed_not_promoted,forbidden_in_WEBSCHEMA1,"empty string, not_reported, needs_manual_check, and business values remain distinct",not_promoted,WEBR8-D08,WEBR8-v1,WEBSCHEMA1 field inventory + WEBR8 decision contract
VOC_DIRECT_EVIDENCE_ASSAY_PH,direct_evidence,assay_pH,8.5,canonical_term_candidate,8.5,39,current_public_value_domain_count,none_observed,observed_not_promoted,forbidden_in_WEBSCHEMA1,"empty string, not_reported, needs_manual_check, and business values remain distinct",not_promoted,WEBR8-D08,WEBR8-v1,WEBSCHEMA1 field inventory + WEBR8 decision contract
VOC_DIRECT_EVIDENCE_ASSAY_PH,direct_evidence,assay_pH,9.0,canonical_term_candidate,9.0,14,current_public_value_domain_count,none_observed,observed_not_promoted,forbidden_in_WEBSCHEMA1,"empty string, not_reported, needs_manual_check, and business values remain distinct",not_promoted,WEBR8-D08,WEBR8-v1,WEBSCHEMA1 field inventory + WEBR8 decision contract
VOC_DIRECT_EVIDENCE_ASSAY_PH,direct_evidence,assay_pH,9.5,canonical_term_candidate,9.5,1,current_public_value_domain_count,none_observed,observed_not_promoted,forbidden_in_WEBSCHEMA1,"empty string, not_reported, needs_manual_check, and business values remain distinct",not_promoted,WEBR8-D08,WEBR8-v1,WEBSCHEMA1 field inventory + WEBR8 decision contract
VOC_DIRECT_EVIDENCE_ASSAY_PH,direct_evidence,assay_pH,optimum pH,canonical_term_candidate,optimum pH,3,current_public_value_domain_count,none_observed,observed_not_promoted,forbidden_in_WEBSCHEMA1,"empty string, not_reported, needs_manual_check, and business values remain distinct",not_promoted,WEBR8-D08,WEBR8-v1,WEBSCHEMA1 field inventory + WEBR8 decision contract
VOC_DIRECT_EVIDENCE_ASSAY_REACTION_TIME_MIN,direct_evidence,assay_reaction_time_min,1,canonical_term_candidate,1,203,current_public_value_domain_count,none_observed,observed_not_promoted,forbidden_in_WEBSCHEMA1,"empty string, not_reported, needs_manual_check, and business values remain distinct",not_promoted,WEBR8-D08,WEBR8-v1,WEBSCHEMA1 field inventory + WEBR8 decision contract
VOC_DIRECT_EVIDENCE_ASSAY_REACTION_TIME_MIN,direct_evidence,assay_reaction_time_min,10,canonical_term_candidate,10,262,current_public_value_domain_count,none_observed,observed_not_promoted,forbidden_in_WEBSCHEMA1,"empty string, not_reported, needs_manual_check, and business values remain distinct",not_promoted,WEBR8-D08,WEBR8-v1,WEBSCHEMA1 field inventory + WEBR8 decision contract
VOC_DIRECT_EVIDENCE_ASSAY_REACTION_TIME_MIN,direct_evidence,assay_reaction_time_min,15,canonical_term_candidate,15,25,current_public_value_domain_count,none_observed,observed_not_promoted,forbidden_in_WEBSCHEMA1,"empty string, not_reported, needs_manual_check, and business values remain distinct",not_promoted,WEBR8-D08,WEBR8-v1,WEBSCHEMA1 field inventory + WEBR8 decision contract
VOC_DIRECT_EVIDENCE_ASSAY_REACTION_TIME_MIN,direct_evidence,assay_reaction_time_min,2,canonical_term_candidate,2,84,current_public_value_domain_count,none_observed,observed_not_promoted,forbidden_in_WEBSCHEMA1,"empty string, not_reported, needs_manual_check, and business values remain distinct",not_promoted,WEBR8-D08,WEBR8-v1,WEBSCHEMA1 field inventory + WEBR8 decision contract
VOC_DIRECT_EVIDENCE_ASSAY_REACTION_TIME_MIN,direct_evidence,assay_reaction_time_min,20,canonical_term_candidate,20,14,current_public_value_domain_count,none_observed,observed_not_promoted,forbidden_in_WEBSCHEMA1,"empty string, not_reported, needs_manual_check, and business values remain distinct",not_promoted,WEBR8-D08,WEBR8-v1,WEBSCHEMA1 field inventory + WEBR8 decision contract
VOC_DIRECT_EVIDENCE_ASSAY_REACTION_TIME_MIN,direct_evidence,assay_reaction_time_min,25,canonical_term_candidate,25,2,current_public_value_domain_count,none_observed,observed_not_promoted,forbidden_in_WEBSCHEMA1,"empty string, not_reported, needs_manual_check, and business values remain distinct",not_promoted,WEBR8-D08,WEBR8-v1,WEBSCHEMA1 field inventory + WEBR8 decision contract
VOC_DIRECT_EVIDENCE_ASSAY_REACTION_TIME_MIN,direct_evidence,assay_reaction_time_min,3,canonical_term_candidate,3,90,current_public_value_domain_count,none_observed,observed_not_promoted,forbidden_in_WEBSCHEMA1,"empty string, not_reported, needs_manual_check, and business values remain distinct",not_promoted,WEBR8-D08,WEBR8-v1,WEBSCHEMA1 field inventory + WEBR8 decision contract
VOC_DIRECT_EVIDENCE_ASSAY_REACTION_TIME_MIN,direct_evidence,assay_reaction_time_min,30,canonical_term_candidate,30,87,current_public_value_domain_count,none_observed,observed_not_promoted,forbidden_in_WEBSCHEMA1,"empty string, not_reported, needs_manual_check, and business values remain distinct",not_promoted,WEBR8-D08,WEBR8-v1,WEBSCHEMA1 field inventory + WEBR8 decision contract
VOC_DIRECT_EVIDENCE_ASSAY_REACTION_TIME_MIN,direct_evidence,assay_reaction_time_min,4,canonical_term_candidate,4,6,current_public_value_domain_count,none_observed,observed_not_promoted,forbidden_in_WEBSCHEMA1,"empty string, not_reported, needs_manual_check, and business values remain distinct",not_promoted,WEBR8-D08,WEBR8-v1,WEBSCHEMA1 field inventory + WEBR8 decision contract
VOC_DIRECT_EVIDENCE_ASSAY_REACTION_TIME_MIN,direct_evidence,assay_reaction_time_min,5,canonical_term_candidate,5,460,current_public_value_domain_count,none_observed,observed_not_promoted,forbidden_in_WEBSCHEMA1,"empty string, not_reported, needs_manual_check, and business values remain distinct",not_promoted,WEBR8-D08,WEBR8-v1,WEBSCHEMA1 field inventory + WEBR8 decision contract
VOC_DIRECT_EVIDENCE_ASSAY_REACTION_TIME_MIN,direct_evidence,assay_reaction_time_min,60,canonical_term_candidate,60,12,current_public_value_domain_count,none_observed,observed_not_promoted,forbidden_in_WEBSCHEMA1,"empty string, not_reported, needs_manual_check, and business values remain distinct",not_promoted,WEBR8-D08,WEBR8-v1,WEBSCHEMA1 field inventory + WEBR8 decision contract
VOC_DIRECT_EVIDENCE_ASSAY_REACTION_TIME_MIN,direct_evidence,assay_reaction_time_min,at least 30,canonical_term_candidate,at least 30,2,current_public_value_domain_count,none_observed,observed_not_promoted,forbidden_in_WEBSCHEMA1,"empty string, not_reported, needs_manual_check, and business values remain distinct",not_promoted,WEBR8-D08,WEBR8-v1,WEBSCHEMA1 field inventory + WEBR8 decision contract
VOC_DIRECT_EVIDENCE_BASELINE_ACTIVITY_A0,direct_evidence,baseline_activity_A0,100,canonical_term_candidate,100,1998,current_public_value_domain_count,none_observed,observed_not_promoted,forbidden_in_WEBSCHEMA1,"empty string, not_reported, needs_manual_check, and business values remain distinct",not_promoted,WEBR8-D08,WEBR8-v1,WEBSCHEMA1 field inventory + WEBR8 decision contract
VOC_DIRECT_EVIDENCE_BASELINE_ACTIVITY_A0,direct_evidence,baseline_activity_A0,100.0,canonical_term_candidate,100.0,18,current_public_value_domain_count,none_observed,observed_not_promoted,forbidden_in_WEBSCHEMA1,"empty string, not_reported, needs_manual_check, and business values remain distinct",not_promoted,WEBR8-D08,WEBR8-v1,WEBSCHEMA1 field inventory + WEBR8 decision contract
VOC_DIRECT_EVIDENCE_BASELINE_ACTIVITY_A0,direct_evidence,baseline_activity_A0,120,canonical_term_candidate,120,3,current_public_value_domain_count,none_observed,observed_not_promoted,forbidden_in_WEBSCHEMA1,"empty string, not_reported, needs_manual_check, and business values remain distinct",not_promoted,WEBR8-D08,WEBR8-v1,WEBSCHEMA1 field inventory + WEBR8 decision contract
VOC_DIRECT_EVIDENCE_BASELINE_ACTIVITY_A0,direct_evidence,baseline_activity_A0,1230,canonical_term_candidate,1230,3,current_public_value_domain_count,none_observed,observed_not_promoted,forbidden_in_WEBSCHEMA1,"empty string, not_reported, needs_manual_check, and business values remain distinct",not_promoted,WEBR8-D08,WEBR8-v1,WEBSCHEMA1 field inventory + WEBR8 decision contract
VOC_DIRECT_EVIDENCE_BASELINE_ACTIVITY_A0,direct_evidence,baseline_activity_A0,1370,canonical_term_candidate,1370,3,current_public_value_domain_count,none_observed,observed_not_promoted,forbidden_in_WEBSCHEMA1,"empty string, not_reported, needs_manual_check, and business values remain distinct",not_promoted,WEBR8-D08,WEBR8-v1,WEBSCHEMA1 field inventory + WEBR8 decision contract
VOC_DIRECT_EVIDENCE_BASELINE_ACTIVITY_A0,direct_evidence,baseline_activity_A0,139.52,canonical_term_candidate,139.52,1,current_public_value_domain_count,none_observed,observed_not_promoted,forbidden_in_WEBSCHEMA1,"empty string, not_reported, needs_manual_check, and business values remain distinct",not_promoted,WEBR8-D08,WEBR8-v1,WEBSCHEMA1 field inventory + WEBR8 decision contract
VOC_DIRECT_EVIDENCE_BASELINE_ACTIVITY_A0,direct_evidence,baseline_activity_A0,1420,canonical_term_candidate,1420,3,current_public_value_domain_count,none_observed,observed_not_promoted,forbidden_in_WEBSCHEMA1,"empty string, not_reported, needs_manual_check, and business values remain distinct",not_promoted,WEBR8-D08,WEBR8-v1,WEBSCHEMA1 field inventory + WEBR8 decision contract
VOC_DIRECT_EVIDENCE_BASELINE_ACTIVITY_A0,direct_evidence,baseline_activity_A0,1490,canonical_term_candidate,1490,3,current_public_value_domain_count,none_observed,observed_not_promoted,forbidden_in_WEBSCHEMA1,"empty string, not_reported, needs_manual_check, and business values remain distinct",not_promoted,WEBR8-D08,WEBR8-v1,WEBSCHEMA1 field inventory + WEBR8 decision contract
VOC_DIRECT_EVIDENCE_BASELINE_ACTIVITY_A0,direct_evidence,baseline_activity_A0,1530,canonical_term_candidate,1530,3,current_public_value_domain_count,none_observed,observed_not_promoted,forbidden_in_WEBSCHEMA1,"empty string, not_reported, needs_manual_check, and business values remain distinct",not_promoted,WEBR8-D08,WEBR8-v1,WEBSCHEMA1 field inventory + WEBR8 decision contract
VOC_DIRECT_EVIDENCE_BASELINE_ACTIVITY_A0,direct_evidence,baseline_activity_A0,160,canonical_term_candidate,160,3,current_public_value_domain_count,none_observed,observed_not_promoted,forbidden_in_WEBSCHEMA1,"empty string, not_reported, needs_manual_check, and business values remain distinct",not_promoted,WEBR8-D08,WEBR8-v1,WEBSCHEMA1 field inventory + WEBR8 decision contract
VOC_DIRECT_EVIDENCE_BASELINE_ACTIVITY_A0,direct_evidence,baseline_activity_A0,1830,canonical_term_candidate,1830,3,current_public_value_domain_count,none_observed,observed_not_promoted,forbidden_in_WEBSCHEMA1,"empty string, not_reported, needs_manual_check, and business values remain distinct",not_promoted,WEBR8-D08,WEBR8-v1,WEBSCHEMA1 field inventory + WEBR8 decision contract
VOC_DIRECT_EVIDENCE_BASELINE_ACTIVITY_A0,direct_evidence,baseline_activity_A0,33,canonical_term_candidate,33,3,current_public_value_domain_count,none_observed,observed_not_promoted,forbidden_in_WEBSCHEMA1,"empty string, not_reported, needs_manual_check, and business values remain distinct",not_promoted,WEBR8-D08,WEBR8-v1,WEBSCHEMA1 field inventory + WEBR8 decision contract
VOC_DIRECT_EVIDENCE_BASELINE_ACTIVITY_A0,direct_evidence,baseline_activity_A0,340,canonical_term_candidate,340,3,current_public_value_domain_count,none_observed,observed_not_promoted,forbidden_in_WEBSCHEMA1,"empty string, not_reported, needs_manual_check, and business values remain distinct",not_promoted,WEBR8-D08,WEBR8-v1,WEBSCHEMA1 field inventory + WEBR8 decision contract
VOC_DIRECT_EVIDENCE_BASELINE_ACTIVITY_A0,direct_evidence,baseline_activity_A0,4500,canonical_term_candidate,4500,3,current_public_value_domain_count,none_observed,observed_not_promoted,forbidden_in_WEBSCHEMA1,"empty string, not_reported, needs_manual_check, and business values remain distinct",not_promoted,WEBR8-D08,WEBR8-v1,WEBSCHEMA1 field inventory + WEBR8 decision contract
VOC_DIRECT_EVIDENCE_BASELINE_ACTIVITY_A0,direct_evidence,baseline_activity_A0,500,canonical_term_candidate,500,3,current_public_value_domain_count,none_observed,observed_not_promoted,forbidden_in_WEBSCHEMA1,"empty string, not_reported, needs_manual_check, and business values remain distinct",not_promoted,WEBR8-D08,WEBR8-v1,WEBSCHEMA1 field inventory + WEBR8 decision contract
VOC_DIRECT_EVIDENCE_BASELINE_ACTIVITY_A0,direct_evidence,baseline_activity_A0,6450,canonical_term_candidate,6450,3,current_public_value_domain_count,none_observed,observed_not_promoted,forbidden_in_WEBSCHEMA1,"empty string, not_reported, needs_manual_check, and business values remain distinct",not_promoted,WEBR8-D08,WEBR8-v1,WEBSCHEMA1 field inventory + WEBR8 decision contract
VOC_DIRECT_EVIDENCE_BASELINE_ACTIVITY_A0,direct_evidence,baseline_activity_A0,86.5 U/ug; 100%,canonical_term_candidate,86.5 U/ug; 100%,3,current_public_value_domain_count,none_observed,observed_not_promoted,forbidden_in_WEBSCHEMA1,"empty string, not_reported, needs_manual_check, and business values remain distinct",not_promoted,WEBR8-D08,WEBR8-v1,WEBSCHEMA1 field inventory + WEBR8 decision contract
VOC_DIRECT_EVIDENCE_BASELINE_ACTIVITY_A0,direct_evidence,baseline_activity_A0,920,canonical_term_candidate,920,3,current_public_value_domain_count,none_observed,observed_not_promoted,forbidden_in_WEBSCHEMA1,"empty string, not_reported, needs_manual_check, and business values remain distinct",not_promoted,WEBR8-D08,WEBR8-v1,WEBSCHEMA1 field inventory + WEBR8 decision contract
VOC_DIRECT_EVIDENCE_BASELINE_ACTIVITY_A0,direct_evidence,baseline_activity_A0,9820,canonical_term_candidate,9820,3,current_public_value_domain_count,none_observed,observed_not_promoted,forbidden_in_WEBSCHEMA1,"empty string, not_reported, needs_manual_check, and business values remain distinct",not_promoted,WEBR8-D08,WEBR8-v1,WEBSCHEMA1 field inventory + WEBR8 decision contract
VOC_DIRECT_EVIDENCE_BASELINE_ACTIVITY_A0,direct_evidence,baseline_activity_A0,same-enzyme untreated control in Figure 4D,canonical_term_candidate,same-enzyme untreated control in Figure 4D,4,current_public_value_domain_count,none_observed,observed_not_promoted,forbidden_in_WEBSCHEMA1,"empty string, not_reported, needs_manual_check, and business values remain distinct",not_promoted,WEBR8-D08,WEBR8-v1,WEBSCHEMA1 field inventory + WEBR8 decision contract
VOC_DIRECT_EVIDENCE_BIPHASIC_DEACTIVATION_OBSERVED,direct_evidence,biphasic_deactivation_observed,no,canonical_term_candidate,no,911,current_public_value_domain_count,none_observed,observed_not_promoted,forbidden_in_WEBSCHEMA1,"empty string, not_reported, needs_manual_check, and business values remain distinct",not_promoted,WEBR8-D08,WEBR8-v1,WEBSCHEMA1 field inventory + WEBR8 decision contract
VOC_DIRECT_EVIDENCE_BIPHASIC_DEACTIVATION_OBSERVED,direct_evidence,biphasic_deactivation_observed,yes,canonical_term_candidate,yes,37,current_public_value_domain_count,none_observed,observed_not_promoted,forbidden_in_WEBSCHEMA1,"empty string, not_reported, needs_manual_check, and business values remain distinct",not_promoted,WEBR8-D08,WEBR8-v1,WEBSCHEMA1 field inventory + WEBR8 decision contract
VOC_DIRECT_EVIDENCE_CLUSTER_BASIS,direct_evidence,cluster_basis,doi,canonical_term_candidate,doi,326,current_public_value_domain_count,none_observed,observed_not_promoted,forbidden_in_WEBSCHEMA1,"empty string, not_reported, needs_manual_check, and business values remain distinct",not_promoted,WEBR8-D08,WEBR8-v1,WEBSCHEMA1 field inventory + WEBR8 decision contract
VOC_DIRECT_EVIDENCE_CLUSTER_BASIS,direct_evidence,cluster_basis,doi+canonical_enzyme_id,canonical_term_candidate,doi+canonical_enzyme_id,13,current_public_value_domain_count,none_observed,observed_not_promoted,forbidden_in_WEBSCHEMA1,"empty string, not_reported, needs_manual_check, and business values remain distinct",not_promoted,WEBR8-D08,WEBR8-v1,WEBSCHEMA1 field inventory + WEBR8 decision contract
VOC_DIRECT_EVIDENCE_CLUSTER_BASIS,direct_evidence,cluster_basis,doi+construct,canonical_term_candidate,doi+construct,1664,current_public_value_domain_count,none_observed,observed_not_promoted,forbidden_in_WEBSCHEMA1,"empty string, not_reported, needs_manual_check, and business values remain distinct",not_promoted,WEBR8-D08,WEBR8-v1,WEBSCHEMA1 field inventory + WEBR8 decision contract
VOC_DIRECT_EVIDENCE_CLUSTER_BASIS,direct_evidence,cluster_basis,doi_plus_canonical;T14_mirror_S7,canonical_term_candidate,doi_plus_canonical;T14_mirror_S7,34,current_public_value_domain_count,none_observed,observed_not_promoted,forbidden_in_WEBSCHEMA1,"empty string, not_reported, needs_manual_check, and business values remain distinct",not_promoted,WEBR8-D08,WEBR8-v1,WEBSCHEMA1 field inventory + WEBR8 decision contract
VOC_DIRECT_EVIDENCE_CLUSTER_BASIS,direct_evidence,cluster_basis,same_doi_as_existing_cluster;T14_mirror_S7,canonical_term_candidate,same_doi_as_existing_cluster;T14_mirror_S7,1,current_public_value_domain_count,none_observed,observed_not_promoted,forbidden_in_WEBSCHEMA1,"empty string, not_reported, needs_manual_check, and business values remain distinct",not_promoted,WEBR8-D08,WEBR8-v1,WEBSCHEMA1 field inventory + WEBR8 decision contract
VOC_DIRECT_EVIDENCE_CLUSTER_BASIS,direct_evidence,cluster_basis,source_path_plus_canonical,canonical_term_candidate,source_path_plus_canonical,26,current_public_value_domain_count,none_observed,observed_not_promoted,forbidden_in_WEBSCHEMA1,"empty string, not_reported, needs_manual_check, and business values remain distinct",not_promoted,WEBR8-D08,WEBR8-v1,WEBSCHEMA1 field inventory + WEBR8 decision contract
VOC_DIRECT_EVIDENCE_CONSTRUCT_MATCH_STATUS,direct_evidence,construct_match_status,claimed_unverified,canonical_term_candidate,claimed_unverified,12,current_public_value_domain_count,none_observed,observed_not_promoted,forbidden_in_WEBSCHEMA1,"empty string, not_reported, needs_manual_check, and business values remain distinct",not_promoted,WEBR8-D08,WEBR8-v1,WEBSCHEMA1 field inventory + WEBR8 decision contract
VOC_DIRECT_EVIDENCE_CONSTRUCT_MATCH_STATUS,direct_evidence,construct_match_status,compatible_construct,canonical_term_candidate,compatible_construct,325,current_public_value_domain_count,none_observed,observed_not_promoted,forbidden_in_WEBSCHEMA1,"empty string, not_reported, needs_manual_check, and business values remain distinct",not_promoted,WEBR8-D08,WEBR8-v1,WEBSCHEMA1 field inventory + WEBR8 decision contract
VOC_DIRECT_EVIDENCE_CONSTRUCT_MATCH_STATUS,direct_evidence,construct_match_status,engineered_construct,canonical_term_candidate,engineered_construct,250,current_public_value_domain_count,none_observed,observed_not_promoted,forbidden_in_WEBSCHEMA1,"empty string, not_reported, needs_manual_check, and business values remain distinct",not_promoted,WEBR8-D08,WEBR8-v1,WEBSCHEMA1 field inventory + WEBR8 decision contract
VOC_DIRECT_EVIDENCE_CONSTRUCT_MATCH_STATUS,direct_evidence,construct_match_status,needs_manual_check,sentinel,needs_manual_check,1,current_public_value_domain_count,none_observed,observed_sentinel_locked_distinct,forbidden_in_WEBSCHEMA1,"empty string, not_reported, needs_manual_check, and business values remain distinct",not_promoted,WEBR8-D08,WEBR8-v1,WEBSCHEMA1 field inventory + WEBR8 decision contract
VOC_DIRECT_EVIDENCE_CONSTRUCT_MATCH_STATUS,direct_evidence,construct_match_status,same_construct,canonical_term_candidate,same_construct,1532,current_public_value_domain_count,none_observed,observed_not_promoted,forbidden_in_WEBSCHEMA1,"empty string, not_reported, needs_manual_check, and business values remain distinct",not_promoted,WEBR8-D08,WEBR8-v1,WEBSCHEMA1 field inventory + WEBR8 decision contract
VOC_DIRECT_EVIDENCE_CONSTRUCT_MATCH_STATUS,direct_evidence,construct_match_status,unclear,canonical_term_candidate,unclear,3,current_public_value_domain_count,none_observed,observed_not_promoted,forbidden_in_WEBSCHEMA1,"empty string, not_reported, needs_manual_check, and business values remain distinct",not_promoted,WEBR8-D08,WEBR8-v1,WEBSCHEMA1 field inventory + WEBR8 decision contract
VOC_DIRECT_EVIDENCE_DATA_EXTRACTION_METHOD,direct_evidence,data_extraction_method,digitized_figure_estimate,canonical_term_candidate,digitized_figure_estimate,7,current_public_value_domain_count,none_observed,observed_not_promoted,forbidden_in_WEBSCHEMA1,"empty string, not_reported, needs_manual_check, and business values remain distinct",not_promoted,WEBR8-D08,WEBR8-v1,WEBSCHEMA1 field inventory + WEBR8 decision contract
VOC_DIRECT_EVIDENCE_DATA_EXTRACTION_METHOD,direct_evidence,data_extraction_method,digitized_plot,canonical_term_candidate,digitized_plot,1550,current_public_value_domain_count,none_observed,observed_not_promoted,forbidden_in_WEBSCHEMA1,"empty string, not_reported, needs_manual_check, and business values remain distinct",not_promoted,WEBR8-D08,WEBR8-v1,WEBSCHEMA1 field inventory + WEBR8 decision contract
VOC_DIRECT_EVIDENCE_DATA_EXTRACTION_METHOD,direct_evidence,data_extraction_method,digitized_text_value,canonical_term_candidate,digitized_text_value,3,current_public_value_domain_count,none_observed,observed_not_promoted,forbidden_in_WEBSCHEMA1,"empty string, not_reported, needs_manual_check, and business values remain distinct",not_promoted,WEBR8-D08,WEBR8-v1,WEBSCHEMA1 field inventory + WEBR8 decision contract
VOC_DIRECT_EVIDENCE_DATA_EXTRACTION_METHOD,direct_evidence,data_extraction_method,direct_table,canonical_term_candidate,direct_table,10,current_public_value_domain_count,none_observed,observed_not_promoted,forbidden_in_WEBSCHEMA1,"empty string, not_reported, needs_manual_check, and business values remain distinct",not_promoted,WEBR8-D08,WEBR8-v1,WEBSCHEMA1 field inventory + WEBR8 decision contract
VOC_DIRECT_EVIDENCE_DATA_EXTRACTION_METHOD,direct_evidence,data_extraction_method,direct_text,canonical_term_candidate,direct_text,356,current_public_value_domain_count,none_observed,observed_not_promoted,forbidden_in_WEBSCHEMA1,"empty string, not_reported, needs_manual_check, and business values remain distinct",not_promoted,WEBR8-D08,WEBR8-v1,WEBSCHEMA1 field inventory + WEBR8 decision contract
VOC_DIRECT_EVIDENCE_DATA_EXTRACTION_METHOD,direct_evidence,data_extraction_method,direct_text_calculated_ratio,canonical_term_candidate,direct_text_calculated_ratio,1,current_public_value_domain_count,none_observed,observed_not_promoted,forbidden_in_WEBSCHEMA1,"empty string, not_reported, needs_manual_check, and business values remain distinct",not_promoted,WEBR8-D08,WEBR8-v1,WEBSCHEMA1 field inventory + WEBR8 decision contract
VOC_DIRECT_EVIDENCE_DATA_EXTRACTION_METHOD,direct_evidence,data_extraction_method,estimated,canonical_term_candidate,estimated,95,current_public_value_domain_count,none_observed,observed_not_promoted,forbidden_in_WEBSCHEMA1,"empty string, not_reported, needs_manual_check, and business values remain distinct",not_promoted,WEBR8-D08,WEBR8-v1,WEBSCHEMA1 field inventory + WEBR8 decision contract
VOC_DIRECT_EVIDENCE_DATA_EXTRACTION_METHOD,direct_evidence,data_extraction_method,figure_digitized_manual,canonical_term_candidate,figure_digitized_manual,13,current_public_value_domain_count,none_observed,observed_not_promoted,forbidden_in_WEBSCHEMA1,"empty string, not_reported, needs_manual_check, and business values remain distinct",not_promoted,WEBR8-D08,WEBR8-v1,WEBSCHEMA1 field inventory + WEBR8 decision contract
VOC_DIRECT_EVIDENCE_DATA_EXTRACTION_METHOD,direct_evidence,data_extraction_method,figure_digitized_manual_300dpi,canonical_term_candidate,figure_digitized_manual_300dpi,35,current_public_value_domain_count,none_observed,observed_not_promoted,forbidden_in_WEBSCHEMA1,"empty string, not_reported, needs_manual_check, and business values remain distinct",not_promoted,WEBR8-D08,WEBR8-v1,WEBSCHEMA1 field inventory + WEBR8 decision contract
VOC_DIRECT_EVIDENCE_DATA_EXTRACTION_METHOD,direct_evidence,data_extraction_method,in_figure_needs_digitization,canonical_term_candidate,in_figure_needs_digitization,2,current_public_value_domain_count,none_observed,observed_not_promoted,forbidden_in_WEBSCHEMA1,"empty string, not_reported, needs_manual_check, and business values remain distinct",not_promoted,WEBR8-D08,WEBR8-v1,WEBSCHEMA1 field inventory + WEBR8 decision contract
VOC_DIRECT_EVIDENCE_DATA_EXTRACTION_METHOD,direct_evidence,data_extraction_method,manifest_structured_value,canonical_term_candidate,manifest_structured_value,2,current_public_value_domain_count,none_observed,observed_not_promoted,forbidden_in_WEBSCHEMA1,"empty string, not_reported, needs_manual_check, and business values remain distinct",not_promoted,WEBR8-D08,WEBR8-v1,WEBSCHEMA1 field inventory + WEBR8 decision contract
VOC_DIRECT_EVIDENCE_DATA_EXTRACTION_METHOD,direct_evidence,data_extraction_method,numeric_table,canonical_term_candidate,numeric_table,2,current_public_value_domain_count,none_observed,observed_not_promoted,forbidden_in_WEBSCHEMA1,"empty string, not_reported, needs_manual_check, and business values remain distinct",not_promoted,WEBR8-D08,WEBR8-v1,WEBSCHEMA1 field inventory + WEBR8 decision contract
VOC_DIRECT_EVIDENCE_DATA_EXTRACTION_METHOD,direct_evidence,data_extraction_method,S8b_source_summary,canonical_term_candidate,S8b_source_summary,12,current_public_value_domain_count,none_observed,observed_not_promoted,forbidden_in_WEBSCHEMA1,"empty string, not_reported, needs_manual_check, and business values remain distinct",not_promoted,WEBR8-D08,WEBR8-v1,WEBSCHEMA1 field inventory + WEBR8 decision contract
VOC_DIRECT_EVIDENCE_DATA_EXTRACTION_METHOD,direct_evidence,data_extraction_method,source_supplement_figure_digitized_prior_read,canonical_term_candidate,source_supplement_figure_digitized_prior_read,27,current_public_value_domain_count,none_observed,observed_not_promoted,forbidden_in_WEBSCHEMA1,"empty string, not_reported, needs_manual_check, and business values remain distinct",not_promoted,WEBR8-D08,WEBR8-v1,WEBSCHEMA1 field inventory + WEBR8 decision contract
VOC_DIRECT_EVIDENCE_DATA_EXTRACTION_METHOD,direct_evidence,data_extraction_method,source_text_cache_recheck,canonical_term_candidate,source_text_cache_recheck,2,current_public_value_domain_count,none_observed,observed_not_promoted,forbidden_in_WEBSCHEMA1,"empty string, not_reported, needs_manual_check, and business values remain distinct",not_promoted,WEBR8-D08,WEBR8-v1,WEBSCHEMA1 field inventory + WEBR8 decision contract
VOC_DIRECT_EVIDENCE_DATA_EXTRACTION_METHOD,direct_evidence,data_extraction_method,source_text_recheck_existing_verdict,canonical_term_candidate,source_text_recheck_existing_verdict,2,current_public_value_domain_count,none_observed,observed_not_promoted,forbidden_in_WEBSCHEMA1,"empty string, not_reported, needs_manual_check, and business values remain distinct",not_promoted,WEBR8-D08,WEBR8-v1,WEBSCHEMA1 field inventory + WEBR8 decision contract
VOC_DIRECT_EVIDENCE_DATA_EXTRACTION_METHOD,direct_evidence,data_extraction_method,table_text_resolved,canonical_term_candidate,table_text_resolved,2,current_public_value_domain_count,none_observed,observed_not_promoted,forbidden_in_WEBSCHEMA1,"empty string, not_reported, needs_manual_check, and business values remain distinct",not_promoted,WEBR8-D08,WEBR8-v1,WEBSCHEMA1 field inventory + WEBR8 decision contract
VOC_DIRECT_EVIDENCE_DATA_EXTRACTION_METHOD,direct_evidence,data_extraction_method,text_cache_manual,canonical_term_candidate,text_cache_manual,1,current_public_value_domain_count,none_observed,observed_not_promoted,forbidden_in_WEBSCHEMA1,"empty string, not_reported, needs_manual_check, and business values remain distinct",not_promoted,WEBR8-D08,WEBR8-v1,WEBSCHEMA1 field inventory + WEBR8 decision contract
VOC_DIRECT_EVIDENCE_DATA_EXTRACTION_METHOD,direct_evidence,data_extraction_method,text_resolved,canonical_term_candidate,text_resolved,1,current_public_value_domain_count,none_observed,observed_not_promoted,forbidden_in_WEBSCHEMA1,"empty string, not_reported, needs_manual_check, and business values remain distinct",not_promoted,WEBR8-D08,WEBR8-v1,WEBSCHEMA1 field inventory + WEBR8 decision contract
VOC_DIRECT_EVIDENCE_ENZYME_CONC,direct_evidence,enzyme_conc,0.0002 mg/ml,canonical_term_candidate,0.0002 mg/ml,3,current_public_value_domain_count,none_observed,observed_not_promoted,forbidden_in_WEBSCHEMA1,"empty string, not_reported, needs_manual_check, and business values remain distinct",not_promoted,WEBR8-D08,WEBR8-v1,WEBSCHEMA1 field inventory + WEBR8 decision contract
VOC_DIRECT_EVIDENCE_ENZYME_CONC,direct_evidence,enzyme_conc,0.001 mg/ml,canonical_term_candidate,0.001 mg/ml,3,current_public_value_domain_count,none_observed,observed_not_promoted,forbidden_in_WEBSCHEMA1,"empty string, not_reported, needs_manual_check, and business values remain distinct",not_promoted,WEBR8-D08,WEBR8-v1,WEBSCHEMA1 field inventory + WEBR8 decision contract
VOC_DIRECT_EVIDENCE_ENZYME_CONC,direct_evidence,enzyme_conc,0.002 mg/ml,canonical_term_candidate,0.002 mg/ml,4,current_public_value_domain_count,none_observed,observed_not_promoted,forbidden_in_WEBSCHEMA1,"empty string, not_reported, needs_manual_check, and business values remain distinct",not_promoted,WEBR8-D08,WEBR8-v1,WEBSCHEMA1 field inventory + WEBR8 decision contract
VOC_DIRECT_EVIDENCE_ENZYME_CONC,direct_evidence,enzyme_conc,0.005 mg/ml,canonical_term_candidate,0.005 mg/ml,6,current_public_value_domain_count,none_observed,observed_not_promoted,forbidden_in_WEBSCHEMA1,"empty string, not_reported, needs_manual_check, and business values remain distinct",not_promoted,WEBR8-D08,WEBR8-v1,WEBSCHEMA1 field inventory + WEBR8 decision contract
VOC_DIRECT_EVIDENCE_ENZYME_CONC,direct_evidence,enzyme_conc,0.05 mg/ml,canonical_term_candidate,0.05 mg/ml,17,current_public_value_domain_count,none_observed,observed_not_promoted,forbidden_in_WEBSCHEMA1,"empty string, not_reported, needs_manual_check, and business values remain distinct",not_promoted,WEBR8-D08,WEBR8-v1,WEBSCHEMA1 field inventory + WEBR8 decision contract
VOC_DIRECT_EVIDENCE_ENZYME_CONC,direct_evidence,enzyme_conc,0.1 mg/ml,canonical_term_candidate,0.1 mg/ml,130,current_public_value_domain_count,none_observed,observed_not_promoted,forbidden_in_WEBSCHEMA1,"empty string, not_reported, needs_manual_check, and business values remain distinct",not_promoted,WEBR8-D08,WEBR8-v1,WEBSCHEMA1 field inventory + WEBR8 decision contract
VOC_DIRECT_EVIDENCE_ENZYME_CONC,direct_evidence,enzyme_conc,0.2 mg/ml,canonical_term_candidate,0.2 mg/ml,127,current_public_value_domain_count,none_observed,observed_not_promoted,forbidden_in_WEBSCHEMA1,"empty string, not_reported, needs_manual_check, and business values remain distinct",not_promoted,WEBR8-D08,WEBR8-v1,WEBSCHEMA1 field inventory + WEBR8 decision contract
VOC_DIRECT_EVIDENCE_ENZYME_CONC,direct_evidence,enzyme_conc,0.25 nM (0.011 ug/mL),canonical_term_candidate,0.25 nM (0.011 ug/mL),6,current_public_value_domain_count,none_observed,observed_not_promoted,forbidden_in_WEBSCHEMA1,"empty string, not_reported, needs_manual_check, and business values remain distinct",not_promoted,WEBR8-D08,WEBR8-v1,WEBSCHEMA1 field inventory + WEBR8 decision contract
VOC_DIRECT_EVIDENCE_ENZYME_CONC,direct_evidence,enzyme_conc,0.3 mg/ml,canonical_term_candidate,0.3 mg/ml,8,current_public_value_domain_count,none_observed,observed_not_promoted,forbidden_in_WEBSCHEMA1,"empty string, not_reported, needs_manual_check, and business values remain distinct",not_promoted,WEBR8-D08,WEBR8-v1,WEBSCHEMA1 field inventory + WEBR8 decision contract
VOC_DIRECT_EVIDENCE_ENZYME_CONC,direct_evidence,enzyme_conc,0.30 mg/ml,canonical_term_candidate,0.30 mg/ml,24,current_public_value_domain_count,none_observed,observed_not_promoted,forbidden_in_WEBSCHEMA1,"empty string, not_reported, needs_manual_check, and business values remain distinct",not_promoted,WEBR8-D08,WEBR8-v1,WEBSCHEMA1 field inventory + WEBR8 decision contract
VOC_DIRECT_EVIDENCE_ENZYME_CONC,direct_evidence,enzyme_conc,1 mg/ml,canonical_term_candidate,1 mg/ml,347,current_public_value_domain_count,none_observed,observed_not_promoted,forbidden_in_WEBSCHEMA1,"empty string, not_reported, needs_manual_check, and business values remain distinct",not_promoted,WEBR8-D08,WEBR8-v1,WEBSCHEMA1 field inventory + WEBR8 decision contract
VOC_DIRECT_EVIDENCE_ENZYME_CONC,direct_evidence,enzyme_conc,1 μM,canonical_term_candidate,1 μM,2,current_public_value_domain_count,none_observed,observed_not_promoted,forbidden_in_WEBSCHEMA1,"empty string, not_reported, needs_manual_check, and business values remain distinct",not_promoted,WEBR8-D08,WEBR8-v1,WEBSCHEMA1 field inventory + WEBR8 decision contract
VOC_DIRECT_EVIDENCE_ENZYME_CONC,direct_evidence,enzyme_conc,1.08 mg/ml,canonical_term_candidate,1.08 mg/ml,5,current_public_value_domain_count,none_observed,observed_not_promoted,forbidden_in_WEBSCHEMA1,"empty string, not_reported, needs_manual_check, and business values remain distinct",not_promoted,WEBR8-D08,WEBR8-v1,WEBSCHEMA1 field inventory + WEBR8 decision contract
VOC_DIRECT_EVIDENCE_ENZYME_CONC,direct_evidence,enzyme_conc,1.23 μM,canonical_term_candidate,1.23 μM,2,current_public_value_domain_count,none_observed,observed_not_promoted,forbidden_in_WEBSCHEMA1,"empty string, not_reported, needs_manual_check, and business values remain distinct",not_promoted,WEBR8-D08,WEBR8-v1,WEBSCHEMA1 field inventory + WEBR8 decision contract
VOC_DIRECT_EVIDENCE_ENZYME_CONC,direct_evidence,enzyme_conc,1.5 uM,canonical_term_candidate,1.5 uM,198,current_public_value_domain_count,none_observed,observed_not_promoted,forbidden_in_WEBSCHEMA1,"empty string, not_reported, needs_manual_check, and business values remain distinct",not_promoted,WEBR8-D08,WEBR8-v1,WEBSCHEMA1 field inventory + WEBR8 decision contract
VOC_DIRECT_EVIDENCE_ENZYME_CONC,direct_evidence,enzyme_conc,1.72 μM,canonical_term_candidate,1.72 μM,2,current_public_value_domain_count,none_observed,observed_not_promoted,forbidden_in_WEBSCHEMA1,"empty string, not_reported, needs_manual_check, and business values remain distinct",not_promoted,WEBR8-D08,WEBR8-v1,WEBSCHEMA1 field inventory + WEBR8 decision contract
VOC_DIRECT_EVIDENCE_ENZYME_CONC,direct_evidence,enzyme_conc,100 ug/mL,canonical_term_candidate,100 ug/mL,32,current_public_value_domain_count,none_observed,observed_not_promoted,forbidden_in_WEBSCHEMA1,"empty string, not_reported, needs_manual_check, and business values remain distinct",not_promoted,WEBR8-D08,WEBR8-v1,WEBSCHEMA1 field inventory + WEBR8 decision contract
VOC_DIRECT_EVIDENCE_ENZYME_CONC,direct_evidence,enzyme_conc,200 ug total enzyme,canonical_term_candidate,200 ug total enzyme,1,current_public_value_domain_count,none_observed,observed_not_promoted,forbidden_in_WEBSCHEMA1,"empty string, not_reported, needs_manual_check, and business values remain distinct",not_promoted,WEBR8-D08,WEBR8-v1,WEBSCHEMA1 field inventory + WEBR8 decision contract
VOC_DIRECT_EVIDENCE_ENZYME_CONC,direct_evidence,enzyme_conc,4 mg/ml,canonical_term_candidate,4 mg/ml,5,current_public_value_domain_count,none_observed,observed_not_promoted,forbidden_in_WEBSCHEMA1,"empty string, not_reported, needs_manual_check, and business values remain distinct",not_promoted,WEBR8-D08,WEBR8-v1,WEBSCHEMA1 field inventory + WEBR8 decision contract
VOC_DIRECT_EVIDENCE_ENZYME_CONC,direct_evidence,enzyme_conc,50 nM,canonical_term_candidate,50 nM,2,current_public_value_domain_count,none_observed,observed_not_promoted,forbidden_in_WEBSCHEMA1,"empty string, not_reported, needs_manual_check, and business values remain distinct",not_promoted,WEBR8-D08,WEBR8-v1,WEBSCHEMA1 field inventory + WEBR8 decision contract
VOC_DIRECT_EVIDENCE_ENZYME_CONC,direct_evidence,enzyme_conc,500 nM,canonical_term_candidate,500 nM,2,current_public_value_domain_count,none_observed,observed_not_promoted,forbidden_in_WEBSCHEMA1,"empty string, not_reported, needs_manual_check, and business values remain distinct",not_promoted,WEBR8-D08,WEBR8-v1,WEBSCHEMA1 field inventory + WEBR8 decision contract
VOC_DIRECT_EVIDENCE_ENZYME_CONC,direct_evidence,enzyme_conc,600 nM,canonical_term_candidate,600 nM,9,current_public_value_domain_count,none_observed,observed_not_promoted,forbidden_in_WEBSCHEMA1,"empty string, not_reported, needs_manual_check, and business values remain distinct",not_promoted,WEBR8-D08,WEBR8-v1,WEBSCHEMA1 field inventory + WEBR8 decision contract
VOC_DIRECT_EVIDENCE_ENZYME_CONC,direct_evidence,enzyme_conc,cell_free_extract,canonical_term_candidate,cell_free_extract,1,current_public_value_domain_count,none_observed,observed_not_promoted,forbidden_in_WEBSCHEMA1,"empty string, not_reported, needs_manual_check, and business values remain distinct",not_promoted,WEBR8-D08,WEBR8-v1,WEBSCHEMA1 field inventory + WEBR8 decision contract
VOC_DIRECT_EVIDENCE_ENZYME_CONC,direct_evidence,enzyme_conc,crude lipase,canonical_term_candidate,crude lipase,2,current_public_value_domain_count,none_observed,observed_not_promoted,forbidden_in_WEBSCHEMA1,"empty string, not_reported, needs_manual_check, and business values remain distinct",not_promoted,WEBR8-D08,WEBR8-v1,WEBSCHEMA1 field inventory + WEBR8 decision contract
VOC_DIRECT_EVIDENCE_ENZYME_EC_NUMBER,direct_evidence,enzyme_ec_number,EC 3.1.1.-,canonical_term_candidate,EC 3.1.1.-,1,current_public_value_domain_count,none_observed,observed_not_promoted,forbidden_in_WEBSCHEMA1,"empty string, not_reported, needs_manual_check, and business values remain distinct",not_promoted,WEBR8-D08,WEBR8-v1,WEBSCHEMA1 field inventory + WEBR8 decision contract
VOC_DIRECT_EVIDENCE_ENZYME_EC_NUMBER,direct_evidence,enzyme_ec_number,EC 3.1.1.1,canonical_term_candidate,EC 3.1.1.1,3,current_public_value_domain_count,none_observed,observed_not_promoted,forbidden_in_WEBSCHEMA1,"empty string, not_reported, needs_manual_check, and business values remain distinct",not_promoted,WEBR8-D08,WEBR8-v1,WEBSCHEMA1 field inventory + WEBR8 decision contract
VOC_DIRECT_EVIDENCE_ENZYME_EC_NUMBER,direct_evidence,enzyme_ec_number,EC 3.1.1.3,canonical_term_candidate,EC 3.1.1.3,2082,current_public_value_domain_count,none_observed,observed_not_promoted,forbidden_in_WEBSCHEMA1,"empty string, not_reported, needs_manual_check, and business values remain distinct",not_promoted,WEBR8-D08,WEBR8-v1,WEBSCHEMA1 field inventory + WEBR8 decision contract
VOC_DIRECT_EVIDENCE_ENZYME_EC_NUMBER,direct_evidence,enzyme_ec_number,EC 3.1.1.72,canonical_term_candidate,EC 3.1.1.72,8,current_public_value_domain_count,none_observed,observed_not_promoted,forbidden_in_WEBSCHEMA1,"empty string, not_reported, needs_manual_check, and business values remain distinct",not_promoted,WEBR8-D08,WEBR8-v1,WEBSCHEMA1 field inventory + WEBR8 decision contract
VOC_DIRECT_EVIDENCE_ENZYME_EC_NUMBER,direct_evidence,enzyme_ec_number,EC 3.1.1.x,canonical_term_candidate,EC 3.1.1.x,14,current_public_value_domain_count,none_observed,observed_not_promoted,forbidden_in_WEBSCHEMA1,"empty string, not_reported, needs_manual_check, and business values remain distinct",not_promoted,WEBR8-D08,WEBR8-v1,WEBSCHEMA1 field inventory + WEBR8 decision contract
VOC_DIRECT_EVIDENCE_ENZYME_FORM,direct_evidence,enzyme_form,cell_free_extract,canonical_term_candidate,cell_free_extract,4,current_public_value_domain_count,none_observed,observed_not_promoted,forbidden_in_WEBSCHEMA1,"empty string, not_reported, needs_manual_check, and business values remain distinct",not_promoted,WEBR8-D08,WEBR8-v1,WEBSCHEMA1 field inventory + WEBR8 decision contract
VOC_DIRECT_EVIDENCE_ENZYME_FORM,direct_evidence,enzyme_form,crude_extract,canonical_term_candidate,crude_extract,32,current_public_value_domain_count,none_observed,observed_not_promoted,forbidden_in_WEBSCHEMA1,"empty string, not_reported, needs_manual_check, and business values remain distinct",not_promoted,WEBR8-D08,WEBR8-v1,WEBSCHEMA1 field inventory + WEBR8 decision contract
VOC_DIRECT_EVIDENCE_ENZYME_FORM,direct_evidence,enzyme_form,crude_preparation,canonical_term_candidate,crude_preparation,234,current_public_value_domain_count,none_observed,observed_not_promoted,forbidden_in_WEBSCHEMA1,"empty string, not_reported, needs_manual_check, and business values remain distinct",not_promoted,WEBR8-D08,WEBR8-v1,WEBSCHEMA1 field inventory + WEBR8 decision contract
VOC_DIRECT_EVIDENCE_ENZYME_FORM,direct_evidence,enzyme_form,enzyme_solution,canonical_term_candidate,enzyme_solution,1,current_public_value_domain_count,none_observed,observed_not_promoted,forbidden_in_WEBSCHEMA1,"empty string, not_reported, needs_manual_check, and business values remain distinct",not_promoted,WEBR8-D08,WEBR8-v1,WEBSCHEMA1 field inventory + WEBR8 decision contract
VOC_DIRECT_EVIDENCE_ENZYME_FORM,direct_evidence,enzyme_form,free,canonical_term_candidate,free,1418,current_public_value_domain_count,none_observed,observed_not_promoted,forbidden_in_WEBSCHEMA1,"empty string, not_reported, needs_manual_check, and business values remain distinct",not_promoted,WEBR8-D08,WEBR8-v1,WEBSCHEMA1 field inventory + WEBR8 decision contract
VOC_DIRECT_EVIDENCE_ENZYME_FORM,direct_evidence,enzyme_form,free_enzyme,canonical_term_candidate,free_enzyme,1,current_public_value_domain_count,none_observed,observed_not_promoted,forbidden_in_WEBSCHEMA1,"empty string, not_reported, needs_manual_check, and business values remain distinct",not_promoted,WEBR8-D08,WEBR8-v1,WEBSCHEMA1 field inventory + WEBR8 decision contract
VOC_DIRECT_EVIDENCE_ENZYME_FORM,direct_evidence,enzyme_form,free_lyophilized_recombinant,canonical_term_candidate,free_lyophilized_recombinant,2,current_public_value_domain_count,none_observed,observed_not_promoted,forbidden_in_WEBSCHEMA1,"empty string, not_reported, needs_manual_check, and business values remain distinct",not_promoted,WEBR8-D08,WEBR8-v1,WEBSCHEMA1 field inventory + WEBR8 decision contract
VOC_DIRECT_EVIDENCE_ENZYME_FORM,direct_evidence,enzyme_form,free_purified_recombinant,canonical_term_candidate,free_purified_recombinant,6,current_public_value_domain_count,none_observed,approved,normalized_display_field_only,"empty string, not_reported, needs_manual_check, and business values remain distinct",spelling_case_hyphen_or_delimiter_only,WEBR8-D07,WEBR8-v1,WEBSCHEMA1 field inventory + WEBR8 decision contract
VOC_DIRECT_EVIDENCE_ENZYME_FORM,direct_evidence,enzyme_form,free_suspended_enzyme,canonical_term_candidate,free_suspended_enzyme,1,current_public_value_domain_count,none_observed,observed_not_promoted,forbidden_in_WEBSCHEMA1,"empty string, not_reported, needs_manual_check, and business values remain distinct",not_promoted,WEBR8-D08,WEBR8-v1,WEBSCHEMA1 field inventory + WEBR8 decision contract
VOC_DIRECT_EVIDENCE_ENZYME_FORM,direct_evidence,enzyme_form,liquid_enzyme_preparation,canonical_term_candidate,liquid_enzyme_preparation,1,current_public_value_domain_count,none_observed,observed_not_promoted,forbidden_in_WEBSCHEMA1,"empty string, not_reported, needs_manual_check, and business values remain distinct",not_promoted,WEBR8-D08,WEBR8-v1,WEBSCHEMA1 field inventory + WEBR8 decision contract
VOC_DIRECT_EVIDENCE_ENZYME_FORM,direct_evidence,enzyme_form,lyophilized,canonical_term_candidate,lyophilized,7,current_public_value_domain_count,none_observed,observed_not_promoted,forbidden_in_WEBSCHEMA1,"empty string, not_reported, needs_manual_check, and business values remain distinct",not_promoted,WEBR8-D08,WEBR8-v1,WEBSCHEMA1 field inventory + WEBR8 decision contract
VOC_DIRECT_EVIDENCE_ENZYME_FORM,direct_evidence,enzyme_form,partially_purified,canonical_term_candidate,partially_purified,2,current_public_value_domain_count,none_observed,observed_not_promoted,forbidden_in_WEBSCHEMA1,"empty string, not_reported, needs_manual_check, and business values remain distinct",not_promoted,WEBR8-D08,WEBR8-v1,WEBSCHEMA1 field inventory + WEBR8 decision contract
VOC_DIRECT_EVIDENCE_ENZYME_FORM,direct_evidence,enzyme_form,purified,canonical_term_candidate,purified,83,current_public_value_domain_count,none_observed,observed_not_promoted,forbidden_in_WEBSCHEMA1,"empty string, not_reported, needs_manual_check, and business values remain distinct",not_promoted,WEBR8-D08,WEBR8-v1,WEBSCHEMA1 field inventory + WEBR8 decision contract
VOC_DIRECT_EVIDENCE_ENZYME_FORM,direct_evidence,enzyme_form,purified_free,canonical_term_candidate,purified_free,281,current_public_value_domain_count,none_observed,observed_not_promoted,forbidden_in_WEBSCHEMA1,"empty string, not_reported, needs_manual_check, and business values remain distinct",not_promoted,WEBR8-D08,WEBR8-v1,WEBSCHEMA1 field inventory + WEBR8 decision contract
VOC_DIRECT_EVIDENCE_ENZYME_FORM,direct_evidence,enzyme_form,purified_recombinant,canonical_term_candidate,purified_recombinant,45,current_public_value_domain_count,none_observed,observed_not_promoted,forbidden_in_WEBSCHEMA1,"empty string, not_reported, needs_manual_check, and business values remain distinct",not_promoted,WEBR8-D08,WEBR8-v1,WEBSCHEMA1 field inventory + WEBR8 decision contract
VOC_DIRECT_EVIDENCE_ENZYME_FORM,direct_evidence,enzyme_form,soluble/free enzyme,canonical_term_candidate,soluble/free enzyme,1,current_public_value_domain_count,none_observed,observed_not_promoted,forbidden_in_WEBSCHEMA1,"empty string, not_reported, needs_manual_check, and business values remain distinct",not_promoted,WEBR8-D08,WEBR8-v1,WEBSCHEMA1 field inventory + WEBR8 decision contract
VOC_DIRECT_EVIDENCE_ENZYME_FORM,direct_evidence,enzyme_form,whole_cell,canonical_term_candidate,whole_cell,4,current_public_value_domain_count,none_observed,observed_not_promoted,forbidden_in_WEBSCHEMA1,"empty string, not_reported, needs_manual_check, and business values remain distinct",not_promoted,WEBR8-D08,WEBR8-v1,WEBSCHEMA1 field inventory + WEBR8 decision contract
VOC_DIRECT_EVIDENCE_EVIDENCE_CONFIDENCE_TIER,direct_evidence,evidence_confidence_tier,core_train,canonical_term_candidate,core_train,17,current_public_value_domain_count,none_observed,observed_not_promoted,forbidden_in_WEBSCHEMA1,"empty string, not_reported, needs_manual_check, and business values remain distinct",not_promoted,WEBR8-D08,WEBR8-v1,WEBSCHEMA1 field inventory + WEBR8 decision contract
VOC_DIRECT_EVIDENCE_EVIDENCE_CONFIDENCE_TIER,direct_evidence,evidence_confidence_tier,downweighted_train,canonical_term_candidate,downweighted_train,1036,current_public_value_domain_count,none_observed,observed_not_promoted,forbidden_in_WEBSCHEMA1,"empty string, not_reported, needs_manual_check, and business values remain distinct",not_promoted,WEBR8-D08,WEBR8-v1,WEBSCHEMA1 field inventory + WEBR8 decision contract
VOC_DIRECT_EVIDENCE_EVIDENCE_CONFIDENCE_TIER,direct_evidence,evidence_confidence_tier,holdout_only,canonical_term_candidate,holdout_only,1062,current_public_value_domain_count,none_observed,observed_not_promoted,forbidden_in_WEBSCHEMA1,"empty string, not_reported, needs_manual_check, and business values remain distinct",not_promoted,WEBR8-D08,WEBR8-v1,WEBSCHEMA1 field inventory + WEBR8 decision contract
VOC_DIRECT_EVIDENCE_EVIDENCE_CONFIDENCE_TIER,direct_evidence,evidence_confidence_tier,mechanism_only,canonical_term_candidate,mechanism_only,8,current_public_value_domain_count,none_observed,observed_not_promoted,forbidden_in_WEBSCHEMA1,"empty string, not_reported, needs_manual_check, and business values remain distinct",not_promoted,WEBR8-D08,WEBR8-v1,WEBSCHEMA1 field inventory + WEBR8 decision contract
VOC_DIRECT_EVIDENCE_EXPOSURE_PHASE,direct_evidence,exposure_phase,methanol_challenge,canonical_term_candidate,methanol_challenge,88,current_public_value_domain_count,none_observed,observed_not_promoted,forbidden_in_WEBSCHEMA1,"empty string, not_reported, needs_manual_check, and business values remain distinct",not_promoted,WEBR8-D08,WEBR8-v1,WEBSCHEMA1 field inventory + WEBR8 decision contract
VOC_DIRECT_EVIDENCE_INCUBATION_ATMOSPHERE,direct_evidence,incubation_atmosphere,closed tube,canonical_term_candidate,closed tube,72,current_public_value_domain_count,none_observed,observed_not_promoted,forbidden_in_WEBSCHEMA1,"empty string, not_reported, needs_manual_check, and business values remain distinct",not_promoted,WEBR8-D08,WEBR8-v1,WEBSCHEMA1 field inventory + WEBR8 decision contract
VOC_DIRECT_EVIDENCE_INCUBATION_ATMOSPHERE,direct_evidence,incubation_atmosphere,sealed,canonical_term_candidate,sealed,62,current_public_value_domain_count,none_observed,observed_not_promoted,forbidden_in_WEBSCHEMA1,"empty string, not_reported, needs_manual_check, and business values remain distinct",not_promoted,WEBR8-D08,WEBR8-v1,WEBSCHEMA1 field inventory + WEBR8 decision contract
VOC_DIRECT_EVIDENCE_INCUBATION_TEMP_C,direct_evidence,incubation_temp_C,10,canonical_term_candidate,10,2,current_public_value_domain_count,none_observed,observed_not_promoted,forbidden_in_WEBSCHEMA1,"empty string, not_reported, needs_manual_check, and business values remain distinct",not_promoted,WEBR8-D08,WEBR8-v1,WEBSCHEMA1 field inventory + WEBR8 decision contract
VOC_DIRECT_EVIDENCE_INCUBATION_TEMP_C,direct_evidence,incubation_temp_C,15,canonical_term_candidate,15,4,current_public_value_domain_count,none_observed,observed_not_promoted,forbidden_in_WEBSCHEMA1,"empty string, not_reported, needs_manual_check, and business values remain distinct",not_promoted,WEBR8-D08,WEBR8-v1,WEBSCHEMA1 field inventory + WEBR8 decision contract
VOC_DIRECT_EVIDENCE_INCUBATION_TEMP_C,direct_evidence,incubation_temp_C,20,canonical_term_candidate,20,12,current_public_value_domain_count,none_observed,observed_not_promoted,forbidden_in_WEBSCHEMA1,"empty string, not_reported, needs_manual_check, and business values remain distinct",not_promoted,WEBR8-D08,WEBR8-v1,WEBSCHEMA1 field inventory + WEBR8 decision contract
VOC_DIRECT_EVIDENCE_INCUBATION_TEMP_C,direct_evidence,incubation_temp_C,23,canonical_term_candidate,23,8,current_public_value_domain_count,none_observed,observed_not_promoted,forbidden_in_WEBSCHEMA1,"empty string, not_reported, needs_manual_check, and business values remain distinct",not_promoted,WEBR8-D08,WEBR8-v1,WEBSCHEMA1 field inventory + WEBR8 decision contract
VOC_DIRECT_EVIDENCE_INCUBATION_TEMP_C,direct_evidence,incubation_temp_C,25,canonical_term_candidate,25,714,current_public_value_domain_count,none_observed,observed_not_promoted,forbidden_in_WEBSCHEMA1,"empty string, not_reported, needs_manual_check, and business values remain distinct",not_promoted,WEBR8-D08,WEBR8-v1,WEBSCHEMA1 field inventory + WEBR8 decision contract
VOC_DIRECT_EVIDENCE_INCUBATION_TEMP_C,direct_evidence,incubation_temp_C,25+/-2,canonical_term_candidate,25+/-2,3,current_public_value_domain_count,none_observed,observed_not_promoted,forbidden_in_WEBSCHEMA1,"empty string, not_reported, needs_manual_check, and business values remain distinct",not_promoted,WEBR8-D08,WEBR8-v1,WEBSCHEMA1 field inventory + WEBR8 decision contract
VOC_DIRECT_EVIDENCE_INCUBATION_TEMP_C,direct_evidence,incubation_temp_C,28,canonical_term_candidate,28,21,current_public_value_domain_count,none_observed,observed_not_promoted,forbidden_in_WEBSCHEMA1,"empty string, not_reported, needs_manual_check, and business values remain distinct",not_promoted,WEBR8-D08,WEBR8-v1,WEBSCHEMA1 field inventory + WEBR8 decision contract
VOC_DIRECT_EVIDENCE_INCUBATION_TEMP_C,direct_evidence,incubation_temp_C,30,canonical_term_candidate,30,194,current_public_value_domain_count,none_observed,observed_not_promoted,forbidden_in_WEBSCHEMA1,"empty string, not_reported, needs_manual_check, and business values remain distinct",not_promoted,WEBR8-D08,WEBR8-v1,WEBSCHEMA1 field inventory + WEBR8 decision contract
VOC_DIRECT_EVIDENCE_INCUBATION_TEMP_C,direct_evidence,incubation_temp_C,33,canonical_term_candidate,33,1,current_public_value_domain_count,none_observed,observed_not_promoted,forbidden_in_WEBSCHEMA1,"empty string, not_reported, needs_manual_check, and business values remain distinct",not_promoted,WEBR8-D08,WEBR8-v1,WEBSCHEMA1 field inventory + WEBR8 decision contract
VOC_DIRECT_EVIDENCE_INCUBATION_TEMP_C,direct_evidence,incubation_temp_C,35,canonical_term_candidate,35,12,current_public_value_domain_count,none_observed,observed_not_promoted,forbidden_in_WEBSCHEMA1,"empty string, not_reported, needs_manual_check, and business values remain distinct",not_promoted,WEBR8-D08,WEBR8-v1,WEBSCHEMA1 field inventory + WEBR8 decision contract
VOC_DIRECT_EVIDENCE_INCUBATION_TEMP_C,direct_evidence,incubation_temp_C,37,canonical_term_candidate,37,103,current_public_value_domain_count,none_observed,observed_not_promoted,forbidden_in_WEBSCHEMA1,"empty string, not_reported, needs_manual_check, and business values remain distinct",not_promoted,WEBR8-D08,WEBR8-v1,WEBSCHEMA1 field inventory + WEBR8 decision contract
VOC_DIRECT_EVIDENCE_INCUBATION_TEMP_C,direct_evidence,incubation_temp_C,4,canonical_term_candidate,4,36,current_public_value_domain_count,none_observed,observed_not_promoted,forbidden_in_WEBSCHEMA1,"empty string, not_reported, needs_manual_check, and business values remain distinct",not_promoted,WEBR8-D08,WEBR8-v1,WEBSCHEMA1 field inventory + WEBR8 decision contract
VOC_DIRECT_EVIDENCE_INCUBATION_TEMP_C,direct_evidence,incubation_temp_C,40,canonical_term_candidate,40,148,current_public_value_domain_count,none_observed,observed_not_promoted,forbidden_in_WEBSCHEMA1,"empty string, not_reported, needs_manual_check, and business values remain distinct",not_promoted,WEBR8-D08,WEBR8-v1,WEBSCHEMA1 field inventory + WEBR8 decision contract
VOC_DIRECT_EVIDENCE_INCUBATION_TEMP_C,direct_evidence,incubation_temp_C,45,canonical_term_candidate,45,27,current_public_value_domain_count,none_observed,observed_not_promoted,forbidden_in_WEBSCHEMA1,"empty string, not_reported, needs_manual_check, and business values remain distinct",not_promoted,WEBR8-D08,WEBR8-v1,WEBSCHEMA1 field inventory + WEBR8 decision contract
VOC_DIRECT_EVIDENCE_INCUBATION_TEMP_C,direct_evidence,incubation_temp_C,5,canonical_term_candidate,5,5,current_public_value_domain_count,none_observed,observed_not_promoted,forbidden_in_WEBSCHEMA1,"empty string, not_reported, needs_manual_check, and business values remain distinct",not_promoted,WEBR8-D08,WEBR8-v1,WEBSCHEMA1 field inventory + WEBR8 decision contract
VOC_DIRECT_EVIDENCE_INCUBATION_TEMP_C,direct_evidence,incubation_temp_C,50,canonical_term_candidate,50,73,current_public_value_domain_count,none_observed,observed_not_promoted,forbidden_in_WEBSCHEMA1,"empty string, not_reported, needs_manual_check, and business values remain distinct",not_promoted,WEBR8-D08,WEBR8-v1,WEBSCHEMA1 field inventory + WEBR8 decision contract
VOC_DIRECT_EVIDENCE_INCUBATION_TEMP_C,direct_evidence,incubation_temp_C,60,canonical_term_candidate,60,255,current_public_value_domain_count,none_observed,observed_not_promoted,forbidden_in_WEBSCHEMA1,"empty string, not_reported, needs_manual_check, and business values remain distinct",not_promoted,WEBR8-D08,WEBR8-v1,WEBSCHEMA1 field inventory + WEBR8 decision contract
VOC_DIRECT_EVIDENCE_INCUBATION_TEMP_C,direct_evidence,incubation_temp_C,65,canonical_term_candidate,65,5,current_public_value_domain_count,none_observed,observed_not_promoted,forbidden_in_WEBSCHEMA1,"empty string, not_reported, needs_manual_check, and business values remain distinct",not_promoted,WEBR8-D08,WEBR8-v1,WEBSCHEMA1 field inventory + WEBR8 decision contract
VOC_DIRECT_EVIDENCE_INCUBATION_TEMP_C,direct_evidence,incubation_temp_C,70,canonical_term_candidate,70,9,current_public_value_domain_count,none_observed,observed_not_promoted,forbidden_in_WEBSCHEMA1,"empty string, not_reported, needs_manual_check, and business values remain distinct",not_promoted,WEBR8-D08,WEBR8-v1,WEBSCHEMA1 field inventory + WEBR8 decision contract
VOC_DIRECT_EVIDENCE_INCUBATION_TEMP_C,direct_evidence,incubation_temp_C,boiling_methanol,canonical_term_candidate,boiling_methanol,1,current_public_value_domain_count,none_observed,observed_not_promoted,forbidden_in_WEBSCHEMA1,"empty string, not_reported, needs_manual_check, and business values remain distinct",not_promoted,WEBR8-D08,WEBR8-v1,WEBSCHEMA1 field inventory + WEBR8 decision contract
VOC_DIRECT_EVIDENCE_INCUBATION_TEMP_C,direct_evidence,incubation_temp_C,needs_manual_check,sentinel,needs_manual_check,1,current_public_value_domain_count,none_observed,observed_sentinel_locked_distinct,forbidden_in_WEBSCHEMA1,"empty string, not_reported, needs_manual_check, and business values remain distinct",not_promoted,WEBR8-D08,WEBR8-v1,WEBSCHEMA1 field inventory + WEBR8 decision contract
VOC_DIRECT_EVIDENCE_IONIC_STRENGTH_MM,direct_evidence,ionic_strength_mM,10,canonical_term_candidate,10,3,current_public_value_domain_count,none_observed,observed_not_promoted,forbidden_in_WEBSCHEMA1,"empty string, not_reported, needs_manual_check, and business values remain distinct",not_promoted,WEBR8-D08,WEBR8-v1,WEBSCHEMA1 field inventory + WEBR8 decision contract
VOC_DIRECT_EVIDENCE_IONIC_STRENGTH_MM,direct_evidence,ionic_strength_mM,100,canonical_term_candidate,100,54,current_public_value_domain_count,none_observed,observed_not_promoted,forbidden_in_WEBSCHEMA1,"empty string, not_reported, needs_manual_check, and business values remain distinct",not_promoted,WEBR8-D08,WEBR8-v1,WEBSCHEMA1 field inventory + WEBR8 decision contract
VOC_DIRECT_EVIDENCE_IONIC_STRENGTH_MM,direct_evidence,ionic_strength_mM,100 mM NaCl,canonical_term_candidate,100 mM NaCl,4,current_public_value_domain_count,none_observed,observed_not_promoted,forbidden_in_WEBSCHEMA1,"empty string, not_reported, needs_manual_check, and business values remain distinct",not_promoted,WEBR8-D08,WEBR8-v1,WEBSCHEMA1 field inventory + WEBR8 decision contract
VOC_DIRECT_EVIDENCE_IONIC_STRENGTH_MM,direct_evidence,ionic_strength_mM,150,canonical_term_candidate,150,17,current_public_value_domain_count,none_observed,observed_not_promoted,forbidden_in_WEBSCHEMA1,"empty string, not_reported, needs_manual_check, and business values remain distinct",not_promoted,WEBR8-D08,WEBR8-v1,WEBSCHEMA1 field inventory + WEBR8 decision contract
VOC_DIRECT_EVIDENCE_IONIC_STRENGTH_MM,direct_evidence,ionic_strength_mM,20,canonical_term_candidate,20,139,current_public_value_domain_count,none_observed,observed_not_promoted,forbidden_in_WEBSCHEMA1,"empty string, not_reported, needs_manual_check, and business values remain distinct",not_promoted,WEBR8-D08,WEBR8-v1,WEBSCHEMA1 field inventory + WEBR8 decision contract
VOC_DIRECT_EVIDENCE_IONIC_STRENGTH_MM,direct_evidence,ionic_strength_mM,200,canonical_term_candidate,200,1,current_public_value_domain_count,none_observed,observed_not_promoted,forbidden_in_WEBSCHEMA1,"empty string, not_reported, needs_manual_check, and business values remain distinct",not_promoted,WEBR8-D08,WEBR8-v1,WEBSCHEMA1 field inventory + WEBR8 decision contract
VOC_DIRECT_EVIDENCE_IONIC_STRENGTH_MM,direct_evidence,ionic_strength_mM,25,canonical_term_candidate,25,11,current_public_value_domain_count,none_observed,observed_not_promoted,forbidden_in_WEBSCHEMA1,"empty string, not_reported, needs_manual_check, and business values remain distinct",not_promoted,WEBR8-D08,WEBR8-v1,WEBSCHEMA1 field inventory + WEBR8 decision contract
VOC_DIRECT_EVIDENCE_IONIC_STRENGTH_MM,direct_evidence,ionic_strength_mM,300,canonical_term_candidate,300,63,current_public_value_domain_count,none_observed,observed_not_promoted,forbidden_in_WEBSCHEMA1,"empty string, not_reported, needs_manual_check, and business values remain distinct",not_promoted,WEBR8-D08,WEBR8-v1,WEBSCHEMA1 field inventory + WEBR8 decision contract
VOC_DIRECT_EVIDENCE_IONIC_STRENGTH_MM,direct_evidence,ionic_strength_mM,3500,canonical_term_candidate,3500,2,current_public_value_domain_count,none_observed,observed_not_promoted,forbidden_in_WEBSCHEMA1,"empty string, not_reported, needs_manual_check, and business values remain distinct",not_promoted,WEBR8-D08,WEBR8-v1,WEBSCHEMA1 field inventory + WEBR8 decision contract
VOC_DIRECT_EVIDENCE_IONIC_STRENGTH_MM,direct_evidence,ionic_strength_mM,5,canonical_term_candidate,5,25,current_public_value_domain_count,none_observed,observed_not_promoted,forbidden_in_WEBSCHEMA1,"empty string, not_reported, needs_manual_check, and business values remain distinct",not_promoted,WEBR8-D08,WEBR8-v1,WEBSCHEMA1 field inventory + WEBR8 decision contract
VOC_DIRECT_EVIDENCE_IONIC_STRENGTH_MM,direct_evidence,ionic_strength_mM,50,canonical_term_candidate,50,508,current_public_value_domain_count,none_observed,observed_not_promoted,forbidden_in_WEBSCHEMA1,"empty string, not_reported, needs_manual_check, and business values remain distinct",not_promoted,WEBR8-D08,WEBR8-v1,WEBSCHEMA1 field inventory + WEBR8 decision contract
VOC_DIRECT_EVIDENCE_LABEL_READY,direct_evidence,label_ready,no,canonical_term_candidate,no,100,current_public_value_domain_count,none_observed,observed_not_promoted,forbidden_in_WEBSCHEMA1,"empty string, not_reported, needs_manual_check, and business values remain distinct",not_promoted,WEBR8-D08,WEBR8-v1,WEBSCHEMA1 field inventory + WEBR8 decision contract
VOC_DIRECT_EVIDENCE_LABEL_READY,direct_evidence,label_ready,yes,canonical_term_candidate,yes,2023,current_public_value_domain_count,none_observed,observed_not_promoted,forbidden_in_WEBSCHEMA1,"empty string, not_reported, needs_manual_check, and business values remain distinct",not_promoted,WEBR8-D08,WEBR8-v1,WEBSCHEMA1 field inventory + WEBR8 decision contract
VOC_DIRECT_EVIDENCE_LOW_MEOH_ACTIVATION_OBSERVED,direct_evidence,low_meoh_activation_observed,needs_manual_check,sentinel,needs_manual_check,3,current_public_value_domain_count,none_observed,observed_sentinel_locked_distinct,forbidden_in_WEBSCHEMA1,"empty string, not_reported, needs_manual_check, and business values remain distinct",not_promoted,WEBR8-D08,WEBR8-v1,WEBSCHEMA1 field inventory + WEBR8 decision contract
VOC_DIRECT_EVIDENCE_LOW_MEOH_ACTIVATION_OBSERVED,direct_evidence,low_meoh_activation_observed,no,canonical_term_candidate,no,1737,current_public_value_domain_count,none_observed,observed_not_promoted,forbidden_in_WEBSCHEMA1,"empty string, not_reported, needs_manual_check, and business values remain distinct",not_promoted,WEBR8-D08,WEBR8-v1,WEBSCHEMA1 field inventory + WEBR8 decision contract
VOC_DIRECT_EVIDENCE_LOW_MEOH_ACTIVATION_OBSERVED,direct_evidence,low_meoh_activation_observed,yes,canonical_term_candidate,yes,319,current_public_value_domain_count,none_observed,observed_not_promoted,forbidden_in_WEBSCHEMA1,"empty string, not_reported, needs_manual_check, and business values remain distinct",not_promoted,WEBR8-D08,WEBR8-v1,WEBSCHEMA1 field inventory + WEBR8 decision contract
VOC_DIRECT_EVIDENCE_LOW_STRESS_BAND_5PCT,direct_evidence,low_stress_band_5pct,no,canonical_term_candidate,no,2091,current_public_value_domain_count,none_observed,observed_not_promoted,forbidden_in_WEBSCHEMA1,"empty string, not_reported, needs_manual_check, and business values remain distinct",not_promoted,WEBR8-D08,WEBR8-v1,WEBSCHEMA1 field inventory + WEBR8 decision contract
VOC_DIRECT_EVIDENCE_LOW_STRESS_BAND_5PCT,direct_evidence,low_stress_band_5pct,not_applicable,sentinel,not_applicable,1,current_public_value_domain_count,none_observed,observed_sentinel_locked_distinct,forbidden_in_WEBSCHEMA1,"empty string, not_reported, needs_manual_check, and business values remain distinct",not_promoted,WEBR8-D08,WEBR8-v1,WEBSCHEMA1 field inventory + WEBR8 decision contract
VOC_DIRECT_EVIDENCE_LOW_STRESS_BAND_5PCT,direct_evidence,low_stress_band_5pct,yes,canonical_term_candidate,yes,31,current_public_value_domain_count,none_observed,observed_not_promoted,forbidden_in_WEBSCHEMA1,"empty string, not_reported, needs_manual_check, and business values remain distinct",not_promoted,WEBR8-D08,WEBR8-v1,WEBSCHEMA1 field inventory + WEBR8 decision contract
VOC_DIRECT_EVIDENCE_METHANOL_ADDITION_MODE,direct_evidence,methanol_addition_mode,10% v/v methanol preincubation,canonical_term_candidate,10% v/v methanol preincubation,5,current_public_value_domain_count,none_observed,observed_not_promoted,forbidden_in_WEBSCHEMA1,"empty string, not_reported, needs_manual_check, and business values remain distinct",not_promoted,WEBR8-D08,WEBR8-v1,WEBSCHEMA1 field inventory + WEBR8 decision contract
VOC_DIRECT_EVIDENCE_METHANOL_ADDITION_MODE,direct_evidence,methanol_addition_mode,1:1 v/v methanol challenge,canonical_term_candidate,1:1 v/v methanol challenge,1,current_public_value_domain_count,none_observed,observed_not_promoted,forbidden_in_WEBSCHEMA1,"empty string, not_reported, needs_manual_check, and business values remain distinct",not_promoted,WEBR8-D08,WEBR8-v1,WEBSCHEMA1 field inventory + WEBR8 decision contract
VOC_DIRECT_EVIDENCE_METHANOL_ADDITION_MODE,direct_evidence,methanol_addition_mode,20% v/v methanol preincubation,canonical_term_candidate,20% v/v methanol preincubation,3,current_public_value_domain_count,none_observed,observed_not_promoted,forbidden_in_WEBSCHEMA1,"empty string, not_reported, needs_manual_check, and business values remain distinct",not_promoted,WEBR8-D08,WEBR8-v1,WEBSCHEMA1 field inventory + WEBR8 decision contract
VOC_DIRECT_EVIDENCE_METHANOL_ADDITION_MODE,direct_evidence,methanol_addition_mode,25% v/v methanol solvent exposure,canonical_term_candidate,25% v/v methanol solvent exposure,1,current_public_value_domain_count,none_observed,observed_not_promoted,forbidden_in_WEBSCHEMA1,"empty string, not_reported, needs_manual_check, and business values remain distinct",not_promoted,WEBR8-D08,WEBR8-v1,WEBSCHEMA1 field inventory + WEBR8 decision contract
VOC_DIRECT_EVIDENCE_METHANOL_ADDITION_MODE,direct_evidence,methanol_addition_mode,30% v/v methanol preincubation,canonical_term_candidate,30% v/v methanol preincubation,3,current_public_value_domain_count,none_observed,observed_not_promoted,forbidden_in_WEBSCHEMA1,"empty string, not_reported, needs_manual_check, and business values remain distinct",not_promoted,WEBR8-D08,WEBR8-v1,WEBSCHEMA1 field inventory + WEBR8 decision contract
VOC_DIRECT_EVIDENCE_METHANOL_ADDITION_MODE,direct_evidence,methanol_addition_mode,30% v/v methanol solvent exposure,canonical_term_candidate,30% v/v methanol solvent exposure,1,current_public_value_domain_count,none_observed,observed_not_promoted,forbidden_in_WEBSCHEMA1,"empty string, not_reported, needs_manual_check, and business values remain distinct",not_promoted,WEBR8-D08,WEBR8-v1,WEBSCHEMA1 field inventory + WEBR8 decision contract
VOC_DIRECT_EVIDENCE_METHANOL_ADDITION_MODE,direct_evidence,methanol_addition_mode,40% v/v methanol preincubation,canonical_term_candidate,40% v/v methanol preincubation,3,current_public_value_domain_count,none_observed,observed_not_promoted,forbidden_in_WEBSCHEMA1,"empty string, not_reported, needs_manual_check, and business values remain distinct",not_promoted,WEBR8-D08,WEBR8-v1,WEBSCHEMA1 field inventory + WEBR8 decision contract
VOC_DIRECT_EVIDENCE_METHANOL_ADDITION_MODE,direct_evidence,methanol_addition_mode,50% v/v methanol preincubation,canonical_term_candidate,50% v/v methanol preincubation,3,current_public_value_domain_count,none_observed,observed_not_promoted,forbidden_in_WEBSCHEMA1,"empty string, not_reported, needs_manual_check, and business values remain distinct",not_promoted,WEBR8-D08,WEBR8-v1,WEBSCHEMA1 field inventory + WEBR8 decision contract
VOC_DIRECT_EVIDENCE_METHANOL_ADDITION_MODE,direct_evidence,methanol_addition_mode,60% v/v methanol preincubation,canonical_term_candidate,60% v/v methanol preincubation,3,current_public_value_domain_count,none_observed,observed_not_promoted,forbidden_in_WEBSCHEMA1,"empty string, not_reported, needs_manual_check, and business values remain distinct",not_promoted,WEBR8-D08,WEBR8-v1,WEBSCHEMA1 field inventory + WEBR8 decision contract
VOC_DIRECT_EVIDENCE_METHANOL_ADDITION_MODE,direct_evidence,methanol_addition_mode,70% v/v methanol preincubation,canonical_term_candidate,70% v/v methanol preincubation,3,current_public_value_domain_count,none_observed,observed_not_promoted,forbidden_in_WEBSCHEMA1,"empty string, not_reported, needs_manual_check, and business values remain distinct",not_promoted,WEBR8-D08,WEBR8-v1,WEBSCHEMA1 field inventory + WEBR8 decision contract
VOC_DIRECT_EVIDENCE_METHANOL_ADDITION_MODE,direct_evidence,methanol_addition_mode,80% v/v methanol preincubation,canonical_term_candidate,80% v/v methanol preincubation,3,current_public_value_domain_count,none_observed,observed_not_promoted,forbidden_in_WEBSCHEMA1,"empty string, not_reported, needs_manual_check, and business values remain distinct",not_promoted,WEBR8-D08,WEBR8-v1,WEBSCHEMA1 field inventory + WEBR8 decision contract
VOC_DIRECT_EVIDENCE_METHANOL_ADDITION_MODE,direct_evidence,methanol_addition_mode,90% v/v methanol preincubation,canonical_term_candidate,90% v/v methanol preincubation,3,current_public_value_domain_count,none_observed,observed_not_promoted,forbidden_in_WEBSCHEMA1,"empty string, not_reported, needs_manual_check, and business values remain distinct",not_promoted,WEBR8-D08,WEBR8-v1,WEBSCHEMA1 field inventory + WEBR8 decision contract
VOC_DIRECT_EVIDENCE_METHANOL_ADDITION_MODE,direct_evidence,methanol_addition_mode,"equal volume methanol, final 50% v/v",canonical_term_candidate,"equal volume methanol, final 50% v/v",2,current_public_value_domain_count,none_observed,observed_not_promoted,forbidden_in_WEBSCHEMA1,"empty string, not_reported, needs_manual_check, and business values remain distinct",not_promoted,WEBR8-D08,WEBR8-v1,WEBSCHEMA1 field inventory + WEBR8 decision contract
VOC_DIRECT_EVIDENCE_METHANOL_ADDITION_MODE,direct_evidence,methanol_addition_mode,"equal volume organic solvent, final 50% v/v",canonical_term_candidate,"equal volume organic solvent, final 50% v/v",1,current_public_value_domain_count,none_observed,observed_not_promoted,forbidden_in_WEBSCHEMA1,"empty string, not_reported, needs_manual_check, and business values remain distinct",not_promoted,WEBR8-D08,WEBR8-v1,WEBSCHEMA1 field inventory + WEBR8 decision contract
VOC_DIRECT_EVIDENCE_METHANOL_ADDITION_MODE,direct_evidence,methanol_addition_mode,in_assay,canonical_term_candidate,in_assay,6,current_public_value_domain_count,none_observed,observed_not_promoted,forbidden_in_WEBSCHEMA1,"empty string, not_reported, needs_manual_check, and business values remain distinct",not_promoted,WEBR8-D08,WEBR8-v1,WEBSCHEMA1 field inventory + WEBR8 decision contract
VOC_DIRECT_EVIDENCE_METHANOL_ADDITION_MODE,direct_evidence,methanol_addition_mode,"methanol in toluene, controlled water activity",canonical_term_candidate,"methanol in toluene, controlled water activity",2,current_public_value_domain_count,none_observed,observed_not_promoted,forbidden_in_WEBSCHEMA1,"empty string, not_reported, needs_manual_check, and business values remain distinct",not_promoted,WEBR8-D08,WEBR8-v1,WEBSCHEMA1 field inventory + WEBR8 decision contract
VOC_DIRECT_EVIDENCE_METHANOL_ADDITION_MODE,direct_evidence,methanol_addition_mode,one_shot,canonical_term_candidate,one_shot,1970,current_public_value_domain_count,none_observed,observed_not_promoted,forbidden_in_WEBSCHEMA1,"empty string, not_reported, needs_manual_check, and business values remain distinct",not_promoted,WEBR8-D08,WEBR8-v1,WEBSCHEMA1 field inventory + WEBR8 decision contract
VOC_DIRECT_EVIDENCE_METHANOL_ADDITION_MODE,direct_evidence,methanol_addition_mode,preincubated_enzyme,canonical_term_candidate,preincubated_enzyme,73,current_public_value_domain_count,none_observed,observed_not_promoted,forbidden_in_WEBSCHEMA1,"empty string, not_reported, needs_manual_check, and business values remain distinct",not_promoted,WEBR8-D08,WEBR8-v1,WEBSCHEMA1 field inventory + WEBR8 decision contract
VOC_DIRECT_EVIDENCE_METHANOL_ADDITION_MODE,direct_evidence,methanol_addition_mode,preincubation,canonical_term_candidate,preincubation,37,current_public_value_domain_count,none_observed,observed_not_promoted,forbidden_in_WEBSCHEMA1,"empty string, not_reported, needs_manual_check, and business values remain distinct",not_promoted,WEBR8-D08,WEBR8-v1,WEBSCHEMA1 field inventory + WEBR8 decision contract
VOC_DIRECT_EVIDENCE_SHAKING_RPM,direct_evidence,shaking_rpm,0,canonical_term_candidate,0,4,current_public_value_domain_count,none_observed,observed_not_promoted,forbidden_in_WEBSCHEMA1,"empty string, not_reported, needs_manual_check, and business values remain distinct",not_promoted,WEBR8-D08,WEBR8-v1,WEBSCHEMA1 field inventory + WEBR8 decision contract
VOC_DIRECT_EVIDENCE_SHAKING_RPM,direct_evidence,shaking_rpm,100,canonical_term_candidate,100,58,current_public_value_domain_count,none_observed,observed_not_promoted,forbidden_in_WEBSCHEMA1,"empty string, not_reported, needs_manual_check, and business values remain distinct",not_promoted,WEBR8-D08,WEBR8-v1,WEBSCHEMA1 field inventory + WEBR8 decision contract
VOC_DIRECT_EVIDENCE_SHAKING_RPM,direct_evidence,shaking_rpm,120,canonical_term_candidate,120,2,current_public_value_domain_count,none_observed,observed_not_promoted,forbidden_in_WEBSCHEMA1,"empty string, not_reported, needs_manual_check, and business values remain distinct",not_promoted,WEBR8-D08,WEBR8-v1,WEBSCHEMA1 field inventory + WEBR8 decision contract
VOC_DIRECT_EVIDENCE_SHAKING_RPM,direct_evidence,shaking_rpm,130,canonical_term_candidate,130,12,current_public_value_domain_count,none_observed,observed_not_promoted,forbidden_in_WEBSCHEMA1,"empty string, not_reported, needs_manual_check, and business values remain distinct",not_promoted,WEBR8-D08,WEBR8-v1,WEBSCHEMA1 field inventory + WEBR8 decision contract
VOC_DIRECT_EVIDENCE_SHAKING_RPM,direct_evidence,shaking_rpm,150,canonical_term_candidate,150,38,current_public_value_domain_count,none_observed,observed_not_promoted,forbidden_in_WEBSCHEMA1,"empty string, not_reported, needs_manual_check, and business values remain distinct",not_promoted,WEBR8-D08,WEBR8-v1,WEBSCHEMA1 field inventory + WEBR8 decision contract
VOC_DIRECT_EVIDENCE_SHAKING_RPM,direct_evidence,shaking_rpm,160,canonical_term_candidate,160,23,current_public_value_domain_count,none_observed,observed_not_promoted,forbidden_in_WEBSCHEMA1,"empty string, not_reported, needs_manual_check, and business values remain distinct",not_promoted,WEBR8-D08,WEBR8-v1,WEBSCHEMA1 field inventory + WEBR8 decision contract
VOC_DIRECT_EVIDENCE_SHAKING_RPM,direct_evidence,shaking_rpm,160 strokes/min,canonical_term_candidate,160 strokes/min,3,current_public_value_domain_count,none_observed,observed_not_promoted,forbidden_in_WEBSCHEMA1,"empty string, not_reported, needs_manual_check, and business values remain distinct",not_promoted,WEBR8-D08,WEBR8-v1,WEBSCHEMA1 field inventory + WEBR8 decision contract
VOC_DIRECT_EVIDENCE_SHAKING_RPM,direct_evidence,shaking_rpm,180,canonical_term_candidate,180,16,current_public_value_domain_count,none_observed,observed_not_promoted,forbidden_in_WEBSCHEMA1,"empty string, not_reported, needs_manual_check, and business values remain distinct",not_promoted,WEBR8-D08,WEBR8-v1,WEBSCHEMA1 field inventory + WEBR8 decision contract
VOC_DIRECT_EVIDENCE_SHAKING_RPM,direct_evidence,shaking_rpm,200,canonical_term_candidate,200,95,current_public_value_domain_count,none_observed,observed_not_promoted,forbidden_in_WEBSCHEMA1,"empty string, not_reported, needs_manual_check, and business values remain distinct",not_promoted,WEBR8-D08,WEBR8-v1,WEBSCHEMA1 field inventory + WEBR8 decision contract
VOC_DIRECT_EVIDENCE_SHAKING_RPM,direct_evidence,shaking_rpm,300,canonical_term_candidate,300,6,current_public_value_domain_count,none_observed,observed_not_promoted,forbidden_in_WEBSCHEMA1,"empty string, not_reported, needs_manual_check, and business values remain distinct",not_promoted,WEBR8-D08,WEBR8-v1,WEBSCHEMA1 field inventory + WEBR8 decision contract
VOC_DIRECT_EVIDENCE_SHAKING_RPM,direct_evidence,shaking_rpm,500,canonical_term_candidate,500,1,current_public_value_domain_count,none_observed,observed_not_promoted,forbidden_in_WEBSCHEMA1,"empty string, not_reported, needs_manual_check, and business values remain distinct",not_promoted,WEBR8-D08,WEBR8-v1,WEBSCHEMA1 field inventory + WEBR8 decision contract
VOC_DIRECT_EVIDENCE_SHAKING_RPM,direct_evidence,shaking_rpm,60,canonical_term_candidate,60,1,current_public_value_domain_count,none_observed,observed_not_promoted,forbidden_in_WEBSCHEMA1,"empty string, not_reported, needs_manual_check, and business values remain distinct",not_promoted,WEBR8-D08,WEBR8-v1,WEBSCHEMA1 field inventory + WEBR8 decision contract
VOC_DIRECT_EVIDENCE_SHAKING_RPM,direct_evidence,shaking_rpm,needs_manual_check,sentinel,needs_manual_check,2,current_public_value_domain_count,none_observed,observed_sentinel_locked_distinct,forbidden_in_WEBSCHEMA1,"empty string, not_reported, needs_manual_check, and business values remain distinct",not_promoted,WEBR8-D08,WEBR8-v1,WEBSCHEMA1 field inventory + WEBR8 decision contract
VOC_DIRECT_EVIDENCE_SHAKING_RPM,direct_evidence,shaking_rpm,rotary shaker,canonical_term_candidate,rotary shaker,7,current_public_value_domain_count,none_observed,observed_not_promoted,forbidden_in_WEBSCHEMA1,"empty string, not_reported, needs_manual_check, and business values remain distinct",not_promoted,WEBR8-D08,WEBR8-v1,WEBSCHEMA1 field inventory + WEBR8 decision contract
VOC_DIRECT_EVIDENCE_SHAKING_RPM,direct_evidence,shaking_rpm,shaking,canonical_term_candidate,shaking,24,current_public_value_domain_count,none_observed,observed_not_promoted,forbidden_in_WEBSCHEMA1,"empty string, not_reported, needs_manual_check, and business values remain distinct",not_promoted,WEBR8-D08,WEBR8-v1,WEBSCHEMA1 field inventory + WEBR8 decision contract
VOC_DIRECT_EVIDENCE_STRUCTURE_MODELING_READINESS,direct_evidence,structure_modeling_readiness,exact_PDB_available,canonical_term_candidate,exact_PDB_available,1,current_public_value_domain_count,none_observed,observed_not_promoted,forbidden_in_WEBSCHEMA1,"empty string, not_reported, needs_manual_check, and business values remain distinct",not_promoted,WEBR8-D08,WEBR8-v1,WEBSCHEMA1 field inventory + WEBR8 decision contract
VOC_DIRECT_EVIDENCE_STRUCTURE_MODELING_READINESS,direct_evidence,structure_modeling_readiness,experimental_structure_available,canonical_term_candidate,experimental_structure_available,2,current_public_value_domain_count,none_observed,observed_not_promoted,forbidden_in_WEBSCHEMA1,"empty string, not_reported, needs_manual_check, and business values remain distinct",not_promoted,WEBR8-D08,WEBR8-v1,WEBSCHEMA1 field inventory + WEBR8 decision contract
VOC_DIRECT_EVIDENCE_STRUCTURE_MODELING_READINESS,direct_evidence,structure_modeling_readiness,needs_manual_check,sentinel,needs_manual_check,86,current_public_value_domain_count,none_observed,observed_sentinel_locked_distinct,forbidden_in_WEBSCHEMA1,"empty string, not_reported, needs_manual_check, and business values remain distinct",not_promoted,WEBR8-D08,WEBR8-v1,WEBSCHEMA1 field inventory + WEBR8 decision contract
VOC_DIRECT_EVIDENCE_STRUCTURE_MODELING_READINESS,direct_evidence,structure_modeling_readiness,parent_scaffold_only,canonical_term_candidate,parent_scaffold_only,23,current_public_value_domain_count,none_observed,observed_not_promoted,forbidden_in_WEBSCHEMA1,"empty string, not_reported, needs_manual_check, and business values remain distinct",not_promoted,WEBR8-D08,WEBR8-v1,WEBSCHEMA1 field inventory + WEBR8 decision contract
VOC_DIRECT_EVIDENCE_STRUCTURE_MODELING_READINESS,direct_evidence,structure_modeling_readiness,phenotype_ready,canonical_term_candidate,phenotype_ready,567,current_public_value_domain_count,none_observed,observed_not_promoted,forbidden_in_WEBSCHEMA1,"empty string, not_reported, needs_manual_check, and business values remain distinct",not_promoted,WEBR8-D08,WEBR8-v1,WEBSCHEMA1 field inventory + WEBR8 decision contract
VOC_DIRECT_EVIDENCE_STRUCTURE_MODELING_READINESS,direct_evidence,structure_modeling_readiness,ready,canonical_term_candidate,ready,1,current_public_value_domain_count,none_observed,observed_not_promoted,forbidden_in_WEBSCHEMA1,"empty string, not_reported, needs_manual_check, and business values remain distinct",not_promoted,WEBR8-D08,WEBR8-v1,WEBSCHEMA1 field inventory + WEBR8 decision contract
VOC_DIRECT_EVIDENCE_STRUCTURE_MODELING_READINESS,direct_evidence,structure_modeling_readiness,sequence_ready,canonical_term_candidate,sequence_ready,892,current_public_value_domain_count,none_observed,observed_not_promoted,forbidden_in_WEBSCHEMA1,"empty string, not_reported, needs_manual_check, and business values remain distinct",not_promoted,WEBR8-D08,WEBR8-v1,WEBSCHEMA1 field inventory + WEBR8 decision contract
VOC_DIRECT_EVIDENCE_STRUCTURE_MODELING_READINESS,direct_evidence,structure_modeling_readiness,structure_ready,canonical_term_candidate,structure_ready,509,current_public_value_domain_count,none_observed,observed_not_promoted,forbidden_in_WEBSCHEMA1,"empty string, not_reported, needs_manual_check, and business values remain distinct",not_promoted,WEBR8-D08,WEBR8-v1,WEBSCHEMA1 field inventory + WEBR8 decision contract
VOC_DIRECT_EVIDENCE_TIER_2B,direct_evidence,tier_2b,in_assay,canonical_term_candidate,in_assay,139,current_public_value_domain_count,none_observed,observed_not_promoted,forbidden_in_WEBSCHEMA1,"empty string, not_reported, needs_manual_check, and business values remain distinct",not_promoted,WEBR8-D08,WEBR8-v1,WEBSCHEMA1 field inventory + WEBR8 decision contract
VOC_DIRECT_EVIDENCE_TIER_2B,direct_evidence,tier_2b,needs_manual_check,sentinel,needs_manual_check,3,current_public_value_domain_count,none_observed,observed_sentinel_locked_distinct,forbidden_in_WEBSCHEMA1,"empty string, not_reported, needs_manual_check, and business values remain distinct",not_promoted,WEBR8-D08,WEBR8-v1,WEBSCHEMA1 field inventory + WEBR8 decision contract
VOC_DIRECT_EVIDENCE_TIER_2B,direct_evidence,tier_2b,pre_incubated,canonical_term_candidate,pre_incubated,1981,current_public_value_domain_count,none_observed,observed_not_promoted,forbidden_in_WEBSCHEMA1,"empty string, not_reported, needs_manual_check, and business values remain distinct",not_promoted,WEBR8-D08,WEBR8-v1,WEBSCHEMA1 field inventory + WEBR8 decision contract
VOC_DIRECT_EVIDENCE_TIME_SERIES_AVAILABLE,direct_evidence,time_series_available,needs_manual_check,sentinel,needs_manual_check,16,current_public_value_domain_count,none_observed,observed_sentinel_locked_distinct,forbidden_in_WEBSCHEMA1,"empty string, not_reported, needs_manual_check, and business values remain distinct",not_promoted,WEBR8-D08,WEBR8-v1,WEBSCHEMA1 field inventory + WEBR8 decision contract
VOC_DIRECT_EVIDENCE_TIME_SERIES_AVAILABLE,direct_evidence,time_series_available,no,canonical_term_candidate,no,705,current_public_value_domain_count,none_observed,observed_not_promoted,forbidden_in_WEBSCHEMA1,"empty string, not_reported, needs_manual_check, and business values remain distinct",not_promoted,WEBR8-D08,WEBR8-v1,WEBSCHEMA1 field inventory + WEBR8 decision contract
VOC_DIRECT_EVIDENCE_TIME_SERIES_AVAILABLE,direct_evidence,time_series_available,yes,canonical_term_candidate,yes,1329,current_public_value_domain_count,none_observed,observed_not_promoted,forbidden_in_WEBSCHEMA1,"empty string, not_reported, needs_manual_check, and business values remain distinct",not_promoted,WEBR8-D08,WEBR8-v1,WEBSCHEMA1 field inventory + WEBR8 decision contract
VOC_DIRECT_EVIDENCE_UNCERTAINTY_BASIS,direct_evidence,uncertainty_basis,author_reported,canonical_term_candidate,author_reported,10,current_public_value_domain_count,none_observed,observed_not_promoted,forbidden_in_WEBSCHEMA1,"empty string, not_reported, needs_manual_check, and business values remain distinct",not_promoted,WEBR8-D08,WEBR8-v1,WEBSCHEMA1 field inventory + WEBR8 decision contract
VOC_DIRECT_EVIDENCE_UNCERTAINTY_BASIS,direct_evidence,uncertainty_basis,author_reported_not_captured,canonical_term_candidate,author_reported_not_captured,361,current_public_value_domain_count,none_observed,observed_not_promoted,forbidden_in_WEBSCHEMA1,"empty string, not_reported, needs_manual_check, and business values remain distinct",not_promoted,WEBR8-D08,WEBR8-v1,WEBSCHEMA1 field inventory + WEBR8 decision contract
VOC_DIRECT_EVIDENCE_UNCERTAINTY_BASIS,direct_evidence,uncertainty_basis,default,canonical_term_candidate,default,1566,current_public_value_domain_count,none_observed,observed_not_promoted,forbidden_in_WEBSCHEMA1,"empty string, not_reported, needs_manual_check, and business values remain distinct",not_promoted,WEBR8-D08,WEBR8-v1,WEBSCHEMA1 field inventory + WEBR8 decision contract
VOC_DIRECT_EVIDENCE_UNCERTAINTY_BASIS,direct_evidence,uncertainty_basis,half_tick_rule,canonical_term_candidate,half_tick_rule,126,current_public_value_domain_count,none_observed,observed_not_promoted,forbidden_in_WEBSCHEMA1,"empty string, not_reported, needs_manual_check, and business values remain distinct",not_promoted,WEBR8-D08,WEBR8-v1,WEBSCHEMA1 field inventory + WEBR8 decision contract
VOC_DIRECT_EVIDENCE_UNCERTAINTY_BASIS,direct_evidence,uncertainty_basis,needs_manual_check,sentinel,needs_manual_check,60,current_public_value_domain_count,none_observed,observed_sentinel_locked_distinct,forbidden_in_WEBSCHEMA1,"empty string, not_reported, needs_manual_check, and business values remain distinct",not_promoted,WEBR8-D08,WEBR8-v1,WEBSCHEMA1 field inventory + WEBR8 decision contract
VOC_DIRECT_EVIDENCE_UNIT_CONVERSION_FACTOR,direct_evidence,unit_conversion_factor,0.0102,canonical_term_candidate,0.0102,3,current_public_value_domain_count,none_observed,observed_not_promoted,forbidden_in_WEBSCHEMA1,"empty string, not_reported, needs_manual_check, and business values remain distinct",not_promoted,WEBR8-D08,WEBR8-v1,WEBSCHEMA1 field inventory + WEBR8 decision contract
VOC_DIRECT_EVIDENCE_UNIT_CONVERSION_FACTOR,direct_evidence,unit_conversion_factor,0.0155,canonical_term_candidate,0.0155,3,current_public_value_domain_count,none_observed,observed_not_promoted,forbidden_in_WEBSCHEMA1,"empty string, not_reported, needs_manual_check, and business values remain distinct",not_promoted,WEBR8-D08,WEBR8-v1,WEBSCHEMA1 field inventory + WEBR8 decision contract
VOC_DIRECT_EVIDENCE_UNIT_CONVERSION_FACTOR,direct_evidence,unit_conversion_factor,0.0222,canonical_term_candidate,0.0222,3,current_public_value_domain_count,none_observed,observed_not_promoted,forbidden_in_WEBSCHEMA1,"empty string, not_reported, needs_manual_check, and business values remain distinct",not_promoted,WEBR8-D08,WEBR8-v1,WEBSCHEMA1 field inventory + WEBR8 decision contract
VOC_DIRECT_EVIDENCE_UNIT_CONVERSION_FACTOR,direct_evidence,unit_conversion_factor,0.0546,canonical_term_candidate,0.0546,3,current_public_value_domain_count,none_observed,observed_not_promoted,forbidden_in_WEBSCHEMA1,"empty string, not_reported, needs_manual_check, and business values remain distinct",not_promoted,WEBR8-D08,WEBR8-v1,WEBSCHEMA1 field inventory + WEBR8 decision contract
VOC_DIRECT_EVIDENCE_UNIT_CONVERSION_FACTOR,direct_evidence,unit_conversion_factor,0.0654,canonical_term_candidate,0.0654,3,current_public_value_domain_count,none_observed,observed_not_promoted,forbidden_in_WEBSCHEMA1,"empty string, not_reported, needs_manual_check, and business values remain distinct",not_promoted,WEBR8-D08,WEBR8-v1,WEBSCHEMA1 field inventory + WEBR8 decision contract
VOC_DIRECT_EVIDENCE_UNIT_CONVERSION_FACTOR,direct_evidence,unit_conversion_factor,0.0671,canonical_term_candidate,0.0671,3,current_public_value_domain_count,none_observed,observed_not_promoted,forbidden_in_WEBSCHEMA1,"empty string, not_reported, needs_manual_check, and business values remain distinct",not_promoted,WEBR8-D08,WEBR8-v1,WEBSCHEMA1 field inventory + WEBR8 decision contract
VOC_DIRECT_EVIDENCE_UNIT_CONVERSION_FACTOR,direct_evidence,unit_conversion_factor,0.0704,canonical_term_candidate,0.0704,3,current_public_value_domain_count,none_observed,observed_not_promoted,forbidden_in_WEBSCHEMA1,"empty string, not_reported, needs_manual_check, and business values remain distinct",not_promoted,WEBR8-D08,WEBR8-v1,WEBSCHEMA1 field inventory + WEBR8 decision contract
VOC_DIRECT_EVIDENCE_UNIT_CONVERSION_FACTOR,direct_evidence,unit_conversion_factor,0.073,canonical_term_candidate,0.073,3,current_public_value_domain_count,none_observed,observed_not_promoted,forbidden_in_WEBSCHEMA1,"empty string, not_reported, needs_manual_check, and business values remain distinct",not_promoted,WEBR8-D08,WEBR8-v1,WEBSCHEMA1 field inventory + WEBR8 decision contract
VOC_DIRECT_EVIDENCE_UNIT_CONVERSION_FACTOR,direct_evidence,unit_conversion_factor,0.0813,canonical_term_candidate,0.0813,3,current_public_value_domain_count,none_observed,observed_not_promoted,forbidden_in_WEBSCHEMA1,"empty string, not_reported, needs_manual_check, and business values remain distinct",not_promoted,WEBR8-D08,WEBR8-v1,WEBSCHEMA1 field inventory + WEBR8 decision contract
VOC_DIRECT_EVIDENCE_UNIT_CONVERSION_FACTOR,direct_evidence,unit_conversion_factor,0.1087,canonical_term_candidate,0.1087,3,current_public_value_domain_count,none_observed,observed_not_promoted,forbidden_in_WEBSCHEMA1,"empty string, not_reported, needs_manual_check, and business values remain distinct",not_promoted,WEBR8-D08,WEBR8-v1,WEBSCHEMA1 field inventory + WEBR8 decision contract
VOC_DIRECT_EVIDENCE_UNIT_CONVERSION_FACTOR,direct_evidence,unit_conversion_factor,0.2,canonical_term_candidate,0.2,3,current_public_value_domain_count,none_observed,observed_not_promoted,forbidden_in_WEBSCHEMA1,"empty string, not_reported, needs_manual_check, and business values remain distinct",not_promoted,WEBR8-D08,WEBR8-v1,WEBSCHEMA1 field inventory + WEBR8 decision contract
VOC_DIRECT_EVIDENCE_UNIT_CONVERSION_FACTOR,direct_evidence,unit_conversion_factor,0.2941,canonical_term_candidate,0.2941,3,current_public_value_domain_count,none_observed,observed_not_promoted,forbidden_in_WEBSCHEMA1,"empty string, not_reported, needs_manual_check, and business values remain distinct",not_promoted,WEBR8-D08,WEBR8-v1,WEBSCHEMA1 field inventory + WEBR8 decision contract
VOC_DIRECT_EVIDENCE_UNIT_CONVERSION_FACTOR,direct_evidence,unit_conversion_factor,0.625,canonical_term_candidate,0.625,3,current_public_value_domain_count,none_observed,observed_not_promoted,forbidden_in_WEBSCHEMA1,"empty string, not_reported, needs_manual_check, and business values remain distinct",not_promoted,WEBR8-D08,WEBR8-v1,WEBSCHEMA1 field inventory + WEBR8 decision contract
VOC_DIRECT_EVIDENCE_UNIT_CONVERSION_FACTOR,direct_evidence,unit_conversion_factor,0.8333,canonical_term_candidate,0.8333,3,current_public_value_domain_count,none_observed,observed_not_promoted,forbidden_in_WEBSCHEMA1,"empty string, not_reported, needs_manual_check, and business values remain distinct",not_promoted,WEBR8-D08,WEBR8-v1,WEBSCHEMA1 field inventory + WEBR8 decision contract
VOC_DIRECT_EVIDENCE_UNIT_CONVERSION_FACTOR,direct_evidence,unit_conversion_factor,1,canonical_term_candidate,1,1951,current_public_value_domain_count,none_observed,observed_not_promoted,forbidden_in_WEBSCHEMA1,"empty string, not_reported, needs_manual_check, and business values remain distinct",not_promoted,WEBR8-D08,WEBR8-v1,WEBSCHEMA1 field inventory + WEBR8 decision contract
VOC_DIRECT_EVIDENCE_UNIT_CONVERSION_FACTOR,direct_evidence,unit_conversion_factor,100,canonical_term_candidate,100,56,current_public_value_domain_count,none_observed,observed_not_promoted,forbidden_in_WEBSCHEMA1,"empty string, not_reported, needs_manual_check, and business values remain distinct",not_promoted,WEBR8-D08,WEBR8-v1,WEBSCHEMA1 field inventory + WEBR8 decision contract
VOC_DIRECT_EVIDENCE_UNIT_CONVERSION_FACTOR,direct_evidence,unit_conversion_factor,3.0303,canonical_term_candidate,3.0303,3,current_public_value_domain_count,none_observed,observed_not_promoted,forbidden_in_WEBSCHEMA1,"empty string, not_reported, needs_manual_check, and business values remain distinct",not_promoted,WEBR8-D08,WEBR8-v1,WEBSCHEMA1 field inventory + WEBR8 decision contract
VOC_DIRECT_EVIDENCE_UNIT_CONVERSION_FACTOR,direct_evidence,unit_conversion_factor,construct-specific Figure 2A A0 ratio,canonical_term_candidate,construct-specific Figure 2A A0 ratio,25,current_public_value_domain_count,none_observed,observed_not_promoted,forbidden_in_WEBSCHEMA1,"empty string, not_reported, needs_manual_check, and business values remain distinct",not_promoted,WEBR8-D08,WEBR8-v1,WEBSCHEMA1 field inventory + WEBR8 decision contract
VOC_DIRECT_EVIDENCE_VALUE_UNCERTAINTY_PP,direct_evidence,value_uncertainty_pp,0,canonical_term_candidate,0,361,current_public_value_domain_count,none_observed,observed_not_promoted,forbidden_in_WEBSCHEMA1,"empty string, not_reported, needs_manual_check, and business values remain distinct",not_promoted,WEBR8-D08,WEBR8-v1,WEBSCHEMA1 field inventory + WEBR8 decision contract
VOC_DIRECT_EVIDENCE_VALUE_UNCERTAINTY_PP,direct_evidence,value_uncertainty_pp,1.4,canonical_term_candidate,1.4,1,current_public_value_domain_count,none_observed,observed_not_promoted,forbidden_in_WEBSCHEMA1,"empty string, not_reported, needs_manual_check, and business values remain distinct",not_promoted,WEBR8-D08,WEBR8-v1,WEBSCHEMA1 field inventory + WEBR8 decision contract
VOC_DIRECT_EVIDENCE_VALUE_UNCERTAINTY_PP,direct_evidence,value_uncertainty_pp,1.82,canonical_term_candidate,1.82,1,current_public_value_domain_count,none_observed,observed_not_promoted,forbidden_in_WEBSCHEMA1,"empty string, not_reported, needs_manual_check, and business values remain distinct",not_promoted,WEBR8-D08,WEBR8-v1,WEBSCHEMA1 field inventory + WEBR8 decision contract
VOC_DIRECT_EVIDENCE_VALUE_UNCERTAINTY_PP,direct_evidence,value_uncertainty_pp,10,canonical_term_candidate,10,1141,current_public_value_domain_count,none_observed,observed_not_promoted,forbidden_in_WEBSCHEMA1,"empty string, not_reported, needs_manual_check, and business values remain distinct",not_promoted,WEBR8-D08,WEBR8-v1,WEBSCHEMA1 field inventory + WEBR8 decision contract
VOC_DIRECT_EVIDENCE_VALUE_UNCERTAINTY_PP,direct_evidence,value_uncertainty_pp,12.5,canonical_term_candidate,12.5,170,current_public_value_domain_count,none_observed,observed_not_promoted,forbidden_in_WEBSCHEMA1,"empty string, not_reported, needs_manual_check, and business values remain distinct",not_promoted,WEBR8-D08,WEBR8-v1,WEBSCHEMA1 field inventory + WEBR8 decision contract
VOC_DIRECT_EVIDENCE_VALUE_UNCERTAINTY_PP,direct_evidence,value_uncertainty_pp,2.2,canonical_term_candidate,2.2,1,current_public_value_domain_count,none_observed,observed_not_promoted,forbidden_in_WEBSCHEMA1,"empty string, not_reported, needs_manual_check, and business values remain distinct",not_promoted,WEBR8-D08,WEBR8-v1,WEBSCHEMA1 field inventory + WEBR8 decision contract
VOC_DIRECT_EVIDENCE_VALUE_UNCERTAINTY_PP,direct_evidence,value_uncertainty_pp,2.5,canonical_term_candidate,2.5,6,current_public_value_domain_count,none_observed,observed_not_promoted,forbidden_in_WEBSCHEMA1,"empty string, not_reported, needs_manual_check, and business values remain distinct",not_promoted,WEBR8-D08,WEBR8-v1,WEBSCHEMA1 field inventory + WEBR8 decision contract
VOC_DIRECT_EVIDENCE_VALUE_UNCERTAINTY_PP,direct_evidence,value_uncertainty_pp,3.0,canonical_term_candidate,3.0,1,current_public_value_domain_count,none_observed,observed_not_promoted,forbidden_in_WEBSCHEMA1,"empty string, not_reported, needs_manual_check, and business values remain distinct",not_promoted,WEBR8-D08,WEBR8-v1,WEBSCHEMA1 field inventory + WEBR8 decision contract
VOC_DIRECT_EVIDENCE_VALUE_UNCERTAINTY_PP,direct_evidence,value_uncertainty_pp,5,canonical_term_candidate,5,381,current_public_value_domain_count,none_observed,observed_not_promoted,forbidden_in_WEBSCHEMA1,"empty string, not_reported, needs_manual_check, and business values remain distinct",not_promoted,WEBR8-D08,WEBR8-v1,WEBSCHEMA1 field inventory + WEBR8 decision contract
VOC_DIRECT_EVIDENCE_VALUE_UNCERTAINTY_PP,direct_evidence,value_uncertainty_pp,needs_manual_check,sentinel,needs_manual_check,36,current_public_value_domain_count,none_observed,observed_sentinel_locked_distinct,forbidden_in_WEBSCHEMA1,"empty string, not_reported, needs_manual_check, and business values remain distinct",not_promoted,WEBR8-D08,WEBR8-v1,WEBSCHEMA1 field inventory + WEBR8 decision contract
VOC_DIRECT_EVIDENCE_VALUE_UNCERTAINTY_PP,direct_evidence,value_uncertainty_pp,unit_not_convertible,sentinel,unit_not_convertible,24,current_public_value_domain_count,none_observed,observed_sentinel_locked_distinct,forbidden_in_WEBSCHEMA1,"empty string, not_reported, needs_manual_check, and business values remain distinct",not_promoted,WEBR8-D08,WEBR8-v1,WEBSCHEMA1 field inventory + WEBR8 decision contract
VOC_ENZYME_SUMMARY_BEST_ENGINEERED_VARIANT,enzyme_summary,best_engineered_variant,UM-1 SKE mutant (LMT_0159),canonical_term_candidate,UM-1 SKE mutant (LMT_0159),1,current_public_value_domain_count,none_observed,observed_not_promoted,forbidden_in_WEBSCHEMA1,"empty string, not_reported, needs_manual_check, and business values remain distinct",not_promoted,WEBR8-D08,WEBR8-v1,WEBSCHEMA1 field inventory + WEBR8 decision contract
VOC_ENZYME_SUMMARY_BEST_ENGINEERED_VARIANT_TOLERANCE,enzyme_summary,best_engineered_variant_tolerance,high,canonical_term_candidate,high,1,current_public_value_domain_count,none_observed,observed_not_promoted,forbidden_in_WEBSCHEMA1,"empty string, not_reported, needs_manual_check, and business values remain distinct",not_promoted,WEBR8-D08,WEBR8-v1,WEBSCHEMA1 field inventory + WEBR8 decision contract
VOC_ENZYME_SUMMARY_CONSTRUCTS_WITH_MEASUREMENTS,enzyme_summary,constructs_with_measurements,1,canonical_term_candidate,1,1,current_public_value_domain_count,none_observed,observed_not_promoted,forbidden_in_WEBSCHEMA1,"empty string, not_reported, needs_manual_check, and business values remain distinct",not_promoted,WEBR8-D08,WEBR8-v1,WEBSCHEMA1 field inventory + WEBR8 decision contract
VOC_ENZYME_SUMMARY_CONSTRUCTS_WITH_MEASUREMENTS,enzyme_summary,constructs_with_measurements,23,canonical_term_candidate,23,1,current_public_value_domain_count,none_observed,observed_not_promoted,forbidden_in_WEBSCHEMA1,"empty string, not_reported, needs_manual_check, and business values remain distinct",not_promoted,WEBR8-D08,WEBR8-v1,WEBSCHEMA1 field inventory + WEBR8 decision contract
VOC_ENZYME_SUMMARY_CONSTRUCTS_WITH_MEASUREMENTS,enzyme_summary,constructs_with_measurements,24,canonical_term_candidate,24,1,current_public_value_domain_count,none_observed,observed_not_promoted,forbidden_in_WEBSCHEMA1,"empty string, not_reported, needs_manual_check, and business values remain distinct",not_promoted,WEBR8-D08,WEBR8-v1,WEBSCHEMA1 field inventory + WEBR8 decision contract
VOC_ENZYME_SUMMARY_CONSTRUCTS_WITH_MEASUREMENTS,enzyme_summary,constructs_with_measurements,40,canonical_term_candidate,40,1,current_public_value_domain_count,none_observed,observed_not_promoted,forbidden_in_WEBSCHEMA1,"empty string, not_reported, needs_manual_check, and business values remain distinct",not_promoted,WEBR8-D08,WEBR8-v1,WEBSCHEMA1 field inventory + WEBR8 decision contract
VOC_ENZYME_SUMMARY_CONSTRUCTS_WITH_MEASUREMENTS,enzyme_summary,constructs_with_measurements,5,canonical_term_candidate,5,1,current_public_value_domain_count,none_observed,observed_not_promoted,forbidden_in_WEBSCHEMA1,"empty string, not_reported, needs_manual_check, and business values remain distinct",not_promoted,WEBR8-D08,WEBR8-v1,WEBSCHEMA1 field inventory + WEBR8 decision contract
VOC_ENZYME_SUMMARY_ENGINEERED_VARIANTS_LABELLED,enzyme_summary,engineered_variants_labelled,22,canonical_term_candidate,22,2,current_public_value_domain_count,none_observed,observed_not_promoted,forbidden_in_WEBSCHEMA1,"empty string, not_reported, needs_manual_check, and business values remain distinct",not_promoted,WEBR8-D08,WEBR8-v1,WEBSCHEMA1 field inventory + WEBR8 decision contract
VOC_ENZYME_SUMMARY_ENGINEERED_VARIANTS_LABELLED,enzyme_summary,engineered_variants_labelled,6,canonical_term_candidate,6,1,current_public_value_domain_count,none_observed,observed_not_promoted,forbidden_in_WEBSCHEMA1,"empty string, not_reported, needs_manual_check, and business values remain distinct",not_promoted,WEBR8-D08,WEBR8-v1,WEBSCHEMA1 field inventory + WEBR8 decision contract
VOC_ENZYME_SUMMARY_ENZYME_EC_NUMBER,enzyme_summary,enzyme_ec_number,EC 3.1.1.3,canonical_term_candidate,EC 3.1.1.3,3,current_public_value_domain_count,none_observed,observed_not_promoted,forbidden_in_WEBSCHEMA1,"empty string, not_reported, needs_manual_check, and business values remain distinct",not_promoted,WEBR8-D08,WEBR8-v1,WEBSCHEMA1 field inventory + WEBR8 decision contract
VOC_ENZYME_SUMMARY_INDEPENDENT_PATENT_DIRECT_ROWS,enzyme_summary,independent_patent_direct_rows,0,canonical_term_candidate,0,2,current_public_value_domain_count,none_observed,observed_not_promoted,forbidden_in_WEBSCHEMA1,"empty string, not_reported, needs_manual_check, and business values remain distinct",not_promoted,WEBR8-D08,WEBR8-v1,WEBSCHEMA1 field inventory + WEBR8 decision contract
VOC_ENZYME_SUMMARY_INDEPENDENT_PATENT_DIRECT_ROWS,enzyme_summary,independent_patent_direct_rows,2,canonical_term_candidate,2,1,current_public_value_domain_count,none_observed,observed_not_promoted,forbidden_in_WEBSCHEMA1,"empty string, not_reported, needs_manual_check, and business values remain distinct",not_promoted,WEBR8-D08,WEBR8-v1,WEBSCHEMA1 field inventory + WEBR8 decision contract
VOC_ENZYME_SUMMARY_INDEPENDENT_PATENT_DIRECT_ROWS,enzyme_summary,independent_patent_direct_rows,33,canonical_term_candidate,33,1,current_public_value_domain_count,none_observed,observed_not_promoted,forbidden_in_WEBSCHEMA1,"empty string, not_reported, needs_manual_check, and business values remain distinct",not_promoted,WEBR8-D08,WEBR8-v1,WEBSCHEMA1 field inventory + WEBR8 decision contract
VOC_ENZYME_SUMMARY_INDEPENDENT_PATENT_DIRECT_ROWS,enzyme_summary,independent_patent_direct_rows,56,canonical_term_candidate,56,1,current_public_value_domain_count,none_observed,observed_not_promoted,forbidden_in_WEBSCHEMA1,"empty string, not_reported, needs_manual_check, and business values remain distinct",not_promoted,WEBR8-D08,WEBR8-v1,WEBSCHEMA1 field inventory + WEBR8 decision contract
VOC_ENZYME_SUMMARY_LITERATURE_DIRECT_ROWS,enzyme_summary,literature_direct_rows,138,canonical_term_candidate,138,1,current_public_value_domain_count,none_observed,observed_not_promoted,forbidden_in_WEBSCHEMA1,"empty string, not_reported, needs_manual_check, and business values remain distinct",not_promoted,WEBR8-D08,WEBR8-v1,WEBSCHEMA1 field inventory + WEBR8 decision contract
VOC_ENZYME_SUMMARY_LITERATURE_DIRECT_ROWS,enzyme_summary,literature_direct_rows,16,canonical_term_candidate,16,1,current_public_value_domain_count,none_observed,observed_not_promoted,forbidden_in_WEBSCHEMA1,"empty string, not_reported, needs_manual_check, and business values remain distinct",not_promoted,WEBR8-D08,WEBR8-v1,WEBSCHEMA1 field inventory + WEBR8 decision contract
VOC_ENZYME_SUMMARY_LITERATURE_DIRECT_ROWS,enzyme_summary,literature_direct_rows,211,canonical_term_candidate,211,1,current_public_value_domain_count,none_observed,observed_not_promoted,forbidden_in_WEBSCHEMA1,"empty string, not_reported, needs_manual_check, and business values remain distinct",not_promoted,WEBR8-D08,WEBR8-v1,WEBSCHEMA1 field inventory + WEBR8 decision contract
VOC_ENZYME_SUMMARY_LITERATURE_DIRECT_ROWS,enzyme_summary,literature_direct_rows,47,canonical_term_candidate,47,1,current_public_value_domain_count,none_observed,observed_not_promoted,forbidden_in_WEBSCHEMA1,"empty string, not_reported, needs_manual_check, and business values remain distinct",not_promoted,WEBR8-D08,WEBR8-v1,WEBSCHEMA1 field inventory + WEBR8 decision contract
VOC_ENZYME_SUMMARY_LITERATURE_DIRECT_ROWS,enzyme_summary,literature_direct_rows,52,canonical_term_candidate,52,1,current_public_value_domain_count,none_observed,observed_not_promoted,forbidden_in_WEBSCHEMA1,"empty string, not_reported, needs_manual_check, and business values remain distinct",not_promoted,WEBR8-D08,WEBR8-v1,WEBSCHEMA1 field inventory + WEBR8 decision contract
VOC_ENZYME_SUMMARY_MEASUREMENT_RULE_ROWS,enzyme_summary,measurement_rule_rows,16,canonical_term_candidate,16,1,current_public_value_domain_count,none_observed,observed_not_promoted,forbidden_in_WEBSCHEMA1,"empty string, not_reported, needs_manual_check, and business values remain distinct",not_promoted,WEBR8-D08,WEBR8-v1,WEBSCHEMA1 field inventory + WEBR8 decision contract
VOC_ENZYME_SUMMARY_MEASUREMENT_RULE_ROWS,enzyme_summary,measurement_rule_rows,190,canonical_term_candidate,190,1,current_public_value_domain_count,none_observed,observed_not_promoted,forbidden_in_WEBSCHEMA1,"empty string, not_reported, needs_manual_check, and business values remain distinct",not_promoted,WEBR8-D08,WEBR8-v1,WEBSCHEMA1 field inventory + WEBR8 decision contract
VOC_ENZYME_SUMMARY_MEASUREMENT_RULE_ROWS,enzyme_summary,measurement_rule_rows,278,canonical_term_candidate,278,1,current_public_value_domain_count,none_observed,observed_not_promoted,forbidden_in_WEBSCHEMA1,"empty string, not_reported, needs_manual_check, and business values remain distinct",not_promoted,WEBR8-D08,WEBR8-v1,WEBSCHEMA1 field inventory + WEBR8 decision contract
VOC_ENZYME_SUMMARY_MEASUREMENT_RULE_ROWS,enzyme_summary,measurement_rule_rows,85,canonical_term_candidate,85,1,current_public_value_domain_count,none_observed,observed_not_promoted,forbidden_in_WEBSCHEMA1,"empty string, not_reported, needs_manual_check, and business values remain distinct",not_promoted,WEBR8-D08,WEBR8-v1,WEBSCHEMA1 field inventory + WEBR8 decision contract
VOC_ENZYME_SUMMARY_MEASUREMENT_RULE_ROWS,enzyme_summary,measurement_rule_rows,92,canonical_term_candidate,92,1,current_public_value_domain_count,none_observed,observed_not_promoted,forbidden_in_WEBSCHEMA1,"empty string, not_reported, needs_manual_check, and business values remain distinct",not_promoted,WEBR8-D08,WEBR8-v1,WEBSCHEMA1 field inventory + WEBR8 decision contract
VOC_ENZYME_SUMMARY_MEDIAN_VARIANT_TOLERANCE,enzyme_summary,median_variant_tolerance,high,canonical_term_candidate,high,1,current_public_value_domain_count,none_observed,observed_not_promoted,forbidden_in_WEBSCHEMA1,"empty string, not_reported, needs_manual_check, and business values remain distinct",not_promoted,WEBR8-D08,WEBR8-v1,WEBSCHEMA1 field inventory + WEBR8 decision contract
VOC_ENZYME_SUMMARY_PAGE_CLOSURE_STATUS,enzyme_summary,page_closure_status,closed_as_derived_representative_page_after_user_parent_confirmation,canonical_term_candidate,closed_as_derived_representative_page_after_user_parent_confirmation,1,current_public_value_domain_count,none_observed,observed_not_promoted,forbidden_in_WEBSCHEMA1,"empty string, not_reported, needs_manual_check, and business values remain distinct",not_promoted,WEBR8-D08,WEBR8-v1,WEBSCHEMA1 field inventory + WEBR8 decision contract
VOC_ENZYME_SUMMARY_PAGE_CLOSURE_STATUS,enzyme_summary,page_closure_status,closed_as_derived_representative_page_aliases_and_process_variants_sidebar_only,canonical_term_candidate,closed_as_derived_representative_page_aliases_and_process_variants_sidebar_only,1,current_public_value_domain_count,none_observed,observed_not_promoted,forbidden_in_WEBSCHEMA1,"empty string, not_reported, needs_manual_check, and business values remain distinct",not_promoted,WEBR8-D08,WEBR8-v1,WEBSCHEMA1 field inventory + WEBR8 decision contract
VOC_ENZYME_SUMMARY_PAGE_CLOSURE_STATUS,enzyme_summary,page_closure_status,closed_for_representative_page_v0,canonical_term_candidate,closed_for_representative_page_v0,1,current_public_value_domain_count,none_observed,observed_not_promoted,forbidden_in_WEBSCHEMA1,"empty string, not_reported, needs_manual_check, and business values remain distinct",not_promoted,WEBR8-D08,WEBR8-v1,WEBSCHEMA1 field inventory + WEBR8 decision contract
VOC_ENZYME_SUMMARY_PATENT_DIRECT_ROWS,enzyme_summary,patent_direct_rows,0,canonical_term_candidate,0,1,current_public_value_domain_count,none_observed,observed_not_promoted,forbidden_in_WEBSCHEMA1,"empty string, not_reported, needs_manual_check, and business values remain distinct",not_promoted,WEBR8-D08,WEBR8-v1,WEBSCHEMA1 field inventory + WEBR8 decision contract
VOC_ENZYME_SUMMARY_PATENT_DIRECT_ROWS,enzyme_summary,patent_direct_rows,33,canonical_term_candidate,33,1,current_public_value_domain_count,none_observed,observed_not_promoted,forbidden_in_WEBSCHEMA1,"empty string, not_reported, needs_manual_check, and business values remain distinct",not_promoted,WEBR8-D08,WEBR8-v1,WEBSCHEMA1 field inventory + WEBR8 decision contract
VOC_ENZYME_SUMMARY_PATENT_DIRECT_ROWS,enzyme_summary,patent_direct_rows,45,canonical_term_candidate,45,1,current_public_value_domain_count,none_observed,observed_not_promoted,forbidden_in_WEBSCHEMA1,"empty string, not_reported, needs_manual_check, and business values remain distinct",not_promoted,WEBR8-D08,WEBR8-v1,WEBSCHEMA1 field inventory + WEBR8 decision contract
VOC_ENZYME_SUMMARY_PATENT_DIRECT_ROWS,enzyme_summary,patent_direct_rows,52,canonical_term_candidate,52,1,current_public_value_domain_count,none_observed,observed_not_promoted,forbidden_in_WEBSCHEMA1,"empty string, not_reported, needs_manual_check, and business values remain distinct",not_promoted,WEBR8-D08,WEBR8-v1,WEBSCHEMA1 field inventory + WEBR8 decision contract
VOC_ENZYME_SUMMARY_PATENT_DIRECT_ROWS,enzyme_summary,patent_direct_rows,67,canonical_term_candidate,67,1,current_public_value_domain_count,none_observed,observed_not_promoted,forbidden_in_WEBSCHEMA1,"empty string, not_reported, needs_manual_check, and business values remain distinct",not_promoted,WEBR8-D08,WEBR8-v1,WEBSCHEMA1 field inventory + WEBR8 decision contract
VOC_ENZYME_SUMMARY_PROTOCOL_MATRIX_COUNT,enzyme_summary,protocol_matrix_count,10,canonical_term_candidate,10,1,current_public_value_domain_count,none_observed,observed_not_promoted,forbidden_in_WEBSCHEMA1,"empty string, not_reported, needs_manual_check, and business values remain distinct",not_promoted,WEBR8-D08,WEBR8-v1,WEBSCHEMA1 field inventory + WEBR8 decision contract
VOC_ENZYME_SUMMARY_PROTOCOL_MATRIX_COUNT,enzyme_summary,protocol_matrix_count,11,canonical_term_candidate,11,2,current_public_value_domain_count,none_observed,observed_not_promoted,forbidden_in_WEBSCHEMA1,"empty string, not_reported, needs_manual_check, and business values remain distinct",not_promoted,WEBR8-D08,WEBR8-v1,WEBSCHEMA1 field inventory + WEBR8 decision contract
VOC_ENZYME_SUMMARY_PROTOCOL_MATRIX_COUNT,enzyme_summary,protocol_matrix_count,6,canonical_term_candidate,6,1,current_public_value_domain_count,none_observed,observed_not_promoted,forbidden_in_WEBSCHEMA1,"empty string, not_reported, needs_manual_check, and business values remain distinct",not_promoted,WEBR8-D08,WEBR8-v1,WEBSCHEMA1 field inventory + WEBR8 decision contract
VOC_ENZYME_SUMMARY_PROTOCOL_MATRIX_COUNT,enzyme_summary,protocol_matrix_count,7,canonical_term_candidate,7,1,current_public_value_domain_count,none_observed,observed_not_promoted,forbidden_in_WEBSCHEMA1,"empty string, not_reported, needs_manual_check, and business values remain distinct",not_promoted,WEBR8-D08,WEBR8-v1,WEBSCHEMA1 field inventory + WEBR8 decision contract
VOC_ENZYME_SUMMARY_SHORT_NAME,enzyme_summary,short_name,BCL,canonical_term_candidate,BCL,1,current_public_value_domain_count,none_observed,observed_not_promoted,forbidden_in_WEBSCHEMA1,"empty string, not_reported, needs_manual_check, and business values remain distinct",not_promoted,WEBR8-D08,WEBR8-v1,WEBSCHEMA1 field inventory + WEBR8 decision contract
VOC_ENZYME_SUMMARY_SHORT_NAME,enzyme_summary,short_name,CALB,canonical_term_candidate,CALB,1,current_public_value_domain_count,none_observed,observed_not_promoted,forbidden_in_WEBSCHEMA1,"empty string, not_reported, needs_manual_check, and business values remain distinct",not_promoted,WEBR8-D08,WEBR8-v1,WEBSCHEMA1 field inventory + WEBR8 decision contract
VOC_ENZYME_SUMMARY_SHORT_NAME,enzyme_summary,short_name,RML,canonical_term_candidate,RML,1,current_public_value_domain_count,none_observed,observed_not_promoted,forbidden_in_WEBSCHEMA1,"empty string, not_reported, needs_manual_check, and business values remain distinct",not_promoted,WEBR8-D08,WEBR8-v1,WEBSCHEMA1 field inventory + WEBR8 decision contract
VOC_ENZYME_SUMMARY_SHORT_NAME,enzyme_summary,short_name,TLL,canonical_term_candidate,TLL,1,current_public_value_domain_count,none_observed,observed_not_promoted,forbidden_in_WEBSCHEMA1,"empty string, not_reported, needs_manual_check, and business values remain distinct",not_promoted,WEBR8-D08,WEBR8-v1,WEBSCHEMA1 field inventory + WEBR8 decision contract
VOC_ENZYME_SUMMARY_SHORT_NAME,enzyme_summary,short_name,UM-1,canonical_term_candidate,UM-1,1,current_public_value_domain_count,none_observed,observed_not_promoted,forbidden_in_WEBSCHEMA1,"empty string, not_reported, needs_manual_check, and business values remain distinct",not_promoted,WEBR8-D08,WEBR8-v1,WEBSCHEMA1 field inventory + WEBR8 decision contract
VOC_ENZYME_SUMMARY_SOURCE_SPECIES_NORMALIZED,enzyme_summary,source_species_normalized,Burkholderia cepacia,canonical_term_candidate,Burkholderia cepacia,1,current_public_value_domain_count,none_observed,observed_not_promoted,forbidden_in_WEBSCHEMA1,"empty string, not_reported, needs_manual_check, and business values remain distinct",not_promoted,WEBR8-D08,WEBR8-v1,WEBSCHEMA1 field inventory + WEBR8 decision contract
VOC_ENZYME_SUMMARY_SOURCE_SPECIES_NORMALIZED,enzyme_summary,source_species_normalized,Candida antarctica,canonical_term_candidate,Candida antarctica,1,current_public_value_domain_count,none_observed,observed_not_promoted,forbidden_in_WEBSCHEMA1,"empty string, not_reported, needs_manual_check, and business values remain distinct",not_promoted,WEBR8-D08,WEBR8-v1,WEBSCHEMA1 field inventory + WEBR8 decision contract
VOC_ENZYME_SUMMARY_SOURCE_SPECIES_NORMALIZED,enzyme_summary,source_species_normalized,Rhizomucor miehei,canonical_term_candidate,Rhizomucor miehei,1,current_public_value_domain_count,none_observed,observed_not_promoted,forbidden_in_WEBSCHEMA1,"empty string, not_reported, needs_manual_check, and business values remain distinct",not_promoted,WEBR8-D08,WEBR8-v1,WEBSCHEMA1 field inventory + WEBR8 decision contract
VOC_ENZYME_SUMMARY_SOURCE_SPECIES_NORMALIZED,enzyme_summary,source_species_normalized,Streptomyces sp. W007,canonical_term_candidate,Streptomyces sp. W007,1,current_public_value_domain_count,none_observed,observed_not_promoted,forbidden_in_WEBSCHEMA1,"empty string, not_reported, needs_manual_check, and business values remain distinct",not_promoted,WEBR8-D08,WEBR8-v1,WEBSCHEMA1 field inventory + WEBR8 decision contract
VOC_ENZYME_SUMMARY_SOURCE_SPECIES_NORMALIZED,enzyme_summary,source_species_normalized,Thermomyces lanuginosus,canonical_term_candidate,Thermomyces lanuginosus,1,current_public_value_domain_count,none_observed,observed_not_promoted,forbidden_in_WEBSCHEMA1,"empty string, not_reported, needs_manual_check, and business values remain distinct",not_promoted,WEBR8-D08,WEBR8-v1,WEBSCHEMA1 field inventory + WEBR8 decision contract
VOC_ENZYME_SUMMARY_SOURCE_TABLES_MODIFIED,enzyme_summary,source_tables_modified,false,canonical_term_candidate,false,3,current_public_value_domain_count,none_observed,observed_not_promoted,forbidden_in_WEBSCHEMA1,"empty string, not_reported, needs_manual_check, and business values remain distinct",not_promoted,WEBR8-D08,WEBR8-v1,WEBSCHEMA1 field inventory + WEBR8 decision contract
VOC_ENZYME_SUMMARY_STANDARD_NAME,enzyme_summary,standard_name,Burkholderia cepacia lipase,canonical_term_candidate,Burkholderia cepacia lipase,1,current_public_value_domain_count,none_observed,observed_not_promoted,forbidden_in_WEBSCHEMA1,"empty string, not_reported, needs_manual_check, and business values remain distinct",not_promoted,WEBR8-D08,WEBR8-v1,WEBSCHEMA1 field inventory + WEBR8 decision contract
VOC_ENZYME_SUMMARY_STANDARD_NAME,enzyme_summary,standard_name,Candida antarctica lipase B,canonical_term_candidate,Candida antarctica lipase B,1,current_public_value_domain_count,none_observed,observed_not_promoted,forbidden_in_WEBSCHEMA1,"empty string, not_reported, needs_manual_check, and business values remain distinct",not_promoted,WEBR8-D08,WEBR8-v1,WEBSCHEMA1 field inventory + WEBR8 decision contract
VOC_ENZYME_SUMMARY_STANDARD_NAME,enzyme_summary,standard_name,Rhizomucor miehei Pro-RML,canonical_term_candidate,Rhizomucor miehei Pro-RML,1,current_public_value_domain_count,none_observed,observed_not_promoted,forbidden_in_WEBSCHEMA1,"empty string, not_reported, needs_manual_check, and business values remain distinct",not_promoted,WEBR8-D08,WEBR8-v1,WEBSCHEMA1 field inventory + WEBR8 decision contract
VOC_ENZYME_SUMMARY_STANDARD_NAME,enzyme_summary,standard_name,Thermomyces lanuginosus lipase,canonical_term_candidate,Thermomyces lanuginosus lipase,1,current_public_value_domain_count,none_observed,observed_not_promoted,forbidden_in_WEBSCHEMA1,"empty string, not_reported, needs_manual_check, and business values remain distinct",not_promoted,WEBR8-D08,WEBR8-v1,WEBSCHEMA1 field inventory + WEBR8 decision contract
VOC_ENZYME_SUMMARY_STANDARD_NAME,enzyme_summary,standard_name,UM-1,canonical_term_candidate,UM-1,1,current_public_value_domain_count,none_observed,observed_not_promoted,forbidden_in_WEBSCHEMA1,"empty string, not_reported, needs_manual_check, and business values remain distinct",not_promoted,WEBR8-D08,WEBR8-v1,WEBSCHEMA1 field inventory + WEBR8 decision contract
VOC_ENZYME_SUMMARY_TOLERANCE_LABEL_CONSTRUCTS,enzyme_summary,tolerance_label_constructs,1,canonical_term_candidate,1,1,current_public_value_domain_count,none_observed,observed_not_promoted,forbidden_in_WEBSCHEMA1,"empty string, not_reported, needs_manual_check, and business values remain distinct",not_promoted,WEBR8-D08,WEBR8-v1,WEBSCHEMA1 field inventory + WEBR8 decision contract
VOC_ENZYME_SUMMARY_TOLERANCE_LABEL_CONSTRUCTS,enzyme_summary,tolerance_label_constructs,23,canonical_term_candidate,23,2,current_public_value_domain_count,none_observed,observed_not_promoted,forbidden_in_WEBSCHEMA1,"empty string, not_reported, needs_manual_check, and business values remain distinct",not_promoted,WEBR8-D08,WEBR8-v1,WEBSCHEMA1 field inventory + WEBR8 decision contract
VOC_ENZYME_SUMMARY_TOLERANCE_LABEL_CONSTRUCTS,enzyme_summary,tolerance_label_constructs,5,canonical_term_candidate,5,1,current_public_value_domain_count,none_observed,observed_not_promoted,forbidden_in_WEBSCHEMA1,"empty string, not_reported, needs_manual_check, and business values remain distinct",not_promoted,WEBR8-D08,WEBR8-v1,WEBSCHEMA1 field inventory + WEBR8 decision contract
VOC_ENZYME_SUMMARY_TOLERANCE_LABEL_CONSTRUCTS,enzyme_summary,tolerance_label_constructs,7,canonical_term_candidate,7,1,current_public_value_domain_count,none_observed,observed_not_promoted,forbidden_in_WEBSCHEMA1,"empty string, not_reported, needs_manual_check, and business values remain distinct",not_promoted,WEBR8-D08,WEBR8-v1,WEBSCHEMA1 field inventory + WEBR8 decision contract
VOC_ENZYME_SUMMARY_WT_TOLERANCE,enzyme_summary,wt_tolerance,low,canonical_term_candidate,low,1,current_public_value_domain_count,none_observed,observed_not_promoted,forbidden_in_WEBSCHEMA1,"empty string, not_reported, needs_manual_check, and business values remain distinct",not_promoted,WEBR8-D08,WEBR8-v1,WEBSCHEMA1 field inventory + WEBR8 decision contract
VOC_EVIDENCE_MEASUREMENT_A0_CONDITION_MATCHED_TO_READOUT,evidence_measurement,A0_condition_matched_to_readout,needs_manual_check,sentinel,needs_manual_check,6,current_public_value_domain_count,none_observed,observed_sentinel_locked_distinct,forbidden_in_WEBSCHEMA1,"empty string, not_reported, needs_manual_check, and business values remain distinct",not_promoted,WEBR8-D08,WEBR8-v1,WEBSCHEMA1 field inventory + WEBR8 decision contract
VOC_EVIDENCE_MEASUREMENT_A0_CONDITION_MATCHED_TO_READOUT,evidence_measurement,A0_condition_matched_to_readout,not_reported,sentinel,not_reported,105,current_public_value_domain_count,none_observed,observed_sentinel_locked_distinct,forbidden_in_WEBSCHEMA1,"empty string, not_reported, needs_manual_check, and business values remain distinct",not_promoted,WEBR8-D08,WEBR8-v1,WEBSCHEMA1 field inventory + WEBR8 decision contract
VOC_EVIDENCE_MEASUREMENT_A0_CONDITION_MATCHED_TO_READOUT,evidence_measurement,A0_condition_matched_to_readout,partial,canonical_term_candidate,partial,755,current_public_value_domain_count,none_observed,observed_not_promoted,forbidden_in_WEBSCHEMA1,"empty string, not_reported, needs_manual_check, and business values remain distinct",not_promoted,WEBR8-D08,WEBR8-v1,WEBSCHEMA1 field inventory + WEBR8 decision contract
VOC_EVIDENCE_MEASUREMENT_A0_CONDITION_MATCHED_TO_READOUT,evidence_measurement,A0_condition_matched_to_readout,yes,canonical_term_candidate,yes,1991,current_public_value_domain_count,none_observed,observed_not_promoted,forbidden_in_WEBSCHEMA1,"empty string, not_reported, needs_manual_check, and business values remain distinct",not_promoted,WEBR8-D08,WEBR8-v1,WEBSCHEMA1 field inventory + WEBR8 decision contract
VOC_EVIDENCE_MEASUREMENT_A0_CV_PERCENT,evidence_measurement,A0_cv_percent,0.0,canonical_term_candidate,0.0,2,current_public_value_domain_count,none_observed,observed_not_promoted,forbidden_in_WEBSCHEMA1,"empty string, not_reported, needs_manual_check, and business values remain distinct",not_promoted,WEBR8-D08,WEBR8-v1,WEBSCHEMA1 field inventory + WEBR8 decision contract
VOC_EVIDENCE_MEASUREMENT_A0_CV_PERCENT,evidence_measurement,A0_cv_percent,0.2,canonical_term_candidate,0.2,1,current_public_value_domain_count,none_observed,observed_not_promoted,forbidden_in_WEBSCHEMA1,"empty string, not_reported, needs_manual_check, and business values remain distinct",not_promoted,WEBR8-D08,WEBR8-v1,WEBSCHEMA1 field inventory + WEBR8 decision contract
VOC_EVIDENCE_MEASUREMENT_A0_CV_PERCENT,evidence_measurement,A0_cv_percent,0.4,canonical_term_candidate,0.4,1,current_public_value_domain_count,none_observed,observed_not_promoted,forbidden_in_WEBSCHEMA1,"empty string, not_reported, needs_manual_check, and business values remain distinct",not_promoted,WEBR8-D08,WEBR8-v1,WEBSCHEMA1 field inventory + WEBR8 decision contract
VOC_EVIDENCE_MEASUREMENT_A0_CV_PERCENT,evidence_measurement,A0_cv_percent,0.5,canonical_term_candidate,0.5,1,current_public_value_domain_count,none_observed,observed_not_promoted,forbidden_in_WEBSCHEMA1,"empty string, not_reported, needs_manual_check, and business values remain distinct",not_promoted,WEBR8-D08,WEBR8-v1,WEBSCHEMA1 field inventory + WEBR8 decision contract
VOC_EVIDENCE_MEASUREMENT_A0_CV_PERCENT,evidence_measurement,A0_cv_percent,0.6,canonical_term_candidate,0.6,1,current_public_value_domain_count,none_observed,observed_not_promoted,forbidden_in_WEBSCHEMA1,"empty string, not_reported, needs_manual_check, and business values remain distinct",not_promoted,WEBR8-D08,WEBR8-v1,WEBSCHEMA1 field inventory + WEBR8 decision contract
VOC_EVIDENCE_MEASUREMENT_A0_CV_PERCENT,evidence_measurement,A0_cv_percent,1.0,canonical_term_candidate,1.0,1,current_public_value_domain_count,none_observed,observed_not_promoted,forbidden_in_WEBSCHEMA1,"empty string, not_reported, needs_manual_check, and business values remain distinct",not_promoted,WEBR8-D08,WEBR8-v1,WEBSCHEMA1 field inventory + WEBR8 decision contract
VOC_EVIDENCE_MEASUREMENT_A0_CV_PERCENT,evidence_measurement,A0_cv_percent,1.1,canonical_term_candidate,1.1,1,current_public_value_domain_count,none_observed,observed_not_promoted,forbidden_in_WEBSCHEMA1,"empty string, not_reported, needs_manual_check, and business values remain distinct",not_promoted,WEBR8-D08,WEBR8-v1,WEBSCHEMA1 field inventory + WEBR8 decision contract
VOC_EVIDENCE_MEASUREMENT_A0_CV_PERCENT,evidence_measurement,A0_cv_percent,1.6,canonical_term_candidate,1.6,2,current_public_value_domain_count,none_observed,observed_not_promoted,forbidden_in_WEBSCHEMA1,"empty string, not_reported, needs_manual_check, and business values remain distinct",not_promoted,WEBR8-D08,WEBR8-v1,WEBSCHEMA1 field inventory + WEBR8 decision contract
VOC_EVIDENCE_MEASUREMENT_A0_CV_PERCENT,evidence_measurement,A0_cv_percent,1.7,canonical_term_candidate,1.7,1,current_public_value_domain_count,none_observed,observed_not_promoted,forbidden_in_WEBSCHEMA1,"empty string, not_reported, needs_manual_check, and business values remain distinct",not_promoted,WEBR8-D08,WEBR8-v1,WEBSCHEMA1 field inventory + WEBR8 decision contract
VOC_EVIDENCE_MEASUREMENT_A0_CV_PERCENT,evidence_measurement,A0_cv_percent,3.1,canonical_term_candidate,3.1,1,current_public_value_domain_count,none_observed,observed_not_promoted,forbidden_in_WEBSCHEMA1,"empty string, not_reported, needs_manual_check, and business values remain distinct",not_promoted,WEBR8-D08,WEBR8-v1,WEBSCHEMA1 field inventory + WEBR8 decision contract
VOC_EVIDENCE_MEASUREMENT_A0_CV_PERCENT,evidence_measurement,A0_cv_percent,4.2,canonical_term_candidate,4.2,1,current_public_value_domain_count,none_observed,observed_not_promoted,forbidden_in_WEBSCHEMA1,"empty string, not_reported, needs_manual_check, and business values remain distinct",not_promoted,WEBR8-D08,WEBR8-v1,WEBSCHEMA1 field inventory + WEBR8 decision contract
VOC_EVIDENCE_MEASUREMENT_A0_CV_PERCENT,evidence_measurement,A0_cv_percent,4.4,canonical_term_candidate,4.4,1,current_public_value_domain_count,none_observed,observed_not_promoted,forbidden_in_WEBSCHEMA1,"empty string, not_reported, needs_manual_check, and business values remain distinct",not_promoted,WEBR8-D08,WEBR8-v1,WEBSCHEMA1 field inventory + WEBR8 decision contract
VOC_EVIDENCE_MEASUREMENT_A0_CV_PERCENT,evidence_measurement,A0_cv_percent,<5,canonical_term_candidate,<5,399,current_public_value_domain_count,none_observed,observed_not_promoted,forbidden_in_WEBSCHEMA1,"empty string, not_reported, needs_manual_check, and business values remain distinct",not_promoted,WEBR8-D08,WEBR8-v1,WEBSCHEMA1 field inventory + WEBR8 decision contract
VOC_EVIDENCE_MEASUREMENT_A0_CV_PERCENT,evidence_measurement,A0_cv_percent,not_applicable,sentinel,not_applicable,2,current_public_value_domain_count,none_observed,observed_sentinel_locked_distinct,forbidden_in_WEBSCHEMA1,"empty string, not_reported, needs_manual_check, and business values remain distinct",not_promoted,WEBR8-D08,WEBR8-v1,WEBSCHEMA1 field inventory + WEBR8 decision contract
VOC_EVIDENCE_MEASUREMENT_A0_CV_PERCENT,evidence_measurement,A0_cv_percent,not_reported,sentinel,not_reported,2420,current_public_value_domain_count,none_observed,observed_sentinel_locked_distinct,forbidden_in_WEBSCHEMA1,"empty string, not_reported, needs_manual_check, and business values remain distinct",not_promoted,WEBR8-D08,WEBR8-v1,WEBSCHEMA1 field inventory + WEBR8 decision contract
VOC_EVIDENCE_MEASUREMENT_A0_SAME_BATCH_AS_CHALLENGE,evidence_measurement,A0_same_batch_as_challenge,not_reported,sentinel,not_reported,150,current_public_value_domain_count,none_observed,observed_sentinel_locked_distinct,forbidden_in_WEBSCHEMA1,"empty string, not_reported, needs_manual_check, and business values remain distinct",not_promoted,WEBR8-D08,WEBR8-v1,WEBSCHEMA1 field inventory + WEBR8 decision contract
VOC_EVIDENCE_MEASUREMENT_A0_SAME_BATCH_AS_CHALLENGE,evidence_measurement,A0_same_batch_as_challenge,yes,canonical_term_candidate,yes,2685,current_public_value_domain_count,none_observed,observed_not_promoted,forbidden_in_WEBSCHEMA1,"empty string, not_reported, needs_manual_check, and business values remain distinct",not_promoted,WEBR8-D08,WEBR8-v1,WEBSCHEMA1 field inventory + WEBR8 decision contract
VOC_EVIDENCE_MEASUREMENT_D_OBS_UNRELIABLE,evidence_measurement,D_obs_unreliable,FALSE,canonical_term_candidate,FALSE,2399,current_public_value_domain_count,none_observed,observed_not_promoted,forbidden_in_WEBSCHEMA1,"empty string, not_reported, needs_manual_check, and business values remain distinct",not_promoted,WEBR8-D08,WEBR8-v1,WEBSCHEMA1 field inventory + WEBR8 decision contract
VOC_EVIDENCE_MEASUREMENT_D_OBS_UNRELIABLE,evidence_measurement,D_obs_unreliable,not_reported,sentinel,not_reported,2,current_public_value_domain_count,none_observed,observed_sentinel_locked_distinct,forbidden_in_WEBSCHEMA1,"empty string, not_reported, needs_manual_check, and business values remain distinct",not_promoted,WEBR8-D08,WEBR8-v1,WEBSCHEMA1 field inventory + WEBR8 decision contract
VOC_EVIDENCE_MEASUREMENT_D_OBS_UNRELIABLE,evidence_measurement,D_obs_unreliable,TRUE,canonical_term_candidate,TRUE,104,current_public_value_domain_count,none_observed,observed_not_promoted,forbidden_in_WEBSCHEMA1,"empty string, not_reported, needs_manual_check, and business values remain distinct",not_promoted,WEBR8-D08,WEBR8-v1,WEBSCHEMA1 field inventory + WEBR8 decision contract
VOC_EVIDENCE_MEASUREMENT_ASSAY_COMPARABILITY_FLAG,evidence_measurement,assay_comparability_flag,high,canonical_term_candidate,high,71,current_public_value_domain_count,none_observed,observed_not_promoted,forbidden_in_WEBSCHEMA1,"empty string, not_reported, needs_manual_check, and business values remain distinct",not_promoted,WEBR8-D08,WEBR8-v1,WEBSCHEMA1 field inventory + WEBR8 decision contract
VOC_EVIDENCE_MEASUREMENT_ASSAY_COMPARABILITY_FLAG,evidence_measurement,assay_comparability_flag,low,canonical_term_candidate,low,127,current_public_value_domain_count,none_observed,observed_not_promoted,forbidden_in_WEBSCHEMA1,"empty string, not_reported, needs_manual_check, and business values remain distinct",not_promoted,WEBR8-D08,WEBR8-v1,WEBSCHEMA1 field inventory + WEBR8 decision contract
VOC_EVIDENCE_MEASUREMENT_ASSAY_COMPARABILITY_FLAG,evidence_measurement,assay_comparability_flag,medium,canonical_term_candidate,medium,2659,current_public_value_domain_count,none_observed,observed_not_promoted,forbidden_in_WEBSCHEMA1,"empty string, not_reported, needs_manual_check, and business values remain distinct",not_promoted,WEBR8-D08,WEBR8-v1,WEBSCHEMA1 field inventory + WEBR8 decision contract
VOC_EVIDENCE_MEASUREMENT_ASSAY_CONTAINS_CHALLENGE_SOLVENT,evidence_measurement,assay_contains_challenge_solvent,not_reported,sentinel,not_reported,2,current_public_value_domain_count,none_observed,observed_sentinel_locked_distinct,forbidden_in_WEBSCHEMA1,"empty string, not_reported, needs_manual_check, and business values remain distinct",not_promoted,WEBR8-D08,WEBR8-v1,WEBSCHEMA1 field inventory + WEBR8 decision contract
VOC_EVIDENCE_MEASUREMENT_ASSAY_CONTAINS_CHALLENGE_SOLVENT,evidence_measurement,assay_contains_challenge_solvent,not_stated,canonical_term_candidate,not_stated,2039,current_public_value_domain_count,none_observed,observed_not_promoted,forbidden_in_WEBSCHEMA1,"empty string, not_reported, needs_manual_check, and business values remain distinct",not_promoted,WEBR8-D08,WEBR8-v1,WEBSCHEMA1 field inventory + WEBR8 decision contract
VOC_EVIDENCE_MEASUREMENT_ASSAY_CONTAINS_CHALLENGE_SOLVENT,evidence_measurement,assay_contains_challenge_solvent,yes_stated_in_methods,canonical_term_candidate,yes_stated_in_methods,60,current_public_value_domain_count,none_observed,observed_not_promoted,forbidden_in_WEBSCHEMA1,"empty string, not_reported, needs_manual_check, and business values remain distinct",not_promoted,WEBR8-D08,WEBR8-v1,WEBSCHEMA1 field inventory + WEBR8 decision contract
VOC_EVIDENCE_MEASUREMENT_ASSAY_OFFSET_TERM,evidence_measurement,assay_offset_term,free_enzyme,canonical_term_candidate,free_enzyme,18,current_public_value_domain_count,none_observed,observed_not_promoted,forbidden_in_WEBSCHEMA1,"empty string, not_reported, needs_manual_check, and business values remain distinct",not_promoted,WEBR8-D08,WEBR8-v1,WEBSCHEMA1 field inventory + WEBR8 decision contract
VOC_EVIDENCE_MEASUREMENT_ASSAY_OFFSET_TERM,evidence_measurement,assay_offset_term,not_reported,sentinel,not_reported,59,current_public_value_domain_count,none_observed,observed_sentinel_locked_distinct,forbidden_in_WEBSCHEMA1,"empty string, not_reported, needs_manual_check, and business values remain distinct",not_promoted,WEBR8-D08,WEBR8-v1,WEBSCHEMA1 field inventory + WEBR8 decision contract
VOC_EVIDENCE_MEASUREMENT_ASSAY_PH,evidence_measurement,assay_pH,10,canonical_term_candidate,10,1,current_public_value_domain_count,none_observed,observed_not_promoted,forbidden_in_WEBSCHEMA1,"empty string, not_reported, needs_manual_check, and business values remain distinct",not_promoted,WEBR8-D08,WEBR8-v1,WEBSCHEMA1 field inventory + WEBR8 decision contract
VOC_EVIDENCE_MEASUREMENT_ASSAY_PH,evidence_measurement,assay_pH,10.0,canonical_term_candidate,10.0,7,current_public_value_domain_count,none_observed,observed_not_promoted,forbidden_in_WEBSCHEMA1,"empty string, not_reported, needs_manual_check, and business values remain distinct",not_promoted,WEBR8-D08,WEBR8-v1,WEBSCHEMA1 field inventory + WEBR8 decision contract
VOC_EVIDENCE_MEASUREMENT_ASSAY_PH,evidence_measurement,assay_pH,11,canonical_term_candidate,11,8,current_public_value_domain_count,none_observed,observed_not_promoted,forbidden_in_WEBSCHEMA1,"empty string, not_reported, needs_manual_check, and business values remain distinct",not_promoted,WEBR8-D08,WEBR8-v1,WEBSCHEMA1 field inventory + WEBR8 decision contract
VOC_EVIDENCE_MEASUREMENT_ASSAY_PH,evidence_measurement,assay_pH,11.0,canonical_term_candidate,11.0,2,current_public_value_domain_count,none_observed,observed_not_promoted,forbidden_in_WEBSCHEMA1,"empty string, not_reported, needs_manual_check, and business values remain distinct",not_promoted,WEBR8-D08,WEBR8-v1,WEBSCHEMA1 field inventory + WEBR8 decision contract
VOC_EVIDENCE_MEASUREMENT_ASSAY_PH,evidence_measurement,assay_pH,4.0,canonical_term_candidate,4.0,2,current_public_value_domain_count,none_observed,observed_not_promoted,forbidden_in_WEBSCHEMA1,"empty string, not_reported, needs_manual_check, and business values remain distinct",not_promoted,WEBR8-D08,WEBR8-v1,WEBSCHEMA1 field inventory + WEBR8 decision contract
VOC_EVIDENCE_MEASUREMENT_ASSAY_PH,evidence_measurement,assay_pH,5.0,canonical_term_candidate,5.0,3,current_public_value_domain_count,none_observed,observed_not_promoted,forbidden_in_WEBSCHEMA1,"empty string, not_reported, needs_manual_check, and business values remain distinct",not_promoted,WEBR8-D08,WEBR8-v1,WEBSCHEMA1 field inventory + WEBR8 decision contract
VOC_EVIDENCE_MEASUREMENT_ASSAY_PH,evidence_measurement,assay_pH,6.0,canonical_term_candidate,6.0,2,current_public_value_domain_count,none_observed,observed_not_promoted,forbidden_in_WEBSCHEMA1,"empty string, not_reported, needs_manual_check, and business values remain distinct",not_promoted,WEBR8-D08,WEBR8-v1,WEBSCHEMA1 field inventory + WEBR8 decision contract
VOC_EVIDENCE_MEASUREMENT_ASSAY_PH,evidence_measurement,assay_pH,6.5,canonical_term_candidate,6.5,24,current_public_value_domain_count,none_observed,observed_not_promoted,forbidden_in_WEBSCHEMA1,"empty string, not_reported, needs_manual_check, and business values remain distinct",not_promoted,WEBR8-D08,WEBR8-v1,WEBSCHEMA1 field inventory + WEBR8 decision contract
VOC_EVIDENCE_MEASUREMENT_ASSAY_PH,evidence_measurement,assay_pH,6.8,canonical_term_candidate,6.8,3,current_public_value_domain_count,none_observed,observed_not_promoted,forbidden_in_WEBSCHEMA1,"empty string, not_reported, needs_manual_check, and business values remain distinct",not_promoted,WEBR8-D08,WEBR8-v1,WEBSCHEMA1 field inventory + WEBR8 decision contract
VOC_EVIDENCE_MEASUREMENT_ASSAY_PH,evidence_measurement,assay_pH,7,canonical_term_candidate,7,1,current_public_value_domain_count,none_observed,observed_not_promoted,forbidden_in_WEBSCHEMA1,"empty string, not_reported, needs_manual_check, and business values remain distinct",not_promoted,WEBR8-D08,WEBR8-v1,WEBSCHEMA1 field inventory + WEBR8 decision contract
VOC_EVIDENCE_MEASUREMENT_ASSAY_PH,evidence_measurement,assay_pH,7.0,canonical_term_candidate,7.0,528,current_public_value_domain_count,none_observed,observed_not_promoted,forbidden_in_WEBSCHEMA1,"empty string, not_reported, needs_manual_check, and business values remain distinct",not_promoted,WEBR8-D08,WEBR8-v1,WEBSCHEMA1 field inventory + WEBR8 decision contract
VOC_EVIDENCE_MEASUREMENT_ASSAY_PH,evidence_measurement,assay_pH,7.2,canonical_term_candidate,7.2,13,current_public_value_domain_count,none_observed,observed_not_promoted,forbidden_in_WEBSCHEMA1,"empty string, not_reported, needs_manual_check, and business values remain distinct",not_promoted,WEBR8-D08,WEBR8-v1,WEBSCHEMA1 field inventory + WEBR8 decision contract
VOC_EVIDENCE_MEASUREMENT_ASSAY_PH,evidence_measurement,assay_pH,7.5,canonical_term_candidate,7.5,202,current_public_value_domain_count,none_observed,observed_not_promoted,forbidden_in_WEBSCHEMA1,"empty string, not_reported, needs_manual_check, and business values remain distinct",not_promoted,WEBR8-D08,WEBR8-v1,WEBSCHEMA1 field inventory + WEBR8 decision contract
VOC_EVIDENCE_MEASUREMENT_ASSAY_PH,evidence_measurement,assay_pH,7.6,canonical_term_candidate,7.6,3,current_public_value_domain_count,none_observed,observed_not_promoted,forbidden_in_WEBSCHEMA1,"empty string, not_reported, needs_manual_check, and business values remain distinct",not_promoted,WEBR8-D08,WEBR8-v1,WEBSCHEMA1 field inventory + WEBR8 decision contract
VOC_EVIDENCE_MEASUREMENT_ASSAY_PH,evidence_measurement,assay_pH,8,canonical_term_candidate,8,746,current_public_value_domain_count,none_observed,observed_not_promoted,forbidden_in_WEBSCHEMA1,"empty string, not_reported, needs_manual_check, and business values remain distinct",not_promoted,WEBR8-D08,WEBR8-v1,WEBSCHEMA1 field inventory + WEBR8 decision contract
VOC_EVIDENCE_MEASUREMENT_ASSAY_PH,evidence_measurement,assay_pH,8.0,canonical_term_candidate,8.0,878,current_public_value_domain_count,none_observed,observed_not_promoted,forbidden_in_WEBSCHEMA1,"empty string, not_reported, needs_manual_check, and business values remain distinct",not_promoted,WEBR8-D08,WEBR8-v1,WEBSCHEMA1 field inventory + WEBR8 decision contract
VOC_EVIDENCE_MEASUREMENT_ASSAY_PH,evidence_measurement,assay_pH,8.2,canonical_term_candidate,8.2,26,current_public_value_domain_count,none_observed,observed_not_promoted,forbidden_in_WEBSCHEMA1,"empty string, not_reported, needs_manual_check, and business values remain distinct",not_promoted,WEBR8-D08,WEBR8-v1,WEBSCHEMA1 field inventory + WEBR8 decision contract
VOC_EVIDENCE_MEASUREMENT_ASSAY_PH,evidence_measurement,assay_pH,8.5,canonical_term_candidate,8.5,39,current_public_value_domain_count,none_observed,observed_not_promoted,forbidden_in_WEBSCHEMA1,"empty string, not_reported, needs_manual_check, and business values remain distinct",not_promoted,WEBR8-D08,WEBR8-v1,WEBSCHEMA1 field inventory + WEBR8 decision contract
VOC_EVIDENCE_MEASUREMENT_ASSAY_PH,evidence_measurement,assay_pH,9.0,canonical_term_candidate,9.0,15,current_public_value_domain_count,none_observed,observed_not_promoted,forbidden_in_WEBSCHEMA1,"empty string, not_reported, needs_manual_check, and business values remain distinct",not_promoted,WEBR8-D08,WEBR8-v1,WEBSCHEMA1 field inventory + WEBR8 decision contract
VOC_EVIDENCE_MEASUREMENT_ASSAY_PH,evidence_measurement,assay_pH,9.5,canonical_term_candidate,9.5,1,current_public_value_domain_count,none_observed,observed_not_promoted,forbidden_in_WEBSCHEMA1,"empty string, not_reported, needs_manual_check, and business values remain distinct",not_promoted,WEBR8-D08,WEBR8-v1,WEBSCHEMA1 field inventory + WEBR8 decision contract
VOC_EVIDENCE_MEASUREMENT_ASSAY_PH,evidence_measurement,assay_pH,not_reported,sentinel,not_reported,328,current_public_value_domain_count,none_observed,observed_sentinel_locked_distinct,forbidden_in_WEBSCHEMA1,"empty string, not_reported, needs_manual_check, and business values remain distinct",not_promoted,WEBR8-D08,WEBR8-v1,WEBSCHEMA1 field inventory + WEBR8 decision contract
VOC_EVIDENCE_MEASUREMENT_ASSAY_PH,evidence_measurement,assay_pH,optimum pH,canonical_term_candidate,optimum pH,3,current_public_value_domain_count,none_observed,observed_not_promoted,forbidden_in_WEBSCHEMA1,"empty string, not_reported, needs_manual_check, and business values remain distinct",not_promoted,WEBR8-D08,WEBR8-v1,WEBSCHEMA1 field inventory + WEBR8 decision contract
VOC_EVIDENCE_MEASUREMENT_ASSAY_REACTION_TIME_MIN,evidence_measurement,assay_reaction_time_min,1,canonical_term_candidate,1,404,current_public_value_domain_count,none_observed,observed_not_promoted,forbidden_in_WEBSCHEMA1,"empty string, not_reported, needs_manual_check, and business values remain distinct",not_promoted,WEBR8-D08,WEBR8-v1,WEBSCHEMA1 field inventory + WEBR8 decision contract
VOC_EVIDENCE_MEASUREMENT_ASSAY_REACTION_TIME_MIN,evidence_measurement,assay_reaction_time_min,10,canonical_term_candidate,10,602,current_public_value_domain_count,none_observed,observed_not_promoted,forbidden_in_WEBSCHEMA1,"empty string, not_reported, needs_manual_check, and business values remain distinct",not_promoted,WEBR8-D08,WEBR8-v1,WEBSCHEMA1 field inventory + WEBR8 decision contract
VOC_EVIDENCE_MEASUREMENT_ASSAY_REACTION_TIME_MIN,evidence_measurement,assay_reaction_time_min,15,canonical_term_candidate,15,25,current_public_value_domain_count,none_observed,observed_not_promoted,forbidden_in_WEBSCHEMA1,"empty string, not_reported, needs_manual_check, and business values remain distinct",not_promoted,WEBR8-D08,WEBR8-v1,WEBSCHEMA1 field inventory + WEBR8 decision contract
VOC_EVIDENCE_MEASUREMENT_ASSAY_REACTION_TIME_MIN,evidence_measurement,assay_reaction_time_min,2,canonical_term_candidate,2,84,current_public_value_domain_count,none_observed,observed_not_promoted,forbidden_in_WEBSCHEMA1,"empty string, not_reported, needs_manual_check, and business values remain distinct",not_promoted,WEBR8-D08,WEBR8-v1,WEBSCHEMA1 field inventory + WEBR8 decision contract
VOC_EVIDENCE_MEASUREMENT_ASSAY_REACTION_TIME_MIN,evidence_measurement,assay_reaction_time_min,20,canonical_term_candidate,20,14,current_public_value_domain_count,none_observed,observed_not_promoted,forbidden_in_WEBSCHEMA1,"empty string, not_reported, needs_manual_check, and business values remain distinct",not_promoted,WEBR8-D08,WEBR8-v1,WEBSCHEMA1 field inventory + WEBR8 decision contract
VOC_EVIDENCE_MEASUREMENT_ASSAY_REACTION_TIME_MIN,evidence_measurement,assay_reaction_time_min,25,canonical_term_candidate,25,2,current_public_value_domain_count,none_observed,observed_not_promoted,forbidden_in_WEBSCHEMA1,"empty string, not_reported, needs_manual_check, and business values remain distinct",not_promoted,WEBR8-D08,WEBR8-v1,WEBSCHEMA1 field inventory + WEBR8 decision contract
VOC_EVIDENCE_MEASUREMENT_ASSAY_REACTION_TIME_MIN,evidence_measurement,assay_reaction_time_min,3,canonical_term_candidate,3,90,current_public_value_domain_count,none_observed,observed_not_promoted,forbidden_in_WEBSCHEMA1,"empty string, not_reported, needs_manual_check, and business values remain distinct",not_promoted,WEBR8-D08,WEBR8-v1,WEBSCHEMA1 field inventory + WEBR8 decision contract
VOC_EVIDENCE_MEASUREMENT_ASSAY_REACTION_TIME_MIN,evidence_measurement,assay_reaction_time_min,30,canonical_term_candidate,30,87,current_public_value_domain_count,none_observed,observed_not_promoted,forbidden_in_WEBSCHEMA1,"empty string, not_reported, needs_manual_check, and business values remain distinct",not_promoted,WEBR8-D08,WEBR8-v1,WEBSCHEMA1 field inventory + WEBR8 decision contract
VOC_EVIDENCE_MEASUREMENT_ASSAY_REACTION_TIME_MIN,evidence_measurement,assay_reaction_time_min,4,canonical_term_candidate,4,6,current_public_value_domain_count,none_observed,observed_not_promoted,forbidden_in_WEBSCHEMA1,"empty string, not_reported, needs_manual_check, and business values remain distinct",not_promoted,WEBR8-D08,WEBR8-v1,WEBSCHEMA1 field inventory + WEBR8 decision contract
VOC_EVIDENCE_MEASUREMENT_ASSAY_REACTION_TIME_MIN,evidence_measurement,assay_reaction_time_min,5,canonical_term_candidate,5,543,current_public_value_domain_count,none_observed,observed_not_promoted,forbidden_in_WEBSCHEMA1,"empty string, not_reported, needs_manual_check, and business values remain distinct",not_promoted,WEBR8-D08,WEBR8-v1,WEBSCHEMA1 field inventory + WEBR8 decision contract
VOC_EVIDENCE_MEASUREMENT_ASSAY_REACTION_TIME_MIN,evidence_measurement,assay_reaction_time_min,60,canonical_term_candidate,60,12,current_public_value_domain_count,none_observed,observed_not_promoted,forbidden_in_WEBSCHEMA1,"empty string, not_reported, needs_manual_check, and business values remain distinct",not_promoted,WEBR8-D08,WEBR8-v1,WEBSCHEMA1 field inventory + WEBR8 decision contract
VOC_EVIDENCE_MEASUREMENT_ASSAY_REACTION_TIME_MIN,evidence_measurement,assay_reaction_time_min,at least 30,canonical_term_candidate,at least 30,2,current_public_value_domain_count,none_observed,observed_not_promoted,forbidden_in_WEBSCHEMA1,"empty string, not_reported, needs_manual_check, and business values remain distinct",not_promoted,WEBR8-D08,WEBR8-v1,WEBSCHEMA1 field inventory + WEBR8 decision contract
VOC_EVIDENCE_MEASUREMENT_ASSAY_REACTION_TIME_MIN,evidence_measurement,assay_reaction_time_min,not_reported,sentinel,not_reported,964,current_public_value_domain_count,none_observed,observed_sentinel_locked_distinct,forbidden_in_WEBSCHEMA1,"empty string, not_reported, needs_manual_check, and business values remain distinct",not_promoted,WEBR8-D08,WEBR8-v1,WEBSCHEMA1 field inventory + WEBR8 decision contract
VOC_EVIDENCE_MEASUREMENT_BASELINE_ACTIVITY_A0,evidence_measurement,baseline_activity_A0,100,canonical_term_candidate,100,2712,current_public_value_domain_count,none_observed,observed_not_promoted,forbidden_in_WEBSCHEMA1,"empty string, not_reported, needs_manual_check, and business values remain distinct",not_promoted,WEBR8-D08,WEBR8-v1,WEBSCHEMA1 field inventory + WEBR8 decision contract
VOC_EVIDENCE_MEASUREMENT_BASELINE_ACTIVITY_A0,evidence_measurement,baseline_activity_A0,100.0,canonical_term_candidate,100.0,18,current_public_value_domain_count,none_observed,observed_not_promoted,forbidden_in_WEBSCHEMA1,"empty string, not_reported, needs_manual_check, and business values remain distinct",not_promoted,WEBR8-D08,WEBR8-v1,WEBSCHEMA1 field inventory + WEBR8 decision contract
VOC_EVIDENCE_MEASUREMENT_BASELINE_ACTIVITY_A0,evidence_measurement,baseline_activity_A0,120,canonical_term_candidate,120,3,current_public_value_domain_count,none_observed,observed_not_promoted,forbidden_in_WEBSCHEMA1,"empty string, not_reported, needs_manual_check, and business values remain distinct",not_promoted,WEBR8-D08,WEBR8-v1,WEBSCHEMA1 field inventory + WEBR8 decision contract
VOC_EVIDENCE_MEASUREMENT_BASELINE_ACTIVITY_A0,evidence_measurement,baseline_activity_A0,1230,canonical_term_candidate,1230,3,current_public_value_domain_count,none_observed,observed_not_promoted,forbidden_in_WEBSCHEMA1,"empty string, not_reported, needs_manual_check, and business values remain distinct",not_promoted,WEBR8-D08,WEBR8-v1,WEBSCHEMA1 field inventory + WEBR8 decision contract
VOC_EVIDENCE_MEASUREMENT_BASELINE_ACTIVITY_A0,evidence_measurement,baseline_activity_A0,1370,canonical_term_candidate,1370,3,current_public_value_domain_count,none_observed,observed_not_promoted,forbidden_in_WEBSCHEMA1,"empty string, not_reported, needs_manual_check, and business values remain distinct",not_promoted,WEBR8-D08,WEBR8-v1,WEBSCHEMA1 field inventory + WEBR8 decision contract
VOC_EVIDENCE_MEASUREMENT_BASELINE_ACTIVITY_A0,evidence_measurement,baseline_activity_A0,139.52,canonical_term_candidate,139.52,1,current_public_value_domain_count,none_observed,observed_not_promoted,forbidden_in_WEBSCHEMA1,"empty string, not_reported, needs_manual_check, and business values remain distinct",not_promoted,WEBR8-D08,WEBR8-v1,WEBSCHEMA1 field inventory + WEBR8 decision contract
VOC_EVIDENCE_MEASUREMENT_BASELINE_ACTIVITY_A0,evidence_measurement,baseline_activity_A0,1420,canonical_term_candidate,1420,3,current_public_value_domain_count,none_observed,observed_not_promoted,forbidden_in_WEBSCHEMA1,"empty string, not_reported, needs_manual_check, and business values remain distinct",not_promoted,WEBR8-D08,WEBR8-v1,WEBSCHEMA1 field inventory + WEBR8 decision contract
VOC_EVIDENCE_MEASUREMENT_BASELINE_ACTIVITY_A0,evidence_measurement,baseline_activity_A0,1490,canonical_term_candidate,1490,3,current_public_value_domain_count,none_observed,observed_not_promoted,forbidden_in_WEBSCHEMA1,"empty string, not_reported, needs_manual_check, and business values remain distinct",not_promoted,WEBR8-D08,WEBR8-v1,WEBSCHEMA1 field inventory + WEBR8 decision contract
VOC_EVIDENCE_MEASUREMENT_BASELINE_ACTIVITY_A0,evidence_measurement,baseline_activity_A0,1530,canonical_term_candidate,1530,3,current_public_value_domain_count,none_observed,observed_not_promoted,forbidden_in_WEBSCHEMA1,"empty string, not_reported, needs_manual_check, and business values remain distinct",not_promoted,WEBR8-D08,WEBR8-v1,WEBSCHEMA1 field inventory + WEBR8 decision contract
VOC_EVIDENCE_MEASUREMENT_BASELINE_ACTIVITY_A0,evidence_measurement,baseline_activity_A0,160,canonical_term_candidate,160,3,current_public_value_domain_count,none_observed,observed_not_promoted,forbidden_in_WEBSCHEMA1,"empty string, not_reported, needs_manual_check, and business values remain distinct",not_promoted,WEBR8-D08,WEBR8-v1,WEBSCHEMA1 field inventory + WEBR8 decision contract
VOC_EVIDENCE_MEASUREMENT_BASELINE_ACTIVITY_A0,evidence_measurement,baseline_activity_A0,1830,canonical_term_candidate,1830,3,current_public_value_domain_count,none_observed,observed_not_promoted,forbidden_in_WEBSCHEMA1,"empty string, not_reported, needs_manual_check, and business values remain distinct",not_promoted,WEBR8-D08,WEBR8-v1,WEBSCHEMA1 field inventory + WEBR8 decision contract
VOC_EVIDENCE_MEASUREMENT_BASELINE_ACTIVITY_A0,evidence_measurement,baseline_activity_A0,33,canonical_term_candidate,33,3,current_public_value_domain_count,none_observed,observed_not_promoted,forbidden_in_WEBSCHEMA1,"empty string, not_reported, needs_manual_check, and business values remain distinct",not_promoted,WEBR8-D08,WEBR8-v1,WEBSCHEMA1 field inventory + WEBR8 decision contract
VOC_EVIDENCE_MEASUREMENT_BASELINE_ACTIVITY_A0,evidence_measurement,baseline_activity_A0,340,canonical_term_candidate,340,3,current_public_value_domain_count,none_observed,observed_not_promoted,forbidden_in_WEBSCHEMA1,"empty string, not_reported, needs_manual_check, and business values remain distinct",not_promoted,WEBR8-D08,WEBR8-v1,WEBSCHEMA1 field inventory + WEBR8 decision contract
VOC_EVIDENCE_MEASUREMENT_BASELINE_ACTIVITY_A0,evidence_measurement,baseline_activity_A0,4500,canonical_term_candidate,4500,3,current_public_value_domain_count,none_observed,observed_not_promoted,forbidden_in_WEBSCHEMA1,"empty string, not_reported, needs_manual_check, and business values remain distinct",not_promoted,WEBR8-D08,WEBR8-v1,WEBSCHEMA1 field inventory + WEBR8 decision contract
VOC_EVIDENCE_MEASUREMENT_BASELINE_ACTIVITY_A0,evidence_measurement,baseline_activity_A0,500,canonical_term_candidate,500,3,current_public_value_domain_count,none_observed,observed_not_promoted,forbidden_in_WEBSCHEMA1,"empty string, not_reported, needs_manual_check, and business values remain distinct",not_promoted,WEBR8-D08,WEBR8-v1,WEBSCHEMA1 field inventory + WEBR8 decision contract
VOC_EVIDENCE_MEASUREMENT_BASELINE_ACTIVITY_A0,evidence_measurement,baseline_activity_A0,6450,canonical_term_candidate,6450,3,current_public_value_domain_count,none_observed,observed_not_promoted,forbidden_in_WEBSCHEMA1,"empty string, not_reported, needs_manual_check, and business values remain distinct",not_promoted,WEBR8-D08,WEBR8-v1,WEBSCHEMA1 field inventory + WEBR8 decision contract
VOC_EVIDENCE_MEASUREMENT_BASELINE_ACTIVITY_A0,evidence_measurement,baseline_activity_A0,86.5 U/ug; 100%,canonical_term_candidate,86.5 U/ug; 100%,3,current_public_value_domain_count,none_observed,observed_not_promoted,forbidden_in_WEBSCHEMA1,"empty string, not_reported, needs_manual_check, and business values remain distinct",not_promoted,WEBR8-D08,WEBR8-v1,WEBSCHEMA1 field inventory + WEBR8 decision contract
VOC_EVIDENCE_MEASUREMENT_BASELINE_ACTIVITY_A0,evidence_measurement,baseline_activity_A0,920,canonical_term_candidate,920,3,current_public_value_domain_count,none_observed,observed_not_promoted,forbidden_in_WEBSCHEMA1,"empty string, not_reported, needs_manual_check, and business values remain distinct",not_promoted,WEBR8-D08,WEBR8-v1,WEBSCHEMA1 field inventory + WEBR8 decision contract
VOC_EVIDENCE_MEASUREMENT_BASELINE_ACTIVITY_A0,evidence_measurement,baseline_activity_A0,9820,canonical_term_candidate,9820,3,current_public_value_domain_count,none_observed,observed_not_promoted,forbidden_in_WEBSCHEMA1,"empty string, not_reported, needs_manual_check, and business values remain distinct",not_promoted,WEBR8-D08,WEBR8-v1,WEBSCHEMA1 field inventory + WEBR8 decision contract
VOC_EVIDENCE_MEASUREMENT_BASELINE_ACTIVITY_A0,evidence_measurement,baseline_activity_A0,not_reported,sentinel,not_reported,74,current_public_value_domain_count,none_observed,observed_sentinel_locked_distinct,forbidden_in_WEBSCHEMA1,"empty string, not_reported, needs_manual_check, and business values remain distinct",not_promoted,WEBR8-D08,WEBR8-v1,WEBSCHEMA1 field inventory + WEBR8 decision contract
VOC_EVIDENCE_MEASUREMENT_BASELINE_ACTIVITY_A0,evidence_measurement,baseline_activity_A0,same-enzyme untreated control in Figure 4D,canonical_term_candidate,same-enzyme untreated control in Figure 4D,4,current_public_value_domain_count,none_observed,observed_not_promoted,forbidden_in_WEBSCHEMA1,"empty string, not_reported, needs_manual_check, and business values remain distinct",not_promoted,WEBR8-D08,WEBR8-v1,WEBSCHEMA1 field inventory + WEBR8 decision contract
VOC_EVIDENCE_MEASUREMENT_BIPHASIC_DEACTIVATION_OBSERVED,evidence_measurement,biphasic_deactivation_observed,no,canonical_term_candidate,no,911,current_public_value_domain_count,none_observed,observed_not_promoted,forbidden_in_WEBSCHEMA1,"empty string, not_reported, needs_manual_check, and business values remain distinct",not_promoted,WEBR8-D08,WEBR8-v1,WEBSCHEMA1 field inventory + WEBR8 decision contract
VOC_EVIDENCE_MEASUREMENT_BIPHASIC_DEACTIVATION_OBSERVED,evidence_measurement,biphasic_deactivation_observed,not_applicable_single_endpoint,canonical_term_candidate,not_applicable_single_endpoint,1,current_public_value_domain_count,none_observed,observed_not_promoted,forbidden_in_WEBSCHEMA1,"empty string, not_reported, needs_manual_check, and business values remain distinct",not_promoted,WEBR8-D08,WEBR8-v1,WEBSCHEMA1 field inventory + WEBR8 decision contract
VOC_EVIDENCE_MEASUREMENT_BIPHASIC_DEACTIVATION_OBSERVED,evidence_measurement,biphasic_deactivation_observed,not_reported,sentinel,not_reported,1866,current_public_value_domain_count,none_observed,observed_sentinel_locked_distinct,forbidden_in_WEBSCHEMA1,"empty string, not_reported, needs_manual_check, and business values remain distinct",not_promoted,WEBR8-D08,WEBR8-v1,WEBSCHEMA1 field inventory + WEBR8 decision contract
VOC_EVIDENCE_MEASUREMENT_BIPHASIC_DEACTIVATION_OBSERVED,evidence_measurement,biphasic_deactivation_observed,yes,canonical_term_candidate,yes,57,current_public_value_domain_count,none_observed,observed_not_promoted,forbidden_in_WEBSCHEMA1,"empty string, not_reported, needs_manual_check, and business values remain distinct",not_promoted,WEBR8-D08,WEBR8-v1,WEBSCHEMA1 field inventory + WEBR8 decision contract
VOC_EVIDENCE_MEASUREMENT_CLUSTER_BASIS,evidence_measurement,cluster_basis,doi,canonical_term_candidate,doi,326,current_public_value_domain_count,none_observed,observed_not_promoted,forbidden_in_WEBSCHEMA1,"empty string, not_reported, needs_manual_check, and business values remain distinct",not_promoted,WEBR8-D08,WEBR8-v1,WEBSCHEMA1 field inventory + WEBR8 decision contract
VOC_EVIDENCE_MEASUREMENT_CLUSTER_BASIS,evidence_measurement,cluster_basis,doi+canonical_enzyme_id,canonical_term_candidate,doi+canonical_enzyme_id,13,current_public_value_domain_count,none_observed,observed_not_promoted,forbidden_in_WEBSCHEMA1,"empty string, not_reported, needs_manual_check, and business values remain distinct",not_promoted,WEBR8-D08,WEBR8-v1,WEBSCHEMA1 field inventory + WEBR8 decision contract
VOC_EVIDENCE_MEASUREMENT_CLUSTER_BASIS,evidence_measurement,cluster_basis,doi+construct,canonical_term_candidate,doi+construct,1664,current_public_value_domain_count,none_observed,observed_not_promoted,forbidden_in_WEBSCHEMA1,"empty string, not_reported, needs_manual_check, and business values remain distinct",not_promoted,WEBR8-D08,WEBR8-v1,WEBSCHEMA1 field inventory + WEBR8 decision contract
VOC_EVIDENCE_MEASUREMENT_CLUSTER_BASIS,evidence_measurement,cluster_basis,doi_plus_canonical;T14_mirror_S7,canonical_term_candidate,doi_plus_canonical;T14_mirror_S7,34,current_public_value_domain_count,none_observed,observed_not_promoted,forbidden_in_WEBSCHEMA1,"empty string, not_reported, needs_manual_check, and business values remain distinct",not_promoted,WEBR8-D08,WEBR8-v1,WEBSCHEMA1 field inventory + WEBR8 decision contract
VOC_EVIDENCE_MEASUREMENT_CLUSTER_BASIS,evidence_measurement,cluster_basis,not_reported,sentinel,not_reported,35,current_public_value_domain_count,none_observed,observed_sentinel_locked_distinct,forbidden_in_WEBSCHEMA1,"empty string, not_reported, needs_manual_check, and business values remain distinct",not_promoted,WEBR8-D08,WEBR8-v1,WEBSCHEMA1 field inventory + WEBR8 decision contract
VOC_EVIDENCE_MEASUREMENT_CLUSTER_BASIS,evidence_measurement,cluster_basis,same_doi_as_existing_cluster;T14_mirror_S7,canonical_term_candidate,same_doi_as_existing_cluster;T14_mirror_S7,1,current_public_value_domain_count,none_observed,observed_not_promoted,forbidden_in_WEBSCHEMA1,"empty string, not_reported, needs_manual_check, and business values remain distinct",not_promoted,WEBR8-D08,WEBR8-v1,WEBSCHEMA1 field inventory + WEBR8 decision contract
VOC_EVIDENCE_MEASUREMENT_CLUSTER_BASIS,evidence_measurement,cluster_basis,source_path_plus_canonical,canonical_term_candidate,source_path_plus_canonical,26,current_public_value_domain_count,none_observed,observed_not_promoted,forbidden_in_WEBSCHEMA1,"empty string, not_reported, needs_manual_check, and business values remain distinct",not_promoted,WEBR8-D08,WEBR8-v1,WEBSCHEMA1 field inventory + WEBR8 decision contract
VOC_EVIDENCE_MEASUREMENT_CONSTRUCT_MATCH_STATUS,evidence_measurement,construct_match_status,claimed_unverified,canonical_term_candidate,claimed_unverified,12,current_public_value_domain_count,none_observed,observed_not_promoted,forbidden_in_WEBSCHEMA1,"empty string, not_reported, needs_manual_check, and business values remain distinct",not_promoted,WEBR8-D08,WEBR8-v1,WEBSCHEMA1 field inventory + WEBR8 decision contract
VOC_EVIDENCE_MEASUREMENT_CONSTRUCT_MATCH_STATUS,evidence_measurement,construct_match_status,compatible_construct,canonical_term_candidate,compatible_construct,407,current_public_value_domain_count,none_observed,observed_not_promoted,forbidden_in_WEBSCHEMA1,"empty string, not_reported, needs_manual_check, and business values remain distinct",not_promoted,WEBR8-D08,WEBR8-v1,WEBSCHEMA1 field inventory + WEBR8 decision contract
VOC_EVIDENCE_MEASUREMENT_CONSTRUCT_MATCH_STATUS,evidence_measurement,construct_match_status,engineered_construct,canonical_term_candidate,engineered_construct,250,current_public_value_domain_count,none_observed,observed_not_promoted,forbidden_in_WEBSCHEMA1,"empty string, not_reported, needs_manual_check, and business values remain distinct",not_promoted,WEBR8-D08,WEBR8-v1,WEBSCHEMA1 field inventory + WEBR8 decision contract
VOC_EVIDENCE_MEASUREMENT_CONSTRUCT_MATCH_STATUS,evidence_measurement,construct_match_status,needs_manual_check,sentinel,needs_manual_check,1,current_public_value_domain_count,none_observed,observed_sentinel_locked_distinct,forbidden_in_WEBSCHEMA1,"empty string, not_reported, needs_manual_check, and business values remain distinct",not_promoted,WEBR8-D08,WEBR8-v1,WEBSCHEMA1 field inventory + WEBR8 decision contract
VOC_EVIDENCE_MEASUREMENT_CONSTRUCT_MATCH_STATUS,evidence_measurement,construct_match_status,same_construct,canonical_term_candidate,same_construct,2184,current_public_value_domain_count,none_observed,observed_not_promoted,forbidden_in_WEBSCHEMA1,"empty string, not_reported, needs_manual_check, and business values remain distinct",not_promoted,WEBR8-D08,WEBR8-v1,WEBSCHEMA1 field inventory + WEBR8 decision contract
VOC_EVIDENCE_MEASUREMENT_CONSTRUCT_MATCH_STATUS,evidence_measurement,construct_match_status,unclear,canonical_term_candidate,unclear,3,current_public_value_domain_count,none_observed,observed_not_promoted,forbidden_in_WEBSCHEMA1,"empty string, not_reported, needs_manual_check, and business values remain distinct",not_promoted,WEBR8-D08,WEBR8-v1,WEBSCHEMA1 field inventory + WEBR8 decision contract
VOC_EVIDENCE_MEASUREMENT_DATA_EXTRACTION_METHOD,evidence_measurement,data_extraction_method,digitized_figure_estimate,canonical_term_candidate,digitized_figure_estimate,7,current_public_value_domain_count,none_observed,observed_not_promoted,forbidden_in_WEBSCHEMA1,"empty string, not_reported, needs_manual_check, and business values remain distinct",not_promoted,WEBR8-D08,WEBR8-v1,WEBSCHEMA1 field inventory + WEBR8 decision contract
VOC_EVIDENCE_MEASUREMENT_DATA_EXTRACTION_METHOD,evidence_measurement,data_extraction_method,digitized_plot,canonical_term_candidate,digitized_plot,1889,current_public_value_domain_count,none_observed,observed_not_promoted,forbidden_in_WEBSCHEMA1,"empty string, not_reported, needs_manual_check, and business values remain distinct",not_promoted,WEBR8-D08,WEBR8-v1,WEBSCHEMA1 field inventory + WEBR8 decision contract
VOC_EVIDENCE_MEASUREMENT_DATA_EXTRACTION_METHOD,evidence_measurement,data_extraction_method,digitized_text_value,canonical_term_candidate,digitized_text_value,3,current_public_value_domain_count,none_observed,observed_not_promoted,forbidden_in_WEBSCHEMA1,"empty string, not_reported, needs_manual_check, and business values remain distinct",not_promoted,WEBR8-D08,WEBR8-v1,WEBSCHEMA1 field inventory + WEBR8 decision contract
VOC_EVIDENCE_MEASUREMENT_DATA_EXTRACTION_METHOD,evidence_measurement,data_extraction_method,direct_table,canonical_term_candidate,direct_table,10,current_public_value_domain_count,none_observed,observed_not_promoted,forbidden_in_WEBSCHEMA1,"empty string, not_reported, needs_manual_check, and business values remain distinct",not_promoted,WEBR8-D08,WEBR8-v1,WEBSCHEMA1 field inventory + WEBR8 decision contract
VOC_EVIDENCE_MEASUREMENT_DATA_EXTRACTION_METHOD,evidence_measurement,data_extraction_method,direct_text,canonical_term_candidate,direct_text,746,current_public_value_domain_count,none_observed,observed_not_promoted,forbidden_in_WEBSCHEMA1,"empty string, not_reported, needs_manual_check, and business values remain distinct",not_promoted,WEBR8-D08,WEBR8-v1,WEBSCHEMA1 field inventory + WEBR8 decision contract
VOC_EVIDENCE_MEASUREMENT_DATA_EXTRACTION_METHOD,evidence_measurement,data_extraction_method,direct_text_calculated_ratio,canonical_term_candidate,direct_text_calculated_ratio,1,current_public_value_domain_count,none_observed,observed_not_promoted,forbidden_in_WEBSCHEMA1,"empty string, not_reported, needs_manual_check, and business values remain distinct",not_promoted,WEBR8-D08,WEBR8-v1,WEBSCHEMA1 field inventory + WEBR8 decision contract
VOC_EVIDENCE_MEASUREMENT_DATA_EXTRACTION_METHOD,evidence_measurement,data_extraction_method,estimated,canonical_term_candidate,estimated,95,current_public_value_domain_count,none_observed,observed_not_promoted,forbidden_in_WEBSCHEMA1,"empty string, not_reported, needs_manual_check, and business values remain distinct",not_promoted,WEBR8-D08,WEBR8-v1,WEBSCHEMA1 field inventory + WEBR8 decision contract
VOC_EVIDENCE_MEASUREMENT_DATA_EXTRACTION_METHOD,evidence_measurement,data_extraction_method,figure_digitized_manual,canonical_term_candidate,figure_digitized_manual,18,current_public_value_domain_count,none_observed,observed_not_promoted,forbidden_in_WEBSCHEMA1,"empty string, not_reported, needs_manual_check, and business values remain distinct",not_promoted,WEBR8-D08,WEBR8-v1,WEBSCHEMA1 field inventory + WEBR8 decision contract
VOC_EVIDENCE_MEASUREMENT_DATA_EXTRACTION_METHOD,evidence_measurement,data_extraction_method,figure_digitized_manual_300dpi,canonical_term_candidate,figure_digitized_manual_300dpi,35,current_public_value_domain_count,none_observed,observed_not_promoted,forbidden_in_WEBSCHEMA1,"empty string, not_reported, needs_manual_check, and business values remain distinct",not_promoted,WEBR8-D08,WEBR8-v1,WEBSCHEMA1 field inventory + WEBR8 decision contract
VOC_EVIDENCE_MEASUREMENT_DATA_EXTRACTION_METHOD,evidence_measurement,data_extraction_method,in_figure_needs_digitization,canonical_term_candidate,in_figure_needs_digitization,2,current_public_value_domain_count,none_observed,observed_not_promoted,forbidden_in_WEBSCHEMA1,"empty string, not_reported, needs_manual_check, and business values remain distinct",not_promoted,WEBR8-D08,WEBR8-v1,WEBSCHEMA1 field inventory + WEBR8 decision contract
VOC_EVIDENCE_MEASUREMENT_DATA_EXTRACTION_METHOD,evidence_measurement,data_extraction_method,manifest_structured_value,canonical_term_candidate,manifest_structured_value,2,current_public_value_domain_count,none_observed,observed_not_promoted,forbidden_in_WEBSCHEMA1,"empty string, not_reported, needs_manual_check, and business values remain distinct",not_promoted,WEBR8-D08,WEBR8-v1,WEBSCHEMA1 field inventory + WEBR8 decision contract
VOC_EVIDENCE_MEASUREMENT_DATA_EXTRACTION_METHOD,evidence_measurement,data_extraction_method,numeric_table,canonical_term_candidate,numeric_table,2,current_public_value_domain_count,none_observed,observed_not_promoted,forbidden_in_WEBSCHEMA1,"empty string, not_reported, needs_manual_check, and business values remain distinct",not_promoted,WEBR8-D08,WEBR8-v1,WEBSCHEMA1 field inventory + WEBR8 decision contract
VOC_EVIDENCE_MEASUREMENT_DATA_EXTRACTION_METHOD,evidence_measurement,data_extraction_method,S8b_source_summary,canonical_term_candidate,S8b_source_summary,12,current_public_value_domain_count,none_observed,observed_not_promoted,forbidden_in_WEBSCHEMA1,"empty string, not_reported, needs_manual_check, and business values remain distinct",not_promoted,WEBR8-D08,WEBR8-v1,WEBSCHEMA1 field inventory + WEBR8 decision contract
VOC_EVIDENCE_MEASUREMENT_DATA_EXTRACTION_METHOD,evidence_measurement,data_extraction_method,source_supplement_figure_digitized_prior_read,canonical_term_candidate,source_supplement_figure_digitized_prior_read,27,current_public_value_domain_count,none_observed,observed_not_promoted,forbidden_in_WEBSCHEMA1,"empty string, not_reported, needs_manual_check, and business values remain distinct",not_promoted,WEBR8-D08,WEBR8-v1,WEBSCHEMA1 field inventory + WEBR8 decision contract
VOC_EVIDENCE_MEASUREMENT_DATA_EXTRACTION_METHOD,evidence_measurement,data_extraction_method,source_text_cache_recheck,canonical_term_candidate,source_text_cache_recheck,2,current_public_value_domain_count,none_observed,observed_not_promoted,forbidden_in_WEBSCHEMA1,"empty string, not_reported, needs_manual_check, and business values remain distinct",not_promoted,WEBR8-D08,WEBR8-v1,WEBSCHEMA1 field inventory + WEBR8 decision contract
VOC_EVIDENCE_MEASUREMENT_DATA_EXTRACTION_METHOD,evidence_measurement,data_extraction_method,source_text_recheck_existing_verdict,canonical_term_candidate,source_text_recheck_existing_verdict,2,current_public_value_domain_count,none_observed,observed_not_promoted,forbidden_in_WEBSCHEMA1,"empty string, not_reported, needs_manual_check, and business values remain distinct",not_promoted,WEBR8-D08,WEBR8-v1,WEBSCHEMA1 field inventory + WEBR8 decision contract
VOC_EVIDENCE_MEASUREMENT_DATA_EXTRACTION_METHOD,evidence_measurement,data_extraction_method,table_text_resolved,canonical_term_candidate,table_text_resolved,2,current_public_value_domain_count,none_observed,observed_not_promoted,forbidden_in_WEBSCHEMA1,"empty string, not_reported, needs_manual_check, and business values remain distinct",not_promoted,WEBR8-D08,WEBR8-v1,WEBSCHEMA1 field inventory + WEBR8 decision contract
VOC_EVIDENCE_MEASUREMENT_DATA_EXTRACTION_METHOD,evidence_measurement,data_extraction_method,text_cache_manual,canonical_term_candidate,text_cache_manual,1,current_public_value_domain_count,none_observed,observed_not_promoted,forbidden_in_WEBSCHEMA1,"empty string, not_reported, needs_manual_check, and business values remain distinct",not_promoted,WEBR8-D08,WEBR8-v1,WEBSCHEMA1 field inventory + WEBR8 decision contract
VOC_EVIDENCE_MEASUREMENT_DATA_EXTRACTION_METHOD,evidence_measurement,data_extraction_method,text_resolved,canonical_term_candidate,text_resolved,1,current_public_value_domain_count,none_observed,observed_not_promoted,forbidden_in_WEBSCHEMA1,"empty string, not_reported, needs_manual_check, and business values remain distinct",not_promoted,WEBR8-D08,WEBR8-v1,WEBSCHEMA1 field inventory + WEBR8 decision contract
VOC_EVIDENCE_MEASUREMENT_ENZYME_CONC,evidence_measurement,enzyme_conc,0.0002 mg/ml,canonical_term_candidate,0.0002 mg/ml,3,current_public_value_domain_count,none_observed,observed_not_promoted,forbidden_in_WEBSCHEMA1,"empty string, not_reported, needs_manual_check, and business values remain distinct",not_promoted,WEBR8-D08,WEBR8-v1,WEBSCHEMA1 field inventory + WEBR8 decision contract
VOC_EVIDENCE_MEASUREMENT_ENZYME_CONC,evidence_measurement,enzyme_conc,0.001 mg/ml,canonical_term_candidate,0.001 mg/ml,3,current_public_value_domain_count,none_observed,observed_not_promoted,forbidden_in_WEBSCHEMA1,"empty string, not_reported, needs_manual_check, and business values remain distinct",not_promoted,WEBR8-D08,WEBR8-v1,WEBSCHEMA1 field inventory + WEBR8 decision contract
VOC_EVIDENCE_MEASUREMENT_ENZYME_CONC,evidence_measurement,enzyme_conc,0.002 mg/ml,canonical_term_candidate,0.002 mg/ml,4,current_public_value_domain_count,none_observed,observed_not_promoted,forbidden_in_WEBSCHEMA1,"empty string, not_reported, needs_manual_check, and business values remain distinct",not_promoted,WEBR8-D08,WEBR8-v1,WEBSCHEMA1 field inventory + WEBR8 decision contract
VOC_EVIDENCE_MEASUREMENT_ENZYME_CONC,evidence_measurement,enzyme_conc,0.005 mg/ml,canonical_term_candidate,0.005 mg/ml,6,current_public_value_domain_count,none_observed,observed_not_promoted,forbidden_in_WEBSCHEMA1,"empty string, not_reported, needs_manual_check, and business values remain distinct",not_promoted,WEBR8-D08,WEBR8-v1,WEBSCHEMA1 field inventory + WEBR8 decision contract
VOC_EVIDENCE_MEASUREMENT_ENZYME_CONC,evidence_measurement,enzyme_conc,0.05 mg/ml,canonical_term_candidate,0.05 mg/ml,17,current_public_value_domain_count,none_observed,observed_not_promoted,forbidden_in_WEBSCHEMA1,"empty string, not_reported, needs_manual_check, and business values remain distinct",not_promoted,WEBR8-D08,WEBR8-v1,WEBSCHEMA1 field inventory + WEBR8 decision contract
VOC_EVIDENCE_MEASUREMENT_ENZYME_CONC,evidence_measurement,enzyme_conc,0.1 mg/ml,canonical_term_candidate,0.1 mg/ml,130,current_public_value_domain_count,none_observed,observed_not_promoted,forbidden_in_WEBSCHEMA1,"empty string, not_reported, needs_manual_check, and business values remain distinct",not_promoted,WEBR8-D08,WEBR8-v1,WEBSCHEMA1 field inventory + WEBR8 decision contract
VOC_EVIDENCE_MEASUREMENT_ENZYME_CONC,evidence_measurement,enzyme_conc,0.2 mg/ml,canonical_term_candidate,0.2 mg/ml,127,current_public_value_domain_count,none_observed,observed_not_promoted,forbidden_in_WEBSCHEMA1,"empty string, not_reported, needs_manual_check, and business values remain distinct",not_promoted,WEBR8-D08,WEBR8-v1,WEBSCHEMA1 field inventory + WEBR8 decision contract
VOC_EVIDENCE_MEASUREMENT_ENZYME_CONC,evidence_measurement,enzyme_conc,0.25 nM (0.011 ug/mL),canonical_term_candidate,0.25 nM (0.011 ug/mL),6,current_public_value_domain_count,none_observed,observed_not_promoted,forbidden_in_WEBSCHEMA1,"empty string, not_reported, needs_manual_check, and business values remain distinct",not_promoted,WEBR8-D08,WEBR8-v1,WEBSCHEMA1 field inventory + WEBR8 decision contract
VOC_EVIDENCE_MEASUREMENT_ENZYME_CONC,evidence_measurement,enzyme_conc,0.3 mg/ml,canonical_term_candidate,0.3 mg/ml,8,current_public_value_domain_count,none_observed,observed_not_promoted,forbidden_in_WEBSCHEMA1,"empty string, not_reported, needs_manual_check, and business values remain distinct",not_promoted,WEBR8-D08,WEBR8-v1,WEBSCHEMA1 field inventory + WEBR8 decision contract
VOC_EVIDENCE_MEASUREMENT_ENZYME_CONC,evidence_measurement,enzyme_conc,0.30 mg/ml,canonical_term_candidate,0.30 mg/ml,24,current_public_value_domain_count,none_observed,observed_not_promoted,forbidden_in_WEBSCHEMA1,"empty string, not_reported, needs_manual_check, and business values remain distinct",not_promoted,WEBR8-D08,WEBR8-v1,WEBSCHEMA1 field inventory + WEBR8 decision contract
VOC_EVIDENCE_MEASUREMENT_ENZYME_CONC,evidence_measurement,enzyme_conc,0.5 mg/ml,canonical_term_candidate,0.5 mg/ml,33,current_public_value_domain_count,none_observed,observed_not_promoted,forbidden_in_WEBSCHEMA1,"empty string, not_reported, needs_manual_check, and business values remain distinct",not_promoted,WEBR8-D08,WEBR8-v1,WEBSCHEMA1 field inventory + WEBR8 decision contract
VOC_EVIDENCE_MEASUREMENT_ENZYME_CONC,evidence_measurement,enzyme_conc,1 mg/ml,canonical_term_candidate,1 mg/ml,347,current_public_value_domain_count,none_observed,observed_not_promoted,forbidden_in_WEBSCHEMA1,"empty string, not_reported, needs_manual_check, and business values remain distinct",not_promoted,WEBR8-D08,WEBR8-v1,WEBSCHEMA1 field inventory + WEBR8 decision contract
VOC_EVIDENCE_MEASUREMENT_ENZYME_CONC,evidence_measurement,enzyme_conc,1 μM,canonical_term_candidate,1 μM,2,current_public_value_domain_count,none_observed,observed_not_promoted,forbidden_in_WEBSCHEMA1,"empty string, not_reported, needs_manual_check, and business values remain distinct",not_promoted,WEBR8-D08,WEBR8-v1,WEBSCHEMA1 field inventory + WEBR8 decision contract
VOC_EVIDENCE_MEASUREMENT_ENZYME_CONC,evidence_measurement,enzyme_conc,1.08 mg/ml,canonical_term_candidate,1.08 mg/ml,5,current_public_value_domain_count,none_observed,observed_not_promoted,forbidden_in_WEBSCHEMA1,"empty string, not_reported, needs_manual_check, and business values remain distinct",not_promoted,WEBR8-D08,WEBR8-v1,WEBSCHEMA1 field inventory + WEBR8 decision contract
VOC_EVIDENCE_MEASUREMENT_ENZYME_CONC,evidence_measurement,enzyme_conc,1.23 μM,canonical_term_candidate,1.23 μM,2,current_public_value_domain_count,none_observed,observed_not_promoted,forbidden_in_WEBSCHEMA1,"empty string, not_reported, needs_manual_check, and business values remain distinct",not_promoted,WEBR8-D08,WEBR8-v1,WEBSCHEMA1 field inventory + WEBR8 decision contract
VOC_EVIDENCE_MEASUREMENT_ENZYME_CONC,evidence_measurement,enzyme_conc,1.5 uM,canonical_term_candidate,1.5 uM,399,current_public_value_domain_count,none_observed,observed_not_promoted,forbidden_in_WEBSCHEMA1,"empty string, not_reported, needs_manual_check, and business values remain distinct",not_promoted,WEBR8-D08,WEBR8-v1,WEBSCHEMA1 field inventory + WEBR8 decision contract
VOC_EVIDENCE_MEASUREMENT_ENZYME_CONC,evidence_measurement,enzyme_conc,1.72 μM,canonical_term_candidate,1.72 μM,2,current_public_value_domain_count,none_observed,observed_not_promoted,forbidden_in_WEBSCHEMA1,"empty string, not_reported, needs_manual_check, and business values remain distinct",not_promoted,WEBR8-D08,WEBR8-v1,WEBSCHEMA1 field inventory + WEBR8 decision contract
VOC_EVIDENCE_MEASUREMENT_ENZYME_CONC,evidence_measurement,enzyme_conc,100 ug/mL,canonical_term_candidate,100 ug/mL,32,current_public_value_domain_count,none_observed,observed_not_promoted,forbidden_in_WEBSCHEMA1,"empty string, not_reported, needs_manual_check, and business values remain distinct",not_promoted,WEBR8-D08,WEBR8-v1,WEBSCHEMA1 field inventory + WEBR8 decision contract
VOC_EVIDENCE_MEASUREMENT_ENZYME_CONC,evidence_measurement,enzyme_conc,200 ug total enzyme,canonical_term_candidate,200 ug total enzyme,1,current_public_value_domain_count,none_observed,observed_not_promoted,forbidden_in_WEBSCHEMA1,"empty string, not_reported, needs_manual_check, and business values remain distinct",not_promoted,WEBR8-D08,WEBR8-v1,WEBSCHEMA1 field inventory + WEBR8 decision contract
VOC_EVIDENCE_MEASUREMENT_ENZYME_CONC,evidence_measurement,enzyme_conc,4 mg/ml,canonical_term_candidate,4 mg/ml,5,current_public_value_domain_count,none_observed,observed_not_promoted,forbidden_in_WEBSCHEMA1,"empty string, not_reported, needs_manual_check, and business values remain distinct",not_promoted,WEBR8-D08,WEBR8-v1,WEBSCHEMA1 field inventory + WEBR8 decision contract
VOC_EVIDENCE_MEASUREMENT_ENZYME_CONC,evidence_measurement,enzyme_conc,50 nM,canonical_term_candidate,50 nM,2,current_public_value_domain_count,none_observed,observed_not_promoted,forbidden_in_WEBSCHEMA1,"empty string, not_reported, needs_manual_check, and business values remain distinct",not_promoted,WEBR8-D08,WEBR8-v1,WEBSCHEMA1 field inventory + WEBR8 decision contract
VOC_EVIDENCE_MEASUREMENT_ENZYME_CONC,evidence_measurement,enzyme_conc,500 nM,canonical_term_candidate,500 nM,2,current_public_value_domain_count,none_observed,observed_not_promoted,forbidden_in_WEBSCHEMA1,"empty string, not_reported, needs_manual_check, and business values remain distinct",not_promoted,WEBR8-D08,WEBR8-v1,WEBSCHEMA1 field inventory + WEBR8 decision contract
VOC_EVIDENCE_MEASUREMENT_ENZYME_CONC,evidence_measurement,enzyme_conc,600 nM,canonical_term_candidate,600 nM,9,current_public_value_domain_count,none_observed,observed_not_promoted,forbidden_in_WEBSCHEMA1,"empty string, not_reported, needs_manual_check, and business values remain distinct",not_promoted,WEBR8-D08,WEBR8-v1,WEBSCHEMA1 field inventory + WEBR8 decision contract
VOC_EVIDENCE_MEASUREMENT_ENZYME_CONC,evidence_measurement,enzyme_conc,79 units/ml,canonical_term_candidate,79 units/ml,12,current_public_value_domain_count,none_observed,observed_not_promoted,forbidden_in_WEBSCHEMA1,"empty string, not_reported, needs_manual_check, and business values remain distinct",not_promoted,WEBR8-D08,WEBR8-v1,WEBSCHEMA1 field inventory + WEBR8 decision contract
VOC_EVIDENCE_MEASUREMENT_ENZYME_CONC,evidence_measurement,enzyme_conc,cell_free_extract,canonical_term_candidate,cell_free_extract,1,current_public_value_domain_count,none_observed,observed_not_promoted,forbidden_in_WEBSCHEMA1,"empty string, not_reported, needs_manual_check, and business values remain distinct",not_promoted,WEBR8-D08,WEBR8-v1,WEBSCHEMA1 field inventory + WEBR8 decision contract
VOC_EVIDENCE_MEASUREMENT_ENZYME_CONC,evidence_measurement,enzyme_conc,crude lipase,canonical_term_candidate,crude lipase,2,current_public_value_domain_count,none_observed,observed_not_promoted,forbidden_in_WEBSCHEMA1,"empty string, not_reported, needs_manual_check, and business values remain distinct",not_promoted,WEBR8-D08,WEBR8-v1,WEBSCHEMA1 field inventory + WEBR8 decision contract
VOC_EVIDENCE_MEASUREMENT_ENZYME_CONC,evidence_measurement,enzyme_conc,not_reported,sentinel,not_reported,1651,current_public_value_domain_count,none_observed,observed_sentinel_locked_distinct,forbidden_in_WEBSCHEMA1,"empty string, not_reported, needs_manual_check, and business values remain distinct",not_promoted,WEBR8-D08,WEBR8-v1,WEBSCHEMA1 field inventory + WEBR8 decision contract
VOC_EVIDENCE_MEASUREMENT_ENZYME_EC_NUMBER,evidence_measurement,enzyme_ec_number,EC 3.1.1.-,canonical_term_candidate,EC 3.1.1.-,1,current_public_value_domain_count,none_observed,observed_not_promoted,forbidden_in_WEBSCHEMA1,"empty string, not_reported, needs_manual_check, and business values remain distinct",not_promoted,WEBR8-D08,WEBR8-v1,WEBSCHEMA1 field inventory + WEBR8 decision contract
VOC_EVIDENCE_MEASUREMENT_ENZYME_EC_NUMBER,evidence_measurement,enzyme_ec_number,EC 3.1.1.1,canonical_term_candidate,EC 3.1.1.1,3,current_public_value_domain_count,none_observed,observed_not_promoted,forbidden_in_WEBSCHEMA1,"empty string, not_reported, needs_manual_check, and business values remain distinct",not_promoted,WEBR8-D08,WEBR8-v1,WEBSCHEMA1 field inventory + WEBR8 decision contract
VOC_EVIDENCE_MEASUREMENT_ENZYME_EC_NUMBER,evidence_measurement,enzyme_ec_number,EC 3.1.1.3,canonical_term_candidate,EC 3.1.1.3,2816,current_public_value_domain_count,none_observed,observed_not_promoted,forbidden_in_WEBSCHEMA1,"empty string, not_reported, needs_manual_check, and business values remain distinct",not_promoted,WEBR8-D08,WEBR8-v1,WEBSCHEMA1 field inventory + WEBR8 decision contract
VOC_EVIDENCE_MEASUREMENT_ENZYME_EC_NUMBER,evidence_measurement,enzyme_ec_number,EC 3.1.1.72,canonical_term_candidate,EC 3.1.1.72,8,current_public_value_domain_count,none_observed,observed_not_promoted,forbidden_in_WEBSCHEMA1,"empty string, not_reported, needs_manual_check, and business values remain distinct",not_promoted,WEBR8-D08,WEBR8-v1,WEBSCHEMA1 field inventory + WEBR8 decision contract
VOC_EVIDENCE_MEASUREMENT_ENZYME_EC_NUMBER,evidence_measurement,enzyme_ec_number,EC 3.1.1.x,canonical_term_candidate,EC 3.1.1.x,14,current_public_value_domain_count,none_observed,observed_not_promoted,forbidden_in_WEBSCHEMA1,"empty string, not_reported, needs_manual_check, and business values remain distinct",not_promoted,WEBR8-D08,WEBR8-v1,WEBSCHEMA1 field inventory + WEBR8 decision contract
VOC_EVIDENCE_MEASUREMENT_ENZYME_EC_NUMBER,evidence_measurement,enzyme_ec_number,not_reported,sentinel,not_reported,15,current_public_value_domain_count,none_observed,observed_sentinel_locked_distinct,forbidden_in_WEBSCHEMA1,"empty string, not_reported, needs_manual_check, and business values remain distinct",not_promoted,WEBR8-D08,WEBR8-v1,WEBSCHEMA1 field inventory + WEBR8 decision contract
VOC_EVIDENCE_MEASUREMENT_ENZYME_FORM,evidence_measurement,enzyme_form,cell_free_extract,canonical_term_candidate,cell_free_extract,4,current_public_value_domain_count,none_observed,observed_not_promoted,forbidden_in_WEBSCHEMA1,"empty string, not_reported, needs_manual_check, and business values remain distinct",not_promoted,WEBR8-D08,WEBR8-v1,WEBSCHEMA1 field inventory + WEBR8 decision contract
VOC_EVIDENCE_MEASUREMENT_ENZYME_FORM,evidence_measurement,enzyme_form,crude_extract,canonical_term_candidate,crude_extract,42,current_public_value_domain_count,none_observed,observed_not_promoted,forbidden_in_WEBSCHEMA1,"empty string, not_reported, needs_manual_check, and business values remain distinct",not_promoted,WEBR8-D08,WEBR8-v1,WEBSCHEMA1 field inventory + WEBR8 decision contract
VOC_EVIDENCE_MEASUREMENT_ENZYME_FORM,evidence_measurement,enzyme_form,crude_preparation,canonical_term_candidate,crude_preparation,234,current_public_value_domain_count,none_observed,observed_not_promoted,forbidden_in_WEBSCHEMA1,"empty string, not_reported, needs_manual_check, and business values remain distinct",not_promoted,WEBR8-D08,WEBR8-v1,WEBSCHEMA1 field inventory + WEBR8 decision contract
VOC_EVIDENCE_MEASUREMENT_ENZYME_FORM,evidence_measurement,enzyme_form,enzyme_solution,canonical_term_candidate,enzyme_solution,1,current_public_value_domain_count,none_observed,observed_not_promoted,forbidden_in_WEBSCHEMA1,"empty string, not_reported, needs_manual_check, and business values remain distinct",not_promoted,WEBR8-D08,WEBR8-v1,WEBSCHEMA1 field inventory + WEBR8 decision contract
VOC_EVIDENCE_MEASUREMENT_ENZYME_FORM,evidence_measurement,enzyme_form,free,canonical_term_candidate,free,2051,current_public_value_domain_count,none_observed,observed_not_promoted,forbidden_in_WEBSCHEMA1,"empty string, not_reported, needs_manual_check, and business values remain distinct",not_promoted,WEBR8-D08,WEBR8-v1,WEBSCHEMA1 field inventory + WEBR8 decision contract
VOC_EVIDENCE_MEASUREMENT_ENZYME_FORM,evidence_measurement,enzyme_form,free; recombinant purified enzyme,canonical_term_candidate,free; recombinant purified enzyme,12,current_public_value_domain_count,none_observed,observed_not_promoted,forbidden_in_WEBSCHEMA1,"empty string, not_reported, needs_manual_check, and business values remain distinct",not_promoted,WEBR8-D08,WEBR8-v1,WEBSCHEMA1 field inventory + WEBR8 decision contract
VOC_EVIDENCE_MEASUREMENT_ENZYME_FORM,evidence_measurement,enzyme_form,free_enzyme,canonical_term_candidate,free_enzyme,1,current_public_value_domain_count,none_observed,observed_not_promoted,forbidden_in_WEBSCHEMA1,"empty string, not_reported, needs_manual_check, and business values remain distinct",not_promoted,WEBR8-D08,WEBR8-v1,WEBSCHEMA1 field inventory + WEBR8 decision contract
VOC_EVIDENCE_MEASUREMENT_ENZYME_FORM,evidence_measurement,enzyme_form,free_lyophilized_recombinant,canonical_term_candidate,free_lyophilized_recombinant,2,current_public_value_domain_count,none_observed,observed_not_promoted,forbidden_in_WEBSCHEMA1,"empty string, not_reported, needs_manual_check, and business values remain distinct",not_promoted,WEBR8-D08,WEBR8-v1,WEBSCHEMA1 field inventory + WEBR8 decision contract
VOC_EVIDENCE_MEASUREMENT_ENZYME_FORM,evidence_measurement,enzyme_form,free_purified,canonical_term_candidate,free_purified,67,current_public_value_domain_count,none_observed,observed_not_promoted,forbidden_in_WEBSCHEMA1,"empty string, not_reported, needs_manual_check, and business values remain distinct",not_promoted,WEBR8-D08,WEBR8-v1,WEBSCHEMA1 field inventory + WEBR8 decision contract
VOC_EVIDENCE_MEASUREMENT_ENZYME_FORM,evidence_measurement,enzyme_form,free_purified_recombinant,canonical_term_candidate,free_purified_recombinant,6,current_public_value_domain_count,none_observed,approved,normalized_display_field_only,"empty string, not_reported, needs_manual_check, and business values remain distinct",spelling_case_hyphen_or_delimiter_only,WEBR8-D07,WEBR8-v1,WEBSCHEMA1 field inventory + WEBR8 decision contract
VOC_EVIDENCE_MEASUREMENT_ENZYME_FORM,evidence_measurement,enzyme_form,free_suspended_enzyme,canonical_term_candidate,free_suspended_enzyme,1,current_public_value_domain_count,none_observed,observed_not_promoted,forbidden_in_WEBSCHEMA1,"empty string, not_reported, needs_manual_check, and business values remain distinct",not_promoted,WEBR8-D08,WEBR8-v1,WEBSCHEMA1 field inventory + WEBR8 decision contract
VOC_EVIDENCE_MEASUREMENT_ENZYME_FORM,evidence_measurement,enzyme_form,immobilized,canonical_term_candidate,immobilized,12,current_public_value_domain_count,none_observed,observed_not_promoted,forbidden_in_WEBSCHEMA1,"empty string, not_reported, needs_manual_check, and business values remain distinct",not_promoted,WEBR8-D08,WEBR8-v1,WEBSCHEMA1 field inventory + WEBR8 decision contract
VOC_EVIDENCE_MEASUREMENT_ENZYME_FORM,evidence_measurement,enzyme_form,liquid_enzyme_preparation,canonical_term_candidate,liquid_enzyme_preparation,1,current_public_value_domain_count,none_observed,observed_not_promoted,forbidden_in_WEBSCHEMA1,"empty string, not_reported, needs_manual_check, and business values remain distinct",not_promoted,WEBR8-D08,WEBR8-v1,WEBSCHEMA1 field inventory + WEBR8 decision contract
VOC_EVIDENCE_MEASUREMENT_ENZYME_FORM,evidence_measurement,enzyme_form,lyophilized,canonical_term_candidate,lyophilized,7,current_public_value_domain_count,none_observed,observed_not_promoted,forbidden_in_WEBSCHEMA1,"empty string, not_reported, needs_manual_check, and business values remain distinct",not_promoted,WEBR8-D08,WEBR8-v1,WEBSCHEMA1 field inventory + WEBR8 decision contract
VOC_EVIDENCE_MEASUREMENT_ENZYME_FORM,evidence_measurement,enzyme_form,partially_purified,canonical_term_candidate,partially_purified,2,current_public_value_domain_count,none_observed,observed_not_promoted,forbidden_in_WEBSCHEMA1,"empty string, not_reported, needs_manual_check, and business values remain distinct",not_promoted,WEBR8-D08,WEBR8-v1,WEBSCHEMA1 field inventory + WEBR8 decision contract
VOC_EVIDENCE_MEASUREMENT_ENZYME_FORM,evidence_measurement,enzyme_form,purified,canonical_term_candidate,purified,83,current_public_value_domain_count,none_observed,observed_not_promoted,forbidden_in_WEBSCHEMA1,"empty string, not_reported, needs_manual_check, and business values remain distinct",not_promoted,WEBR8-D08,WEBR8-v1,WEBSCHEMA1 field inventory + WEBR8 decision contract
VOC_EVIDENCE_MEASUREMENT_ENZYME_FORM,evidence_measurement,enzyme_form,purified_free,canonical_term_candidate,purified_free,281,current_public_value_domain_count,none_observed,observed_not_promoted,forbidden_in_WEBSCHEMA1,"empty string, not_reported, needs_manual_check, and business values remain distinct",not_promoted,WEBR8-D08,WEBR8-v1,WEBSCHEMA1 field inventory + WEBR8 decision contract
VOC_EVIDENCE_MEASUREMENT_ENZYME_FORM,evidence_measurement,enzyme_form,purified_recombinant,canonical_term_candidate,purified_recombinant,45,current_public_value_domain_count,none_observed,observed_not_promoted,forbidden_in_WEBSCHEMA1,"empty string, not_reported, needs_manual_check, and business values remain distinct",not_promoted,WEBR8-D08,WEBR8-v1,WEBSCHEMA1 field inventory + WEBR8 decision contract
VOC_EVIDENCE_MEASUREMENT_ENZYME_FORM,evidence_measurement,enzyme_form,soluble/free enzyme,canonical_term_candidate,soluble/free enzyme,1,current_public_value_domain_count,none_observed,observed_not_promoted,forbidden_in_WEBSCHEMA1,"empty string, not_reported, needs_manual_check, and business values remain distinct",not_promoted,WEBR8-D08,WEBR8-v1,WEBSCHEMA1 field inventory + WEBR8 decision contract
VOC_EVIDENCE_MEASUREMENT_ENZYME_FORM,evidence_measurement,enzyme_form,whole_cell,canonical_term_candidate,whole_cell,4,current_public_value_domain_count,none_observed,observed_not_promoted,forbidden_in_WEBSCHEMA1,"empty string, not_reported, needs_manual_check, and business values remain distinct",not_promoted,WEBR8-D08,WEBR8-v1,WEBSCHEMA1 field inventory + WEBR8 decision contract
VOC_EVIDENCE_MEASUREMENT_ENZYME_PURITY_PERCENT,evidence_measurement,enzyme_purity_percent,78,canonical_term_candidate,78,6,current_public_value_domain_count,none_observed,observed_not_promoted,forbidden_in_WEBSCHEMA1,"empty string, not_reported, needs_manual_check, and business values remain distinct",not_promoted,WEBR8-D08,WEBR8-v1,WEBSCHEMA1 field inventory + WEBR8 decision contract
VOC_EVIDENCE_MEASUREMENT_ENZYME_PURITY_PERCENT,evidence_measurement,enzyme_purity_percent,96,canonical_term_candidate,96,6,current_public_value_domain_count,none_observed,observed_not_promoted,forbidden_in_WEBSCHEMA1,"empty string, not_reported, needs_manual_check, and business values remain distinct",not_promoted,WEBR8-D08,WEBR8-v1,WEBSCHEMA1 field inventory + WEBR8 decision contract
VOC_EVIDENCE_MEASUREMENT_ENZYME_PURITY_PERCENT,evidence_measurement,enzyme_purity_percent,>95,canonical_term_candidate,>95,12,current_public_value_domain_count,none_observed,observed_not_promoted,forbidden_in_WEBSCHEMA1,"empty string, not_reported, needs_manual_check, and business values remain distinct",not_promoted,WEBR8-D08,WEBR8-v1,WEBSCHEMA1 field inventory + WEBR8 decision contract
VOC_EVIDENCE_MEASUREMENT_ENZYME_PURITY_PERCENT,evidence_measurement,enzyme_purity_percent,crude,canonical_term_candidate,crude,2,current_public_value_domain_count,none_observed,observed_not_promoted,forbidden_in_WEBSCHEMA1,"empty string, not_reported, needs_manual_check, and business values remain distinct",not_promoted,WEBR8-D08,WEBR8-v1,WEBSCHEMA1 field inventory + WEBR8 decision contract
VOC_EVIDENCE_MEASUREMENT_ENZYME_PURITY_PERCENT,evidence_measurement,enzyme_purity_percent,crude_supernatant,canonical_term_candidate,crude_supernatant,1,current_public_value_domain_count,none_observed,observed_not_promoted,forbidden_in_WEBSCHEMA1,"empty string, not_reported, needs_manual_check, and business values remain distinct",not_promoted,WEBR8-D08,WEBR8-v1,WEBSCHEMA1 field inventory + WEBR8 decision contract
VOC_EVIDENCE_MEASUREMENT_ENZYME_PURITY_PERCENT,evidence_measurement,enzyme_purity_percent,homogeneous by Ni-affinity plus anion-exchange chromatography; purity percent not_reported,canonical_term_candidate,homogeneous by Ni-affinity plus anion-exchange chromatography; purity percent not_reported,4,current_public_value_domain_count,none_observed,observed_not_promoted,forbidden_in_WEBSCHEMA1,"empty string, not_reported, needs_manual_check, and business values remain distinct",not_promoted,WEBR8-D08,WEBR8-v1,WEBSCHEMA1 field inventory + WEBR8 decision contract
VOC_EVIDENCE_MEASUREMENT_ENZYME_PURITY_PERCENT,evidence_measurement,enzyme_purity_percent,not_reported,sentinel,not_reported,2798,current_public_value_domain_count,none_observed,observed_sentinel_locked_distinct,forbidden_in_WEBSCHEMA1,"empty string, not_reported, needs_manual_check, and business values remain distinct",not_promoted,WEBR8-D08,WEBR8-v1,WEBSCHEMA1 field inventory + WEBR8 decision contract
VOC_EVIDENCE_MEASUREMENT_ENZYME_PURITY_PERCENT,evidence_measurement,enzyme_purity_percent,partial_purification,canonical_term_candidate,partial_purification,1,current_public_value_domain_count,none_observed,observed_not_promoted,forbidden_in_WEBSCHEMA1,"empty string, not_reported, needs_manual_check, and business values remain distinct",not_promoted,WEBR8-D08,WEBR8-v1,WEBSCHEMA1 field inventory + WEBR8 decision contract
VOC_EVIDENCE_MEASUREMENT_ENZYME_PURITY_PERCENT,evidence_measurement,enzyme_purity_percent,partial_purification_70_percent_ammonium_sulfate,canonical_term_candidate,partial_purification_70_percent_ammonium_sulfate,2,current_public_value_domain_count,none_observed,observed_not_promoted,forbidden_in_WEBSCHEMA1,"empty string, not_reported, needs_manual_check, and business values remain distinct",not_promoted,WEBR8-D08,WEBR8-v1,WEBSCHEMA1 field inventory + WEBR8 decision contract
VOC_EVIDENCE_MEASUREMENT_ENZYME_PURITY_PERCENT,evidence_measurement,enzyme_purity_percent,purified,canonical_term_candidate,purified,3,current_public_value_domain_count,none_observed,observed_not_promoted,forbidden_in_WEBSCHEMA1,"empty string, not_reported, needs_manual_check, and business values remain distinct",not_promoted,WEBR8-D08,WEBR8-v1,WEBSCHEMA1 field inventory + WEBR8 decision contract
VOC_EVIDENCE_MEASUREMENT_EVIDENCE_CONFIDENCE_TIER,evidence_measurement,evidence_confidence_tier,core_train,canonical_term_candidate,core_train,18,current_public_value_domain_count,none_observed,observed_not_promoted,forbidden_in_WEBSCHEMA1,"empty string, not_reported, needs_manual_check, and business values remain distinct",not_promoted,WEBR8-D08,WEBR8-v1,WEBSCHEMA1 field inventory + WEBR8 decision contract
VOC_EVIDENCE_MEASUREMENT_EVIDENCE_CONFIDENCE_TIER,evidence_measurement,evidence_confidence_tier,downweighted_train,canonical_term_candidate,downweighted_train,1456,current_public_value_domain_count,none_observed,observed_not_promoted,forbidden_in_WEBSCHEMA1,"empty string, not_reported, needs_manual_check, and business values remain distinct",not_promoted,WEBR8-D08,WEBR8-v1,WEBSCHEMA1 field inventory + WEBR8 decision contract
VOC_EVIDENCE_MEASUREMENT_EVIDENCE_CONFIDENCE_TIER,evidence_measurement,evidence_confidence_tier,holdout_only,canonical_term_candidate,holdout_only,1375,current_public_value_domain_count,none_observed,observed_not_promoted,forbidden_in_WEBSCHEMA1,"empty string, not_reported, needs_manual_check, and business values remain distinct",not_promoted,WEBR8-D08,WEBR8-v1,WEBSCHEMA1 field inventory + WEBR8 decision contract
VOC_EVIDENCE_MEASUREMENT_EVIDENCE_CONFIDENCE_TIER,evidence_measurement,evidence_confidence_tier,mechanism_only,canonical_term_candidate,mechanism_only,8,current_public_value_domain_count,none_observed,observed_not_promoted,forbidden_in_WEBSCHEMA1,"empty string, not_reported, needs_manual_check, and business values remain distinct",not_promoted,WEBR8-D08,WEBR8-v1,WEBSCHEMA1 field inventory + WEBR8 decision contract
VOC_EVIDENCE_MEASUREMENT_EVIDENCE_ELIGIBILITY,evidence_measurement,evidence_eligibility,direct_intrinsic,canonical_term_candidate,direct_intrinsic,2833,current_public_value_domain_count,none_observed,observed_not_promoted,forbidden_in_WEBSCHEMA1,"empty string, not_reported, needs_manual_check, and business values remain distinct",not_promoted,WEBR8-D08,WEBR8-v1,WEBSCHEMA1 field inventory + WEBR8 decision contract
VOC_EVIDENCE_MEASUREMENT_EVIDENCE_ELIGIBILITY,evidence_measurement,evidence_eligibility,process_confounded,canonical_term_candidate,process_confounded,24,current_public_value_domain_count,none_observed,observed_not_promoted,forbidden_in_WEBSCHEMA1,"empty string, not_reported, needs_manual_check, and business values remain distinct",not_promoted,WEBR8-D08,WEBR8-v1,WEBSCHEMA1 field inventory + WEBR8 decision contract
VOC_EVIDENCE_MEASUREMENT_EXPOSURE_PHASE,evidence_measurement,exposure_phase,methanol_challenge,canonical_term_candidate,methanol_challenge,88,current_public_value_domain_count,none_observed,observed_not_promoted,forbidden_in_WEBSCHEMA1,"empty string, not_reported, needs_manual_check, and business values remain distinct",not_promoted,WEBR8-D08,WEBR8-v1,WEBSCHEMA1 field inventory + WEBR8 decision contract
VOC_EVIDENCE_MEASUREMENT_IMMOBILIZATION_SUPPORT,evidence_measurement,immobilization_support,not_applicable,sentinel,not_applicable,12,current_public_value_domain_count,none_observed,observed_sentinel_locked_distinct,forbidden_in_WEBSCHEMA1,"empty string, not_reported, needs_manual_check, and business values remain distinct",not_promoted,WEBR8-D08,WEBR8-v1,WEBSCHEMA1 field inventory + WEBR8 decision contract
VOC_EVIDENCE_MEASUREMENT_IMMOBILIZATION_SUPPORT,evidence_measurement,immobilization_support,not_reported,sentinel,not_reported,712,current_public_value_domain_count,none_observed,observed_sentinel_locked_distinct,forbidden_in_WEBSCHEMA1,"empty string, not_reported, needs_manual_check, and business values remain distinct",not_promoted,WEBR8-D08,WEBR8-v1,WEBSCHEMA1 field inventory + WEBR8 decision contract
VOC_EVIDENCE_MEASUREMENT_IMMOBILIZATION_SUPPORT,evidence_measurement,immobilization_support,sepiolite inorganic support,canonical_term_candidate,sepiolite inorganic support,10,current_public_value_domain_count,none_observed,observed_not_promoted,forbidden_in_WEBSCHEMA1,"empty string, not_reported, needs_manual_check, and business values remain distinct",not_promoted,WEBR8-D08,WEBR8-v1,WEBSCHEMA1 field inventory + WEBR8 decision contract
VOC_EVIDENCE_MEASUREMENT_INCUBATION_ATMOSPHERE,evidence_measurement,incubation_atmosphere,closed tube,canonical_term_candidate,closed tube,72,current_public_value_domain_count,none_observed,observed_not_promoted,forbidden_in_WEBSCHEMA1,"empty string, not_reported, needs_manual_check, and business values remain distinct",not_promoted,WEBR8-D08,WEBR8-v1,WEBSCHEMA1 field inventory + WEBR8 decision contract
VOC_EVIDENCE_MEASUREMENT_INCUBATION_ATMOSPHERE,evidence_measurement,incubation_atmosphere,not_reported,sentinel,not_reported,2701,current_public_value_domain_count,none_observed,observed_sentinel_locked_distinct,forbidden_in_WEBSCHEMA1,"empty string, not_reported, needs_manual_check, and business values remain distinct",not_promoted,WEBR8-D08,WEBR8-v1,WEBSCHEMA1 field inventory + WEBR8 decision contract
VOC_EVIDENCE_MEASUREMENT_INCUBATION_ATMOSPHERE,evidence_measurement,incubation_atmosphere,sealed,canonical_term_candidate,sealed,62,current_public_value_domain_count,none_observed,observed_not_promoted,forbidden_in_WEBSCHEMA1,"empty string, not_reported, needs_manual_check, and business values remain distinct",not_promoted,WEBR8-D08,WEBR8-v1,WEBSCHEMA1 field inventory + WEBR8 decision contract
VOC_EVIDENCE_MEASUREMENT_INCUBATION_PH,evidence_measurement,incubation_pH,10,canonical_term_candidate,10,6,current_public_value_domain_count,none_observed,observed_not_promoted,forbidden_in_WEBSCHEMA1,"empty string, not_reported, needs_manual_check, and business values remain distinct",not_promoted,WEBR8-D08,WEBR8-v1,WEBSCHEMA1 field inventory + WEBR8 decision contract
VOC_EVIDENCE_MEASUREMENT_INCUBATION_PH,evidence_measurement,incubation_pH,11.0,canonical_term_candidate,11.0,1,current_public_value_domain_count,none_observed,observed_not_promoted,forbidden_in_WEBSCHEMA1,"empty string, not_reported, needs_manual_check, and business values remain distinct",not_promoted,WEBR8-D08,WEBR8-v1,WEBSCHEMA1 field inventory + WEBR8 decision contract
VOC_EVIDENCE_MEASUREMENT_INCUBATION_PH,evidence_measurement,incubation_pH,12,canonical_term_candidate,12,5,current_public_value_domain_count,none_observed,observed_not_promoted,forbidden_in_WEBSCHEMA1,"empty string, not_reported, needs_manual_check, and business values remain distinct",not_promoted,WEBR8-D08,WEBR8-v1,WEBSCHEMA1 field inventory + WEBR8 decision contract
VOC_EVIDENCE_MEASUREMENT_INCUBATION_PH,evidence_measurement,incubation_pH,4.0,canonical_term_candidate,4.0,1,current_public_value_domain_count,none_observed,observed_not_promoted,forbidden_in_WEBSCHEMA1,"empty string, not_reported, needs_manual_check, and business values remain distinct",not_promoted,WEBR8-D08,WEBR8-v1,WEBSCHEMA1 field inventory + WEBR8 decision contract
VOC_EVIDENCE_MEASUREMENT_INCUBATION_PH,evidence_measurement,incubation_pH,6.0,canonical_term_candidate,6.0,2,current_public_value_domain_count,none_observed,observed_not_promoted,forbidden_in_WEBSCHEMA1,"empty string, not_reported, needs_manual_check, and business values remain distinct",not_promoted,WEBR8-D08,WEBR8-v1,WEBSCHEMA1 field inventory + WEBR8 decision contract
VOC_EVIDENCE_MEASUREMENT_INCUBATION_PH,evidence_measurement,incubation_pH,6.5,canonical_term_candidate,6.5,33,current_public_value_domain_count,none_observed,observed_not_promoted,forbidden_in_WEBSCHEMA1,"empty string, not_reported, needs_manual_check, and business values remain distinct",not_promoted,WEBR8-D08,WEBR8-v1,WEBSCHEMA1 field inventory + WEBR8 decision contract
VOC_EVIDENCE_MEASUREMENT_INCUBATION_PH,evidence_measurement,incubation_pH,6.8,canonical_term_candidate,6.8,3,current_public_value_domain_count,none_observed,observed_not_promoted,forbidden_in_WEBSCHEMA1,"empty string, not_reported, needs_manual_check, and business values remain distinct",not_promoted,WEBR8-D08,WEBR8-v1,WEBSCHEMA1 field inventory + WEBR8 decision contract
VOC_EVIDENCE_MEASUREMENT_INCUBATION_PH,evidence_measurement,incubation_pH,7.0,canonical_term_candidate,7.0,500,current_public_value_domain_count,none_observed,observed_not_promoted,forbidden_in_WEBSCHEMA1,"empty string, not_reported, needs_manual_check, and business values remain distinct",not_promoted,WEBR8-D08,WEBR8-v1,WEBSCHEMA1 field inventory + WEBR8 decision contract
VOC_EVIDENCE_MEASUREMENT_INCUBATION_PH,evidence_measurement,incubation_pH,7.0-8.5,canonical_term_candidate,7.0-8.5,9,current_public_value_domain_count,none_observed,observed_not_promoted,forbidden_in_WEBSCHEMA1,"empty string, not_reported, needs_manual_check, and business values remain distinct",not_promoted,WEBR8-D08,WEBR8-v1,WEBSCHEMA1 field inventory + WEBR8 decision contract
VOC_EVIDENCE_MEASUREMENT_INCUBATION_PH,evidence_measurement,incubation_pH,7.2,canonical_term_candidate,7.2,30,current_public_value_domain_count,none_observed,observed_not_promoted,forbidden_in_WEBSCHEMA1,"empty string, not_reported, needs_manual_check, and business values remain distinct",not_promoted,WEBR8-D08,WEBR8-v1,WEBSCHEMA1 field inventory + WEBR8 decision contract
VOC_EVIDENCE_MEASUREMENT_INCUBATION_PH,evidence_measurement,incubation_pH,7.5,canonical_term_candidate,7.5,70,current_public_value_domain_count,none_observed,observed_not_promoted,forbidden_in_WEBSCHEMA1,"empty string, not_reported, needs_manual_check, and business values remain distinct",not_promoted,WEBR8-D08,WEBR8-v1,WEBSCHEMA1 field inventory + WEBR8 decision contract
VOC_EVIDENCE_MEASUREMENT_INCUBATION_PH,evidence_measurement,incubation_pH,7.6,canonical_term_candidate,7.6,3,current_public_value_domain_count,none_observed,observed_not_promoted,forbidden_in_WEBSCHEMA1,"empty string, not_reported, needs_manual_check, and business values remain distinct",not_promoted,WEBR8-D08,WEBR8-v1,WEBSCHEMA1 field inventory + WEBR8 decision contract
VOC_EVIDENCE_MEASUREMENT_INCUBATION_PH,evidence_measurement,incubation_pH,8,canonical_term_candidate,8,678,current_public_value_domain_count,none_observed,observed_not_promoted,forbidden_in_WEBSCHEMA1,"empty string, not_reported, needs_manual_check, and business values remain distinct",not_promoted,WEBR8-D08,WEBR8-v1,WEBSCHEMA1 field inventory + WEBR8 decision contract
VOC_EVIDENCE_MEASUREMENT_INCUBATION_PH,evidence_measurement,incubation_pH,8.0,canonical_term_candidate,8.0,313,current_public_value_domain_count,none_observed,observed_not_promoted,forbidden_in_WEBSCHEMA1,"empty string, not_reported, needs_manual_check, and business values remain distinct",not_promoted,WEBR8-D08,WEBR8-v1,WEBSCHEMA1 field inventory + WEBR8 decision contract
VOC_EVIDENCE_MEASUREMENT_INCUBATION_PH,evidence_measurement,incubation_pH,8.2,canonical_term_candidate,8.2,24,current_public_value_domain_count,none_observed,observed_not_promoted,forbidden_in_WEBSCHEMA1,"empty string, not_reported, needs_manual_check, and business values remain distinct",not_promoted,WEBR8-D08,WEBR8-v1,WEBSCHEMA1 field inventory + WEBR8 decision contract
VOC_EVIDENCE_MEASUREMENT_INCUBATION_PH,evidence_measurement,incubation_pH,8.5,canonical_term_candidate,8.5,45,current_public_value_domain_count,none_observed,observed_not_promoted,forbidden_in_WEBSCHEMA1,"empty string, not_reported, needs_manual_check, and business values remain distinct",not_promoted,WEBR8-D08,WEBR8-v1,WEBSCHEMA1 field inventory + WEBR8 decision contract
VOC_EVIDENCE_MEASUREMENT_INCUBATION_PH,evidence_measurement,incubation_pH,9.0,canonical_term_candidate,9.0,4,current_public_value_domain_count,none_observed,observed_not_promoted,forbidden_in_WEBSCHEMA1,"empty string, not_reported, needs_manual_check, and business values remain distinct",not_promoted,WEBR8-D08,WEBR8-v1,WEBSCHEMA1 field inventory + WEBR8 decision contract
VOC_EVIDENCE_MEASUREMENT_INCUBATION_PH,evidence_measurement,incubation_pH,not_applicable,sentinel,not_applicable,7,current_public_value_domain_count,none_observed,observed_sentinel_locked_distinct,forbidden_in_WEBSCHEMA1,"empty string, not_reported, needs_manual_check, and business values remain distinct",not_promoted,WEBR8-D08,WEBR8-v1,WEBSCHEMA1 field inventory + WEBR8 decision contract
VOC_EVIDENCE_MEASUREMENT_INCUBATION_PH,evidence_measurement,incubation_pH,not_reported,sentinel,not_reported,1102,current_public_value_domain_count,none_observed,observed_sentinel_locked_distinct,forbidden_in_WEBSCHEMA1,"empty string, not_reported, needs_manual_check, and business values remain distinct",not_promoted,WEBR8-D08,WEBR8-v1,WEBSCHEMA1 field inventory + WEBR8 decision contract
VOC_EVIDENCE_MEASUREMENT_INCUBATION_TEMP_C,evidence_measurement,incubation_temp_C,10,canonical_term_candidate,10,2,current_public_value_domain_count,none_observed,observed_not_promoted,forbidden_in_WEBSCHEMA1,"empty string, not_reported, needs_manual_check, and business values remain distinct",not_promoted,WEBR8-D08,WEBR8-v1,WEBSCHEMA1 field inventory + WEBR8 decision contract
VOC_EVIDENCE_MEASUREMENT_INCUBATION_TEMP_C,evidence_measurement,incubation_temp_C,15,canonical_term_candidate,15,4,current_public_value_domain_count,none_observed,observed_not_promoted,forbidden_in_WEBSCHEMA1,"empty string, not_reported, needs_manual_check, and business values remain distinct",not_promoted,WEBR8-D08,WEBR8-v1,WEBSCHEMA1 field inventory + WEBR8 decision contract
VOC_EVIDENCE_MEASUREMENT_INCUBATION_TEMP_C,evidence_measurement,incubation_temp_C,20,canonical_term_candidate,20,12,current_public_value_domain_count,none_observed,observed_not_promoted,forbidden_in_WEBSCHEMA1,"empty string, not_reported, needs_manual_check, and business values remain distinct",not_promoted,WEBR8-D08,WEBR8-v1,WEBSCHEMA1 field inventory + WEBR8 decision contract
VOC_EVIDENCE_MEASUREMENT_INCUBATION_TEMP_C,evidence_measurement,incubation_temp_C,23,canonical_term_candidate,23,8,current_public_value_domain_count,none_observed,observed_not_promoted,forbidden_in_WEBSCHEMA1,"empty string, not_reported, needs_manual_check, and business values remain distinct",not_promoted,WEBR8-D08,WEBR8-v1,WEBSCHEMA1 field inventory + WEBR8 decision contract
VOC_EVIDENCE_MEASUREMENT_INCUBATION_TEMP_C,evidence_measurement,incubation_temp_C,25,canonical_term_candidate,25,1247,current_public_value_domain_count,none_observed,observed_not_promoted,forbidden_in_WEBSCHEMA1,"empty string, not_reported, needs_manual_check, and business values remain distinct",not_promoted,WEBR8-D08,WEBR8-v1,WEBSCHEMA1 field inventory + WEBR8 decision contract
VOC_EVIDENCE_MEASUREMENT_INCUBATION_TEMP_C,evidence_measurement,incubation_temp_C,25+/-2,canonical_term_candidate,25+/-2,3,current_public_value_domain_count,none_observed,observed_not_promoted,forbidden_in_WEBSCHEMA1,"empty string, not_reported, needs_manual_check, and business values remain distinct",not_promoted,WEBR8-D08,WEBR8-v1,WEBSCHEMA1 field inventory + WEBR8 decision contract
VOC_EVIDENCE_MEASUREMENT_INCUBATION_TEMP_C,evidence_measurement,incubation_temp_C,28,canonical_term_candidate,28,21,current_public_value_domain_count,none_observed,observed_not_promoted,forbidden_in_WEBSCHEMA1,"empty string, not_reported, needs_manual_check, and business values remain distinct",not_promoted,WEBR8-D08,WEBR8-v1,WEBSCHEMA1 field inventory + WEBR8 decision contract
VOC_EVIDENCE_MEASUREMENT_INCUBATION_TEMP_C,evidence_measurement,incubation_temp_C,30,canonical_term_candidate,30,211,current_public_value_domain_count,none_observed,observed_not_promoted,forbidden_in_WEBSCHEMA1,"empty string, not_reported, needs_manual_check, and business values remain distinct",not_promoted,WEBR8-D08,WEBR8-v1,WEBSCHEMA1 field inventory + WEBR8 decision contract
VOC_EVIDENCE_MEASUREMENT_INCUBATION_TEMP_C,evidence_measurement,incubation_temp_C,33,canonical_term_candidate,33,1,current_public_value_domain_count,none_observed,observed_not_promoted,forbidden_in_WEBSCHEMA1,"empty string, not_reported, needs_manual_check, and business values remain distinct",not_promoted,WEBR8-D08,WEBR8-v1,WEBSCHEMA1 field inventory + WEBR8 decision contract
VOC_EVIDENCE_MEASUREMENT_INCUBATION_TEMP_C,evidence_measurement,incubation_temp_C,35,canonical_term_candidate,35,14,current_public_value_domain_count,none_observed,observed_not_promoted,forbidden_in_WEBSCHEMA1,"empty string, not_reported, needs_manual_check, and business values remain distinct",not_promoted,WEBR8-D08,WEBR8-v1,WEBSCHEMA1 field inventory + WEBR8 decision contract
VOC_EVIDENCE_MEASUREMENT_INCUBATION_TEMP_C,evidence_measurement,incubation_temp_C,37,canonical_term_candidate,37,103,current_public_value_domain_count,none_observed,observed_not_promoted,forbidden_in_WEBSCHEMA1,"empty string, not_reported, needs_manual_check, and business values remain distinct",not_promoted,WEBR8-D08,WEBR8-v1,WEBSCHEMA1 field inventory + WEBR8 decision contract
VOC_EVIDENCE_MEASUREMENT_INCUBATION_TEMP_C,evidence_measurement,incubation_temp_C,4,canonical_term_candidate,4,45,current_public_value_domain_count,none_observed,observed_not_promoted,forbidden_in_WEBSCHEMA1,"empty string, not_reported, needs_manual_check, and business values remain distinct",not_promoted,WEBR8-D08,WEBR8-v1,WEBSCHEMA1 field inventory + WEBR8 decision contract
VOC_EVIDENCE_MEASUREMENT_INCUBATION_TEMP_C,evidence_measurement,incubation_temp_C,4-8,canonical_term_candidate,4-8,12,current_public_value_domain_count,none_observed,observed_not_promoted,forbidden_in_WEBSCHEMA1,"empty string, not_reported, needs_manual_check, and business values remain distinct",not_promoted,WEBR8-D08,WEBR8-v1,WEBSCHEMA1 field inventory + WEBR8 decision contract
VOC_EVIDENCE_MEASUREMENT_INCUBATION_TEMP_C,evidence_measurement,incubation_temp_C,40,canonical_term_candidate,40,153,current_public_value_domain_count,none_observed,observed_not_promoted,forbidden_in_WEBSCHEMA1,"empty string, not_reported, needs_manual_check, and business values remain distinct",not_promoted,WEBR8-D08,WEBR8-v1,WEBSCHEMA1 field inventory + WEBR8 decision contract
VOC_EVIDENCE_MEASUREMENT_INCUBATION_TEMP_C,evidence_measurement,incubation_temp_C,45,canonical_term_candidate,45,30,current_public_value_domain_count,none_observed,observed_not_promoted,forbidden_in_WEBSCHEMA1,"empty string, not_reported, needs_manual_check, and business values remain distinct",not_promoted,WEBR8-D08,WEBR8-v1,WEBSCHEMA1 field inventory + WEBR8 decision contract
VOC_EVIDENCE_MEASUREMENT_INCUBATION_TEMP_C,evidence_measurement,incubation_temp_C,47,canonical_term_candidate,47,33,current_public_value_domain_count,none_observed,observed_not_promoted,forbidden_in_WEBSCHEMA1,"empty string, not_reported, needs_manual_check, and business values remain distinct",not_promoted,WEBR8-D08,WEBR8-v1,WEBSCHEMA1 field inventory + WEBR8 decision contract
VOC_EVIDENCE_MEASUREMENT_INCUBATION_TEMP_C,evidence_measurement,incubation_temp_C,5,canonical_term_candidate,5,5,current_public_value_domain_count,none_observed,observed_not_promoted,forbidden_in_WEBSCHEMA1,"empty string, not_reported, needs_manual_check, and business values remain distinct",not_promoted,WEBR8-D08,WEBR8-v1,WEBSCHEMA1 field inventory + WEBR8 decision contract
VOC_EVIDENCE_MEASUREMENT_INCUBATION_TEMP_C,evidence_measurement,incubation_temp_C,50,canonical_term_candidate,50,74,current_public_value_domain_count,none_observed,observed_not_promoted,forbidden_in_WEBSCHEMA1,"empty string, not_reported, needs_manual_check, and business values remain distinct",not_promoted,WEBR8-D08,WEBR8-v1,WEBSCHEMA1 field inventory + WEBR8 decision contract
VOC_EVIDENCE_MEASUREMENT_INCUBATION_TEMP_C,evidence_measurement,incubation_temp_C,60,canonical_term_candidate,60,255,current_public_value_domain_count,none_observed,observed_not_promoted,forbidden_in_WEBSCHEMA1,"empty string, not_reported, needs_manual_check, and business values remain distinct",not_promoted,WEBR8-D08,WEBR8-v1,WEBSCHEMA1 field inventory + WEBR8 decision contract
VOC_EVIDENCE_MEASUREMENT_INCUBATION_TEMP_C,evidence_measurement,incubation_temp_C,65,canonical_term_candidate,65,5,current_public_value_domain_count,none_observed,observed_not_promoted,forbidden_in_WEBSCHEMA1,"empty string, not_reported, needs_manual_check, and business values remain distinct",not_promoted,WEBR8-D08,WEBR8-v1,WEBSCHEMA1 field inventory + WEBR8 decision contract
VOC_EVIDENCE_MEASUREMENT_INCUBATION_TEMP_C,evidence_measurement,incubation_temp_C,70,canonical_term_candidate,70,9,current_public_value_domain_count,none_observed,observed_not_promoted,forbidden_in_WEBSCHEMA1,"empty string, not_reported, needs_manual_check, and business values remain distinct",not_promoted,WEBR8-D08,WEBR8-v1,WEBSCHEMA1 field inventory + WEBR8 decision contract
VOC_EVIDENCE_MEASUREMENT_INCUBATION_TEMP_C,evidence_measurement,incubation_temp_C,boiling_methanol,canonical_term_candidate,boiling_methanol,1,current_public_value_domain_count,none_observed,observed_not_promoted,forbidden_in_WEBSCHEMA1,"empty string, not_reported, needs_manual_check, and business values remain distinct",not_promoted,WEBR8-D08,WEBR8-v1,WEBSCHEMA1 field inventory + WEBR8 decision contract
VOC_EVIDENCE_MEASUREMENT_INCUBATION_TEMP_C,evidence_measurement,incubation_temp_C,needs_manual_check,sentinel,needs_manual_check,1,current_public_value_domain_count,none_observed,observed_sentinel_locked_distinct,forbidden_in_WEBSCHEMA1,"empty string, not_reported, needs_manual_check, and business values remain distinct",not_promoted,WEBR8-D08,WEBR8-v1,WEBSCHEMA1 field inventory + WEBR8 decision contract
VOC_EVIDENCE_MEASUREMENT_INCUBATION_TEMP_C,evidence_measurement,incubation_temp_C,not_reported,sentinel,not_reported,608,current_public_value_domain_count,none_observed,observed_sentinel_locked_distinct,forbidden_in_WEBSCHEMA1,"empty string, not_reported, needs_manual_check, and business values remain distinct",not_promoted,WEBR8-D08,WEBR8-v1,WEBSCHEMA1 field inventory + WEBR8 decision contract
VOC_EVIDENCE_MEASUREMENT_IONIC_STRENGTH_MM,evidence_measurement,ionic_strength_mM,10,canonical_term_candidate,10,4,current_public_value_domain_count,none_observed,observed_not_promoted,forbidden_in_WEBSCHEMA1,"empty string, not_reported, needs_manual_check, and business values remain distinct",not_promoted,WEBR8-D08,WEBR8-v1,WEBSCHEMA1 field inventory + WEBR8 decision contract
VOC_EVIDENCE_MEASUREMENT_IONIC_STRENGTH_MM,evidence_measurement,ionic_strength_mM,100,canonical_term_candidate,100,54,current_public_value_domain_count,none_observed,observed_not_promoted,forbidden_in_WEBSCHEMA1,"empty string, not_reported, needs_manual_check, and business values remain distinct",not_promoted,WEBR8-D08,WEBR8-v1,WEBSCHEMA1 field inventory + WEBR8 decision contract
VOC_EVIDENCE_MEASUREMENT_IONIC_STRENGTH_MM,evidence_measurement,ionic_strength_mM,100 mM NaCl,canonical_term_candidate,100 mM NaCl,4,current_public_value_domain_count,none_observed,observed_not_promoted,forbidden_in_WEBSCHEMA1,"empty string, not_reported, needs_manual_check, and business values remain distinct",not_promoted,WEBR8-D08,WEBR8-v1,WEBSCHEMA1 field inventory + WEBR8 decision contract
VOC_EVIDENCE_MEASUREMENT_IONIC_STRENGTH_MM,evidence_measurement,ionic_strength_mM,150,canonical_term_candidate,150,17,current_public_value_domain_count,none_observed,observed_not_promoted,forbidden_in_WEBSCHEMA1,"empty string, not_reported, needs_manual_check, and business values remain distinct",not_promoted,WEBR8-D08,WEBR8-v1,WEBSCHEMA1 field inventory + WEBR8 decision contract
VOC_EVIDENCE_MEASUREMENT_IONIC_STRENGTH_MM,evidence_measurement,ionic_strength_mM,20,canonical_term_candidate,20,139,current_public_value_domain_count,none_observed,observed_not_promoted,forbidden_in_WEBSCHEMA1,"empty string, not_reported, needs_manual_check, and business values remain distinct",not_promoted,WEBR8-D08,WEBR8-v1,WEBSCHEMA1 field inventory + WEBR8 decision contract
VOC_EVIDENCE_MEASUREMENT_IONIC_STRENGTH_MM,evidence_measurement,ionic_strength_mM,200,canonical_term_candidate,200,1,current_public_value_domain_count,none_observed,observed_not_promoted,forbidden_in_WEBSCHEMA1,"empty string, not_reported, needs_manual_check, and business values remain distinct",not_promoted,WEBR8-D08,WEBR8-v1,WEBSCHEMA1 field inventory + WEBR8 decision contract
VOC_EVIDENCE_MEASUREMENT_IONIC_STRENGTH_MM,evidence_measurement,ionic_strength_mM,25,canonical_term_candidate,25,11,current_public_value_domain_count,none_observed,observed_not_promoted,forbidden_in_WEBSCHEMA1,"empty string, not_reported, needs_manual_check, and business values remain distinct",not_promoted,WEBR8-D08,WEBR8-v1,WEBSCHEMA1 field inventory + WEBR8 decision contract
VOC_EVIDENCE_MEASUREMENT_IONIC_STRENGTH_MM,evidence_measurement,ionic_strength_mM,300,canonical_term_candidate,300,63,current_public_value_domain_count,none_observed,observed_not_promoted,forbidden_in_WEBSCHEMA1,"empty string, not_reported, needs_manual_check, and business values remain distinct",not_promoted,WEBR8-D08,WEBR8-v1,WEBSCHEMA1 field inventory + WEBR8 decision contract
VOC_EVIDENCE_MEASUREMENT_IONIC_STRENGTH_MM,evidence_measurement,ionic_strength_mM,3500,canonical_term_candidate,3500,2,current_public_value_domain_count,none_observed,observed_not_promoted,forbidden_in_WEBSCHEMA1,"empty string, not_reported, needs_manual_check, and business values remain distinct",not_promoted,WEBR8-D08,WEBR8-v1,WEBSCHEMA1 field inventory + WEBR8 decision contract
VOC_EVIDENCE_MEASUREMENT_IONIC_STRENGTH_MM,evidence_measurement,ionic_strength_mM,5,canonical_term_candidate,5,25,current_public_value_domain_count,none_observed,observed_not_promoted,forbidden_in_WEBSCHEMA1,"empty string, not_reported, needs_manual_check, and business values remain distinct",not_promoted,WEBR8-D08,WEBR8-v1,WEBSCHEMA1 field inventory + WEBR8 decision contract
VOC_EVIDENCE_MEASUREMENT_IONIC_STRENGTH_MM,evidence_measurement,ionic_strength_mM,50,canonical_term_candidate,50,718,current_public_value_domain_count,none_observed,observed_not_promoted,forbidden_in_WEBSCHEMA1,"empty string, not_reported, needs_manual_check, and business values remain distinct",not_promoted,WEBR8-D08,WEBR8-v1,WEBSCHEMA1 field inventory + WEBR8 decision contract
VOC_EVIDENCE_MEASUREMENT_IONIC_STRENGTH_MM,evidence_measurement,ionic_strength_mM,not_reported,sentinel,not_reported,1797,current_public_value_domain_count,none_observed,observed_sentinel_locked_distinct,forbidden_in_WEBSCHEMA1,"empty string, not_reported, needs_manual_check, and business values remain distinct",not_promoted,WEBR8-D08,WEBR8-v1,WEBSCHEMA1 field inventory + WEBR8 decision contract
VOC_EVIDENCE_MEASUREMENT_JURISDICTION,evidence_measurement,jurisdiction,CN,canonical_term_candidate,CN,156,current_public_value_domain_count,none_observed,observed_not_promoted,forbidden_in_WEBSCHEMA1,"empty string, not_reported, needs_manual_check, and business values remain distinct",not_promoted,WEBR8-D08,WEBR8-v1,WEBSCHEMA1 field inventory + WEBR8 decision contract
VOC_EVIDENCE_MEASUREMENT_JURISDICTION,evidence_measurement,jurisdiction,EP,canonical_term_candidate,EP,11,current_public_value_domain_count,none_observed,observed_not_promoted,forbidden_in_WEBSCHEMA1,"empty string, not_reported, needs_manual_check, and business values remain distinct",not_promoted,WEBR8-D08,WEBR8-v1,WEBSCHEMA1 field inventory + WEBR8 decision contract
VOC_EVIDENCE_MEASUREMENT_JURISDICTION,evidence_measurement,jurisdiction,WO,canonical_term_candidate,WO,567,current_public_value_domain_count,none_observed,observed_not_promoted,forbidden_in_WEBSCHEMA1,"empty string, not_reported, needs_manual_check, and business values remain distinct",not_promoted,WEBR8-D08,WEBR8-v1,WEBSCHEMA1 field inventory + WEBR8 decision contract
VOC_EVIDENCE_MEASUREMENT_LABEL_READY,evidence_measurement,label_ready,no,canonical_term_candidate,no,124,current_public_value_domain_count,none_observed,observed_not_promoted,forbidden_in_WEBSCHEMA1,"empty string, not_reported, needs_manual_check, and business values remain distinct",not_promoted,WEBR8-D08,WEBR8-v1,WEBSCHEMA1 field inventory + WEBR8 decision contract
VOC_EVIDENCE_MEASUREMENT_LABEL_READY,evidence_measurement,label_ready,yes,canonical_term_candidate,yes,2733,current_public_value_domain_count,none_observed,observed_not_promoted,forbidden_in_WEBSCHEMA1,"empty string, not_reported, needs_manual_check, and business values remain distinct",not_promoted,WEBR8-D08,WEBR8-v1,WEBSCHEMA1 field inventory + WEBR8 decision contract
VOC_EVIDENCE_MEASUREMENT_LOW_MEOH_ACTIVATION_OBSERVED,evidence_measurement,low_meoh_activation_observed,needs_manual_check,sentinel,needs_manual_check,3,current_public_value_domain_count,none_observed,observed_sentinel_locked_distinct,forbidden_in_WEBSCHEMA1,"empty string, not_reported, needs_manual_check, and business values remain distinct",not_promoted,WEBR8-D08,WEBR8-v1,WEBSCHEMA1 field inventory + WEBR8 decision contract
VOC_EVIDENCE_MEASUREMENT_LOW_MEOH_ACTIVATION_OBSERVED,evidence_measurement,low_meoh_activation_observed,no,canonical_term_candidate,no,2019,current_public_value_domain_count,none_observed,observed_not_promoted,forbidden_in_WEBSCHEMA1,"empty string, not_reported, needs_manual_check, and business values remain distinct",not_promoted,WEBR8-D08,WEBR8-v1,WEBSCHEMA1 field inventory + WEBR8 decision contract
VOC_EVIDENCE_MEASUREMENT_LOW_MEOH_ACTIVATION_OBSERVED,evidence_measurement,low_meoh_activation_observed,not_reported,sentinel,not_reported,165,current_public_value_domain_count,none_observed,observed_sentinel_locked_distinct,forbidden_in_WEBSCHEMA1,"empty string, not_reported, needs_manual_check, and business values remain distinct",not_promoted,WEBR8-D08,WEBR8-v1,WEBSCHEMA1 field inventory + WEBR8 decision contract
VOC_EVIDENCE_MEASUREMENT_LOW_MEOH_ACTIVATION_OBSERVED,evidence_measurement,low_meoh_activation_observed,yes,canonical_term_candidate,yes,648,current_public_value_domain_count,none_observed,observed_not_promoted,forbidden_in_WEBSCHEMA1,"empty string, not_reported, needs_manual_check, and business values remain distinct",not_promoted,WEBR8-D08,WEBR8-v1,WEBSCHEMA1 field inventory + WEBR8 decision contract
VOC_EVIDENCE_MEASUREMENT_LOW_STRESS_BAND_5PCT,evidence_measurement,low_stress_band_5pct,no,canonical_term_candidate,no,2091,current_public_value_domain_count,none_observed,observed_not_promoted,forbidden_in_WEBSCHEMA1,"empty string, not_reported, needs_manual_check, and business values remain distinct",not_promoted,WEBR8-D08,WEBR8-v1,WEBSCHEMA1 field inventory + WEBR8 decision contract
VOC_EVIDENCE_MEASUREMENT_LOW_STRESS_BAND_5PCT,evidence_measurement,low_stress_band_5pct,not_applicable,sentinel,not_applicable,1,current_public_value_domain_count,none_observed,observed_sentinel_locked_distinct,forbidden_in_WEBSCHEMA1,"empty string, not_reported, needs_manual_check, and business values remain distinct",not_promoted,WEBR8-D08,WEBR8-v1,WEBSCHEMA1 field inventory + WEBR8 decision contract
VOC_EVIDENCE_MEASUREMENT_LOW_STRESS_BAND_5PCT,evidence_measurement,low_stress_band_5pct,yes,canonical_term_candidate,yes,31,current_public_value_domain_count,none_observed,observed_not_promoted,forbidden_in_WEBSCHEMA1,"empty string, not_reported, needs_manual_check, and business values remain distinct",not_promoted,WEBR8-D08,WEBR8-v1,WEBSCHEMA1 field inventory + WEBR8 decision contract
VOC_EVIDENCE_MEASUREMENT_MATRIX_CHECK_STATUS,evidence_measurement,matrix_check_status,complete,canonical_term_candidate,complete,639,current_public_value_domain_count,none_observed,observed_not_promoted,forbidden_in_WEBSCHEMA1,"empty string, not_reported, needs_manual_check, and business values remain distinct",not_promoted,WEBR8-D08,WEBR8-v1,WEBSCHEMA1 field inventory + WEBR8 decision contract
VOC_EVIDENCE_MEASUREMENT_MATRIX_CHECK_STATUS,evidence_measurement,matrix_check_status,complete_for_methanol_subset,canonical_term_candidate,complete_for_methanol_subset,3,current_public_value_domain_count,none_observed,observed_not_promoted,forbidden_in_WEBSCHEMA1,"empty string, not_reported, needs_manual_check, and business values remain distinct",not_promoted,WEBR8-D08,WEBR8-v1,WEBSCHEMA1 field inventory + WEBR8 decision contract
VOC_EVIDENCE_MEASUREMENT_MATRIX_CHECK_STATUS,evidence_measurement,matrix_check_status,complete_nonindependent_duplicate_of_peer_reviewed_matrix,canonical_term_candidate,complete_nonindependent_duplicate_of_peer_reviewed_matrix,50,current_public_value_domain_count,none_observed,observed_not_promoted,forbidden_in_WEBSCHEMA1,"empty string, not_reported, needs_manual_check, and business values remain distinct",not_promoted,WEBR8-D08,WEBR8-v1,WEBSCHEMA1 field inventory + WEBR8 decision contract
VOC_EVIDENCE_MEASUREMENT_MATRIX_CHECK_STATUS,evidence_measurement,matrix_check_status,incomplete_needs_manual_check,canonical_term_candidate,incomplete_needs_manual_check,42,current_public_value_domain_count,none_observed,observed_not_promoted,forbidden_in_WEBSCHEMA1,"empty string, not_reported, needs_manual_check, and business values remain distinct",not_promoted,WEBR8-D08,WEBR8-v1,WEBSCHEMA1 field inventory + WEBR8 decision contract
VOC_EVIDENCE_MEASUREMENT_MATRIX_MISSING_COMBINATIONS,evidence_measurement,matrix_missing_combinations,full cycle-by-cycle table not OCR-extracted; summary endpoint entered only,canonical_term_candidate,full cycle-by-cycle table not OCR-extracted; summary endpoint entered only,1,current_public_value_domain_count,none_observed,observed_not_promoted,forbidden_in_WEBSCHEMA1,"empty string, not_reported, needs_manual_check, and business values remain distinct",not_promoted,WEBR8-D08,WEBR8-v1,WEBSCHEMA1 field inventory + WEBR8 decision contract
VOC_EVIDENCE_MEASUREMENT_MATRIX_MISSING_COMBINATIONS,evidence_measurement,matrix_missing_combinations,full cycle-by-cycle table not OCR-extracted; threshold summary endpoint entered only,canonical_term_candidate,full cycle-by-cycle table not OCR-extracted; threshold summary endpoint entered only,1,current_public_value_domain_count,none_observed,observed_not_promoted,forbidden_in_WEBSCHEMA1,"empty string, not_reported, needs_manual_check, and business values remain distinct",not_promoted,WEBR8-D08,WEBR8-v1,WEBSCHEMA1 field inventory + WEBR8 decision contract
VOC_EVIDENCE_MEASUREMENT_MATRIX_MISSING_COMBINATIONS,evidence_measurement,matrix_missing_combinations,none,canonical_term_candidate,none,477,current_public_value_domain_count,none_observed,observed_not_promoted,forbidden_in_WEBSCHEMA1,"empty string, not_reported, needs_manual_check, and business values remain distinct",not_promoted,WEBR8-D08,WEBR8-v1,WEBSCHEMA1 field inventory + WEBR8 decision contract
VOC_EVIDENCE_MEASUREMENT_MATRIX_MISSING_COMBINATIONS,evidence_measurement,matrix_missing_combinations,none; 0% no-solvent control retained only as A0 provenance,canonical_term_candidate,none; 0% no-solvent control retained only as A0 provenance,9,current_public_value_domain_count,none_observed,observed_not_promoted,forbidden_in_WEBSCHEMA1,"empty string, not_reported, needs_manual_check, and business values remain distinct",not_promoted,WEBR8-D08,WEBR8-v1,WEBSCHEMA1 field inventory + WEBR8 decision contract
VOC_EVIDENCE_MEASUREMENT_MATRIX_MISSING_COMBINATIONS,evidence_measurement,matrix_missing_combinations,none_for_anchor_row,canonical_term_candidate,none_for_anchor_row,1,current_public_value_domain_count,none_observed,observed_not_promoted,forbidden_in_WEBSCHEMA1,"empty string, not_reported, needs_manual_check, and business values remain distinct",not_promoted,WEBR8-D08,WEBR8-v1,WEBSCHEMA1 field inventory + WEBR8 decision contract
VOC_EVIDENCE_MEASUREMENT_MATRIX_MISSING_COMBINATIONS,evidence_measurement,matrix_missing_combinations,none_for_methanol_assay_rows,canonical_term_candidate,none_for_methanol_assay_rows,201,current_public_value_domain_count,none_observed,observed_not_promoted,forbidden_in_WEBSCHEMA1,"empty string, not_reported, needs_manual_check, and business values remain distinct",not_promoted,WEBR8-D08,WEBR8-v1,WEBSCHEMA1 field inventory + WEBR8 decision contract
VOC_EVIDENCE_MEASUREMENT_MATRIX_MISSING_COMBINATIONS,evidence_measurement,matrix_missing_combinations,none_for_methanol_subset; non-methanol alcohol rows out_of_scope,canonical_term_candidate,none_for_methanol_subset; non-methanol alcohol rows out_of_scope,1,current_public_value_domain_count,none_observed,observed_not_promoted,forbidden_in_WEBSCHEMA1,"empty string, not_reported, needs_manual_check, and business values remain distinct",not_promoted,WEBR8-D08,WEBR8-v1,WEBSCHEMA1 field inventory + WEBR8 decision contract
VOC_EVIDENCE_MEASUREMENT_MATRIX_MISSING_COMBINATIONS,evidence_measurement,matrix_missing_combinations,none_for_text_endpoint; Figure 5 time-course not digitized,canonical_term_candidate,none_for_text_endpoint; Figure 5 time-course not digitized,1,current_public_value_domain_count,none_observed,observed_not_promoted,forbidden_in_WEBSCHEMA1,"empty string, not_reported, needs_manual_check, and business values remain distinct",not_promoted,WEBR8-D08,WEBR8-v1,WEBSCHEMA1 field inventory + WEBR8 decision contract
VOC_EVIDENCE_MEASUREMENT_MATRIX_MISSING_COMBINATIONS,evidence_measurement,matrix_missing_combinations,WT lacks visible 70/80/90% points in Figure 4,canonical_term_candidate,WT lacks visible 70/80/90% points in Figure 4,42,current_public_value_domain_count,none_observed,observed_not_promoted,forbidden_in_WEBSCHEMA1,"empty string, not_reported, needs_manual_check, and business values remain distinct",not_promoted,WEBR8-D08,WEBR8-v1,WEBSCHEMA1 field inventory + WEBR8 decision contract
VOC_EVIDENCE_MEASUREMENT_METHANOL_ADDITION_MODE,evidence_measurement,methanol_addition_mode,10% v/v methanol preincubation,canonical_term_candidate,10% v/v methanol preincubation,5,current_public_value_domain_count,none_observed,observed_not_promoted,forbidden_in_WEBSCHEMA1,"empty string, not_reported, needs_manual_check, and business values remain distinct",not_promoted,WEBR8-D08,WEBR8-v1,WEBSCHEMA1 field inventory + WEBR8 decision contract
VOC_EVIDENCE_MEASUREMENT_METHANOL_ADDITION_MODE,evidence_measurement,methanol_addition_mode,1:1 v/v methanol challenge,canonical_term_candidate,1:1 v/v methanol challenge,1,current_public_value_domain_count,none_observed,observed_not_promoted,forbidden_in_WEBSCHEMA1,"empty string, not_reported, needs_manual_check, and business values remain distinct",not_promoted,WEBR8-D08,WEBR8-v1,WEBSCHEMA1 field inventory + WEBR8 decision contract
VOC_EVIDENCE_MEASUREMENT_METHANOL_ADDITION_MODE,evidence_measurement,methanol_addition_mode,20% v/v methanol preincubation,canonical_term_candidate,20% v/v methanol preincubation,3,current_public_value_domain_count,none_observed,observed_not_promoted,forbidden_in_WEBSCHEMA1,"empty string, not_reported, needs_manual_check, and business values remain distinct",not_promoted,WEBR8-D08,WEBR8-v1,WEBSCHEMA1 field inventory + WEBR8 decision contract
VOC_EVIDENCE_MEASUREMENT_METHANOL_ADDITION_MODE,evidence_measurement,methanol_addition_mode,25% v/v methanol solvent exposure,canonical_term_candidate,25% v/v methanol solvent exposure,1,current_public_value_domain_count,none_observed,observed_not_promoted,forbidden_in_WEBSCHEMA1,"empty string, not_reported, needs_manual_check, and business values remain distinct",not_promoted,WEBR8-D08,WEBR8-v1,WEBSCHEMA1 field inventory + WEBR8 decision contract
VOC_EVIDENCE_MEASUREMENT_METHANOL_ADDITION_MODE,evidence_measurement,methanol_addition_mode,30% v/v methanol preincubation,canonical_term_candidate,30% v/v methanol preincubation,3,current_public_value_domain_count,none_observed,observed_not_promoted,forbidden_in_WEBSCHEMA1,"empty string, not_reported, needs_manual_check, and business values remain distinct",not_promoted,WEBR8-D08,WEBR8-v1,WEBSCHEMA1 field inventory + WEBR8 decision contract
VOC_EVIDENCE_MEASUREMENT_METHANOL_ADDITION_MODE,evidence_measurement,methanol_addition_mode,30% v/v methanol solvent exposure,canonical_term_candidate,30% v/v methanol solvent exposure,1,current_public_value_domain_count,none_observed,observed_not_promoted,forbidden_in_WEBSCHEMA1,"empty string, not_reported, needs_manual_check, and business values remain distinct",not_promoted,WEBR8-D08,WEBR8-v1,WEBSCHEMA1 field inventory + WEBR8 decision contract
VOC_EVIDENCE_MEASUREMENT_METHANOL_ADDITION_MODE,evidence_measurement,methanol_addition_mode,40% v/v methanol preincubation,canonical_term_candidate,40% v/v methanol preincubation,3,current_public_value_domain_count,none_observed,observed_not_promoted,forbidden_in_WEBSCHEMA1,"empty string, not_reported, needs_manual_check, and business values remain distinct",not_promoted,WEBR8-D08,WEBR8-v1,WEBSCHEMA1 field inventory + WEBR8 decision contract
VOC_EVIDENCE_MEASUREMENT_METHANOL_ADDITION_MODE,evidence_measurement,methanol_addition_mode,50% v/v methanol preincubation,canonical_term_candidate,50% v/v methanol preincubation,3,current_public_value_domain_count,none_observed,observed_not_promoted,forbidden_in_WEBSCHEMA1,"empty string, not_reported, needs_manual_check, and business values remain distinct",not_promoted,WEBR8-D08,WEBR8-v1,WEBSCHEMA1 field inventory + WEBR8 decision contract
VOC_EVIDENCE_MEASUREMENT_METHANOL_ADDITION_MODE,evidence_measurement,methanol_addition_mode,60% v/v methanol preincubation,canonical_term_candidate,60% v/v methanol preincubation,3,current_public_value_domain_count,none_observed,observed_not_promoted,forbidden_in_WEBSCHEMA1,"empty string, not_reported, needs_manual_check, and business values remain distinct",not_promoted,WEBR8-D08,WEBR8-v1,WEBSCHEMA1 field inventory + WEBR8 decision contract
VOC_EVIDENCE_MEASUREMENT_METHANOL_ADDITION_MODE,evidence_measurement,methanol_addition_mode,70% v/v methanol preincubation,canonical_term_candidate,70% v/v methanol preincubation,3,current_public_value_domain_count,none_observed,observed_not_promoted,forbidden_in_WEBSCHEMA1,"empty string, not_reported, needs_manual_check, and business values remain distinct",not_promoted,WEBR8-D08,WEBR8-v1,WEBSCHEMA1 field inventory + WEBR8 decision contract
VOC_EVIDENCE_MEASUREMENT_METHANOL_ADDITION_MODE,evidence_measurement,methanol_addition_mode,80% v/v methanol preincubation,canonical_term_candidate,80% v/v methanol preincubation,3,current_public_value_domain_count,none_observed,observed_not_promoted,forbidden_in_WEBSCHEMA1,"empty string, not_reported, needs_manual_check, and business values remain distinct",not_promoted,WEBR8-D08,WEBR8-v1,WEBSCHEMA1 field inventory + WEBR8 decision contract
VOC_EVIDENCE_MEASUREMENT_METHANOL_ADDITION_MODE,evidence_measurement,methanol_addition_mode,90% v/v methanol preincubation,canonical_term_candidate,90% v/v methanol preincubation,3,current_public_value_domain_count,none_observed,observed_not_promoted,forbidden_in_WEBSCHEMA1,"empty string, not_reported, needs_manual_check, and business values remain distinct",not_promoted,WEBR8-D08,WEBR8-v1,WEBSCHEMA1 field inventory + WEBR8 decision contract
VOC_EVIDENCE_MEASUREMENT_METHANOL_ADDITION_MODE,evidence_measurement,methanol_addition_mode,"equal volume methanol, final 50% v/v",canonical_term_candidate,"equal volume methanol, final 50% v/v",2,current_public_value_domain_count,none_observed,observed_not_promoted,forbidden_in_WEBSCHEMA1,"empty string, not_reported, needs_manual_check, and business values remain distinct",not_promoted,WEBR8-D08,WEBR8-v1,WEBSCHEMA1 field inventory + WEBR8 decision contract
VOC_EVIDENCE_MEASUREMENT_METHANOL_ADDITION_MODE,evidence_measurement,methanol_addition_mode,"equal volume organic solvent, final 50% v/v",canonical_term_candidate,"equal volume organic solvent, final 50% v/v",1,current_public_value_domain_count,none_observed,observed_not_promoted,forbidden_in_WEBSCHEMA1,"empty string, not_reported, needs_manual_check, and business values remain distinct",not_promoted,WEBR8-D08,WEBR8-v1,WEBSCHEMA1 field inventory + WEBR8 decision contract
VOC_EVIDENCE_MEASUREMENT_METHANOL_ADDITION_MODE,evidence_measurement,methanol_addition_mode,in_assay,canonical_term_candidate,in_assay,6,current_public_value_domain_count,none_observed,observed_not_promoted,forbidden_in_WEBSCHEMA1,"empty string, not_reported, needs_manual_check, and business values remain distinct",not_promoted,WEBR8-D08,WEBR8-v1,WEBSCHEMA1 field inventory + WEBR8 decision contract
VOC_EVIDENCE_MEASUREMENT_METHANOL_ADDITION_MODE,evidence_measurement,methanol_addition_mode,"methanol in toluene, controlled water activity",canonical_term_candidate,"methanol in toluene, controlled water activity",2,current_public_value_domain_count,none_observed,observed_not_promoted,forbidden_in_WEBSCHEMA1,"empty string, not_reported, needs_manual_check, and business values remain distinct",not_promoted,WEBR8-D08,WEBR8-v1,WEBSCHEMA1 field inventory + WEBR8 decision contract
VOC_EVIDENCE_MEASUREMENT_METHANOL_ADDITION_MODE,evidence_measurement,methanol_addition_mode,one_shot,canonical_term_candidate,one_shot,2701,current_public_value_domain_count,none_observed,observed_not_promoted,forbidden_in_WEBSCHEMA1,"empty string, not_reported, needs_manual_check, and business values remain distinct",not_promoted,WEBR8-D08,WEBR8-v1,WEBSCHEMA1 field inventory + WEBR8 decision contract
VOC_EVIDENCE_MEASUREMENT_METHANOL_ADDITION_MODE,evidence_measurement,methanol_addition_mode,preincubated_enzyme,canonical_term_candidate,preincubated_enzyme,73,current_public_value_domain_count,none_observed,observed_not_promoted,forbidden_in_WEBSCHEMA1,"empty string, not_reported, needs_manual_check, and business values remain distinct",not_promoted,WEBR8-D08,WEBR8-v1,WEBSCHEMA1 field inventory + WEBR8 decision contract
VOC_EVIDENCE_MEASUREMENT_METHANOL_ADDITION_MODE,evidence_measurement,methanol_addition_mode,preincubation,canonical_term_candidate,preincubation,37,current_public_value_domain_count,none_observed,observed_not_promoted,forbidden_in_WEBSCHEMA1,"empty string, not_reported, needs_manual_check, and business values remain distinct",not_promoted,WEBR8-D08,WEBR8-v1,WEBSCHEMA1 field inventory + WEBR8 decision contract
VOC_EVIDENCE_MEASUREMENT_METHANOL_ADDITION_MODE,evidence_measurement,methanol_addition_mode,stepwise,canonical_term_candidate,stepwise,3,current_public_value_domain_count,none_observed,observed_not_promoted,forbidden_in_WEBSCHEMA1,"empty string, not_reported, needs_manual_check, and business values remain distinct",not_promoted,WEBR8-D08,WEBR8-v1,WEBSCHEMA1 field inventory + WEBR8 decision contract
VOC_EVIDENCE_MEASUREMENT_PATENT_APPLICATION_NUMBER,evidence_measurement,patent_application_number,CN200910073494A,canonical_term_candidate,CN200910073494A,1,current_public_value_domain_count,none_observed,observed_not_promoted,forbidden_in_WEBSCHEMA1,"empty string, not_reported, needs_manual_check, and business values remain distinct",not_promoted,WEBR8-D08,WEBR8-v1,WEBSCHEMA1 field inventory + WEBR8 decision contract
VOC_EVIDENCE_MEASUREMENT_PATENT_APPLICATION_NUMBER,evidence_measurement,patent_application_number,CN201110458959.6,canonical_term_candidate,CN201110458959.6,9,current_public_value_domain_count,none_observed,observed_not_promoted,forbidden_in_WEBSCHEMA1,"empty string, not_reported, needs_manual_check, and business values remain distinct",not_promoted,WEBR8-D08,WEBR8-v1,WEBSCHEMA1 field inventory + WEBR8 decision contract
VOC_EVIDENCE_MEASUREMENT_PATENT_APPLICATION_NUMBER,evidence_measurement,patent_application_number,CN201210532087.8,canonical_term_candidate,CN201210532087.8,12,current_public_value_domain_count,none_observed,observed_not_promoted,forbidden_in_WEBSCHEMA1,"empty string, not_reported, needs_manual_check, and business values remain distinct",not_promoted,WEBR8-D08,WEBR8-v1,WEBSCHEMA1 field inventory + WEBR8 decision contract
VOC_EVIDENCE_MEASUREMENT_PATENT_APPLICATION_NUMBER,evidence_measurement,patent_application_number,CN201310294466A,canonical_term_candidate,CN201310294466A,5,current_public_value_domain_count,none_observed,observed_not_promoted,forbidden_in_WEBSCHEMA1,"empty string, not_reported, needs_manual_check, and business values remain distinct",not_promoted,WEBR8-D08,WEBR8-v1,WEBSCHEMA1 field inventory + WEBR8 decision contract
VOC_EVIDENCE_MEASUREMENT_PATENT_APPLICATION_NUMBER,evidence_measurement,patent_application_number,CN201611244004.X,canonical_term_candidate,CN201611244004.X,9,current_public_value_domain_count,none_observed,observed_not_promoted,forbidden_in_WEBSCHEMA1,"empty string, not_reported, needs_manual_check, and business values remain distinct",not_promoted,WEBR8-D08,WEBR8-v1,WEBSCHEMA1 field inventory + WEBR8 decision contract
VOC_EVIDENCE_MEASUREMENT_PATENT_APPLICATION_NUMBER,evidence_measurement,patent_application_number,CN202110547078.5,canonical_term_candidate,CN202110547078.5,67,current_public_value_domain_count,none_observed,observed_not_promoted,forbidden_in_WEBSCHEMA1,"empty string, not_reported, needs_manual_check, and business values remain distinct",not_promoted,WEBR8-D08,WEBR8-v1,WEBSCHEMA1 field inventory + WEBR8 decision contract
VOC_EVIDENCE_MEASUREMENT_PATENT_APPLICATION_NUMBER,evidence_measurement,patent_application_number,CN202310341178.1,canonical_term_candidate,CN202310341178.1,50,current_public_value_domain_count,none_observed,observed_not_promoted,forbidden_in_WEBSCHEMA1,"empty string, not_reported, needs_manual_check, and business values remain distinct",not_promoted,WEBR8-D08,WEBR8-v1,WEBSCHEMA1 field inventory + WEBR8 decision contract
VOC_EVIDENCE_MEASUREMENT_PATENT_APPLICATION_NUMBER,evidence_measurement,patent_application_number,CN202410258819.1,canonical_term_candidate,CN202410258819.1,1,current_public_value_domain_count,none_observed,observed_not_promoted,forbidden_in_WEBSCHEMA1,"empty string, not_reported, needs_manual_check, and business values remain distinct",not_promoted,WEBR8-D08,WEBR8-v1,WEBSCHEMA1 field inventory + WEBR8 decision contract
VOC_EVIDENCE_MEASUREMENT_PATENT_APPLICATION_NUMBER,evidence_measurement,patent_application_number,CN202411583137.4,canonical_term_candidate,CN202411583137.4,2,current_public_value_domain_count,none_observed,observed_not_promoted,forbidden_in_WEBSCHEMA1,"empty string, not_reported, needs_manual_check, and business values remain distinct",not_promoted,WEBR8-D08,WEBR8-v1,WEBSCHEMA1 field inventory + WEBR8 decision contract
VOC_EVIDENCE_MEASUREMENT_PATENT_APPLICATION_NUMBER,evidence_measurement,patent_application_number,EP07380194A,canonical_term_candidate,EP07380194A,11,current_public_value_domain_count,none_observed,observed_not_promoted,forbidden_in_WEBSCHEMA1,"empty string, not_reported, needs_manual_check, and business values remain distinct",not_promoted,WEBR8-D08,WEBR8-v1,WEBSCHEMA1 field inventory + WEBR8 decision contract
VOC_EVIDENCE_MEASUREMENT_PATENT_APPLICATION_NUMBER,evidence_measurement,patent_application_number,PCT/EP2010/068764,canonical_term_candidate,PCT/EP2010/068764,33,current_public_value_domain_count,none_observed,observed_not_promoted,forbidden_in_WEBSCHEMA1,"empty string, not_reported, needs_manual_check, and business values remain distinct",not_promoted,WEBR8-D08,WEBR8-v1,WEBSCHEMA1 field inventory + WEBR8 decision contract
VOC_EVIDENCE_MEASUREMENT_PATENT_APPLICATION_NUMBER,evidence_measurement,patent_application_number,PCT/KR2012/006412,canonical_term_candidate,PCT/KR2012/006412,1,current_public_value_domain_count,none_observed,observed_not_promoted,forbidden_in_WEBSCHEMA1,"empty string, not_reported, needs_manual_check, and business values remain distinct",not_promoted,WEBR8-D08,WEBR8-v1,WEBSCHEMA1 field inventory + WEBR8 decision contract
VOC_EVIDENCE_MEASUREMENT_PATENT_APPLICATION_NUMBER,evidence_measurement,patent_application_number,PCT/SG2022/050476,canonical_term_candidate,PCT/SG2022/050476,330,current_public_value_domain_count,none_observed,observed_not_promoted,forbidden_in_WEBSCHEMA1,"empty string, not_reported, needs_manual_check, and business values remain distinct",not_promoted,WEBR8-D08,WEBR8-v1,WEBSCHEMA1 field inventory + WEBR8 decision contract
VOC_EVIDENCE_MEASUREMENT_PATENT_APPLICATION_NUMBER,evidence_measurement,patent_application_number,PCT/US2008/084778,canonical_term_candidate,PCT/US2008/084778,2,current_public_value_domain_count,none_observed,observed_not_promoted,forbidden_in_WEBSCHEMA1,"empty string, not_reported, needs_manual_check, and business values remain distinct",not_promoted,WEBR8-D08,WEBR8-v1,WEBSCHEMA1 field inventory + WEBR8 decision contract
VOC_EVIDENCE_MEASUREMENT_PATENT_APPLICATION_NUMBER,evidence_measurement,patent_application_number,PCT/US2013/067348,canonical_term_candidate,PCT/US2013/067348,201,current_public_value_domain_count,none_observed,observed_not_promoted,forbidden_in_WEBSCHEMA1,"empty string, not_reported, needs_manual_check, and business values remain distinct",not_promoted,WEBR8-D08,WEBR8-v1,WEBSCHEMA1 field inventory + WEBR8 decision contract
VOC_EVIDENCE_MEASUREMENT_PATENT_CLAIM_SCOPE,evidence_measurement,patent_claim_scope,not_claim_based,canonical_term_candidate,not_claim_based,531,current_public_value_domain_count,none_observed,observed_not_promoted,forbidden_in_WEBSCHEMA1,"empty string, not_reported, needs_manual_check, and business values remain distinct",not_promoted,WEBR8-D08,WEBR8-v1,WEBSCHEMA1 field inventory + WEBR8 decision contract
VOC_EVIDENCE_MEASUREMENT_PATENT_CLAIM_SCOPE,evidence_measurement,patent_claim_scope,not_claim_only,canonical_term_candidate,not_claim_only,203,current_public_value_domain_count,none_observed,observed_not_promoted,forbidden_in_WEBSCHEMA1,"empty string, not_reported, needs_manual_check, and business values remain distinct",not_promoted,WEBR8-D08,WEBR8-v1,WEBSCHEMA1 field inventory + WEBR8 decision contract
VOC_EVIDENCE_MEASUREMENT_PATENT_CONFIDENCE_TIER,evidence_measurement,patent_confidence_tier,downloaded_pdf_text_extraction,canonical_term_candidate,downloaded_pdf_text_extraction,11,current_public_value_domain_count,none_observed,observed_not_promoted,forbidden_in_WEBSCHEMA1,"empty string, not_reported, needs_manual_check, and business values remain distinct",not_promoted,WEBR8-D08,WEBR8-v1,WEBSCHEMA1 field inventory + WEBR8 decision contract
VOC_EVIDENCE_MEASUREMENT_PATENT_CONFIDENCE_TIER,evidence_measurement,patent_confidence_tier,downweighted_train,canonical_term_candidate,downweighted_train,67,current_public_value_domain_count,none_observed,observed_not_promoted,forbidden_in_WEBSCHEMA1,"empty string, not_reported, needs_manual_check, and business values remain distinct",not_promoted,WEBR8-D08,WEBR8-v1,WEBSCHEMA1 field inventory + WEBR8 decision contract
VOC_EVIDENCE_MEASUREMENT_PATENT_CONFIDENCE_TIER,evidence_measurement,patent_confidence_tier,holdout_only,canonical_term_candidate,holdout_only,652,current_public_value_domain_count,none_observed,observed_not_promoted,forbidden_in_WEBSCHEMA1,"empty string, not_reported, needs_manual_check, and business values remain distinct",not_promoted,WEBR8-D08,WEBR8-v1,WEBSCHEMA1 field inventory + WEBR8 decision contract
VOC_EVIDENCE_MEASUREMENT_PATENT_CONFIDENCE_TIER,evidence_measurement,patent_confidence_tier,official_google_patents_text_summary_from_downloaded_scan,canonical_term_candidate,official_google_patents_text_summary_from_downloaded_scan,2,current_public_value_domain_count,none_observed,observed_not_promoted,forbidden_in_WEBSCHEMA1,"empty string, not_reported, needs_manual_check, and business values remain distinct",not_promoted,WEBR8-D08,WEBR8-v1,WEBSCHEMA1 field inventory + WEBR8 decision contract
VOC_EVIDENCE_MEASUREMENT_PATENT_CONFIDENCE_TIER,evidence_measurement,patent_confidence_tier,web_text_capture_quantitative,canonical_term_candidate,web_text_capture_quantitative,2,current_public_value_domain_count,none_observed,observed_not_promoted,forbidden_in_WEBSCHEMA1,"empty string, not_reported, needs_manual_check, and business values remain distinct",not_promoted,WEBR8-D08,WEBR8-v1,WEBSCHEMA1 field inventory + WEBR8 decision contract
VOC_EVIDENCE_MEASUREMENT_PATENT_EVIDENCE_LAYER,evidence_measurement,patent_evidence_layer,patent_direct_intrinsic,canonical_term_candidate,patent_direct_intrinsic,710,current_public_value_domain_count,none_observed,observed_not_promoted,forbidden_in_WEBSCHEMA1,"empty string, not_reported, needs_manual_check, and business values remain distinct",not_promoted,WEBR8-D08,WEBR8-v1,WEBSCHEMA1 field inventory + WEBR8 decision contract
VOC_EVIDENCE_MEASUREMENT_PATENT_EVIDENCE_LAYER,evidence_measurement,patent_evidence_layer,patent_process_confounded,canonical_term_candidate,patent_process_confounded,24,current_public_value_domain_count,none_observed,observed_not_promoted,forbidden_in_WEBSCHEMA1,"empty string, not_reported, needs_manual_check, and business values remain distinct",not_promoted,WEBR8-D08,WEBR8-v1,WEBSCHEMA1 field inventory + WEBR8 decision contract
VOC_EVIDENCE_MEASUREMENT_PATENT_EVIDENCE_TYPE,evidence_measurement,patent_evidence_type,biodiesel_process_gc_endpoint,canonical_term_candidate,biodiesel_process_gc_endpoint,11,current_public_value_domain_count,none_observed,observed_not_promoted,forbidden_in_WEBSCHEMA1,"empty string, not_reported, needs_manual_check, and business values remain distinct",not_promoted,WEBR8-D08,WEBR8-v1,WEBSCHEMA1 field inventory + WEBR8 decision contract
VOC_EVIDENCE_MEASUREMENT_PATENT_EVIDENCE_TYPE,evidence_measurement,patent_evidence_type,biodiesel_process_summary_endpoint,canonical_term_candidate,biodiesel_process_summary_endpoint,2,current_public_value_domain_count,none_observed,observed_not_promoted,forbidden_in_WEBSCHEMA1,"empty string, not_reported, needs_manual_check, and business values remain distinct",not_promoted,WEBR8-D08,WEBR8-v1,WEBSCHEMA1 field inventory + WEBR8 decision contract
VOC_EVIDENCE_MEASUREMENT_PATENT_EVIDENCE_TYPE,evidence_measurement,patent_evidence_type,description_text_quantitative_solvent_stability_endpoint,canonical_term_candidate,description_text_quantitative_solvent_stability_endpoint,1,current_public_value_domain_count,none_observed,observed_not_promoted,forbidden_in_WEBSCHEMA1,"empty string, not_reported, needs_manual_check, and business values remain distinct",not_promoted,WEBR8-D08,WEBR8-v1,WEBSCHEMA1 field inventory + WEBR8 decision contract
VOC_EVIDENCE_MEASUREMENT_PATENT_EVIDENCE_TYPE,evidence_measurement,patent_evidence_type,example_text_biodiesel_conversion_summary,canonical_term_candidate,example_text_biodiesel_conversion_summary,1,current_public_value_domain_count,none_observed,observed_not_promoted,forbidden_in_WEBSCHEMA1,"empty string, not_reported, needs_manual_check, and business values remain distinct",not_promoted,WEBR8-D08,WEBR8-v1,WEBSCHEMA1 field inventory + WEBR8 decision contract
VOC_EVIDENCE_MEASUREMENT_PATENT_EVIDENCE_TYPE,evidence_measurement,patent_evidence_type,figure_digitized,canonical_term_candidate,figure_digitized,5,current_public_value_domain_count,none_observed,observed_not_promoted,forbidden_in_WEBSCHEMA1,"empty string, not_reported, needs_manual_check, and business values remain distinct",not_promoted,WEBR8-D08,WEBR8-v1,WEBSCHEMA1 field inventory + WEBR8 decision contract
VOC_EVIDENCE_MEASUREMENT_PATENT_EVIDENCE_TYPE,evidence_measurement,patent_evidence_type,implementation_example_digitized_figure_nonindependent_peer_reviewed_duplicate,canonical_term_candidate,implementation_example_digitized_figure_nonindependent_peer_reviewed_duplicate,50,current_public_value_domain_count,none_observed,observed_not_promoted,forbidden_in_WEBSCHEMA1,"empty string, not_reported, needs_manual_check, and business values remain distinct",not_promoted,WEBR8-D08,WEBR8-v1,WEBSCHEMA1 field inventory + WEBR8 decision contract
VOC_EVIDENCE_MEASUREMENT_PATENT_EVIDENCE_TYPE,evidence_measurement,patent_evidence_type,implementation_example_digitized_plot,canonical_term_candidate,implementation_example_digitized_plot,12,current_public_value_domain_count,none_observed,observed_not_promoted,forbidden_in_WEBSCHEMA1,"empty string, not_reported, needs_manual_check, and business values remain distinct",not_promoted,WEBR8-D08,WEBR8-v1,WEBSCHEMA1 field inventory + WEBR8 decision contract
VOC_EVIDENCE_MEASUREMENT_PATENT_EVIDENCE_TYPE,evidence_measurement,patent_evidence_type,implementation_example_figure,canonical_term_candidate,implementation_example_figure,201,current_public_value_domain_count,none_observed,observed_not_promoted,forbidden_in_WEBSCHEMA1,"empty string, not_reported, needs_manual_check, and business values remain distinct",not_promoted,WEBR8-D08,WEBR8-v1,WEBSCHEMA1 field inventory + WEBR8 decision contract
VOC_EVIDENCE_MEASUREMENT_PATENT_EVIDENCE_TYPE,evidence_measurement,patent_evidence_type,implementation_example_figure_low_precision_digitized,canonical_term_candidate,implementation_example_figure_low_precision_digitized,9,current_public_value_domain_count,none_observed,observed_not_promoted,forbidden_in_WEBSCHEMA1,"empty string, not_reported, needs_manual_check, and business values remain distinct",not_promoted,WEBR8-D08,WEBR8-v1,WEBSCHEMA1 field inventory + WEBR8 decision contract
VOC_EVIDENCE_MEASUREMENT_PATENT_EVIDENCE_TYPE,evidence_measurement,patent_evidence_type,implementation_example_figure_matrix,canonical_term_candidate,implementation_example_figure_matrix,67,current_public_value_domain_count,none_observed,observed_not_promoted,forbidden_in_WEBSCHEMA1,"empty string, not_reported, needs_manual_check, and business values remain distinct",not_promoted,WEBR8-D08,WEBR8-v1,WEBSCHEMA1 field inventory + WEBR8 decision contract
VOC_EVIDENCE_MEASUREMENT_PATENT_EVIDENCE_TYPE,evidence_measurement,patent_evidence_type,implementation_example_table,canonical_term_candidate,implementation_example_table,33,current_public_value_domain_count,none_observed,observed_not_promoted,forbidden_in_WEBSCHEMA1,"empty string, not_reported, needs_manual_check, and business values remain distinct",not_promoted,WEBR8-D08,WEBR8-v1,WEBSCHEMA1 field inventory + WEBR8 decision contract
VOC_EVIDENCE_MEASUREMENT_PATENT_EVIDENCE_TYPE,evidence_measurement,patent_evidence_type,implementation_example_table_crude_or_concentrated_enzyme_liquid,canonical_term_candidate,implementation_example_table_crude_or_concentrated_enzyme_liquid,9,current_public_value_domain_count,none_observed,observed_not_promoted,forbidden_in_WEBSCHEMA1,"empty string, not_reported, needs_manual_check, and business values remain distinct",not_promoted,WEBR8-D08,WEBR8-v1,WEBSCHEMA1 field inventory + WEBR8 decision contract
VOC_EVIDENCE_MEASUREMENT_PATENT_EVIDENCE_TYPE,evidence_measurement,patent_evidence_type,implementation_example_table_matrix,canonical_term_candidate,implementation_example_table_matrix,330,current_public_value_domain_count,none_observed,observed_not_promoted,forbidden_in_WEBSCHEMA1,"empty string, not_reported, needs_manual_check, and business values remain distinct",not_promoted,WEBR8-D08,WEBR8-v1,WEBSCHEMA1 field inventory + WEBR8 decision contract
VOC_EVIDENCE_MEASUREMENT_PATENT_EVIDENCE_TYPE,evidence_measurement,patent_evidence_type,implementation_example_text_endpoint,canonical_term_candidate,implementation_example_text_endpoint,2,current_public_value_domain_count,none_observed,observed_not_promoted,forbidden_in_WEBSCHEMA1,"empty string, not_reported, needs_manual_check, and business values remain distinct",not_promoted,WEBR8-D08,WEBR8-v1,WEBSCHEMA1 field inventory + WEBR8 decision contract
VOC_EVIDENCE_MEASUREMENT_PATENT_EVIDENCE_TYPE,evidence_measurement,patent_evidence_type,implementation_example_text_endpoint_crude_enzyme,canonical_term_candidate,implementation_example_text_endpoint_crude_enzyme,1,current_public_value_domain_count,none_observed,observed_not_promoted,forbidden_in_WEBSCHEMA1,"empty string, not_reported, needs_manual_check, and business values remain distinct",not_promoted,WEBR8-D08,WEBR8-v1,WEBSCHEMA1 field inventory + WEBR8 decision contract
VOC_EVIDENCE_MEASUREMENT_PATENT_FAMILY_ROLE,evidence_measurement,patent_family_role,canonical_application_pdf_source,canonical_term_candidate,canonical_application_pdf_source,10,current_public_value_domain_count,none_observed,observed_not_promoted,forbidden_in_WEBSCHEMA1,"empty string, not_reported, needs_manual_check, and business values remain distinct",not_promoted,WEBR8-D08,WEBR8-v1,WEBSCHEMA1 field inventory + WEBR8 decision contract
VOC_EVIDENCE_MEASUREMENT_PATENT_FAMILY_ROLE,evidence_measurement,patent_family_role,canonical_full_text_source,canonical_term_candidate,canonical_full_text_source,33,current_public_value_domain_count,none_observed,observed_not_promoted,forbidden_in_WEBSCHEMA1,"empty string, not_reported, needs_manual_check, and business values remain distinct",not_promoted,WEBR8-D08,WEBR8-v1,WEBSCHEMA1 field inventory + WEBR8 decision contract
VOC_EVIDENCE_MEASUREMENT_PATENT_FAMILY_ROLE,evidence_measurement,patent_family_role,canonical_grant_pdf_source,canonical_term_candidate,canonical_grant_pdf_source,140,current_public_value_domain_count,none_observed,observed_not_promoted,forbidden_in_WEBSCHEMA1,"empty string, not_reported, needs_manual_check, and business values remain distinct",not_promoted,WEBR8-D08,WEBR8-v1,WEBSCHEMA1 field inventory + WEBR8 decision contract
VOC_EVIDENCE_MEASUREMENT_PATENT_FAMILY_ROLE,evidence_measurement,patent_family_role,family_anchor,canonical_term_candidate,family_anchor,7,current_public_value_domain_count,none_observed,observed_not_promoted,forbidden_in_WEBSCHEMA1,"empty string, not_reported, needs_manual_check, and business values remain distinct",not_promoted,WEBR8-D08,WEBR8-v1,WEBSCHEMA1 field inventory + WEBR8 decision contract
VOC_EVIDENCE_MEASUREMENT_PATENT_FAMILY_ROLE,evidence_measurement,patent_family_role,family_upgrade,canonical_term_candidate,family_upgrade,13,current_public_value_domain_count,none_observed,observed_not_promoted,forbidden_in_WEBSCHEMA1,"empty string, not_reported, needs_manual_check, and business values remain distinct",not_promoted,WEBR8-D08,WEBR8-v1,WEBSCHEMA1 field inventory + WEBR8 decision contract
VOC_EVIDENCE_MEASUREMENT_PATENT_FAMILY_ROLE,evidence_measurement,patent_family_role,PCT_publication,canonical_term_candidate,PCT_publication,531,current_public_value_domain_count,none_observed,observed_not_promoted,forbidden_in_WEBSCHEMA1,"empty string, not_reported, needs_manual_check, and business values remain distinct",not_promoted,WEBR8-D08,WEBR8-v1,WEBSCHEMA1 field inventory + WEBR8 decision contract
VOC_EVIDENCE_MEASUREMENT_PATENT_LANGUAGE,evidence_measurement,patent_language,en,canonical_term_candidate,en,578,current_public_value_domain_count,none_observed,observed_not_promoted,forbidden_in_WEBSCHEMA1,"empty string, not_reported, needs_manual_check, and business values remain distinct",not_promoted,WEBR8-D08,WEBR8-v1,WEBSCHEMA1 field inventory + WEBR8 decision contract
VOC_EVIDENCE_MEASUREMENT_PATENT_LANGUAGE,evidence_measurement,patent_language,zh,canonical_term_candidate,zh,156,current_public_value_domain_count,none_observed,observed_not_promoted,forbidden_in_WEBSCHEMA1,"empty string, not_reported, needs_manual_check, and business values remain distinct",not_promoted,WEBR8-D08,WEBR8-v1,WEBSCHEMA1 field inventory + WEBR8 decision contract
VOC_EVIDENCE_MEASUREMENT_PATENT_PUBLICATION_NUMBER,evidence_measurement,patent_publication_number,CN102174422B,canonical_term_candidate,CN102174422B,1,current_public_value_domain_count,none_observed,observed_not_promoted,forbidden_in_WEBSCHEMA1,"empty string, not_reported, needs_manual_check, and business values remain distinct",not_promoted,WEBR8-D08,WEBR8-v1,WEBSCHEMA1 field inventory + WEBR8 decision contract
VOC_EVIDENCE_MEASUREMENT_PATENT_PUBLICATION_NUMBER,evidence_measurement,patent_publication_number,CN103184160A,canonical_term_candidate,CN103184160A,9,current_public_value_domain_count,none_observed,observed_not_promoted,forbidden_in_WEBSCHEMA1,"empty string, not_reported, needs_manual_check, and business values remain distinct",not_promoted,WEBR8-D08,WEBR8-v1,WEBSCHEMA1 field inventory + WEBR8 decision contract
VOC_EVIDENCE_MEASUREMENT_PATENT_PUBLICATION_NUMBER,evidence_measurement,patent_publication_number,CN103865941B,canonical_term_candidate,CN103865941B,12,current_public_value_domain_count,none_observed,observed_not_promoted,forbidden_in_WEBSCHEMA1,"empty string, not_reported, needs_manual_check, and business values remain distinct",not_promoted,WEBR8-D08,WEBR8-v1,WEBSCHEMA1 field inventory + WEBR8 decision contract
VOC_EVIDENCE_MEASUREMENT_PATENT_PUBLICATION_NUMBER,evidence_measurement,patent_publication_number,CN104278004A,canonical_term_candidate,CN104278004A,5,current_public_value_domain_count,none_observed,observed_not_promoted,forbidden_in_WEBSCHEMA1,"empty string, not_reported, needs_manual_check, and business values remain distinct",not_promoted,WEBR8-D08,WEBR8-v1,WEBSCHEMA1 field inventory + WEBR8 decision contract
VOC_EVIDENCE_MEASUREMENT_PATENT_PUBLICATION_NUMBER,evidence_measurement,patent_publication_number,CN108251400B,canonical_term_candidate,CN108251400B,9,current_public_value_domain_count,none_observed,observed_not_promoted,forbidden_in_WEBSCHEMA1,"empty string, not_reported, needs_manual_check, and business values remain distinct",not_promoted,WEBR8-D08,WEBR8-v1,WEBSCHEMA1 field inventory + WEBR8 decision contract
VOC_EVIDENCE_MEASUREMENT_PATENT_PUBLICATION_NUMBER,evidence_measurement,patent_publication_number,CN115369099B,canonical_term_candidate,CN115369099B,67,current_public_value_domain_count,none_observed,observed_not_promoted,forbidden_in_WEBSCHEMA1,"empty string, not_reported, needs_manual_check, and business values remain distinct",not_promoted,WEBR8-D08,WEBR8-v1,WEBSCHEMA1 field inventory + WEBR8 decision contract
VOC_EVIDENCE_MEASUREMENT_PATENT_PUBLICATION_NUMBER,evidence_measurement,patent_publication_number,CN117070495B,canonical_term_candidate,CN117070495B,50,current_public_value_domain_count,none_observed,observed_not_promoted,forbidden_in_WEBSCHEMA1,"empty string, not_reported, needs_manual_check, and business values remain distinct",not_promoted,WEBR8-D08,WEBR8-v1,WEBSCHEMA1 field inventory + WEBR8 decision contract
VOC_EVIDENCE_MEASUREMENT_PATENT_PUBLICATION_NUMBER,evidence_measurement,patent_publication_number,CN117887688A,canonical_term_candidate,CN117887688A,1,current_public_value_domain_count,none_observed,observed_not_promoted,forbidden_in_WEBSCHEMA1,"empty string, not_reported, needs_manual_check, and business values remain distinct",not_promoted,WEBR8-D08,WEBR8-v1,WEBSCHEMA1 field inventory + WEBR8 decision contract
VOC_EVIDENCE_MEASUREMENT_PATENT_PUBLICATION_NUMBER,evidence_measurement,patent_publication_number,CN119082082B,canonical_term_candidate,CN119082082B,2,current_public_value_domain_count,none_observed,observed_not_promoted,forbidden_in_WEBSCHEMA1,"empty string, not_reported, needs_manual_check, and business values remain distinct",not_promoted,WEBR8-D08,WEBR8-v1,WEBSCHEMA1 field inventory + WEBR8 decision contract
VOC_EVIDENCE_MEASUREMENT_PATENT_PUBLICATION_NUMBER,evidence_measurement,patent_publication_number,EP2050823A1,canonical_term_candidate,EP2050823A1,11,current_public_value_domain_count,none_observed,observed_not_promoted,forbidden_in_WEBSCHEMA1,"empty string, not_reported, needs_manual_check, and business values remain distinct",not_promoted,WEBR8-D08,WEBR8-v1,WEBSCHEMA1 field inventory + WEBR8 decision contract
VOC_EVIDENCE_MEASUREMENT_PATENT_PUBLICATION_NUMBER,evidence_measurement,patent_publication_number,WO2009069116A2,canonical_term_candidate,WO2009069116A2,2,current_public_value_domain_count,none_observed,observed_not_promoted,forbidden_in_WEBSCHEMA1,"empty string, not_reported, needs_manual_check, and business values remain distinct",not_promoted,WEBR8-D08,WEBR8-v1,WEBSCHEMA1 field inventory + WEBR8 decision contract
VOC_EVIDENCE_MEASUREMENT_PATENT_PUBLICATION_NUMBER,evidence_measurement,patent_publication_number,WO2011067349A1,canonical_term_candidate,WO2011067349A1,33,current_public_value_domain_count,none_observed,observed_not_promoted,forbidden_in_WEBSCHEMA1,"empty string, not_reported, needs_manual_check, and business values remain distinct",not_promoted,WEBR8-D08,WEBR8-v1,WEBSCHEMA1 field inventory + WEBR8 decision contract
VOC_EVIDENCE_MEASUREMENT_PATENT_PUBLICATION_NUMBER,evidence_measurement,patent_publication_number,WO2013022320A2,canonical_term_candidate,WO2013022320A2,1,current_public_value_domain_count,none_observed,observed_not_promoted,forbidden_in_WEBSCHEMA1,"empty string, not_reported, needs_manual_check, and business values remain distinct",not_promoted,WEBR8-D08,WEBR8-v1,WEBSCHEMA1 field inventory + WEBR8 decision contract
VOC_EVIDENCE_MEASUREMENT_PATENT_PUBLICATION_NUMBER,evidence_measurement,patent_publication_number,WO2014074352A1,canonical_term_candidate,WO2014074352A1,201,current_public_value_domain_count,none_observed,observed_not_promoted,forbidden_in_WEBSCHEMA1,"empty string, not_reported, needs_manual_check, and business values remain distinct",not_promoted,WEBR8-D08,WEBR8-v1,WEBSCHEMA1 field inventory + WEBR8 decision contract
VOC_EVIDENCE_MEASUREMENT_PATENT_PUBLICATION_NUMBER,evidence_measurement,patent_publication_number,WO2023282853A2,canonical_term_candidate,WO2023282853A2,330,current_public_value_domain_count,none_observed,observed_not_promoted,forbidden_in_WEBSCHEMA1,"empty string, not_reported, needs_manual_check, and business values remain distinct",not_promoted,WEBR8-D08,WEBR8-v1,WEBSCHEMA1 field inventory + WEBR8 decision contract
VOC_EVIDENCE_MEASUREMENT_PATENT_TITLE,evidence_measurement,patent_title,Amphipathic peptide-lipase conjugate having advanced lipase activity and use thereof,canonical_term_candidate,Amphipathic peptide-lipase conjugate having advanced lipase activity and use thereof,1,current_public_value_domain_count,none_observed,observed_not_promoted,forbidden_in_WEBSCHEMA1,"empty string, not_reported, needs_manual_check, and business values remain distinct",not_promoted,WEBR8-D08,WEBR8-v1,WEBSCHEMA1 field inventory + WEBR8 decision contract
VOC_EVIDENCE_MEASUREMENT_PATENT_TITLE,evidence_measurement,patent_title,Dieselzymes and methanol tolerant lipases,canonical_term_candidate,Dieselzymes and methanol tolerant lipases,201,current_public_value_domain_count,none_observed,observed_not_promoted,forbidden_in_WEBSCHEMA1,"empty string, not_reported, needs_manual_check, and business values remain distinct",not_promoted,WEBR8-D08,WEBR8-v1,WEBSCHEMA1 field inventory + WEBR8 decision contract
VOC_EVIDENCE_MEASUREMENT_PATENT_TITLE,evidence_measurement,patent_title,Enzymatic biodiesel production,canonical_term_candidate,Enzymatic biodiesel production,11,current_public_value_domain_count,none_observed,observed_not_promoted,forbidden_in_WEBSCHEMA1,"empty string, not_reported, needs_manual_check, and business values remain distinct",not_promoted,WEBR8-D08,WEBR8-v1,WEBSCHEMA1 field inventory + WEBR8 decision contract
VOC_EVIDENCE_MEASUREMENT_PATENT_TITLE,evidence_measurement,patent_title,"F6 lipase as well as encoding gene, preparation method and application thereof",canonical_term_candidate,"F6 lipase as well as encoding gene, preparation method and application thereof",5,current_public_value_domain_count,none_observed,observed_not_promoted,forbidden_in_WEBSCHEMA1,"empty string, not_reported, needs_manual_check, and business values remain distinct",not_promoted,WEBR8-D08,WEBR8-v1,WEBSCHEMA1 field inventory + WEBR8 decision contract
VOC_EVIDENCE_MEASUREMENT_PATENT_TITLE,evidence_measurement,patent_title,Lipases for use in production of a fatty acid ester,canonical_term_candidate,Lipases for use in production of a fatty acid ester,330,current_public_value_domain_count,none_observed,observed_not_promoted,forbidden_in_WEBSCHEMA1,"empty string, not_reported, needs_manual_check, and business values remain distinct",not_promoted,WEBR8-D08,WEBR8-v1,WEBSCHEMA1 field inventory + WEBR8 decision contract
VOC_EVIDENCE_MEASUREMENT_PATENT_TITLE,evidence_measurement,patent_title,"Organic solvent-resistant lipase production strain, gene of lipase and application of lipase",canonical_term_candidate,"Organic solvent-resistant lipase production strain, gene of lipase and application of lipase",1,current_public_value_domain_count,none_observed,observed_not_promoted,forbidden_in_WEBSCHEMA1,"empty string, not_reported, needs_manual_check, and business values remain distinct",not_promoted,WEBR8-D08,WEBR8-v1,WEBSCHEMA1 field inventory + WEBR8 decision contract
VOC_EVIDENCE_MEASUREMENT_PATENT_TITLE,evidence_measurement,patent_title,Robust multi-enzyme preparation for synthesis of fatty acid alkyl esters,canonical_term_candidate,Robust multi-enzyme preparation for synthesis of fatty acid alkyl esters,2,current_public_value_domain_count,none_observed,observed_not_promoted,forbidden_in_WEBSCHEMA1,"empty string, not_reported, needs_manual_check, and business values remain distinct",not_promoted,WEBR8-D08,WEBR8-v1,WEBSCHEMA1 field inventory + WEBR8 decision contract
VOC_EVIDENCE_MEASUREMENT_PATENT_TITLE,evidence_measurement,patent_title,Variants of a polypeptide with lipolytic activity and improved stability,canonical_term_candidate,Variants of a polypeptide with lipolytic activity and improved stability,33,current_public_value_domain_count,none_observed,observed_not_promoted,forbidden_in_WEBSCHEMA1,"empty string, not_reported, needs_manual_check, and business values remain distinct",not_promoted,WEBR8-D08,WEBR8-v1,WEBSCHEMA1 field inventory + WEBR8 decision contract
VOC_EVIDENCE_MEASUREMENT_PATENT_TITLE,evidence_measurement,patent_title,一种产耐有机溶剂脂肪酶的菌株、耐有机溶剂脂肪酶及其制备方法,alias_candidate,脂肪酶及其应用,9,current_public_value_domain_count,normalized-form collision; human merge decision required,rejected,forbidden,"empty string, not_reported, needs_manual_check, and business values remain distinct",semantic_collision_not_alias,WEBR8-D08,WEBR8-v1,WEBSCHEMA1 field inventory + WEBR8 decision contract
VOC_EVIDENCE_MEASUREMENT_PATENT_TITLE,evidence_measurement,patent_title,一种来源于枝孢霉的脂肪酶、其编码基因序列及其用途,alias_candidate,脂肪酶及其应用,12,current_public_value_domain_count,normalized-form collision; human merge decision required,rejected,forbidden,"empty string, not_reported, needs_manual_check, and business values remain distinct",semantic_collision_not_alias,WEBR8-D08,WEBR8-v1,WEBSCHEMA1 field inventory + WEBR8 decision contract
VOC_EVIDENCE_MEASUREMENT_PATENT_TITLE,evidence_measurement,patent_title,一种米黑根毛霉脂肪酶突变体及提高米黑根毛霉脂肪酶活性和/或甲醇耐受性的方法,alias_candidate,脂肪酶及其应用,67,current_public_value_domain_count,normalized-form collision; human merge decision required,rejected,forbidden,"empty string, not_reported, needs_manual_check, and business values remain distinct",semantic_collision_not_alias,WEBR8-D08,WEBR8-v1,WEBSCHEMA1 field inventory + WEBR8 decision contract
VOC_EVIDENCE_MEASUREMENT_PATENT_TITLE,evidence_measurement,patent_title,一种耐热性提高的脂肪酶突变体及其制备方法和应用,alias_candidate,脂肪酶及其应用,2,current_public_value_domain_count,normalized-form collision; human merge decision required,rejected,forbidden,"empty string, not_reported, needs_manual_check, and business values remain distinct",semantic_collision_not_alias,WEBR8-D08,WEBR8-v1,WEBSCHEMA1 field inventory + WEBR8 decision contract
VOC_EVIDENCE_MEASUREMENT_PATENT_TITLE,evidence_measurement,patent_title,一种高活力、高稳定性的脂肪酶突变体及其编码基因和应用,alias_candidate,脂肪酶及其应用,1,current_public_value_domain_count,normalized-form collision; human merge decision required,rejected,forbidden,"empty string, not_reported, needs_manual_check, and business values remain distinct",semantic_collision_not_alias,WEBR8-D08,WEBR8-v1,WEBSCHEMA1 field inventory + WEBR8 decision contract
VOC_EVIDENCE_MEASUREMENT_PATENT_TITLE,evidence_measurement,patent_title,疏棉状嗜热丝孢菌脂肪酶突变体E129Y、E134W及其应用,canonical_term_candidate,疏棉状嗜热丝孢菌脂肪酶突变体E129Y、E134W及其应用,50,current_public_value_domain_count,none_observed,observed_not_promoted,forbidden_in_WEBSCHEMA1,"empty string, not_reported, needs_manual_check, and business values remain distinct",not_promoted,WEBR8-D08,WEBR8-v1,WEBSCHEMA1 field inventory + WEBR8 decision contract
VOC_EVIDENCE_MEASUREMENT_PATENT_TITLE,evidence_measurement,patent_title,脂肪酶及其应用,alias_candidate,脂肪酶及其应用,9,current_public_value_domain_count,normalized-form collision; human merge decision required,proposed_not_promoted,forbidden_in_WEBSCHEMA1,"empty string, not_reported, needs_manual_check, and business values remain distinct",not_promoted,WEBR8-D08,WEBR8-v1,WEBSCHEMA1 field inventory + WEBR8 decision contract
VOC_EVIDENCE_MEASUREMENT_PDB_ERROR_TYPE,evidence_measurement,pdb_error_type,INHERITED_FROM_PARENT_PATENT,canonical_term_candidate,INHERITED_FROM_PARENT_PATENT,224,current_public_value_domain_count,none_observed,observed_not_promoted,forbidden_in_WEBSCHEMA1,"empty string, not_reported, needs_manual_check, and business values remain distinct",not_promoted,WEBR8-D08,WEBR8-v1,WEBSCHEMA1 field inventory + WEBR8 decision contract
VOC_EVIDENCE_MEASUREMENT_PROTOCOL_TYPE,evidence_measurement,protocol_type,in_assay_challenge,canonical_term_candidate,in_assay_challenge,10,current_public_value_domain_count,none_observed,observed_not_promoted,forbidden_in_WEBSCHEMA1,"empty string, not_reported, needs_manual_check, and business values remain distinct",not_promoted,WEBR8-D08,WEBR8-v1,WEBSCHEMA1 field inventory + WEBR8 decision contract
VOC_EVIDENCE_MEASUREMENT_PROTOCOL_TYPE,evidence_measurement,protocol_type,one_shot_exposure,canonical_term_candidate,one_shot_exposure,2630,current_public_value_domain_count,none_observed,observed_not_promoted,forbidden_in_WEBSCHEMA1,"empty string, not_reported, needs_manual_check, and business values remain distinct",not_promoted,WEBR8-D08,WEBR8-v1,WEBSCHEMA1 field inventory + WEBR8 decision contract
VOC_EVIDENCE_MEASUREMENT_PROTOCOL_TYPE,evidence_measurement,protocol_type,other_reported_protocol,canonical_term_candidate,other_reported_protocol,8,current_public_value_domain_count,none_observed,observed_not_promoted,forbidden_in_WEBSCHEMA1,"empty string, not_reported, needs_manual_check, and business values remain distinct",not_promoted,WEBR8-D08,WEBR8-v1,WEBSCHEMA1 field inventory + WEBR8 decision contract
VOC_EVIDENCE_MEASUREMENT_PROTOCOL_TYPE,evidence_measurement,protocol_type,preincubation,canonical_term_candidate,preincubation,206,current_public_value_domain_count,none_observed,observed_not_promoted,forbidden_in_WEBSCHEMA1,"empty string, not_reported, needs_manual_check, and business values remain distinct",not_promoted,WEBR8-D08,WEBR8-v1,WEBSCHEMA1 field inventory + WEBR8 decision contract
VOC_EVIDENCE_MEASUREMENT_PROTOCOL_TYPE,evidence_measurement,protocol_type,stepwise_addition,canonical_term_candidate,stepwise_addition,3,current_public_value_domain_count,none_observed,observed_not_promoted,forbidden_in_WEBSCHEMA1,"empty string, not_reported, needs_manual_check, and business values remain distinct",not_promoted,WEBR8-D08,WEBR8-v1,WEBSCHEMA1 field inventory + WEBR8 decision contract
VOC_EVIDENCE_MEASUREMENT_READOUT_DEFINED,evidence_measurement,readout_defined,yes,canonical_term_candidate,yes,734,current_public_value_domain_count,none_observed,observed_not_promoted,forbidden_in_WEBSCHEMA1,"empty string, not_reported, needs_manual_check, and business values remain distinct",not_promoted,WEBR8-D08,WEBR8-v1,WEBSCHEMA1 field inventory + WEBR8 decision contract
VOC_EVIDENCE_MEASUREMENT_SHAKING_RPM,evidence_measurement,shaking_rpm,0,canonical_term_candidate,0,4,current_public_value_domain_count,none_observed,observed_not_promoted,forbidden_in_WEBSCHEMA1,"empty string, not_reported, needs_manual_check, and business values remain distinct",not_promoted,WEBR8-D08,WEBR8-v1,WEBSCHEMA1 field inventory + WEBR8 decision contract
VOC_EVIDENCE_MEASUREMENT_SHAKING_RPM,evidence_measurement,shaking_rpm,100,canonical_term_candidate,100,58,current_public_value_domain_count,none_observed,observed_not_promoted,forbidden_in_WEBSCHEMA1,"empty string, not_reported, needs_manual_check, and business values remain distinct",not_promoted,WEBR8-D08,WEBR8-v1,WEBSCHEMA1 field inventory + WEBR8 decision contract
VOC_EVIDENCE_MEASUREMENT_SHAKING_RPM,evidence_measurement,shaking_rpm,120,canonical_term_candidate,120,2,current_public_value_domain_count,none_observed,observed_not_promoted,forbidden_in_WEBSCHEMA1,"empty string, not_reported, needs_manual_check, and business values remain distinct",not_promoted,WEBR8-D08,WEBR8-v1,WEBSCHEMA1 field inventory + WEBR8 decision contract
VOC_EVIDENCE_MEASUREMENT_SHAKING_RPM,evidence_measurement,shaking_rpm,130,canonical_term_candidate,130,12,current_public_value_domain_count,none_observed,observed_not_promoted,forbidden_in_WEBSCHEMA1,"empty string, not_reported, needs_manual_check, and business values remain distinct",not_promoted,WEBR8-D08,WEBR8-v1,WEBSCHEMA1 field inventory + WEBR8 decision contract
VOC_EVIDENCE_MEASUREMENT_SHAKING_RPM,evidence_measurement,shaking_rpm,150,canonical_term_candidate,150,38,current_public_value_domain_count,none_observed,observed_not_promoted,forbidden_in_WEBSCHEMA1,"empty string, not_reported, needs_manual_check, and business values remain distinct",not_promoted,WEBR8-D08,WEBR8-v1,WEBSCHEMA1 field inventory + WEBR8 decision contract
VOC_EVIDENCE_MEASUREMENT_SHAKING_RPM,evidence_measurement,shaking_rpm,160,canonical_term_candidate,160,23,current_public_value_domain_count,none_observed,observed_not_promoted,forbidden_in_WEBSCHEMA1,"empty string, not_reported, needs_manual_check, and business values remain distinct",not_promoted,WEBR8-D08,WEBR8-v1,WEBSCHEMA1 field inventory + WEBR8 decision contract
VOC_EVIDENCE_MEASUREMENT_SHAKING_RPM,evidence_measurement,shaking_rpm,160 strokes/min,canonical_term_candidate,160 strokes/min,3,current_public_value_domain_count,none_observed,observed_not_promoted,forbidden_in_WEBSCHEMA1,"empty string, not_reported, needs_manual_check, and business values remain distinct",not_promoted,WEBR8-D08,WEBR8-v1,WEBSCHEMA1 field inventory + WEBR8 decision contract
VOC_EVIDENCE_MEASUREMENT_SHAKING_RPM,evidence_measurement,shaking_rpm,180,canonical_term_candidate,180,16,current_public_value_domain_count,none_observed,observed_not_promoted,forbidden_in_WEBSCHEMA1,"empty string, not_reported, needs_manual_check, and business values remain distinct",not_promoted,WEBR8-D08,WEBR8-v1,WEBSCHEMA1 field inventory + WEBR8 decision contract
VOC_EVIDENCE_MEASUREMENT_SHAKING_RPM,evidence_measurement,shaking_rpm,200,canonical_term_candidate,200,95,current_public_value_domain_count,none_observed,observed_not_promoted,forbidden_in_WEBSCHEMA1,"empty string, not_reported, needs_manual_check, and business values remain distinct",not_promoted,WEBR8-D08,WEBR8-v1,WEBSCHEMA1 field inventory + WEBR8 decision contract
VOC_EVIDENCE_MEASUREMENT_SHAKING_RPM,evidence_measurement,shaking_rpm,300,canonical_term_candidate,300,6,current_public_value_domain_count,none_observed,observed_not_promoted,forbidden_in_WEBSCHEMA1,"empty string, not_reported, needs_manual_check, and business values remain distinct",not_promoted,WEBR8-D08,WEBR8-v1,WEBSCHEMA1 field inventory + WEBR8 decision contract
VOC_EVIDENCE_MEASUREMENT_SHAKING_RPM,evidence_measurement,shaking_rpm,50,canonical_term_candidate,50,1,current_public_value_domain_count,none_observed,observed_not_promoted,forbidden_in_WEBSCHEMA1,"empty string, not_reported, needs_manual_check, and business values remain distinct",not_promoted,WEBR8-D08,WEBR8-v1,WEBSCHEMA1 field inventory + WEBR8 decision contract
VOC_EVIDENCE_MEASUREMENT_SHAKING_RPM,evidence_measurement,shaking_rpm,500,canonical_term_candidate,500,1,current_public_value_domain_count,none_observed,observed_not_promoted,forbidden_in_WEBSCHEMA1,"empty string, not_reported, needs_manual_check, and business values remain distinct",not_promoted,WEBR8-D08,WEBR8-v1,WEBSCHEMA1 field inventory + WEBR8 decision contract
VOC_EVIDENCE_MEASUREMENT_SHAKING_RPM,evidence_measurement,shaking_rpm,60,canonical_term_candidate,60,1,current_public_value_domain_count,none_observed,observed_not_promoted,forbidden_in_WEBSCHEMA1,"empty string, not_reported, needs_manual_check, and business values remain distinct",not_promoted,WEBR8-D08,WEBR8-v1,WEBSCHEMA1 field inventory + WEBR8 decision contract
VOC_EVIDENCE_MEASUREMENT_SHAKING_RPM,evidence_measurement,shaking_rpm,needs_manual_check,sentinel,needs_manual_check,2,current_public_value_domain_count,none_observed,observed_sentinel_locked_distinct,forbidden_in_WEBSCHEMA1,"empty string, not_reported, needs_manual_check, and business values remain distinct",not_promoted,WEBR8-D08,WEBR8-v1,WEBSCHEMA1 field inventory + WEBR8 decision contract
VOC_EVIDENCE_MEASUREMENT_SHAKING_RPM,evidence_measurement,shaking_rpm,not_reported,sentinel,not_reported,2542,current_public_value_domain_count,none_observed,observed_sentinel_locked_distinct,forbidden_in_WEBSCHEMA1,"empty string, not_reported, needs_manual_check, and business values remain distinct",not_promoted,WEBR8-D08,WEBR8-v1,WEBSCHEMA1 field inventory + WEBR8 decision contract
VOC_EVIDENCE_MEASUREMENT_SHAKING_RPM,evidence_measurement,shaking_rpm,rotary shaker,canonical_term_candidate,rotary shaker,7,current_public_value_domain_count,none_observed,observed_not_promoted,forbidden_in_WEBSCHEMA1,"empty string, not_reported, needs_manual_check, and business values remain distinct",not_promoted,WEBR8-D08,WEBR8-v1,WEBSCHEMA1 field inventory + WEBR8 decision contract
VOC_EVIDENCE_MEASUREMENT_SHAKING_RPM,evidence_measurement,shaking_rpm,shaking,canonical_term_candidate,shaking,24,current_public_value_domain_count,none_observed,observed_not_promoted,forbidden_in_WEBSCHEMA1,"empty string, not_reported, needs_manual_check, and business values remain distinct",not_promoted,WEBR8-D08,WEBR8-v1,WEBSCHEMA1 field inventory + WEBR8 decision contract
VOC_EVIDENCE_MEASUREMENT_SOURCE_LAYER,evidence_measurement,source_layer,patent_evidence_layer,canonical_term_candidate,patent_evidence_layer,734,current_public_value_domain_count,none_observed,observed_not_promoted,forbidden_in_WEBSCHEMA1,"empty string, not_reported, needs_manual_check, and business values remain distinct",not_promoted,WEBR8-D08,WEBR8-v1,WEBSCHEMA1 field inventory + WEBR8 decision contract
VOC_EVIDENCE_MEASUREMENT_SOURCE_LAYER,evidence_measurement,source_layer,phase1A_direct_staged,canonical_term_candidate,phase1A_direct_staged,2123,current_public_value_domain_count,none_observed,observed_not_promoted,forbidden_in_WEBSCHEMA1,"empty string, not_reported, needs_manual_check, and business values remain distinct",not_promoted,WEBR8-D08,WEBR8-v1,WEBSCHEMA1 field inventory + WEBR8 decision contract
VOC_EVIDENCE_MEASUREMENT_SOURCE_TYPE,evidence_measurement,source_type,literature,canonical_term_candidate,literature,2123,current_public_value_domain_count,none_observed,observed_not_promoted,forbidden_in_WEBSCHEMA1,"empty string, not_reported, needs_manual_check, and business values remain distinct",not_promoted,WEBR8-D08,WEBR8-v1,WEBSCHEMA1 field inventory + WEBR8 decision contract
VOC_EVIDENCE_MEASUREMENT_SOURCE_TYPE,evidence_measurement,source_type,patent,canonical_term_candidate,patent,734,current_public_value_domain_count,none_observed,observed_not_promoted,forbidden_in_WEBSCHEMA1,"empty string, not_reported, needs_manual_check, and business values remain distinct",not_promoted,WEBR8-D08,WEBR8-v1,WEBSCHEMA1 field inventory + WEBR8 decision contract
VOC_EVIDENCE_MEASUREMENT_STRUCTURE_MODELING_READINESS,evidence_measurement,structure_modeling_readiness,exact_PDB_available,canonical_term_candidate,exact_PDB_available,1,current_public_value_domain_count,none_observed,observed_not_promoted,forbidden_in_WEBSCHEMA1,"empty string, not_reported, needs_manual_check, and business values remain distinct",not_promoted,WEBR8-D08,WEBR8-v1,WEBSCHEMA1 field inventory + WEBR8 decision contract
VOC_EVIDENCE_MEASUREMENT_STRUCTURE_MODELING_READINESS,evidence_measurement,structure_modeling_readiness,experimental_structure_available,canonical_term_candidate,experimental_structure_available,2,current_public_value_domain_count,none_observed,observed_not_promoted,forbidden_in_WEBSCHEMA1,"empty string, not_reported, needs_manual_check, and business values remain distinct",not_promoted,WEBR8-D08,WEBR8-v1,WEBSCHEMA1 field inventory + WEBR8 decision contract
VOC_EVIDENCE_MEASUREMENT_STRUCTURE_MODELING_READINESS,evidence_measurement,structure_modeling_readiness,needs_manual_check,sentinel,needs_manual_check,86,current_public_value_domain_count,none_observed,observed_sentinel_locked_distinct,forbidden_in_WEBSCHEMA1,"empty string, not_reported, needs_manual_check, and business values remain distinct",not_promoted,WEBR8-D08,WEBR8-v1,WEBSCHEMA1 field inventory + WEBR8 decision contract
VOC_EVIDENCE_MEASUREMENT_STRUCTURE_MODELING_READINESS,evidence_measurement,structure_modeling_readiness,not_reported,sentinel,not_reported,42,current_public_value_domain_count,none_observed,observed_sentinel_locked_distinct,forbidden_in_WEBSCHEMA1,"empty string, not_reported, needs_manual_check, and business values remain distinct",not_promoted,WEBR8-D08,WEBR8-v1,WEBSCHEMA1 field inventory + WEBR8 decision contract
VOC_EVIDENCE_MEASUREMENT_STRUCTURE_MODELING_READINESS,evidence_measurement,structure_modeling_readiness,parent_scaffold_only,canonical_term_candidate,parent_scaffold_only,23,current_public_value_domain_count,none_observed,observed_not_promoted,forbidden_in_WEBSCHEMA1,"empty string, not_reported, needs_manual_check, and business values remain distinct",not_promoted,WEBR8-D08,WEBR8-v1,WEBSCHEMA1 field inventory + WEBR8 decision contract
VOC_EVIDENCE_MEASUREMENT_STRUCTURE_MODELING_READINESS,evidence_measurement,structure_modeling_readiness,phenotype_ready,canonical_term_candidate,phenotype_ready,579,current_public_value_domain_count,none_observed,observed_not_promoted,forbidden_in_WEBSCHEMA1,"empty string, not_reported, needs_manual_check, and business values remain distinct",not_promoted,WEBR8-D08,WEBR8-v1,WEBSCHEMA1 field inventory + WEBR8 decision contract
VOC_EVIDENCE_MEASUREMENT_STRUCTURE_MODELING_READINESS,evidence_measurement,structure_modeling_readiness,ready,canonical_term_candidate,ready,1,current_public_value_domain_count,none_observed,observed_not_promoted,forbidden_in_WEBSCHEMA1,"empty string, not_reported, needs_manual_check, and business values remain distinct",not_promoted,WEBR8-D08,WEBR8-v1,WEBSCHEMA1 field inventory + WEBR8 decision contract
VOC_EVIDENCE_MEASUREMENT_STRUCTURE_MODELING_READINESS,evidence_measurement,structure_modeling_readiness,sequence_ready,canonical_term_candidate,sequence_ready,1463,current_public_value_domain_count,none_observed,observed_not_promoted,forbidden_in_WEBSCHEMA1,"empty string, not_reported, needs_manual_check, and business values remain distinct",not_promoted,WEBR8-D08,WEBR8-v1,WEBSCHEMA1 field inventory + WEBR8 decision contract
VOC_EVIDENCE_MEASUREMENT_STRUCTURE_MODELING_READINESS,evidence_measurement,structure_modeling_readiness,structure_ready,canonical_term_candidate,structure_ready,660,current_public_value_domain_count,none_observed,observed_not_promoted,forbidden_in_WEBSCHEMA1,"empty string, not_reported, needs_manual_check, and business values remain distinct",not_promoted,WEBR8-D08,WEBR8-v1,WEBSCHEMA1 field inventory + WEBR8 decision contract
VOC_EVIDENCE_MEASUREMENT_TIER_2B,evidence_measurement,tier_2b,in_assay,canonical_term_candidate,in_assay,139,current_public_value_domain_count,none_observed,observed_not_promoted,forbidden_in_WEBSCHEMA1,"empty string, not_reported, needs_manual_check, and business values remain distinct",not_promoted,WEBR8-D08,WEBR8-v1,WEBSCHEMA1 field inventory + WEBR8 decision contract
VOC_EVIDENCE_MEASUREMENT_TIER_2B,evidence_measurement,tier_2b,needs_manual_check,sentinel,needs_manual_check,3,current_public_value_domain_count,none_observed,observed_sentinel_locked_distinct,forbidden_in_WEBSCHEMA1,"empty string, not_reported, needs_manual_check, and business values remain distinct",not_promoted,WEBR8-D08,WEBR8-v1,WEBSCHEMA1 field inventory + WEBR8 decision contract
VOC_EVIDENCE_MEASUREMENT_TIER_2B,evidence_measurement,tier_2b,pre_incubated,canonical_term_candidate,pre_incubated,1981,current_public_value_domain_count,none_observed,observed_not_promoted,forbidden_in_WEBSCHEMA1,"empty string, not_reported, needs_manual_check, and business values remain distinct",not_promoted,WEBR8-D08,WEBR8-v1,WEBSCHEMA1 field inventory + WEBR8 decision contract
VOC_EVIDENCE_MEASUREMENT_TIME_SERIES_AVAILABLE,evidence_measurement,time_series_available,needs_manual_check,sentinel,needs_manual_check,16,current_public_value_domain_count,none_observed,observed_sentinel_locked_distinct,forbidden_in_WEBSCHEMA1,"empty string, not_reported, needs_manual_check, and business values remain distinct",not_promoted,WEBR8-D08,WEBR8-v1,WEBSCHEMA1 field inventory + WEBR8 decision contract
VOC_EVIDENCE_MEASUREMENT_TIME_SERIES_AVAILABLE,evidence_measurement,time_series_available,no,canonical_term_candidate,no,1273,current_public_value_domain_count,none_observed,observed_not_promoted,forbidden_in_WEBSCHEMA1,"empty string, not_reported, needs_manual_check, and business values remain distinct",not_promoted,WEBR8-D08,WEBR8-v1,WEBSCHEMA1 field inventory + WEBR8 decision contract
VOC_EVIDENCE_MEASUREMENT_TIME_SERIES_AVAILABLE,evidence_measurement,time_series_available,not_reported,sentinel,not_reported,51,current_public_value_domain_count,none_observed,observed_sentinel_locked_distinct,forbidden_in_WEBSCHEMA1,"empty string, not_reported, needs_manual_check, and business values remain distinct",not_promoted,WEBR8-D08,WEBR8-v1,WEBSCHEMA1 field inventory + WEBR8 decision contract
VOC_EVIDENCE_MEASUREMENT_TIME_SERIES_AVAILABLE,evidence_measurement,time_series_available,yes,canonical_term_candidate,yes,1495,current_public_value_domain_count,none_observed,observed_not_promoted,forbidden_in_WEBSCHEMA1,"empty string, not_reported, needs_manual_check, and business values remain distinct",not_promoted,WEBR8-D08,WEBR8-v1,WEBSCHEMA1 field inventory + WEBR8 decision contract
VOC_EVIDENCE_MEASUREMENT_UNCERTAINTY_BASIS,evidence_measurement,uncertainty_basis,author_reported,canonical_term_candidate,author_reported,10,current_public_value_domain_count,none_observed,observed_not_promoted,forbidden_in_WEBSCHEMA1,"empty string, not_reported, needs_manual_check, and business values remain distinct",not_promoted,WEBR8-D08,WEBR8-v1,WEBSCHEMA1 field inventory + WEBR8 decision contract
VOC_EVIDENCE_MEASUREMENT_UNCERTAINTY_BASIS,evidence_measurement,uncertainty_basis,author_reported_not_captured,canonical_term_candidate,author_reported_not_captured,361,current_public_value_domain_count,none_observed,observed_not_promoted,forbidden_in_WEBSCHEMA1,"empty string, not_reported, needs_manual_check, and business values remain distinct",not_promoted,WEBR8-D08,WEBR8-v1,WEBSCHEMA1 field inventory + WEBR8 decision contract
VOC_EVIDENCE_MEASUREMENT_UNCERTAINTY_BASIS,evidence_measurement,uncertainty_basis,default,canonical_term_candidate,default,1566,current_public_value_domain_count,none_observed,observed_not_promoted,forbidden_in_WEBSCHEMA1,"empty string, not_reported, needs_manual_check, and business values remain distinct",not_promoted,WEBR8-D08,WEBR8-v1,WEBSCHEMA1 field inventory + WEBR8 decision contract
VOC_EVIDENCE_MEASUREMENT_UNCERTAINTY_BASIS,evidence_measurement,uncertainty_basis,half_tick_rule,canonical_term_candidate,half_tick_rule,126,current_public_value_domain_count,none_observed,observed_not_promoted,forbidden_in_WEBSCHEMA1,"empty string, not_reported, needs_manual_check, and business values remain distinct",not_promoted,WEBR8-D08,WEBR8-v1,WEBSCHEMA1 field inventory + WEBR8 decision contract
VOC_EVIDENCE_MEASUREMENT_UNCERTAINTY_BASIS,evidence_measurement,uncertainty_basis,needs_manual_check,sentinel,needs_manual_check,60,current_public_value_domain_count,none_observed,observed_sentinel_locked_distinct,forbidden_in_WEBSCHEMA1,"empty string, not_reported, needs_manual_check, and business values remain distinct",not_promoted,WEBR8-D08,WEBR8-v1,WEBSCHEMA1 field inventory + WEBR8 decision contract
VOC_EVIDENCE_MEASUREMENT_UNIT_CONVERSION_FACTOR,evidence_measurement,unit_conversion_factor,0.0102,canonical_term_candidate,0.0102,3,current_public_value_domain_count,none_observed,observed_not_promoted,forbidden_in_WEBSCHEMA1,"empty string, not_reported, needs_manual_check, and business values remain distinct",not_promoted,WEBR8-D08,WEBR8-v1,WEBSCHEMA1 field inventory + WEBR8 decision contract
VOC_EVIDENCE_MEASUREMENT_UNIT_CONVERSION_FACTOR,evidence_measurement,unit_conversion_factor,0.0155,canonical_term_candidate,0.0155,3,current_public_value_domain_count,none_observed,observed_not_promoted,forbidden_in_WEBSCHEMA1,"empty string, not_reported, needs_manual_check, and business values remain distinct",not_promoted,WEBR8-D08,WEBR8-v1,WEBSCHEMA1 field inventory + WEBR8 decision contract
VOC_EVIDENCE_MEASUREMENT_UNIT_CONVERSION_FACTOR,evidence_measurement,unit_conversion_factor,0.0222,canonical_term_candidate,0.0222,3,current_public_value_domain_count,none_observed,observed_not_promoted,forbidden_in_WEBSCHEMA1,"empty string, not_reported, needs_manual_check, and business values remain distinct",not_promoted,WEBR8-D08,WEBR8-v1,WEBSCHEMA1 field inventory + WEBR8 decision contract
VOC_EVIDENCE_MEASUREMENT_UNIT_CONVERSION_FACTOR,evidence_measurement,unit_conversion_factor,0.0546,canonical_term_candidate,0.0546,3,current_public_value_domain_count,none_observed,observed_not_promoted,forbidden_in_WEBSCHEMA1,"empty string, not_reported, needs_manual_check, and business values remain distinct",not_promoted,WEBR8-D08,WEBR8-v1,WEBSCHEMA1 field inventory + WEBR8 decision contract
VOC_EVIDENCE_MEASUREMENT_UNIT_CONVERSION_FACTOR,evidence_measurement,unit_conversion_factor,0.0654,canonical_term_candidate,0.0654,3,current_public_value_domain_count,none_observed,observed_not_promoted,forbidden_in_WEBSCHEMA1,"empty string, not_reported, needs_manual_check, and business values remain distinct",not_promoted,WEBR8-D08,WEBR8-v1,WEBSCHEMA1 field inventory + WEBR8 decision contract
VOC_EVIDENCE_MEASUREMENT_UNIT_CONVERSION_FACTOR,evidence_measurement,unit_conversion_factor,0.0671,canonical_term_candidate,0.0671,3,current_public_value_domain_count,none_observed,observed_not_promoted,forbidden_in_WEBSCHEMA1,"empty string, not_reported, needs_manual_check, and business values remain distinct",not_promoted,WEBR8-D08,WEBR8-v1,WEBSCHEMA1 field inventory + WEBR8 decision contract
VOC_EVIDENCE_MEASUREMENT_UNIT_CONVERSION_FACTOR,evidence_measurement,unit_conversion_factor,0.0704,canonical_term_candidate,0.0704,3,current_public_value_domain_count,none_observed,observed_not_promoted,forbidden_in_WEBSCHEMA1,"empty string, not_reported, needs_manual_check, and business values remain distinct",not_promoted,WEBR8-D08,WEBR8-v1,WEBSCHEMA1 field inventory + WEBR8 decision contract
VOC_EVIDENCE_MEASUREMENT_UNIT_CONVERSION_FACTOR,evidence_measurement,unit_conversion_factor,0.073,canonical_term_candidate,0.073,3,current_public_value_domain_count,none_observed,observed_not_promoted,forbidden_in_WEBSCHEMA1,"empty string, not_reported, needs_manual_check, and business values remain distinct",not_promoted,WEBR8-D08,WEBR8-v1,WEBSCHEMA1 field inventory + WEBR8 decision contract
VOC_EVIDENCE_MEASUREMENT_UNIT_CONVERSION_FACTOR,evidence_measurement,unit_conversion_factor,0.0813,canonical_term_candidate,0.0813,3,current_public_value_domain_count,none_observed,observed_not_promoted,forbidden_in_WEBSCHEMA1,"empty string, not_reported, needs_manual_check, and business values remain distinct",not_promoted,WEBR8-D08,WEBR8-v1,WEBSCHEMA1 field inventory + WEBR8 decision contract
VOC_EVIDENCE_MEASUREMENT_UNIT_CONVERSION_FACTOR,evidence_measurement,unit_conversion_factor,0.1087,canonical_term_candidate,0.1087,3,current_public_value_domain_count,none_observed,observed_not_promoted,forbidden_in_WEBSCHEMA1,"empty string, not_reported, needs_manual_check, and business values remain distinct",not_promoted,WEBR8-D08,WEBR8-v1,WEBSCHEMA1 field inventory + WEBR8 decision contract
VOC_EVIDENCE_MEASUREMENT_UNIT_CONVERSION_FACTOR,evidence_measurement,unit_conversion_factor,0.2,canonical_term_candidate,0.2,3,current_public_value_domain_count,none_observed,observed_not_promoted,forbidden_in_WEBSCHEMA1,"empty string, not_reported, needs_manual_check, and business values remain distinct",not_promoted,WEBR8-D08,WEBR8-v1,WEBSCHEMA1 field inventory + WEBR8 decision contract
VOC_EVIDENCE_MEASUREMENT_UNIT_CONVERSION_FACTOR,evidence_measurement,unit_conversion_factor,0.2941,canonical_term_candidate,0.2941,3,current_public_value_domain_count,none_observed,observed_not_promoted,forbidden_in_WEBSCHEMA1,"empty string, not_reported, needs_manual_check, and business values remain distinct",not_promoted,WEBR8-D08,WEBR8-v1,WEBSCHEMA1 field inventory + WEBR8 decision contract
VOC_EVIDENCE_MEASUREMENT_UNIT_CONVERSION_FACTOR,evidence_measurement,unit_conversion_factor,0.625,canonical_term_candidate,0.625,3,current_public_value_domain_count,none_observed,observed_not_promoted,forbidden_in_WEBSCHEMA1,"empty string, not_reported, needs_manual_check, and business values remain distinct",not_promoted,WEBR8-D08,WEBR8-v1,WEBSCHEMA1 field inventory + WEBR8 decision contract
VOC_EVIDENCE_MEASUREMENT_UNIT_CONVERSION_FACTOR,evidence_measurement,unit_conversion_factor,0.8333,canonical_term_candidate,0.8333,3,current_public_value_domain_count,none_observed,observed_not_promoted,forbidden_in_WEBSCHEMA1,"empty string, not_reported, needs_manual_check, and business values remain distinct",not_promoted,WEBR8-D08,WEBR8-v1,WEBSCHEMA1 field inventory + WEBR8 decision contract
VOC_EVIDENCE_MEASUREMENT_UNIT_CONVERSION_FACTOR,evidence_measurement,unit_conversion_factor,1,canonical_term_candidate,1,2355,current_public_value_domain_count,none_observed,observed_not_promoted,forbidden_in_WEBSCHEMA1,"empty string, not_reported, needs_manual_check, and business values remain distinct",not_promoted,WEBR8-D08,WEBR8-v1,WEBSCHEMA1 field inventory + WEBR8 decision contract
VOC_EVIDENCE_MEASUREMENT_UNIT_CONVERSION_FACTOR,evidence_measurement,unit_conversion_factor,100,canonical_term_candidate,100,386,current_public_value_domain_count,none_observed,observed_not_promoted,forbidden_in_WEBSCHEMA1,"empty string, not_reported, needs_manual_check, and business values remain distinct",not_promoted,WEBR8-D08,WEBR8-v1,WEBSCHEMA1 field inventory + WEBR8 decision contract
VOC_EVIDENCE_MEASUREMENT_UNIT_CONVERSION_FACTOR,evidence_measurement,unit_conversion_factor,3.0303,canonical_term_candidate,3.0303,3,current_public_value_domain_count,none_observed,observed_not_promoted,forbidden_in_WEBSCHEMA1,"empty string, not_reported, needs_manual_check, and business values remain distinct",not_promoted,WEBR8-D08,WEBR8-v1,WEBSCHEMA1 field inventory + WEBR8 decision contract
VOC_EVIDENCE_MEASUREMENT_UNIT_CONVERSION_FACTOR,evidence_measurement,unit_conversion_factor,construct-specific Figure 2A A0 ratio,canonical_term_candidate,construct-specific Figure 2A A0 ratio,25,current_public_value_domain_count,none_observed,observed_not_promoted,forbidden_in_WEBSCHEMA1,"empty string, not_reported, needs_manual_check, and business values remain distinct",not_promoted,WEBR8-D08,WEBR8-v1,WEBSCHEMA1 field inventory + WEBR8 decision contract
VOC_EVIDENCE_MEASUREMENT_UNIT_CONVERSION_FACTOR,evidence_measurement,unit_conversion_factor,not_reported,sentinel,not_reported,46,current_public_value_domain_count,none_observed,observed_sentinel_locked_distinct,forbidden_in_WEBSCHEMA1,"empty string, not_reported, needs_manual_check, and business values remain distinct",not_promoted,WEBR8-D08,WEBR8-v1,WEBSCHEMA1 field inventory + WEBR8 decision contract
VOC_EVIDENCE_MEASUREMENT_VALUE_UNCERTAINTY_PP,evidence_measurement,value_uncertainty_pp,0,canonical_term_candidate,0,361,current_public_value_domain_count,none_observed,observed_not_promoted,forbidden_in_WEBSCHEMA1,"empty string, not_reported, needs_manual_check, and business values remain distinct",not_promoted,WEBR8-D08,WEBR8-v1,WEBSCHEMA1 field inventory + WEBR8 decision contract
VOC_EVIDENCE_MEASUREMENT_VALUE_UNCERTAINTY_PP,evidence_measurement,value_uncertainty_pp,1.4,canonical_term_candidate,1.4,1,current_public_value_domain_count,none_observed,observed_not_promoted,forbidden_in_WEBSCHEMA1,"empty string, not_reported, needs_manual_check, and business values remain distinct",not_promoted,WEBR8-D08,WEBR8-v1,WEBSCHEMA1 field inventory + WEBR8 decision contract
VOC_EVIDENCE_MEASUREMENT_VALUE_UNCERTAINTY_PP,evidence_measurement,value_uncertainty_pp,1.82,canonical_term_candidate,1.82,1,current_public_value_domain_count,none_observed,observed_not_promoted,forbidden_in_WEBSCHEMA1,"empty string, not_reported, needs_manual_check, and business values remain distinct",not_promoted,WEBR8-D08,WEBR8-v1,WEBSCHEMA1 field inventory + WEBR8 decision contract
VOC_EVIDENCE_MEASUREMENT_VALUE_UNCERTAINTY_PP,evidence_measurement,value_uncertainty_pp,10,canonical_term_candidate,10,1141,current_public_value_domain_count,none_observed,observed_not_promoted,forbidden_in_WEBSCHEMA1,"empty string, not_reported, needs_manual_check, and business values remain distinct",not_promoted,WEBR8-D08,WEBR8-v1,WEBSCHEMA1 field inventory + WEBR8 decision contract
VOC_EVIDENCE_MEASUREMENT_VALUE_UNCERTAINTY_PP,evidence_measurement,value_uncertainty_pp,12.5,canonical_term_candidate,12.5,170,current_public_value_domain_count,none_observed,observed_not_promoted,forbidden_in_WEBSCHEMA1,"empty string, not_reported, needs_manual_check, and business values remain distinct",not_promoted,WEBR8-D08,WEBR8-v1,WEBSCHEMA1 field inventory + WEBR8 decision contract
VOC_EVIDENCE_MEASUREMENT_VALUE_UNCERTAINTY_PP,evidence_measurement,value_uncertainty_pp,2.2,canonical_term_candidate,2.2,1,current_public_value_domain_count,none_observed,observed_not_promoted,forbidden_in_WEBSCHEMA1,"empty string, not_reported, needs_manual_check, and business values remain distinct",not_promoted,WEBR8-D08,WEBR8-v1,WEBSCHEMA1 field inventory + WEBR8 decision contract
VOC_EVIDENCE_MEASUREMENT_VALUE_UNCERTAINTY_PP,evidence_measurement,value_uncertainty_pp,2.5,canonical_term_candidate,2.5,6,current_public_value_domain_count,none_observed,observed_not_promoted,forbidden_in_WEBSCHEMA1,"empty string, not_reported, needs_manual_check, and business values remain distinct",not_promoted,WEBR8-D08,WEBR8-v1,WEBSCHEMA1 field inventory + WEBR8 decision contract
VOC_EVIDENCE_MEASUREMENT_VALUE_UNCERTAINTY_PP,evidence_measurement,value_uncertainty_pp,3.0,canonical_term_candidate,3.0,1,current_public_value_domain_count,none_observed,observed_not_promoted,forbidden_in_WEBSCHEMA1,"empty string, not_reported, needs_manual_check, and business values remain distinct",not_promoted,WEBR8-D08,WEBR8-v1,WEBSCHEMA1 field inventory + WEBR8 decision contract
VOC_EVIDENCE_MEASUREMENT_VALUE_UNCERTAINTY_PP,evidence_measurement,value_uncertainty_pp,5,canonical_term_candidate,5,381,current_public_value_domain_count,none_observed,observed_not_promoted,forbidden_in_WEBSCHEMA1,"empty string, not_reported, needs_manual_check, and business values remain distinct",not_promoted,WEBR8-D08,WEBR8-v1,WEBSCHEMA1 field inventory + WEBR8 decision contract
VOC_EVIDENCE_MEASUREMENT_VALUE_UNCERTAINTY_PP,evidence_measurement,value_uncertainty_pp,needs_manual_check,sentinel,needs_manual_check,36,current_public_value_domain_count,none_observed,observed_sentinel_locked_distinct,forbidden_in_WEBSCHEMA1,"empty string, not_reported, needs_manual_check, and business values remain distinct",not_promoted,WEBR8-D08,WEBR8-v1,WEBSCHEMA1 field inventory + WEBR8 decision contract
VOC_EVIDENCE_MEASUREMENT_VALUE_UNCERTAINTY_PP,evidence_measurement,value_uncertainty_pp,unit_not_convertible,sentinel,unit_not_convertible,24,current_public_value_domain_count,none_observed,observed_sentinel_locked_distinct,forbidden_in_WEBSCHEMA1,"empty string, not_reported, needs_manual_check, and business values remain distinct",not_promoted,WEBR8-D08,WEBR8-v1,WEBSCHEMA1 field inventory + WEBR8 decision contract
VOC_GLOBAL_SEARCH_INDEX_ENTITY_TYPE,global_search_index,entity_type,enzyme_construct,canonical_term_candidate,enzyme_construct,671,current_public_value_domain_count,none_observed,observed_not_promoted,forbidden_in_WEBSCHEMA1,"empty string, not_reported, needs_manual_check, and business values remain distinct",not_promoted,WEBR8-D08,WEBR8-v1,WEBSCHEMA1 field inventory + WEBR8 decision contract
VOC_GLOBAL_SEARCH_INDEX_ENTITY_TYPE,global_search_index,entity_type,enzyme_page,canonical_term_candidate,enzyme_page,5,current_public_value_domain_count,none_observed,observed_not_promoted,forbidden_in_WEBSCHEMA1,"empty string, not_reported, needs_manual_check, and business values remain distinct",not_promoted,WEBR8-D08,WEBR8-v1,WEBSCHEMA1 field inventory + WEBR8 decision contract
VOC_GLOBAL_SEARCH_INDEX_ENTITY_TYPE,global_search_index,entity_type,source,canonical_term_candidate,source,215,current_public_value_domain_count,none_observed,observed_not_promoted,forbidden_in_WEBSCHEMA1,"empty string, not_reported, needs_manual_check, and business values remain distinct",not_promoted,WEBR8-D08,WEBR8-v1,WEBSCHEMA1 field inventory + WEBR8 decision contract
VOC_HOMEPAGE_STATS_CROSS_SOURCE_MAX_SPREAD_CONTEXT,homepage_stats,cross_source_max_spread_context,"LMT_0248 at 50% methanol, 2 h, 25 °C across 2 sources",canonical_term_candidate,"LMT_0248 at 50% methanol, 2 h, 25 °C across 2 sources",1,current_public_value_domain_count,none_observed,observed_not_promoted,forbidden_in_WEBSCHEMA1,"empty string, not_reported, needs_manual_check, and business values remain distinct",not_promoted,WEBR8-D08,WEBR8-v1,WEBSCHEMA1 field inventory + WEBR8 decision contract
VOC_HOMEPAGE_STATS_DATA_VERSION,homepage_stats,data_version,v3.0,canonical_term_candidate,v3.0,1,current_public_value_domain_count,none_observed,observed_not_promoted,forbidden_in_WEBSCHEMA1,"empty string, not_reported, needs_manual_check, and business values remain distinct",not_promoted,WEBR8-D08,WEBR8-v1,WEBSCHEMA1 field inventory + WEBR8 decision contract
VOC_HOMEPAGE_STATS_F9_TIER_COUNTS,homepage_stats,f9_tier_counts,"{'evidence_moderate': 104, 'evidence_rich': 126, 'evidence_absent': 180, 'evidence_sparse': 201}",canonical_term_candidate,"{'evidence_moderate': 104, 'evidence_rich': 126, 'evidence_absent': 180, 'evidence_sparse': 201}",1,current_public_value_domain_count,none_observed,observed_not_promoted,forbidden_in_WEBSCHEMA1,"empty string, not_reported, needs_manual_check, and business values remain distinct",not_promoted,WEBR8-D08,WEBR8-v1,WEBSCHEMA1 field inventory + WEBR8 decision contract
VOC_HOMEPAGE_STATS_P4A_FAMILY_HEADLINE,homepage_stats,p4a_family_headline,"{'l1_groups': 27, 'l2_groups': 102, 'included_enzymes': 671, 'genus_count': 0, 'gradient_rows': [], 'source': 'results/2026-10-04_CH4_Q5_FOUNDATION_INTERFACE_CLOSURE_CORR/family_architecture_v2o_Q5CLOSURE.csv'}",canonical_term_candidate,"{'l1_groups': 27, 'l2_groups': 102, 'included_enzymes': 671, 'genus_count': 0, 'gradient_rows': [], 'source': 'results/2026-10-04_CH4_Q5_FOUNDATION_INTERFACE_CLOSURE_CORR/family_architecture_v2o_Q5CLOSURE.csv'}",1,current_public_value_domain_count,none_observed,observed_not_promoted,forbidden_in_WEBSCHEMA1,"empty string, not_reported, needs_manual_check, and business values remain distinct",not_promoted,WEBR8-D08,WEBR8-v1,WEBSCHEMA1 field inventory + WEBR8 decision contract
VOC_MEASUREMENT_EVIDENCE_A0_CONDITION_MATCHED_TO_READOUT,measurement_evidence,A0_condition_matched_to_readout,needs_manual_check,sentinel,needs_manual_check,6,current_public_value_domain_count,none_observed,observed_sentinel_locked_distinct,forbidden_in_WEBSCHEMA1,"empty string, not_reported, needs_manual_check, and business values remain distinct",not_promoted,WEBR8-D08,WEBR8-v1,WEBSCHEMA1 field inventory + WEBR8 decision contract
VOC_MEASUREMENT_EVIDENCE_A0_CONDITION_MATCHED_TO_READOUT,measurement_evidence,A0_condition_matched_to_readout,partial,canonical_term_candidate,partial,755,current_public_value_domain_count,none_observed,observed_not_promoted,forbidden_in_WEBSCHEMA1,"empty string, not_reported, needs_manual_check, and business values remain distinct",not_promoted,WEBR8-D08,WEBR8-v1,WEBSCHEMA1 field inventory + WEBR8 decision contract
VOC_MEASUREMENT_EVIDENCE_A0_CONDITION_MATCHED_TO_READOUT,measurement_evidence,A0_condition_matched_to_readout,yes,canonical_term_candidate,yes,1991,current_public_value_domain_count,none_observed,observed_not_promoted,forbidden_in_WEBSCHEMA1,"empty string, not_reported, needs_manual_check, and business values remain distinct",not_promoted,WEBR8-D08,WEBR8-v1,WEBSCHEMA1 field inventory + WEBR8 decision contract
VOC_MEASUREMENT_EVIDENCE_A0_CV_PERCENT,measurement_evidence,A0_cv_percent,0.0,canonical_term_candidate,0.0,2,current_public_value_domain_count,none_observed,observed_not_promoted,forbidden_in_WEBSCHEMA1,"empty string, not_reported, needs_manual_check, and business values remain distinct",not_promoted,WEBR8-D08,WEBR8-v1,WEBSCHEMA1 field inventory + WEBR8 decision contract
VOC_MEASUREMENT_EVIDENCE_A0_CV_PERCENT,measurement_evidence,A0_cv_percent,0.2,canonical_term_candidate,0.2,1,current_public_value_domain_count,none_observed,observed_not_promoted,forbidden_in_WEBSCHEMA1,"empty string, not_reported, needs_manual_check, and business values remain distinct",not_promoted,WEBR8-D08,WEBR8-v1,WEBSCHEMA1 field inventory + WEBR8 decision contract
VOC_MEASUREMENT_EVIDENCE_A0_CV_PERCENT,measurement_evidence,A0_cv_percent,0.4,canonical_term_candidate,0.4,1,current_public_value_domain_count,none_observed,observed_not_promoted,forbidden_in_WEBSCHEMA1,"empty string, not_reported, needs_manual_check, and business values remain distinct",not_promoted,WEBR8-D08,WEBR8-v1,WEBSCHEMA1 field inventory + WEBR8 decision contract
VOC_MEASUREMENT_EVIDENCE_A0_CV_PERCENT,measurement_evidence,A0_cv_percent,0.5,canonical_term_candidate,0.5,1,current_public_value_domain_count,none_observed,observed_not_promoted,forbidden_in_WEBSCHEMA1,"empty string, not_reported, needs_manual_check, and business values remain distinct",not_promoted,WEBR8-D08,WEBR8-v1,WEBSCHEMA1 field inventory + WEBR8 decision contract
VOC_MEASUREMENT_EVIDENCE_A0_CV_PERCENT,measurement_evidence,A0_cv_percent,0.6,canonical_term_candidate,0.6,1,current_public_value_domain_count,none_observed,observed_not_promoted,forbidden_in_WEBSCHEMA1,"empty string, not_reported, needs_manual_check, and business values remain distinct",not_promoted,WEBR8-D08,WEBR8-v1,WEBSCHEMA1 field inventory + WEBR8 decision contract
VOC_MEASUREMENT_EVIDENCE_A0_CV_PERCENT,measurement_evidence,A0_cv_percent,1.0,canonical_term_candidate,1.0,1,current_public_value_domain_count,none_observed,observed_not_promoted,forbidden_in_WEBSCHEMA1,"empty string, not_reported, needs_manual_check, and business values remain distinct",not_promoted,WEBR8-D08,WEBR8-v1,WEBSCHEMA1 field inventory + WEBR8 decision contract
VOC_MEASUREMENT_EVIDENCE_A0_CV_PERCENT,measurement_evidence,A0_cv_percent,1.1,canonical_term_candidate,1.1,1,current_public_value_domain_count,none_observed,observed_not_promoted,forbidden_in_WEBSCHEMA1,"empty string, not_reported, needs_manual_check, and business values remain distinct",not_promoted,WEBR8-D08,WEBR8-v1,WEBSCHEMA1 field inventory + WEBR8 decision contract
VOC_MEASUREMENT_EVIDENCE_A0_CV_PERCENT,measurement_evidence,A0_cv_percent,1.6,canonical_term_candidate,1.6,2,current_public_value_domain_count,none_observed,observed_not_promoted,forbidden_in_WEBSCHEMA1,"empty string, not_reported, needs_manual_check, and business values remain distinct",not_promoted,WEBR8-D08,WEBR8-v1,WEBSCHEMA1 field inventory + WEBR8 decision contract
VOC_MEASUREMENT_EVIDENCE_A0_CV_PERCENT,measurement_evidence,A0_cv_percent,1.7,canonical_term_candidate,1.7,1,current_public_value_domain_count,none_observed,observed_not_promoted,forbidden_in_WEBSCHEMA1,"empty string, not_reported, needs_manual_check, and business values remain distinct",not_promoted,WEBR8-D08,WEBR8-v1,WEBSCHEMA1 field inventory + WEBR8 decision contract
VOC_MEASUREMENT_EVIDENCE_A0_CV_PERCENT,measurement_evidence,A0_cv_percent,3.1,canonical_term_candidate,3.1,1,current_public_value_domain_count,none_observed,observed_not_promoted,forbidden_in_WEBSCHEMA1,"empty string, not_reported, needs_manual_check, and business values remain distinct",not_promoted,WEBR8-D08,WEBR8-v1,WEBSCHEMA1 field inventory + WEBR8 decision contract
VOC_MEASUREMENT_EVIDENCE_A0_CV_PERCENT,measurement_evidence,A0_cv_percent,4.2,canonical_term_candidate,4.2,1,current_public_value_domain_count,none_observed,observed_not_promoted,forbidden_in_WEBSCHEMA1,"empty string, not_reported, needs_manual_check, and business values remain distinct",not_promoted,WEBR8-D08,WEBR8-v1,WEBSCHEMA1 field inventory + WEBR8 decision contract
VOC_MEASUREMENT_EVIDENCE_A0_CV_PERCENT,measurement_evidence,A0_cv_percent,4.4,canonical_term_candidate,4.4,1,current_public_value_domain_count,none_observed,observed_not_promoted,forbidden_in_WEBSCHEMA1,"empty string, not_reported, needs_manual_check, and business values remain distinct",not_promoted,WEBR8-D08,WEBR8-v1,WEBSCHEMA1 field inventory + WEBR8 decision contract
VOC_MEASUREMENT_EVIDENCE_A0_CV_PERCENT,measurement_evidence,A0_cv_percent,<5,canonical_term_candidate,<5,399,current_public_value_domain_count,none_observed,observed_not_promoted,forbidden_in_WEBSCHEMA1,"empty string, not_reported, needs_manual_check, and business values remain distinct",not_promoted,WEBR8-D08,WEBR8-v1,WEBSCHEMA1 field inventory + WEBR8 decision contract
VOC_MEASUREMENT_EVIDENCE_A0_CV_PERCENT,measurement_evidence,A0_cv_percent,not_applicable,sentinel,not_applicable,2,current_public_value_domain_count,none_observed,observed_sentinel_locked_distinct,forbidden_in_WEBSCHEMA1,"empty string, not_reported, needs_manual_check, and business values remain distinct",not_promoted,WEBR8-D08,WEBR8-v1,WEBSCHEMA1 field inventory + WEBR8 decision contract
VOC_MEASUREMENT_EVIDENCE_A0_SAME_BATCH_AS_CHALLENGE,measurement_evidence,A0_same_batch_as_challenge,yes,canonical_term_candidate,yes,2685,current_public_value_domain_count,none_observed,observed_not_promoted,forbidden_in_WEBSCHEMA1,"empty string, not_reported, needs_manual_check, and business values remain distinct",not_promoted,WEBR8-D08,WEBR8-v1,WEBSCHEMA1 field inventory + WEBR8 decision contract
VOC_MEASUREMENT_EVIDENCE_D_OBS_UNRELIABLE,measurement_evidence,D_obs_unreliable,FALSE,canonical_term_candidate,FALSE,2399,current_public_value_domain_count,none_observed,observed_not_promoted,forbidden_in_WEBSCHEMA1,"empty string, not_reported, needs_manual_check, and business values remain distinct",not_promoted,WEBR8-D08,WEBR8-v1,WEBSCHEMA1 field inventory + WEBR8 decision contract
VOC_MEASUREMENT_EVIDENCE_D_OBS_UNRELIABLE,measurement_evidence,D_obs_unreliable,TRUE,canonical_term_candidate,TRUE,104,current_public_value_domain_count,none_observed,observed_not_promoted,forbidden_in_WEBSCHEMA1,"empty string, not_reported, needs_manual_check, and business values remain distinct",not_promoted,WEBR8-D08,WEBR8-v1,WEBSCHEMA1 field inventory + WEBR8 decision contract
VOC_MEASUREMENT_EVIDENCE_ASSAY_COMPARABILITY_FLAG,measurement_evidence,assay_comparability_flag,high,canonical_term_candidate,high,71,current_public_value_domain_count,none_observed,observed_not_promoted,forbidden_in_WEBSCHEMA1,"empty string, not_reported, needs_manual_check, and business values remain distinct",not_promoted,WEBR8-D08,WEBR8-v1,WEBSCHEMA1 field inventory + WEBR8 decision contract
VOC_MEASUREMENT_EVIDENCE_ASSAY_COMPARABILITY_FLAG,measurement_evidence,assay_comparability_flag,low,canonical_term_candidate,low,127,current_public_value_domain_count,none_observed,observed_not_promoted,forbidden_in_WEBSCHEMA1,"empty string, not_reported, needs_manual_check, and business values remain distinct",not_promoted,WEBR8-D08,WEBR8-v1,WEBSCHEMA1 field inventory + WEBR8 decision contract
VOC_MEASUREMENT_EVIDENCE_ASSAY_COMPARABILITY_FLAG,measurement_evidence,assay_comparability_flag,medium,canonical_term_candidate,medium,2659,current_public_value_domain_count,none_observed,observed_not_promoted,forbidden_in_WEBSCHEMA1,"empty string, not_reported, needs_manual_check, and business values remain distinct",not_promoted,WEBR8-D08,WEBR8-v1,WEBSCHEMA1 field inventory + WEBR8 decision contract
VOC_MEASUREMENT_EVIDENCE_ASSAY_CONTAINS_CHALLENGE_SOLVENT,measurement_evidence,assay_contains_challenge_solvent,not_stated,canonical_term_candidate,not_stated,2039,current_public_value_domain_count,none_observed,observed_not_promoted,forbidden_in_WEBSCHEMA1,"empty string, not_reported, needs_manual_check, and business values remain distinct",not_promoted,WEBR8-D08,WEBR8-v1,WEBSCHEMA1 field inventory + WEBR8 decision contract
VOC_MEASUREMENT_EVIDENCE_ASSAY_CONTAINS_CHALLENGE_SOLVENT,measurement_evidence,assay_contains_challenge_solvent,yes_stated_in_methods,canonical_term_candidate,yes_stated_in_methods,60,current_public_value_domain_count,none_observed,observed_not_promoted,forbidden_in_WEBSCHEMA1,"empty string, not_reported, needs_manual_check, and business values remain distinct",not_promoted,WEBR8-D08,WEBR8-v1,WEBSCHEMA1 field inventory + WEBR8 decision contract
VOC_MEASUREMENT_EVIDENCE_ASSAY_OFFSET_TERM,measurement_evidence,assay_offset_term,free_enzyme,canonical_term_candidate,free_enzyme,18,current_public_value_domain_count,none_observed,observed_not_promoted,forbidden_in_WEBSCHEMA1,"empty string, not_reported, needs_manual_check, and business values remain distinct",not_promoted,WEBR8-D08,WEBR8-v1,WEBSCHEMA1 field inventory + WEBR8 decision contract
VOC_MEASUREMENT_EVIDENCE_ASSAY_PH,measurement_evidence,assay_pH,10,canonical_term_candidate,10,1,current_public_value_domain_count,none_observed,observed_not_promoted,forbidden_in_WEBSCHEMA1,"empty string, not_reported, needs_manual_check, and business values remain distinct",not_promoted,WEBR8-D08,WEBR8-v1,WEBSCHEMA1 field inventory + WEBR8 decision contract
VOC_MEASUREMENT_EVIDENCE_ASSAY_PH,measurement_evidence,assay_pH,10.0,canonical_term_candidate,10.0,7,current_public_value_domain_count,none_observed,observed_not_promoted,forbidden_in_WEBSCHEMA1,"empty string, not_reported, needs_manual_check, and business values remain distinct",not_promoted,WEBR8-D08,WEBR8-v1,WEBSCHEMA1 field inventory + WEBR8 decision contract
VOC_MEASUREMENT_EVIDENCE_ASSAY_PH,measurement_evidence,assay_pH,11,canonical_term_candidate,11,8,current_public_value_domain_count,none_observed,observed_not_promoted,forbidden_in_WEBSCHEMA1,"empty string, not_reported, needs_manual_check, and business values remain distinct",not_promoted,WEBR8-D08,WEBR8-v1,WEBSCHEMA1 field inventory + WEBR8 decision contract
VOC_MEASUREMENT_EVIDENCE_ASSAY_PH,measurement_evidence,assay_pH,11.0,canonical_term_candidate,11.0,2,current_public_value_domain_count,none_observed,observed_not_promoted,forbidden_in_WEBSCHEMA1,"empty string, not_reported, needs_manual_check, and business values remain distinct",not_promoted,WEBR8-D08,WEBR8-v1,WEBSCHEMA1 field inventory + WEBR8 decision contract
VOC_MEASUREMENT_EVIDENCE_ASSAY_PH,measurement_evidence,assay_pH,4.0,canonical_term_candidate,4.0,2,current_public_value_domain_count,none_observed,observed_not_promoted,forbidden_in_WEBSCHEMA1,"empty string, not_reported, needs_manual_check, and business values remain distinct",not_promoted,WEBR8-D08,WEBR8-v1,WEBSCHEMA1 field inventory + WEBR8 decision contract
VOC_MEASUREMENT_EVIDENCE_ASSAY_PH,measurement_evidence,assay_pH,5.0,canonical_term_candidate,5.0,3,current_public_value_domain_count,none_observed,observed_not_promoted,forbidden_in_WEBSCHEMA1,"empty string, not_reported, needs_manual_check, and business values remain distinct",not_promoted,WEBR8-D08,WEBR8-v1,WEBSCHEMA1 field inventory + WEBR8 decision contract
VOC_MEASUREMENT_EVIDENCE_ASSAY_PH,measurement_evidence,assay_pH,6.0,canonical_term_candidate,6.0,2,current_public_value_domain_count,none_observed,observed_not_promoted,forbidden_in_WEBSCHEMA1,"empty string, not_reported, needs_manual_check, and business values remain distinct",not_promoted,WEBR8-D08,WEBR8-v1,WEBSCHEMA1 field inventory + WEBR8 decision contract
VOC_MEASUREMENT_EVIDENCE_ASSAY_PH,measurement_evidence,assay_pH,6.5,canonical_term_candidate,6.5,24,current_public_value_domain_count,none_observed,observed_not_promoted,forbidden_in_WEBSCHEMA1,"empty string, not_reported, needs_manual_check, and business values remain distinct",not_promoted,WEBR8-D08,WEBR8-v1,WEBSCHEMA1 field inventory + WEBR8 decision contract
VOC_MEASUREMENT_EVIDENCE_ASSAY_PH,measurement_evidence,assay_pH,6.8,canonical_term_candidate,6.8,3,current_public_value_domain_count,none_observed,observed_not_promoted,forbidden_in_WEBSCHEMA1,"empty string, not_reported, needs_manual_check, and business values remain distinct",not_promoted,WEBR8-D08,WEBR8-v1,WEBSCHEMA1 field inventory + WEBR8 decision contract
VOC_MEASUREMENT_EVIDENCE_ASSAY_PH,measurement_evidence,assay_pH,7,canonical_term_candidate,7,1,current_public_value_domain_count,none_observed,observed_not_promoted,forbidden_in_WEBSCHEMA1,"empty string, not_reported, needs_manual_check, and business values remain distinct",not_promoted,WEBR8-D08,WEBR8-v1,WEBSCHEMA1 field inventory + WEBR8 decision contract
VOC_MEASUREMENT_EVIDENCE_ASSAY_PH,measurement_evidence,assay_pH,7.0,canonical_term_candidate,7.0,528,current_public_value_domain_count,none_observed,observed_not_promoted,forbidden_in_WEBSCHEMA1,"empty string, not_reported, needs_manual_check, and business values remain distinct",not_promoted,WEBR8-D08,WEBR8-v1,WEBSCHEMA1 field inventory + WEBR8 decision contract
VOC_MEASUREMENT_EVIDENCE_ASSAY_PH,measurement_evidence,assay_pH,7.2,canonical_term_candidate,7.2,13,current_public_value_domain_count,none_observed,observed_not_promoted,forbidden_in_WEBSCHEMA1,"empty string, not_reported, needs_manual_check, and business values remain distinct",not_promoted,WEBR8-D08,WEBR8-v1,WEBSCHEMA1 field inventory + WEBR8 decision contract
VOC_MEASUREMENT_EVIDENCE_ASSAY_PH,measurement_evidence,assay_pH,7.5,canonical_term_candidate,7.5,202,current_public_value_domain_count,none_observed,observed_not_promoted,forbidden_in_WEBSCHEMA1,"empty string, not_reported, needs_manual_check, and business values remain distinct",not_promoted,WEBR8-D08,WEBR8-v1,WEBSCHEMA1 field inventory + WEBR8 decision contract
VOC_MEASUREMENT_EVIDENCE_ASSAY_PH,measurement_evidence,assay_pH,7.6,canonical_term_candidate,7.6,3,current_public_value_domain_count,none_observed,observed_not_promoted,forbidden_in_WEBSCHEMA1,"empty string, not_reported, needs_manual_check, and business values remain distinct",not_promoted,WEBR8-D08,WEBR8-v1,WEBSCHEMA1 field inventory + WEBR8 decision contract
VOC_MEASUREMENT_EVIDENCE_ASSAY_PH,measurement_evidence,assay_pH,8,canonical_term_candidate,8,746,current_public_value_domain_count,none_observed,observed_not_promoted,forbidden_in_WEBSCHEMA1,"empty string, not_reported, needs_manual_check, and business values remain distinct",not_promoted,WEBR8-D08,WEBR8-v1,WEBSCHEMA1 field inventory + WEBR8 decision contract
VOC_MEASUREMENT_EVIDENCE_ASSAY_PH,measurement_evidence,assay_pH,8.0,canonical_term_candidate,8.0,878,current_public_value_domain_count,none_observed,observed_not_promoted,forbidden_in_WEBSCHEMA1,"empty string, not_reported, needs_manual_check, and business values remain distinct",not_promoted,WEBR8-D08,WEBR8-v1,WEBSCHEMA1 field inventory + WEBR8 decision contract
VOC_MEASUREMENT_EVIDENCE_ASSAY_PH,measurement_evidence,assay_pH,8.2,canonical_term_candidate,8.2,26,current_public_value_domain_count,none_observed,observed_not_promoted,forbidden_in_WEBSCHEMA1,"empty string, not_reported, needs_manual_check, and business values remain distinct",not_promoted,WEBR8-D08,WEBR8-v1,WEBSCHEMA1 field inventory + WEBR8 decision contract
VOC_MEASUREMENT_EVIDENCE_ASSAY_PH,measurement_evidence,assay_pH,8.5,canonical_term_candidate,8.5,39,current_public_value_domain_count,none_observed,observed_not_promoted,forbidden_in_WEBSCHEMA1,"empty string, not_reported, needs_manual_check, and business values remain distinct",not_promoted,WEBR8-D08,WEBR8-v1,WEBSCHEMA1 field inventory + WEBR8 decision contract
VOC_MEASUREMENT_EVIDENCE_ASSAY_PH,measurement_evidence,assay_pH,9.0,canonical_term_candidate,9.0,15,current_public_value_domain_count,none_observed,observed_not_promoted,forbidden_in_WEBSCHEMA1,"empty string, not_reported, needs_manual_check, and business values remain distinct",not_promoted,WEBR8-D08,WEBR8-v1,WEBSCHEMA1 field inventory + WEBR8 decision contract
VOC_MEASUREMENT_EVIDENCE_ASSAY_PH,measurement_evidence,assay_pH,9.5,canonical_term_candidate,9.5,1,current_public_value_domain_count,none_observed,observed_not_promoted,forbidden_in_WEBSCHEMA1,"empty string, not_reported, needs_manual_check, and business values remain distinct",not_promoted,WEBR8-D08,WEBR8-v1,WEBSCHEMA1 field inventory + WEBR8 decision contract
VOC_MEASUREMENT_EVIDENCE_ASSAY_PH,measurement_evidence,assay_pH,optimum pH,canonical_term_candidate,optimum pH,3,current_public_value_domain_count,none_observed,observed_not_promoted,forbidden_in_WEBSCHEMA1,"empty string, not_reported, needs_manual_check, and business values remain distinct",not_promoted,WEBR8-D08,WEBR8-v1,WEBSCHEMA1 field inventory + WEBR8 decision contract
VOC_MEASUREMENT_EVIDENCE_ASSAY_REACTION_TIME_MIN,measurement_evidence,assay_reaction_time_min,1,canonical_term_candidate,1,404,current_public_value_domain_count,none_observed,observed_not_promoted,forbidden_in_WEBSCHEMA1,"empty string, not_reported, needs_manual_check, and business values remain distinct",not_promoted,WEBR8-D08,WEBR8-v1,WEBSCHEMA1 field inventory + WEBR8 decision contract
VOC_MEASUREMENT_EVIDENCE_ASSAY_REACTION_TIME_MIN,measurement_evidence,assay_reaction_time_min,10,canonical_term_candidate,10,602,current_public_value_domain_count,none_observed,observed_not_promoted,forbidden_in_WEBSCHEMA1,"empty string, not_reported, needs_manual_check, and business values remain distinct",not_promoted,WEBR8-D08,WEBR8-v1,WEBSCHEMA1 field inventory + WEBR8 decision contract
VOC_MEASUREMENT_EVIDENCE_ASSAY_REACTION_TIME_MIN,measurement_evidence,assay_reaction_time_min,15,canonical_term_candidate,15,25,current_public_value_domain_count,none_observed,observed_not_promoted,forbidden_in_WEBSCHEMA1,"empty string, not_reported, needs_manual_check, and business values remain distinct",not_promoted,WEBR8-D08,WEBR8-v1,WEBSCHEMA1 field inventory + WEBR8 decision contract
VOC_MEASUREMENT_EVIDENCE_ASSAY_REACTION_TIME_MIN,measurement_evidence,assay_reaction_time_min,2,canonical_term_candidate,2,84,current_public_value_domain_count,none_observed,observed_not_promoted,forbidden_in_WEBSCHEMA1,"empty string, not_reported, needs_manual_check, and business values remain distinct",not_promoted,WEBR8-D08,WEBR8-v1,WEBSCHEMA1 field inventory + WEBR8 decision contract
VOC_MEASUREMENT_EVIDENCE_ASSAY_REACTION_TIME_MIN,measurement_evidence,assay_reaction_time_min,20,canonical_term_candidate,20,14,current_public_value_domain_count,none_observed,observed_not_promoted,forbidden_in_WEBSCHEMA1,"empty string, not_reported, needs_manual_check, and business values remain distinct",not_promoted,WEBR8-D08,WEBR8-v1,WEBSCHEMA1 field inventory + WEBR8 decision contract
VOC_MEASUREMENT_EVIDENCE_ASSAY_REACTION_TIME_MIN,measurement_evidence,assay_reaction_time_min,25,canonical_term_candidate,25,2,current_public_value_domain_count,none_observed,observed_not_promoted,forbidden_in_WEBSCHEMA1,"empty string, not_reported, needs_manual_check, and business values remain distinct",not_promoted,WEBR8-D08,WEBR8-v1,WEBSCHEMA1 field inventory + WEBR8 decision contract
VOC_MEASUREMENT_EVIDENCE_ASSAY_REACTION_TIME_MIN,measurement_evidence,assay_reaction_time_min,3,canonical_term_candidate,3,90,current_public_value_domain_count,none_observed,observed_not_promoted,forbidden_in_WEBSCHEMA1,"empty string, not_reported, needs_manual_check, and business values remain distinct",not_promoted,WEBR8-D08,WEBR8-v1,WEBSCHEMA1 field inventory + WEBR8 decision contract
VOC_MEASUREMENT_EVIDENCE_ASSAY_REACTION_TIME_MIN,measurement_evidence,assay_reaction_time_min,30,canonical_term_candidate,30,87,current_public_value_domain_count,none_observed,observed_not_promoted,forbidden_in_WEBSCHEMA1,"empty string, not_reported, needs_manual_check, and business values remain distinct",not_promoted,WEBR8-D08,WEBR8-v1,WEBSCHEMA1 field inventory + WEBR8 decision contract
VOC_MEASUREMENT_EVIDENCE_ASSAY_REACTION_TIME_MIN,measurement_evidence,assay_reaction_time_min,4,canonical_term_candidate,4,6,current_public_value_domain_count,none_observed,observed_not_promoted,forbidden_in_WEBSCHEMA1,"empty string, not_reported, needs_manual_check, and business values remain distinct",not_promoted,WEBR8-D08,WEBR8-v1,WEBSCHEMA1 field inventory + WEBR8 decision contract
VOC_MEASUREMENT_EVIDENCE_ASSAY_REACTION_TIME_MIN,measurement_evidence,assay_reaction_time_min,5,canonical_term_candidate,5,543,current_public_value_domain_count,none_observed,observed_not_promoted,forbidden_in_WEBSCHEMA1,"empty string, not_reported, needs_manual_check, and business values remain distinct",not_promoted,WEBR8-D08,WEBR8-v1,WEBSCHEMA1 field inventory + WEBR8 decision contract
VOC_MEASUREMENT_EVIDENCE_ASSAY_REACTION_TIME_MIN,measurement_evidence,assay_reaction_time_min,60,canonical_term_candidate,60,12,current_public_value_domain_count,none_observed,observed_not_promoted,forbidden_in_WEBSCHEMA1,"empty string, not_reported, needs_manual_check, and business values remain distinct",not_promoted,WEBR8-D08,WEBR8-v1,WEBSCHEMA1 field inventory + WEBR8 decision contract
VOC_MEASUREMENT_EVIDENCE_ASSAY_REACTION_TIME_MIN,measurement_evidence,assay_reaction_time_min,at least 30,canonical_term_candidate,at least 30,2,current_public_value_domain_count,none_observed,observed_not_promoted,forbidden_in_WEBSCHEMA1,"empty string, not_reported, needs_manual_check, and business values remain distinct",not_promoted,WEBR8-D08,WEBR8-v1,WEBSCHEMA1 field inventory + WEBR8 decision contract
VOC_MEASUREMENT_EVIDENCE_BASELINE_ACTIVITY_A0,measurement_evidence,baseline_activity_A0,100,canonical_term_candidate,100,2712,current_public_value_domain_count,none_observed,observed_not_promoted,forbidden_in_WEBSCHEMA1,"empty string, not_reported, needs_manual_check, and business values remain distinct",not_promoted,WEBR8-D08,WEBR8-v1,WEBSCHEMA1 field inventory + WEBR8 decision contract
VOC_MEASUREMENT_EVIDENCE_BASELINE_ACTIVITY_A0,measurement_evidence,baseline_activity_A0,100.0,canonical_term_candidate,100.0,18,current_public_value_domain_count,none_observed,observed_not_promoted,forbidden_in_WEBSCHEMA1,"empty string, not_reported, needs_manual_check, and business values remain distinct",not_promoted,WEBR8-D08,WEBR8-v1,WEBSCHEMA1 field inventory + WEBR8 decision contract
VOC_MEASUREMENT_EVIDENCE_BASELINE_ACTIVITY_A0,measurement_evidence,baseline_activity_A0,120,canonical_term_candidate,120,3,current_public_value_domain_count,none_observed,observed_not_promoted,forbidden_in_WEBSCHEMA1,"empty string, not_reported, needs_manual_check, and business values remain distinct",not_promoted,WEBR8-D08,WEBR8-v1,WEBSCHEMA1 field inventory + WEBR8 decision contract
VOC_MEASUREMENT_EVIDENCE_BASELINE_ACTIVITY_A0,measurement_evidence,baseline_activity_A0,1230,canonical_term_candidate,1230,3,current_public_value_domain_count,none_observed,observed_not_promoted,forbidden_in_WEBSCHEMA1,"empty string, not_reported, needs_manual_check, and business values remain distinct",not_promoted,WEBR8-D08,WEBR8-v1,WEBSCHEMA1 field inventory + WEBR8 decision contract
VOC_MEASUREMENT_EVIDENCE_BASELINE_ACTIVITY_A0,measurement_evidence,baseline_activity_A0,1370,canonical_term_candidate,1370,3,current_public_value_domain_count,none_observed,observed_not_promoted,forbidden_in_WEBSCHEMA1,"empty string, not_reported, needs_manual_check, and business values remain distinct",not_promoted,WEBR8-D08,WEBR8-v1,WEBSCHEMA1 field inventory + WEBR8 decision contract
VOC_MEASUREMENT_EVIDENCE_BASELINE_ACTIVITY_A0,measurement_evidence,baseline_activity_A0,139.52,canonical_term_candidate,139.52,1,current_public_value_domain_count,none_observed,observed_not_promoted,forbidden_in_WEBSCHEMA1,"empty string, not_reported, needs_manual_check, and business values remain distinct",not_promoted,WEBR8-D08,WEBR8-v1,WEBSCHEMA1 field inventory + WEBR8 decision contract
VOC_MEASUREMENT_EVIDENCE_BASELINE_ACTIVITY_A0,measurement_evidence,baseline_activity_A0,1420,canonical_term_candidate,1420,3,current_public_value_domain_count,none_observed,observed_not_promoted,forbidden_in_WEBSCHEMA1,"empty string, not_reported, needs_manual_check, and business values remain distinct",not_promoted,WEBR8-D08,WEBR8-v1,WEBSCHEMA1 field inventory + WEBR8 decision contract
VOC_MEASUREMENT_EVIDENCE_BASELINE_ACTIVITY_A0,measurement_evidence,baseline_activity_A0,1490,canonical_term_candidate,1490,3,current_public_value_domain_count,none_observed,observed_not_promoted,forbidden_in_WEBSCHEMA1,"empty string, not_reported, needs_manual_check, and business values remain distinct",not_promoted,WEBR8-D08,WEBR8-v1,WEBSCHEMA1 field inventory + WEBR8 decision contract
VOC_MEASUREMENT_EVIDENCE_BASELINE_ACTIVITY_A0,measurement_evidence,baseline_activity_A0,1530,canonical_term_candidate,1530,3,current_public_value_domain_count,none_observed,observed_not_promoted,forbidden_in_WEBSCHEMA1,"empty string, not_reported, needs_manual_check, and business values remain distinct",not_promoted,WEBR8-D08,WEBR8-v1,WEBSCHEMA1 field inventory + WEBR8 decision contract
VOC_MEASUREMENT_EVIDENCE_BASELINE_ACTIVITY_A0,measurement_evidence,baseline_activity_A0,160,canonical_term_candidate,160,3,current_public_value_domain_count,none_observed,observed_not_promoted,forbidden_in_WEBSCHEMA1,"empty string, not_reported, needs_manual_check, and business values remain distinct",not_promoted,WEBR8-D08,WEBR8-v1,WEBSCHEMA1 field inventory + WEBR8 decision contract
VOC_MEASUREMENT_EVIDENCE_BASELINE_ACTIVITY_A0,measurement_evidence,baseline_activity_A0,1830,canonical_term_candidate,1830,3,current_public_value_domain_count,none_observed,observed_not_promoted,forbidden_in_WEBSCHEMA1,"empty string, not_reported, needs_manual_check, and business values remain distinct",not_promoted,WEBR8-D08,WEBR8-v1,WEBSCHEMA1 field inventory + WEBR8 decision contract
VOC_MEASUREMENT_EVIDENCE_BASELINE_ACTIVITY_A0,measurement_evidence,baseline_activity_A0,33,canonical_term_candidate,33,3,current_public_value_domain_count,none_observed,observed_not_promoted,forbidden_in_WEBSCHEMA1,"empty string, not_reported, needs_manual_check, and business values remain distinct",not_promoted,WEBR8-D08,WEBR8-v1,WEBSCHEMA1 field inventory + WEBR8 decision contract
VOC_MEASUREMENT_EVIDENCE_BASELINE_ACTIVITY_A0,measurement_evidence,baseline_activity_A0,340,canonical_term_candidate,340,3,current_public_value_domain_count,none_observed,observed_not_promoted,forbidden_in_WEBSCHEMA1,"empty string, not_reported, needs_manual_check, and business values remain distinct",not_promoted,WEBR8-D08,WEBR8-v1,WEBSCHEMA1 field inventory + WEBR8 decision contract
VOC_MEASUREMENT_EVIDENCE_BASELINE_ACTIVITY_A0,measurement_evidence,baseline_activity_A0,4500,canonical_term_candidate,4500,3,current_public_value_domain_count,none_observed,observed_not_promoted,forbidden_in_WEBSCHEMA1,"empty string, not_reported, needs_manual_check, and business values remain distinct",not_promoted,WEBR8-D08,WEBR8-v1,WEBSCHEMA1 field inventory + WEBR8 decision contract
VOC_MEASUREMENT_EVIDENCE_BASELINE_ACTIVITY_A0,measurement_evidence,baseline_activity_A0,500,canonical_term_candidate,500,3,current_public_value_domain_count,none_observed,observed_not_promoted,forbidden_in_WEBSCHEMA1,"empty string, not_reported, needs_manual_check, and business values remain distinct",not_promoted,WEBR8-D08,WEBR8-v1,WEBSCHEMA1 field inventory + WEBR8 decision contract
VOC_MEASUREMENT_EVIDENCE_BASELINE_ACTIVITY_A0,measurement_evidence,baseline_activity_A0,6450,canonical_term_candidate,6450,3,current_public_value_domain_count,none_observed,observed_not_promoted,forbidden_in_WEBSCHEMA1,"empty string, not_reported, needs_manual_check, and business values remain distinct",not_promoted,WEBR8-D08,WEBR8-v1,WEBSCHEMA1 field inventory + WEBR8 decision contract
VOC_MEASUREMENT_EVIDENCE_BASELINE_ACTIVITY_A0,measurement_evidence,baseline_activity_A0,86.5 U/ug; 100%,canonical_term_candidate,86.5 U/ug; 100%,3,current_public_value_domain_count,none_observed,observed_not_promoted,forbidden_in_WEBSCHEMA1,"empty string, not_reported, needs_manual_check, and business values remain distinct",not_promoted,WEBR8-D08,WEBR8-v1,WEBSCHEMA1 field inventory + WEBR8 decision contract
VOC_MEASUREMENT_EVIDENCE_BASELINE_ACTIVITY_A0,measurement_evidence,baseline_activity_A0,920,canonical_term_candidate,920,3,current_public_value_domain_count,none_observed,observed_not_promoted,forbidden_in_WEBSCHEMA1,"empty string, not_reported, needs_manual_check, and business values remain distinct",not_promoted,WEBR8-D08,WEBR8-v1,WEBSCHEMA1 field inventory + WEBR8 decision contract
VOC_MEASUREMENT_EVIDENCE_BASELINE_ACTIVITY_A0,measurement_evidence,baseline_activity_A0,9820,canonical_term_candidate,9820,3,current_public_value_domain_count,none_observed,observed_not_promoted,forbidden_in_WEBSCHEMA1,"empty string, not_reported, needs_manual_check, and business values remain distinct",not_promoted,WEBR8-D08,WEBR8-v1,WEBSCHEMA1 field inventory + WEBR8 decision contract
VOC_MEASUREMENT_EVIDENCE_BASELINE_ACTIVITY_A0,measurement_evidence,baseline_activity_A0,same-enzyme untreated control in Figure 4D,canonical_term_candidate,same-enzyme untreated control in Figure 4D,4,current_public_value_domain_count,none_observed,observed_not_promoted,forbidden_in_WEBSCHEMA1,"empty string, not_reported, needs_manual_check, and business values remain distinct",not_promoted,WEBR8-D08,WEBR8-v1,WEBSCHEMA1 field inventory + WEBR8 decision contract
VOC_MEASUREMENT_EVIDENCE_BIPHASIC_DEACTIVATION_OBSERVED,measurement_evidence,biphasic_deactivation_observed,no,canonical_term_candidate,no,911,current_public_value_domain_count,none_observed,observed_not_promoted,forbidden_in_WEBSCHEMA1,"empty string, not_reported, needs_manual_check, and business values remain distinct",not_promoted,WEBR8-D08,WEBR8-v1,WEBSCHEMA1 field inventory + WEBR8 decision contract
VOC_MEASUREMENT_EVIDENCE_BIPHASIC_DEACTIVATION_OBSERVED,measurement_evidence,biphasic_deactivation_observed,not_applicable_single_endpoint,canonical_term_candidate,not_applicable_single_endpoint,1,current_public_value_domain_count,none_observed,observed_not_promoted,forbidden_in_WEBSCHEMA1,"empty string, not_reported, needs_manual_check, and business values remain distinct",not_promoted,WEBR8-D08,WEBR8-v1,WEBSCHEMA1 field inventory + WEBR8 decision contract
VOC_MEASUREMENT_EVIDENCE_BIPHASIC_DEACTIVATION_OBSERVED,measurement_evidence,biphasic_deactivation_observed,yes,canonical_term_candidate,yes,57,current_public_value_domain_count,none_observed,observed_not_promoted,forbidden_in_WEBSCHEMA1,"empty string, not_reported, needs_manual_check, and business values remain distinct",not_promoted,WEBR8-D08,WEBR8-v1,WEBSCHEMA1 field inventory + WEBR8 decision contract
VOC_MEASUREMENT_EVIDENCE_CLUSTER_BASIS,measurement_evidence,cluster_basis,doi,canonical_term_candidate,doi,326,current_public_value_domain_count,none_observed,observed_not_promoted,forbidden_in_WEBSCHEMA1,"empty string, not_reported, needs_manual_check, and business values remain distinct",not_promoted,WEBR8-D08,WEBR8-v1,WEBSCHEMA1 field inventory + WEBR8 decision contract
VOC_MEASUREMENT_EVIDENCE_CLUSTER_BASIS,measurement_evidence,cluster_basis,doi+canonical_enzyme_id,canonical_term_candidate,doi+canonical_enzyme_id,13,current_public_value_domain_count,none_observed,observed_not_promoted,forbidden_in_WEBSCHEMA1,"empty string, not_reported, needs_manual_check, and business values remain distinct",not_promoted,WEBR8-D08,WEBR8-v1,WEBSCHEMA1 field inventory + WEBR8 decision contract
VOC_MEASUREMENT_EVIDENCE_CLUSTER_BASIS,measurement_evidence,cluster_basis,doi+construct,canonical_term_candidate,doi+construct,1664,current_public_value_domain_count,none_observed,observed_not_promoted,forbidden_in_WEBSCHEMA1,"empty string, not_reported, needs_manual_check, and business values remain distinct",not_promoted,WEBR8-D08,WEBR8-v1,WEBSCHEMA1 field inventory + WEBR8 decision contract
VOC_MEASUREMENT_EVIDENCE_CLUSTER_BASIS,measurement_evidence,cluster_basis,doi_plus_canonical;T14_mirror_S7,canonical_term_candidate,doi_plus_canonical;T14_mirror_S7,34,current_public_value_domain_count,none_observed,observed_not_promoted,forbidden_in_WEBSCHEMA1,"empty string, not_reported, needs_manual_check, and business values remain distinct",not_promoted,WEBR8-D08,WEBR8-v1,WEBSCHEMA1 field inventory + WEBR8 decision contract
VOC_MEASUREMENT_EVIDENCE_CLUSTER_BASIS,measurement_evidence,cluster_basis,same_doi_as_existing_cluster;T14_mirror_S7,canonical_term_candidate,same_doi_as_existing_cluster;T14_mirror_S7,1,current_public_value_domain_count,none_observed,observed_not_promoted,forbidden_in_WEBSCHEMA1,"empty string, not_reported, needs_manual_check, and business values remain distinct",not_promoted,WEBR8-D08,WEBR8-v1,WEBSCHEMA1 field inventory + WEBR8 decision contract
VOC_MEASUREMENT_EVIDENCE_CLUSTER_BASIS,measurement_evidence,cluster_basis,source_path_plus_canonical,canonical_term_candidate,source_path_plus_canonical,26,current_public_value_domain_count,none_observed,observed_not_promoted,forbidden_in_WEBSCHEMA1,"empty string, not_reported, needs_manual_check, and business values remain distinct",not_promoted,WEBR8-D08,WEBR8-v1,WEBSCHEMA1 field inventory + WEBR8 decision contract
VOC_MEASUREMENT_EVIDENCE_CONSTRUCT_MATCH_STATUS,measurement_evidence,construct_match_status,claimed_unverified,canonical_term_candidate,claimed_unverified,12,current_public_value_domain_count,none_observed,observed_not_promoted,forbidden_in_WEBSCHEMA1,"empty string, not_reported, needs_manual_check, and business values remain distinct",not_promoted,WEBR8-D08,WEBR8-v1,WEBSCHEMA1 field inventory + WEBR8 decision contract
VOC_MEASUREMENT_EVIDENCE_CONSTRUCT_MATCH_STATUS,measurement_evidence,construct_match_status,compatible_construct,canonical_term_candidate,compatible_construct,407,current_public_value_domain_count,none_observed,observed_not_promoted,forbidden_in_WEBSCHEMA1,"empty string, not_reported, needs_manual_check, and business values remain distinct",not_promoted,WEBR8-D08,WEBR8-v1,WEBSCHEMA1 field inventory + WEBR8 decision contract
VOC_MEASUREMENT_EVIDENCE_CONSTRUCT_MATCH_STATUS,measurement_evidence,construct_match_status,engineered_construct,canonical_term_candidate,engineered_construct,250,current_public_value_domain_count,none_observed,observed_not_promoted,forbidden_in_WEBSCHEMA1,"empty string, not_reported, needs_manual_check, and business values remain distinct",not_promoted,WEBR8-D08,WEBR8-v1,WEBSCHEMA1 field inventory + WEBR8 decision contract
VOC_MEASUREMENT_EVIDENCE_CONSTRUCT_MATCH_STATUS,measurement_evidence,construct_match_status,needs_manual_check,sentinel,needs_manual_check,1,current_public_value_domain_count,none_observed,observed_sentinel_locked_distinct,forbidden_in_WEBSCHEMA1,"empty string, not_reported, needs_manual_check, and business values remain distinct",not_promoted,WEBR8-D08,WEBR8-v1,WEBSCHEMA1 field inventory + WEBR8 decision contract
VOC_MEASUREMENT_EVIDENCE_CONSTRUCT_MATCH_STATUS,measurement_evidence,construct_match_status,same_construct,canonical_term_candidate,same_construct,2184,current_public_value_domain_count,none_observed,observed_not_promoted,forbidden_in_WEBSCHEMA1,"empty string, not_reported, needs_manual_check, and business values remain distinct",not_promoted,WEBR8-D08,WEBR8-v1,WEBSCHEMA1 field inventory + WEBR8 decision contract
VOC_MEASUREMENT_EVIDENCE_CONSTRUCT_MATCH_STATUS,measurement_evidence,construct_match_status,unclear,canonical_term_candidate,unclear,3,current_public_value_domain_count,none_observed,observed_not_promoted,forbidden_in_WEBSCHEMA1,"empty string, not_reported, needs_manual_check, and business values remain distinct",not_promoted,WEBR8-D08,WEBR8-v1,WEBSCHEMA1 field inventory + WEBR8 decision contract
VOC_MEASUREMENT_EVIDENCE_DATA_EXTRACTION_METHOD,measurement_evidence,data_extraction_method,digitized_figure_estimate,canonical_term_candidate,digitized_figure_estimate,7,current_public_value_domain_count,none_observed,observed_not_promoted,forbidden_in_WEBSCHEMA1,"empty string, not_reported, needs_manual_check, and business values remain distinct",not_promoted,WEBR8-D08,WEBR8-v1,WEBSCHEMA1 field inventory + WEBR8 decision contract
VOC_MEASUREMENT_EVIDENCE_DATA_EXTRACTION_METHOD,measurement_evidence,data_extraction_method,digitized_plot,canonical_term_candidate,digitized_plot,1889,current_public_value_domain_count,none_observed,observed_not_promoted,forbidden_in_WEBSCHEMA1,"empty string, not_reported, needs_manual_check, and business values remain distinct",not_promoted,WEBR8-D08,WEBR8-v1,WEBSCHEMA1 field inventory + WEBR8 decision contract
VOC_MEASUREMENT_EVIDENCE_DATA_EXTRACTION_METHOD,measurement_evidence,data_extraction_method,digitized_text_value,canonical_term_candidate,digitized_text_value,3,current_public_value_domain_count,none_observed,observed_not_promoted,forbidden_in_WEBSCHEMA1,"empty string, not_reported, needs_manual_check, and business values remain distinct",not_promoted,WEBR8-D08,WEBR8-v1,WEBSCHEMA1 field inventory + WEBR8 decision contract
VOC_MEASUREMENT_EVIDENCE_DATA_EXTRACTION_METHOD,measurement_evidence,data_extraction_method,direct_table,canonical_term_candidate,direct_table,10,current_public_value_domain_count,none_observed,observed_not_promoted,forbidden_in_WEBSCHEMA1,"empty string, not_reported, needs_manual_check, and business values remain distinct",not_promoted,WEBR8-D08,WEBR8-v1,WEBSCHEMA1 field inventory + WEBR8 decision contract
VOC_MEASUREMENT_EVIDENCE_DATA_EXTRACTION_METHOD,measurement_evidence,data_extraction_method,direct_text,canonical_term_candidate,direct_text,746,current_public_value_domain_count,none_observed,observed_not_promoted,forbidden_in_WEBSCHEMA1,"empty string, not_reported, needs_manual_check, and business values remain distinct",not_promoted,WEBR8-D08,WEBR8-v1,WEBSCHEMA1 field inventory + WEBR8 decision contract
VOC_MEASUREMENT_EVIDENCE_DATA_EXTRACTION_METHOD,measurement_evidence,data_extraction_method,direct_text_calculated_ratio,canonical_term_candidate,direct_text_calculated_ratio,1,current_public_value_domain_count,none_observed,observed_not_promoted,forbidden_in_WEBSCHEMA1,"empty string, not_reported, needs_manual_check, and business values remain distinct",not_promoted,WEBR8-D08,WEBR8-v1,WEBSCHEMA1 field inventory + WEBR8 decision contract
VOC_MEASUREMENT_EVIDENCE_DATA_EXTRACTION_METHOD,measurement_evidence,data_extraction_method,estimated,canonical_term_candidate,estimated,95,current_public_value_domain_count,none_observed,observed_not_promoted,forbidden_in_WEBSCHEMA1,"empty string, not_reported, needs_manual_check, and business values remain distinct",not_promoted,WEBR8-D08,WEBR8-v1,WEBSCHEMA1 field inventory + WEBR8 decision contract
VOC_MEASUREMENT_EVIDENCE_DATA_EXTRACTION_METHOD,measurement_evidence,data_extraction_method,figure_digitized_manual,canonical_term_candidate,figure_digitized_manual,18,current_public_value_domain_count,none_observed,observed_not_promoted,forbidden_in_WEBSCHEMA1,"empty string, not_reported, needs_manual_check, and business values remain distinct",not_promoted,WEBR8-D08,WEBR8-v1,WEBSCHEMA1 field inventory + WEBR8 decision contract
VOC_MEASUREMENT_EVIDENCE_DATA_EXTRACTION_METHOD,measurement_evidence,data_extraction_method,figure_digitized_manual_300dpi,canonical_term_candidate,figure_digitized_manual_300dpi,35,current_public_value_domain_count,none_observed,observed_not_promoted,forbidden_in_WEBSCHEMA1,"empty string, not_reported, needs_manual_check, and business values remain distinct",not_promoted,WEBR8-D08,WEBR8-v1,WEBSCHEMA1 field inventory + WEBR8 decision contract
VOC_MEASUREMENT_EVIDENCE_DATA_EXTRACTION_METHOD,measurement_evidence,data_extraction_method,in_figure_needs_digitization,canonical_term_candidate,in_figure_needs_digitization,2,current_public_value_domain_count,none_observed,observed_not_promoted,forbidden_in_WEBSCHEMA1,"empty string, not_reported, needs_manual_check, and business values remain distinct",not_promoted,WEBR8-D08,WEBR8-v1,WEBSCHEMA1 field inventory + WEBR8 decision contract
VOC_MEASUREMENT_EVIDENCE_DATA_EXTRACTION_METHOD,measurement_evidence,data_extraction_method,manifest_structured_value,canonical_term_candidate,manifest_structured_value,2,current_public_value_domain_count,none_observed,observed_not_promoted,forbidden_in_WEBSCHEMA1,"empty string, not_reported, needs_manual_check, and business values remain distinct",not_promoted,WEBR8-D08,WEBR8-v1,WEBSCHEMA1 field inventory + WEBR8 decision contract
VOC_MEASUREMENT_EVIDENCE_DATA_EXTRACTION_METHOD,measurement_evidence,data_extraction_method,numeric_table,canonical_term_candidate,numeric_table,2,current_public_value_domain_count,none_observed,observed_not_promoted,forbidden_in_WEBSCHEMA1,"empty string, not_reported, needs_manual_check, and business values remain distinct",not_promoted,WEBR8-D08,WEBR8-v1,WEBSCHEMA1 field inventory + WEBR8 decision contract
VOC_MEASUREMENT_EVIDENCE_DATA_EXTRACTION_METHOD,measurement_evidence,data_extraction_method,S8b_source_summary,canonical_term_candidate,S8b_source_summary,12,current_public_value_domain_count,none_observed,observed_not_promoted,forbidden_in_WEBSCHEMA1,"empty string, not_reported, needs_manual_check, and business values remain distinct",not_promoted,WEBR8-D08,WEBR8-v1,WEBSCHEMA1 field inventory + WEBR8 decision contract
VOC_MEASUREMENT_EVIDENCE_DATA_EXTRACTION_METHOD,measurement_evidence,data_extraction_method,source_supplement_figure_digitized_prior_read,canonical_term_candidate,source_supplement_figure_digitized_prior_read,27,current_public_value_domain_count,none_observed,observed_not_promoted,forbidden_in_WEBSCHEMA1,"empty string, not_reported, needs_manual_check, and business values remain distinct",not_promoted,WEBR8-D08,WEBR8-v1,WEBSCHEMA1 field inventory + WEBR8 decision contract
VOC_MEASUREMENT_EVIDENCE_DATA_EXTRACTION_METHOD,measurement_evidence,data_extraction_method,source_text_cache_recheck,canonical_term_candidate,source_text_cache_recheck,2,current_public_value_domain_count,none_observed,observed_not_promoted,forbidden_in_WEBSCHEMA1,"empty string, not_reported, needs_manual_check, and business values remain distinct",not_promoted,WEBR8-D08,WEBR8-v1,WEBSCHEMA1 field inventory + WEBR8 decision contract
VOC_MEASUREMENT_EVIDENCE_DATA_EXTRACTION_METHOD,measurement_evidence,data_extraction_method,source_text_recheck_existing_verdict,canonical_term_candidate,source_text_recheck_existing_verdict,2,current_public_value_domain_count,none_observed,observed_not_promoted,forbidden_in_WEBSCHEMA1,"empty string, not_reported, needs_manual_check, and business values remain distinct",not_promoted,WEBR8-D08,WEBR8-v1,WEBSCHEMA1 field inventory + WEBR8 decision contract
VOC_MEASUREMENT_EVIDENCE_DATA_EXTRACTION_METHOD,measurement_evidence,data_extraction_method,table_text_resolved,canonical_term_candidate,table_text_resolved,2,current_public_value_domain_count,none_observed,observed_not_promoted,forbidden_in_WEBSCHEMA1,"empty string, not_reported, needs_manual_check, and business values remain distinct",not_promoted,WEBR8-D08,WEBR8-v1,WEBSCHEMA1 field inventory + WEBR8 decision contract
VOC_MEASUREMENT_EVIDENCE_DATA_EXTRACTION_METHOD,measurement_evidence,data_extraction_method,text_cache_manual,canonical_term_candidate,text_cache_manual,1,current_public_value_domain_count,none_observed,observed_not_promoted,forbidden_in_WEBSCHEMA1,"empty string, not_reported, needs_manual_check, and business values remain distinct",not_promoted,WEBR8-D08,WEBR8-v1,WEBSCHEMA1 field inventory + WEBR8 decision contract
VOC_MEASUREMENT_EVIDENCE_DATA_EXTRACTION_METHOD,measurement_evidence,data_extraction_method,text_resolved,canonical_term_candidate,text_resolved,1,current_public_value_domain_count,none_observed,observed_not_promoted,forbidden_in_WEBSCHEMA1,"empty string, not_reported, needs_manual_check, and business values remain distinct",not_promoted,WEBR8-D08,WEBR8-v1,WEBSCHEMA1 field inventory + WEBR8 decision contract
VOC_MEASUREMENT_EVIDENCE_ENZYME_CONC,measurement_evidence,enzyme_conc,0.0002 mg/ml,canonical_term_candidate,0.0002 mg/ml,3,current_public_value_domain_count,none_observed,observed_not_promoted,forbidden_in_WEBSCHEMA1,"empty string, not_reported, needs_manual_check, and business values remain distinct",not_promoted,WEBR8-D08,WEBR8-v1,WEBSCHEMA1 field inventory + WEBR8 decision contract
VOC_MEASUREMENT_EVIDENCE_ENZYME_CONC,measurement_evidence,enzyme_conc,0.001 mg/ml,canonical_term_candidate,0.001 mg/ml,3,current_public_value_domain_count,none_observed,observed_not_promoted,forbidden_in_WEBSCHEMA1,"empty string, not_reported, needs_manual_check, and business values remain distinct",not_promoted,WEBR8-D08,WEBR8-v1,WEBSCHEMA1 field inventory + WEBR8 decision contract
VOC_MEASUREMENT_EVIDENCE_ENZYME_CONC,measurement_evidence,enzyme_conc,0.002 mg/ml,canonical_term_candidate,0.002 mg/ml,4,current_public_value_domain_count,none_observed,observed_not_promoted,forbidden_in_WEBSCHEMA1,"empty string, not_reported, needs_manual_check, and business values remain distinct",not_promoted,WEBR8-D08,WEBR8-v1,WEBSCHEMA1 field inventory + WEBR8 decision contract
VOC_MEASUREMENT_EVIDENCE_ENZYME_CONC,measurement_evidence,enzyme_conc,0.005 mg/ml,canonical_term_candidate,0.005 mg/ml,6,current_public_value_domain_count,none_observed,observed_not_promoted,forbidden_in_WEBSCHEMA1,"empty string, not_reported, needs_manual_check, and business values remain distinct",not_promoted,WEBR8-D08,WEBR8-v1,WEBSCHEMA1 field inventory + WEBR8 decision contract
VOC_MEASUREMENT_EVIDENCE_ENZYME_CONC,measurement_evidence,enzyme_conc,0.05 mg/ml,canonical_term_candidate,0.05 mg/ml,17,current_public_value_domain_count,none_observed,observed_not_promoted,forbidden_in_WEBSCHEMA1,"empty string, not_reported, needs_manual_check, and business values remain distinct",not_promoted,WEBR8-D08,WEBR8-v1,WEBSCHEMA1 field inventory + WEBR8 decision contract
VOC_MEASUREMENT_EVIDENCE_ENZYME_CONC,measurement_evidence,enzyme_conc,0.1 mg/ml,canonical_term_candidate,0.1 mg/ml,130,current_public_value_domain_count,none_observed,observed_not_promoted,forbidden_in_WEBSCHEMA1,"empty string, not_reported, needs_manual_check, and business values remain distinct",not_promoted,WEBR8-D08,WEBR8-v1,WEBSCHEMA1 field inventory + WEBR8 decision contract
VOC_MEASUREMENT_EVIDENCE_ENZYME_CONC,measurement_evidence,enzyme_conc,0.2 mg/ml,canonical_term_candidate,0.2 mg/ml,127,current_public_value_domain_count,none_observed,observed_not_promoted,forbidden_in_WEBSCHEMA1,"empty string, not_reported, needs_manual_check, and business values remain distinct",not_promoted,WEBR8-D08,WEBR8-v1,WEBSCHEMA1 field inventory + WEBR8 decision contract
VOC_MEASUREMENT_EVIDENCE_ENZYME_CONC,measurement_evidence,enzyme_conc,0.25 nM (0.011 ug/mL),canonical_term_candidate,0.25 nM (0.011 ug/mL),6,current_public_value_domain_count,none_observed,observed_not_promoted,forbidden_in_WEBSCHEMA1,"empty string, not_reported, needs_manual_check, and business values remain distinct",not_promoted,WEBR8-D08,WEBR8-v1,WEBSCHEMA1 field inventory + WEBR8 decision contract
VOC_MEASUREMENT_EVIDENCE_ENZYME_CONC,measurement_evidence,enzyme_conc,0.3 mg/ml,canonical_term_candidate,0.3 mg/ml,8,current_public_value_domain_count,none_observed,observed_not_promoted,forbidden_in_WEBSCHEMA1,"empty string, not_reported, needs_manual_check, and business values remain distinct",not_promoted,WEBR8-D08,WEBR8-v1,WEBSCHEMA1 field inventory + WEBR8 decision contract
VOC_MEASUREMENT_EVIDENCE_ENZYME_CONC,measurement_evidence,enzyme_conc,0.30 mg/ml,canonical_term_candidate,0.30 mg/ml,24,current_public_value_domain_count,none_observed,observed_not_promoted,forbidden_in_WEBSCHEMA1,"empty string, not_reported, needs_manual_check, and business values remain distinct",not_promoted,WEBR8-D08,WEBR8-v1,WEBSCHEMA1 field inventory + WEBR8 decision contract
VOC_MEASUREMENT_EVIDENCE_ENZYME_CONC,measurement_evidence,enzyme_conc,0.5 mg/ml,canonical_term_candidate,0.5 mg/ml,33,current_public_value_domain_count,none_observed,observed_not_promoted,forbidden_in_WEBSCHEMA1,"empty string, not_reported, needs_manual_check, and business values remain distinct",not_promoted,WEBR8-D08,WEBR8-v1,WEBSCHEMA1 field inventory + WEBR8 decision contract
VOC_MEASUREMENT_EVIDENCE_ENZYME_CONC,measurement_evidence,enzyme_conc,1 mg/ml,canonical_term_candidate,1 mg/ml,347,current_public_value_domain_count,none_observed,observed_not_promoted,forbidden_in_WEBSCHEMA1,"empty string, not_reported, needs_manual_check, and business values remain distinct",not_promoted,WEBR8-D08,WEBR8-v1,WEBSCHEMA1 field inventory + WEBR8 decision contract
VOC_MEASUREMENT_EVIDENCE_ENZYME_CONC,measurement_evidence,enzyme_conc,1 μM,canonical_term_candidate,1 μM,2,current_public_value_domain_count,none_observed,observed_not_promoted,forbidden_in_WEBSCHEMA1,"empty string, not_reported, needs_manual_check, and business values remain distinct",not_promoted,WEBR8-D08,WEBR8-v1,WEBSCHEMA1 field inventory + WEBR8 decision contract
VOC_MEASUREMENT_EVIDENCE_ENZYME_CONC,measurement_evidence,enzyme_conc,1.08 mg/ml,canonical_term_candidate,1.08 mg/ml,5,current_public_value_domain_count,none_observed,observed_not_promoted,forbidden_in_WEBSCHEMA1,"empty string, not_reported, needs_manual_check, and business values remain distinct",not_promoted,WEBR8-D08,WEBR8-v1,WEBSCHEMA1 field inventory + WEBR8 decision contract
VOC_MEASUREMENT_EVIDENCE_ENZYME_CONC,measurement_evidence,enzyme_conc,1.23 μM,canonical_term_candidate,1.23 μM,2,current_public_value_domain_count,none_observed,observed_not_promoted,forbidden_in_WEBSCHEMA1,"empty string, not_reported, needs_manual_check, and business values remain distinct",not_promoted,WEBR8-D08,WEBR8-v1,WEBSCHEMA1 field inventory + WEBR8 decision contract
VOC_MEASUREMENT_EVIDENCE_ENZYME_CONC,measurement_evidence,enzyme_conc,1.5 uM,canonical_term_candidate,1.5 uM,399,current_public_value_domain_count,none_observed,observed_not_promoted,forbidden_in_WEBSCHEMA1,"empty string, not_reported, needs_manual_check, and business values remain distinct",not_promoted,WEBR8-D08,WEBR8-v1,WEBSCHEMA1 field inventory + WEBR8 decision contract
VOC_MEASUREMENT_EVIDENCE_ENZYME_CONC,measurement_evidence,enzyme_conc,1.72 μM,canonical_term_candidate,1.72 μM,2,current_public_value_domain_count,none_observed,observed_not_promoted,forbidden_in_WEBSCHEMA1,"empty string, not_reported, needs_manual_check, and business values remain distinct",not_promoted,WEBR8-D08,WEBR8-v1,WEBSCHEMA1 field inventory + WEBR8 decision contract
VOC_MEASUREMENT_EVIDENCE_ENZYME_CONC,measurement_evidence,enzyme_conc,100 ug/mL,canonical_term_candidate,100 ug/mL,32,current_public_value_domain_count,none_observed,observed_not_promoted,forbidden_in_WEBSCHEMA1,"empty string, not_reported, needs_manual_check, and business values remain distinct",not_promoted,WEBR8-D08,WEBR8-v1,WEBSCHEMA1 field inventory + WEBR8 decision contract
VOC_MEASUREMENT_EVIDENCE_ENZYME_CONC,measurement_evidence,enzyme_conc,200 ug total enzyme,canonical_term_candidate,200 ug total enzyme,1,current_public_value_domain_count,none_observed,observed_not_promoted,forbidden_in_WEBSCHEMA1,"empty string, not_reported, needs_manual_check, and business values remain distinct",not_promoted,WEBR8-D08,WEBR8-v1,WEBSCHEMA1 field inventory + WEBR8 decision contract
VOC_MEASUREMENT_EVIDENCE_ENZYME_CONC,measurement_evidence,enzyme_conc,4 mg/ml,canonical_term_candidate,4 mg/ml,5,current_public_value_domain_count,none_observed,observed_not_promoted,forbidden_in_WEBSCHEMA1,"empty string, not_reported, needs_manual_check, and business values remain distinct",not_promoted,WEBR8-D08,WEBR8-v1,WEBSCHEMA1 field inventory + WEBR8 decision contract
VOC_MEASUREMENT_EVIDENCE_ENZYME_CONC,measurement_evidence,enzyme_conc,50 nM,canonical_term_candidate,50 nM,2,current_public_value_domain_count,none_observed,observed_not_promoted,forbidden_in_WEBSCHEMA1,"empty string, not_reported, needs_manual_check, and business values remain distinct",not_promoted,WEBR8-D08,WEBR8-v1,WEBSCHEMA1 field inventory + WEBR8 decision contract
VOC_MEASUREMENT_EVIDENCE_ENZYME_CONC,measurement_evidence,enzyme_conc,500 nM,canonical_term_candidate,500 nM,2,current_public_value_domain_count,none_observed,observed_not_promoted,forbidden_in_WEBSCHEMA1,"empty string, not_reported, needs_manual_check, and business values remain distinct",not_promoted,WEBR8-D08,WEBR8-v1,WEBSCHEMA1 field inventory + WEBR8 decision contract
VOC_MEASUREMENT_EVIDENCE_ENZYME_CONC,measurement_evidence,enzyme_conc,600 nM,canonical_term_candidate,600 nM,9,current_public_value_domain_count,none_observed,observed_not_promoted,forbidden_in_WEBSCHEMA1,"empty string, not_reported, needs_manual_check, and business values remain distinct",not_promoted,WEBR8-D08,WEBR8-v1,WEBSCHEMA1 field inventory + WEBR8 decision contract
VOC_MEASUREMENT_EVIDENCE_ENZYME_CONC,measurement_evidence,enzyme_conc,79 units/ml,canonical_term_candidate,79 units/ml,12,current_public_value_domain_count,none_observed,observed_not_promoted,forbidden_in_WEBSCHEMA1,"empty string, not_reported, needs_manual_check, and business values remain distinct",not_promoted,WEBR8-D08,WEBR8-v1,WEBSCHEMA1 field inventory + WEBR8 decision contract
VOC_MEASUREMENT_EVIDENCE_ENZYME_CONC,measurement_evidence,enzyme_conc,cell_free_extract,canonical_term_candidate,cell_free_extract,1,current_public_value_domain_count,none_observed,observed_not_promoted,forbidden_in_WEBSCHEMA1,"empty string, not_reported, needs_manual_check, and business values remain distinct",not_promoted,WEBR8-D08,WEBR8-v1,WEBSCHEMA1 field inventory + WEBR8 decision contract
VOC_MEASUREMENT_EVIDENCE_ENZYME_CONC,measurement_evidence,enzyme_conc,crude lipase,canonical_term_candidate,crude lipase,2,current_public_value_domain_count,none_observed,observed_not_promoted,forbidden_in_WEBSCHEMA1,"empty string, not_reported, needs_manual_check, and business values remain distinct",not_promoted,WEBR8-D08,WEBR8-v1,WEBSCHEMA1 field inventory + WEBR8 decision contract
VOC_MEASUREMENT_EVIDENCE_ENZYME_EC_NUMBER,measurement_evidence,enzyme_ec_number,EC 3.1.1.-,canonical_term_candidate,EC 3.1.1.-,1,current_public_value_domain_count,none_observed,observed_not_promoted,forbidden_in_WEBSCHEMA1,"empty string, not_reported, needs_manual_check, and business values remain distinct",not_promoted,WEBR8-D08,WEBR8-v1,WEBSCHEMA1 field inventory + WEBR8 decision contract
VOC_MEASUREMENT_EVIDENCE_ENZYME_EC_NUMBER,measurement_evidence,enzyme_ec_number,EC 3.1.1.1,canonical_term_candidate,EC 3.1.1.1,3,current_public_value_domain_count,none_observed,observed_not_promoted,forbidden_in_WEBSCHEMA1,"empty string, not_reported, needs_manual_check, and business values remain distinct",not_promoted,WEBR8-D08,WEBR8-v1,WEBSCHEMA1 field inventory + WEBR8 decision contract
VOC_MEASUREMENT_EVIDENCE_ENZYME_EC_NUMBER,measurement_evidence,enzyme_ec_number,EC 3.1.1.3,canonical_term_candidate,EC 3.1.1.3,2816,current_public_value_domain_count,none_observed,observed_not_promoted,forbidden_in_WEBSCHEMA1,"empty string, not_reported, needs_manual_check, and business values remain distinct",not_promoted,WEBR8-D08,WEBR8-v1,WEBSCHEMA1 field inventory + WEBR8 decision contract
VOC_MEASUREMENT_EVIDENCE_ENZYME_EC_NUMBER,measurement_evidence,enzyme_ec_number,EC 3.1.1.72,canonical_term_candidate,EC 3.1.1.72,8,current_public_value_domain_count,none_observed,observed_not_promoted,forbidden_in_WEBSCHEMA1,"empty string, not_reported, needs_manual_check, and business values remain distinct",not_promoted,WEBR8-D08,WEBR8-v1,WEBSCHEMA1 field inventory + WEBR8 decision contract
VOC_MEASUREMENT_EVIDENCE_ENZYME_EC_NUMBER,measurement_evidence,enzyme_ec_number,EC 3.1.1.x,canonical_term_candidate,EC 3.1.1.x,14,current_public_value_domain_count,none_observed,observed_not_promoted,forbidden_in_WEBSCHEMA1,"empty string, not_reported, needs_manual_check, and business values remain distinct",not_promoted,WEBR8-D08,WEBR8-v1,WEBSCHEMA1 field inventory + WEBR8 decision contract
VOC_MEASUREMENT_EVIDENCE_ENZYME_FORM,measurement_evidence,enzyme_form,cell_free_extract,canonical_term_candidate,cell_free_extract,4,current_public_value_domain_count,none_observed,observed_not_promoted,forbidden_in_WEBSCHEMA1,"empty string, not_reported, needs_manual_check, and business values remain distinct",not_promoted,WEBR8-D08,WEBR8-v1,WEBSCHEMA1 field inventory + WEBR8 decision contract
VOC_MEASUREMENT_EVIDENCE_ENZYME_FORM,measurement_evidence,enzyme_form,crude_extract,canonical_term_candidate,crude_extract,42,current_public_value_domain_count,none_observed,observed_not_promoted,forbidden_in_WEBSCHEMA1,"empty string, not_reported, needs_manual_check, and business values remain distinct",not_promoted,WEBR8-D08,WEBR8-v1,WEBSCHEMA1 field inventory + WEBR8 decision contract
VOC_MEASUREMENT_EVIDENCE_ENZYME_FORM,measurement_evidence,enzyme_form,crude_preparation,canonical_term_candidate,crude_preparation,234,current_public_value_domain_count,none_observed,observed_not_promoted,forbidden_in_WEBSCHEMA1,"empty string, not_reported, needs_manual_check, and business values remain distinct",not_promoted,WEBR8-D08,WEBR8-v1,WEBSCHEMA1 field inventory + WEBR8 decision contract
VOC_MEASUREMENT_EVIDENCE_ENZYME_FORM,measurement_evidence,enzyme_form,enzyme_solution,canonical_term_candidate,enzyme_solution,1,current_public_value_domain_count,none_observed,observed_not_promoted,forbidden_in_WEBSCHEMA1,"empty string, not_reported, needs_manual_check, and business values remain distinct",not_promoted,WEBR8-D08,WEBR8-v1,WEBSCHEMA1 field inventory + WEBR8 decision contract
VOC_MEASUREMENT_EVIDENCE_ENZYME_FORM,measurement_evidence,enzyme_form,free,canonical_term_candidate,free,2051,current_public_value_domain_count,none_observed,observed_not_promoted,forbidden_in_WEBSCHEMA1,"empty string, not_reported, needs_manual_check, and business values remain distinct",not_promoted,WEBR8-D08,WEBR8-v1,WEBSCHEMA1 field inventory + WEBR8 decision contract
VOC_MEASUREMENT_EVIDENCE_ENZYME_FORM,measurement_evidence,enzyme_form,free; recombinant purified enzyme,canonical_term_candidate,free; recombinant purified enzyme,12,current_public_value_domain_count,none_observed,observed_not_promoted,forbidden_in_WEBSCHEMA1,"empty string, not_reported, needs_manual_check, and business values remain distinct",not_promoted,WEBR8-D08,WEBR8-v1,WEBSCHEMA1 field inventory + WEBR8 decision contract
VOC_MEASUREMENT_EVIDENCE_ENZYME_FORM,measurement_evidence,enzyme_form,free_enzyme,canonical_term_candidate,free_enzyme,1,current_public_value_domain_count,none_observed,observed_not_promoted,forbidden_in_WEBSCHEMA1,"empty string, not_reported, needs_manual_check, and business values remain distinct",not_promoted,WEBR8-D08,WEBR8-v1,WEBSCHEMA1 field inventory + WEBR8 decision contract
VOC_MEASUREMENT_EVIDENCE_ENZYME_FORM,measurement_evidence,enzyme_form,free_lyophilized_recombinant,canonical_term_candidate,free_lyophilized_recombinant,2,current_public_value_domain_count,none_observed,observed_not_promoted,forbidden_in_WEBSCHEMA1,"empty string, not_reported, needs_manual_check, and business values remain distinct",not_promoted,WEBR8-D08,WEBR8-v1,WEBSCHEMA1 field inventory + WEBR8 decision contract
VOC_MEASUREMENT_EVIDENCE_ENZYME_FORM,measurement_evidence,enzyme_form,free_purified,canonical_term_candidate,free_purified,67,current_public_value_domain_count,none_observed,observed_not_promoted,forbidden_in_WEBSCHEMA1,"empty string, not_reported, needs_manual_check, and business values remain distinct",not_promoted,WEBR8-D08,WEBR8-v1,WEBSCHEMA1 field inventory + WEBR8 decision contract
VOC_MEASUREMENT_EVIDENCE_ENZYME_FORM,measurement_evidence,enzyme_form,free_purified_recombinant,canonical_term_candidate,free_purified_recombinant,6,current_public_value_domain_count,none_observed,approved,normalized_display_field_only,"empty string, not_reported, needs_manual_check, and business values remain distinct",spelling_case_hyphen_or_delimiter_only,WEBR8-D07,WEBR8-v1,WEBSCHEMA1 field inventory + WEBR8 decision contract
VOC_MEASUREMENT_EVIDENCE_ENZYME_FORM,measurement_evidence,enzyme_form,free_suspended_enzyme,canonical_term_candidate,free_suspended_enzyme,1,current_public_value_domain_count,none_observed,observed_not_promoted,forbidden_in_WEBSCHEMA1,"empty string, not_reported, needs_manual_check, and business values remain distinct",not_promoted,WEBR8-D08,WEBR8-v1,WEBSCHEMA1 field inventory + WEBR8 decision contract
VOC_MEASUREMENT_EVIDENCE_ENZYME_FORM,measurement_evidence,enzyme_form,immobilized,canonical_term_candidate,immobilized,12,current_public_value_domain_count,none_observed,observed_not_promoted,forbidden_in_WEBSCHEMA1,"empty string, not_reported, needs_manual_check, and business values remain distinct",not_promoted,WEBR8-D08,WEBR8-v1,WEBSCHEMA1 field inventory + WEBR8 decision contract
VOC_MEASUREMENT_EVIDENCE_ENZYME_FORM,measurement_evidence,enzyme_form,liquid_enzyme_preparation,canonical_term_candidate,liquid_enzyme_preparation,1,current_public_value_domain_count,none_observed,observed_not_promoted,forbidden_in_WEBSCHEMA1,"empty string, not_reported, needs_manual_check, and business values remain distinct",not_promoted,WEBR8-D08,WEBR8-v1,WEBSCHEMA1 field inventory + WEBR8 decision contract
VOC_MEASUREMENT_EVIDENCE_ENZYME_FORM,measurement_evidence,enzyme_form,lyophilized,canonical_term_candidate,lyophilized,7,current_public_value_domain_count,none_observed,observed_not_promoted,forbidden_in_WEBSCHEMA1,"empty string, not_reported, needs_manual_check, and business values remain distinct",not_promoted,WEBR8-D08,WEBR8-v1,WEBSCHEMA1 field inventory + WEBR8 decision contract
VOC_MEASUREMENT_EVIDENCE_ENZYME_FORM,measurement_evidence,enzyme_form,partially_purified,canonical_term_candidate,partially_purified,2,current_public_value_domain_count,none_observed,observed_not_promoted,forbidden_in_WEBSCHEMA1,"empty string, not_reported, needs_manual_check, and business values remain distinct",not_promoted,WEBR8-D08,WEBR8-v1,WEBSCHEMA1 field inventory + WEBR8 decision contract
VOC_MEASUREMENT_EVIDENCE_ENZYME_FORM,measurement_evidence,enzyme_form,purified,canonical_term_candidate,purified,83,current_public_value_domain_count,none_observed,observed_not_promoted,forbidden_in_WEBSCHEMA1,"empty string, not_reported, needs_manual_check, and business values remain distinct",not_promoted,WEBR8-D08,WEBR8-v1,WEBSCHEMA1 field inventory + WEBR8 decision contract
VOC_MEASUREMENT_EVIDENCE_ENZYME_FORM,measurement_evidence,enzyme_form,purified_free,canonical_term_candidate,purified_free,281,current_public_value_domain_count,none_observed,observed_not_promoted,forbidden_in_WEBSCHEMA1,"empty string, not_reported, needs_manual_check, and business values remain distinct",not_promoted,WEBR8-D08,WEBR8-v1,WEBSCHEMA1 field inventory + WEBR8 decision contract
VOC_MEASUREMENT_EVIDENCE_ENZYME_FORM,measurement_evidence,enzyme_form,purified_recombinant,canonical_term_candidate,purified_recombinant,45,current_public_value_domain_count,none_observed,observed_not_promoted,forbidden_in_WEBSCHEMA1,"empty string, not_reported, needs_manual_check, and business values remain distinct",not_promoted,WEBR8-D08,WEBR8-v1,WEBSCHEMA1 field inventory + WEBR8 decision contract
VOC_MEASUREMENT_EVIDENCE_ENZYME_FORM,measurement_evidence,enzyme_form,soluble/free enzyme,canonical_term_candidate,soluble/free enzyme,1,current_public_value_domain_count,none_observed,observed_not_promoted,forbidden_in_WEBSCHEMA1,"empty string, not_reported, needs_manual_check, and business values remain distinct",not_promoted,WEBR8-D08,WEBR8-v1,WEBSCHEMA1 field inventory + WEBR8 decision contract
VOC_MEASUREMENT_EVIDENCE_ENZYME_FORM,measurement_evidence,enzyme_form,whole_cell,canonical_term_candidate,whole_cell,4,current_public_value_domain_count,none_observed,observed_not_promoted,forbidden_in_WEBSCHEMA1,"empty string, not_reported, needs_manual_check, and business values remain distinct",not_promoted,WEBR8-D08,WEBR8-v1,WEBSCHEMA1 field inventory + WEBR8 decision contract
VOC_MEASUREMENT_EVIDENCE_EVIDENCE_CONFIDENCE_TIER,measurement_evidence,evidence_confidence_tier,core_train,canonical_term_candidate,core_train,18,current_public_value_domain_count,none_observed,observed_not_promoted,forbidden_in_WEBSCHEMA1,"empty string, not_reported, needs_manual_check, and business values remain distinct",not_promoted,WEBR8-D08,WEBR8-v1,WEBSCHEMA1 field inventory + WEBR8 decision contract
VOC_MEASUREMENT_EVIDENCE_EVIDENCE_CONFIDENCE_TIER,measurement_evidence,evidence_confidence_tier,downweighted_train,canonical_term_candidate,downweighted_train,1456,current_public_value_domain_count,none_observed,observed_not_promoted,forbidden_in_WEBSCHEMA1,"empty string, not_reported, needs_manual_check, and business values remain distinct",not_promoted,WEBR8-D08,WEBR8-v1,WEBSCHEMA1 field inventory + WEBR8 decision contract
VOC_MEASUREMENT_EVIDENCE_EVIDENCE_CONFIDENCE_TIER,measurement_evidence,evidence_confidence_tier,holdout_only,canonical_term_candidate,holdout_only,1375,current_public_value_domain_count,none_observed,observed_not_promoted,forbidden_in_WEBSCHEMA1,"empty string, not_reported, needs_manual_check, and business values remain distinct",not_promoted,WEBR8-D08,WEBR8-v1,WEBSCHEMA1 field inventory + WEBR8 decision contract
VOC_MEASUREMENT_EVIDENCE_EVIDENCE_CONFIDENCE_TIER,measurement_evidence,evidence_confidence_tier,mechanism_only,canonical_term_candidate,mechanism_only,8,current_public_value_domain_count,none_observed,observed_not_promoted,forbidden_in_WEBSCHEMA1,"empty string, not_reported, needs_manual_check, and business values remain distinct",not_promoted,WEBR8-D08,WEBR8-v1,WEBSCHEMA1 field inventory + WEBR8 decision contract
VOC_MEASUREMENT_EVIDENCE_EVIDENCE_ELIGIBILITY,measurement_evidence,evidence_eligibility,direct_intrinsic,canonical_term_candidate,direct_intrinsic,2833,current_public_value_domain_count,none_observed,observed_not_promoted,forbidden_in_WEBSCHEMA1,"empty string, not_reported, needs_manual_check, and business values remain distinct",not_promoted,WEBR8-D08,WEBR8-v1,WEBSCHEMA1 field inventory + WEBR8 decision contract
VOC_MEASUREMENT_EVIDENCE_EVIDENCE_ELIGIBILITY,measurement_evidence,evidence_eligibility,process_confounded,canonical_term_candidate,process_confounded,24,current_public_value_domain_count,none_observed,observed_not_promoted,forbidden_in_WEBSCHEMA1,"empty string, not_reported, needs_manual_check, and business values remain distinct",not_promoted,WEBR8-D08,WEBR8-v1,WEBSCHEMA1 field inventory + WEBR8 decision contract
VOC_MEASUREMENT_EVIDENCE_EXPOSURE_PHASE,measurement_evidence,exposure_phase,methanol_challenge,canonical_term_candidate,methanol_challenge,88,current_public_value_domain_count,none_observed,observed_not_promoted,forbidden_in_WEBSCHEMA1,"empty string, not_reported, needs_manual_check, and business values remain distinct",not_promoted,WEBR8-D08,WEBR8-v1,WEBSCHEMA1 field inventory + WEBR8 decision contract
VOC_MEASUREMENT_EVIDENCE_IMMOBILIZATION_SUPPORT,measurement_evidence,immobilization_support,not_applicable,sentinel,not_applicable,12,current_public_value_domain_count,none_observed,observed_sentinel_locked_distinct,forbidden_in_WEBSCHEMA1,"empty string, not_reported, needs_manual_check, and business values remain distinct",not_promoted,WEBR8-D08,WEBR8-v1,WEBSCHEMA1 field inventory + WEBR8 decision contract
VOC_MEASUREMENT_EVIDENCE_IMMOBILIZATION_SUPPORT,measurement_evidence,immobilization_support,sepiolite inorganic support,canonical_term_candidate,sepiolite inorganic support,10,current_public_value_domain_count,none_observed,observed_not_promoted,forbidden_in_WEBSCHEMA1,"empty string, not_reported, needs_manual_check, and business values remain distinct",not_promoted,WEBR8-D08,WEBR8-v1,WEBSCHEMA1 field inventory + WEBR8 decision contract
VOC_MEASUREMENT_EVIDENCE_INCUBATION_ATMOSPHERE,measurement_evidence,incubation_atmosphere,closed tube,canonical_term_candidate,closed tube,72,current_public_value_domain_count,none_observed,observed_not_promoted,forbidden_in_WEBSCHEMA1,"empty string, not_reported, needs_manual_check, and business values remain distinct",not_promoted,WEBR8-D08,WEBR8-v1,WEBSCHEMA1 field inventory + WEBR8 decision contract
VOC_MEASUREMENT_EVIDENCE_INCUBATION_ATMOSPHERE,measurement_evidence,incubation_atmosphere,sealed,canonical_term_candidate,sealed,62,current_public_value_domain_count,none_observed,observed_not_promoted,forbidden_in_WEBSCHEMA1,"empty string, not_reported, needs_manual_check, and business values remain distinct",not_promoted,WEBR8-D08,WEBR8-v1,WEBSCHEMA1 field inventory + WEBR8 decision contract
VOC_MEASUREMENT_EVIDENCE_INCUBATION_PH,measurement_evidence,incubation_pH,10,canonical_term_candidate,10,6,current_public_value_domain_count,none_observed,observed_not_promoted,forbidden_in_WEBSCHEMA1,"empty string, not_reported, needs_manual_check, and business values remain distinct",not_promoted,WEBR8-D08,WEBR8-v1,WEBSCHEMA1 field inventory + WEBR8 decision contract
VOC_MEASUREMENT_EVIDENCE_INCUBATION_PH,measurement_evidence,incubation_pH,11.0,canonical_term_candidate,11.0,1,current_public_value_domain_count,none_observed,observed_not_promoted,forbidden_in_WEBSCHEMA1,"empty string, not_reported, needs_manual_check, and business values remain distinct",not_promoted,WEBR8-D08,WEBR8-v1,WEBSCHEMA1 field inventory + WEBR8 decision contract
VOC_MEASUREMENT_EVIDENCE_INCUBATION_PH,measurement_evidence,incubation_pH,12,canonical_term_candidate,12,5,current_public_value_domain_count,none_observed,observed_not_promoted,forbidden_in_WEBSCHEMA1,"empty string, not_reported, needs_manual_check, and business values remain distinct",not_promoted,WEBR8-D08,WEBR8-v1,WEBSCHEMA1 field inventory + WEBR8 decision contract
VOC_MEASUREMENT_EVIDENCE_INCUBATION_PH,measurement_evidence,incubation_pH,4.0,canonical_term_candidate,4.0,1,current_public_value_domain_count,none_observed,observed_not_promoted,forbidden_in_WEBSCHEMA1,"empty string, not_reported, needs_manual_check, and business values remain distinct",not_promoted,WEBR8-D08,WEBR8-v1,WEBSCHEMA1 field inventory + WEBR8 decision contract
VOC_MEASUREMENT_EVIDENCE_INCUBATION_PH,measurement_evidence,incubation_pH,6.0,canonical_term_candidate,6.0,2,current_public_value_domain_count,none_observed,observed_not_promoted,forbidden_in_WEBSCHEMA1,"empty string, not_reported, needs_manual_check, and business values remain distinct",not_promoted,WEBR8-D08,WEBR8-v1,WEBSCHEMA1 field inventory + WEBR8 decision contract
VOC_MEASUREMENT_EVIDENCE_INCUBATION_PH,measurement_evidence,incubation_pH,6.5,canonical_term_candidate,6.5,33,current_public_value_domain_count,none_observed,observed_not_promoted,forbidden_in_WEBSCHEMA1,"empty string, not_reported, needs_manual_check, and business values remain distinct",not_promoted,WEBR8-D08,WEBR8-v1,WEBSCHEMA1 field inventory + WEBR8 decision contract
VOC_MEASUREMENT_EVIDENCE_INCUBATION_PH,measurement_evidence,incubation_pH,6.8,canonical_term_candidate,6.8,3,current_public_value_domain_count,none_observed,observed_not_promoted,forbidden_in_WEBSCHEMA1,"empty string, not_reported, needs_manual_check, and business values remain distinct",not_promoted,WEBR8-D08,WEBR8-v1,WEBSCHEMA1 field inventory + WEBR8 decision contract
VOC_MEASUREMENT_EVIDENCE_INCUBATION_PH,measurement_evidence,incubation_pH,7.0,canonical_term_candidate,7.0,500,current_public_value_domain_count,none_observed,observed_not_promoted,forbidden_in_WEBSCHEMA1,"empty string, not_reported, needs_manual_check, and business values remain distinct",not_promoted,WEBR8-D08,WEBR8-v1,WEBSCHEMA1 field inventory + WEBR8 decision contract
VOC_MEASUREMENT_EVIDENCE_INCUBATION_PH,measurement_evidence,incubation_pH,7.0-8.5,canonical_term_candidate,7.0-8.5,9,current_public_value_domain_count,none_observed,observed_not_promoted,forbidden_in_WEBSCHEMA1,"empty string, not_reported, needs_manual_check, and business values remain distinct",not_promoted,WEBR8-D08,WEBR8-v1,WEBSCHEMA1 field inventory + WEBR8 decision contract
VOC_MEASUREMENT_EVIDENCE_INCUBATION_PH,measurement_evidence,incubation_pH,7.2,canonical_term_candidate,7.2,30,current_public_value_domain_count,none_observed,observed_not_promoted,forbidden_in_WEBSCHEMA1,"empty string, not_reported, needs_manual_check, and business values remain distinct",not_promoted,WEBR8-D08,WEBR8-v1,WEBSCHEMA1 field inventory + WEBR8 decision contract
VOC_MEASUREMENT_EVIDENCE_INCUBATION_PH,measurement_evidence,incubation_pH,7.5,canonical_term_candidate,7.5,70,current_public_value_domain_count,none_observed,observed_not_promoted,forbidden_in_WEBSCHEMA1,"empty string, not_reported, needs_manual_check, and business values remain distinct",not_promoted,WEBR8-D08,WEBR8-v1,WEBSCHEMA1 field inventory + WEBR8 decision contract
VOC_MEASUREMENT_EVIDENCE_INCUBATION_PH,measurement_evidence,incubation_pH,7.6,canonical_term_candidate,7.6,3,current_public_value_domain_count,none_observed,observed_not_promoted,forbidden_in_WEBSCHEMA1,"empty string, not_reported, needs_manual_check, and business values remain distinct",not_promoted,WEBR8-D08,WEBR8-v1,WEBSCHEMA1 field inventory + WEBR8 decision contract
VOC_MEASUREMENT_EVIDENCE_INCUBATION_PH,measurement_evidence,incubation_pH,8,canonical_term_candidate,8,678,current_public_value_domain_count,none_observed,observed_not_promoted,forbidden_in_WEBSCHEMA1,"empty string, not_reported, needs_manual_check, and business values remain distinct",not_promoted,WEBR8-D08,WEBR8-v1,WEBSCHEMA1 field inventory + WEBR8 decision contract
VOC_MEASUREMENT_EVIDENCE_INCUBATION_PH,measurement_evidence,incubation_pH,8.0,canonical_term_candidate,8.0,313,current_public_value_domain_count,none_observed,observed_not_promoted,forbidden_in_WEBSCHEMA1,"empty string, not_reported, needs_manual_check, and business values remain distinct",not_promoted,WEBR8-D08,WEBR8-v1,WEBSCHEMA1 field inventory + WEBR8 decision contract
VOC_MEASUREMENT_EVIDENCE_INCUBATION_PH,measurement_evidence,incubation_pH,8.2,canonical_term_candidate,8.2,24,current_public_value_domain_count,none_observed,observed_not_promoted,forbidden_in_WEBSCHEMA1,"empty string, not_reported, needs_manual_check, and business values remain distinct",not_promoted,WEBR8-D08,WEBR8-v1,WEBSCHEMA1 field inventory + WEBR8 decision contract
VOC_MEASUREMENT_EVIDENCE_INCUBATION_PH,measurement_evidence,incubation_pH,8.5,canonical_term_candidate,8.5,45,current_public_value_domain_count,none_observed,observed_not_promoted,forbidden_in_WEBSCHEMA1,"empty string, not_reported, needs_manual_check, and business values remain distinct",not_promoted,WEBR8-D08,WEBR8-v1,WEBSCHEMA1 field inventory + WEBR8 decision contract
VOC_MEASUREMENT_EVIDENCE_INCUBATION_PH,measurement_evidence,incubation_pH,9.0,canonical_term_candidate,9.0,4,current_public_value_domain_count,none_observed,observed_not_promoted,forbidden_in_WEBSCHEMA1,"empty string, not_reported, needs_manual_check, and business values remain distinct",not_promoted,WEBR8-D08,WEBR8-v1,WEBSCHEMA1 field inventory + WEBR8 decision contract
VOC_MEASUREMENT_EVIDENCE_INCUBATION_PH,measurement_evidence,incubation_pH,not_applicable,sentinel,not_applicable,7,current_public_value_domain_count,none_observed,observed_sentinel_locked_distinct,forbidden_in_WEBSCHEMA1,"empty string, not_reported, needs_manual_check, and business values remain distinct",not_promoted,WEBR8-D08,WEBR8-v1,WEBSCHEMA1 field inventory + WEBR8 decision contract
VOC_MEASUREMENT_EVIDENCE_INCUBATION_TEMP_C,measurement_evidence,incubation_temp_C,10,canonical_term_candidate,10,2,current_public_value_domain_count,none_observed,observed_not_promoted,forbidden_in_WEBSCHEMA1,"empty string, not_reported, needs_manual_check, and business values remain distinct",not_promoted,WEBR8-D08,WEBR8-v1,WEBSCHEMA1 field inventory + WEBR8 decision contract
VOC_MEASUREMENT_EVIDENCE_INCUBATION_TEMP_C,measurement_evidence,incubation_temp_C,15,canonical_term_candidate,15,4,current_public_value_domain_count,none_observed,observed_not_promoted,forbidden_in_WEBSCHEMA1,"empty string, not_reported, needs_manual_check, and business values remain distinct",not_promoted,WEBR8-D08,WEBR8-v1,WEBSCHEMA1 field inventory + WEBR8 decision contract
VOC_MEASUREMENT_EVIDENCE_INCUBATION_TEMP_C,measurement_evidence,incubation_temp_C,20,canonical_term_candidate,20,12,current_public_value_domain_count,none_observed,observed_not_promoted,forbidden_in_WEBSCHEMA1,"empty string, not_reported, needs_manual_check, and business values remain distinct",not_promoted,WEBR8-D08,WEBR8-v1,WEBSCHEMA1 field inventory + WEBR8 decision contract
VOC_MEASUREMENT_EVIDENCE_INCUBATION_TEMP_C,measurement_evidence,incubation_temp_C,23,canonical_term_candidate,23,8,current_public_value_domain_count,none_observed,observed_not_promoted,forbidden_in_WEBSCHEMA1,"empty string, not_reported, needs_manual_check, and business values remain distinct",not_promoted,WEBR8-D08,WEBR8-v1,WEBSCHEMA1 field inventory + WEBR8 decision contract
VOC_MEASUREMENT_EVIDENCE_INCUBATION_TEMP_C,measurement_evidence,incubation_temp_C,25,canonical_term_candidate,25,1247,current_public_value_domain_count,none_observed,observed_not_promoted,forbidden_in_WEBSCHEMA1,"empty string, not_reported, needs_manual_check, and business values remain distinct",not_promoted,WEBR8-D08,WEBR8-v1,WEBSCHEMA1 field inventory + WEBR8 decision contract
VOC_MEASUREMENT_EVIDENCE_INCUBATION_TEMP_C,measurement_evidence,incubation_temp_C,25+/-2,canonical_term_candidate,25+/-2,3,current_public_value_domain_count,none_observed,observed_not_promoted,forbidden_in_WEBSCHEMA1,"empty string, not_reported, needs_manual_check, and business values remain distinct",not_promoted,WEBR8-D08,WEBR8-v1,WEBSCHEMA1 field inventory + WEBR8 decision contract
VOC_MEASUREMENT_EVIDENCE_INCUBATION_TEMP_C,measurement_evidence,incubation_temp_C,28,canonical_term_candidate,28,21,current_public_value_domain_count,none_observed,observed_not_promoted,forbidden_in_WEBSCHEMA1,"empty string, not_reported, needs_manual_check, and business values remain distinct",not_promoted,WEBR8-D08,WEBR8-v1,WEBSCHEMA1 field inventory + WEBR8 decision contract
VOC_MEASUREMENT_EVIDENCE_INCUBATION_TEMP_C,measurement_evidence,incubation_temp_C,30,canonical_term_candidate,30,211,current_public_value_domain_count,none_observed,observed_not_promoted,forbidden_in_WEBSCHEMA1,"empty string, not_reported, needs_manual_check, and business values remain distinct",not_promoted,WEBR8-D08,WEBR8-v1,WEBSCHEMA1 field inventory + WEBR8 decision contract
VOC_MEASUREMENT_EVIDENCE_INCUBATION_TEMP_C,measurement_evidence,incubation_temp_C,33,canonical_term_candidate,33,1,current_public_value_domain_count,none_observed,observed_not_promoted,forbidden_in_WEBSCHEMA1,"empty string, not_reported, needs_manual_check, and business values remain distinct",not_promoted,WEBR8-D08,WEBR8-v1,WEBSCHEMA1 field inventory + WEBR8 decision contract
VOC_MEASUREMENT_EVIDENCE_INCUBATION_TEMP_C,measurement_evidence,incubation_temp_C,35,canonical_term_candidate,35,14,current_public_value_domain_count,none_observed,observed_not_promoted,forbidden_in_WEBSCHEMA1,"empty string, not_reported, needs_manual_check, and business values remain distinct",not_promoted,WEBR8-D08,WEBR8-v1,WEBSCHEMA1 field inventory + WEBR8 decision contract
VOC_MEASUREMENT_EVIDENCE_INCUBATION_TEMP_C,measurement_evidence,incubation_temp_C,37,canonical_term_candidate,37,103,current_public_value_domain_count,none_observed,observed_not_promoted,forbidden_in_WEBSCHEMA1,"empty string, not_reported, needs_manual_check, and business values remain distinct",not_promoted,WEBR8-D08,WEBR8-v1,WEBSCHEMA1 field inventory + WEBR8 decision contract
VOC_MEASUREMENT_EVIDENCE_INCUBATION_TEMP_C,measurement_evidence,incubation_temp_C,4,canonical_term_candidate,4,45,current_public_value_domain_count,none_observed,observed_not_promoted,forbidden_in_WEBSCHEMA1,"empty string, not_reported, needs_manual_check, and business values remain distinct",not_promoted,WEBR8-D08,WEBR8-v1,WEBSCHEMA1 field inventory + WEBR8 decision contract
VOC_MEASUREMENT_EVIDENCE_INCUBATION_TEMP_C,measurement_evidence,incubation_temp_C,4-8,canonical_term_candidate,4-8,12,current_public_value_domain_count,none_observed,observed_not_promoted,forbidden_in_WEBSCHEMA1,"empty string, not_reported, needs_manual_check, and business values remain distinct",not_promoted,WEBR8-D08,WEBR8-v1,WEBSCHEMA1 field inventory + WEBR8 decision contract
VOC_MEASUREMENT_EVIDENCE_INCUBATION_TEMP_C,measurement_evidence,incubation_temp_C,40,canonical_term_candidate,40,153,current_public_value_domain_count,none_observed,observed_not_promoted,forbidden_in_WEBSCHEMA1,"empty string, not_reported, needs_manual_check, and business values remain distinct",not_promoted,WEBR8-D08,WEBR8-v1,WEBSCHEMA1 field inventory + WEBR8 decision contract
VOC_MEASUREMENT_EVIDENCE_INCUBATION_TEMP_C,measurement_evidence,incubation_temp_C,45,canonical_term_candidate,45,30,current_public_value_domain_count,none_observed,observed_not_promoted,forbidden_in_WEBSCHEMA1,"empty string, not_reported, needs_manual_check, and business values remain distinct",not_promoted,WEBR8-D08,WEBR8-v1,WEBSCHEMA1 field inventory + WEBR8 decision contract
VOC_MEASUREMENT_EVIDENCE_INCUBATION_TEMP_C,measurement_evidence,incubation_temp_C,47,canonical_term_candidate,47,33,current_public_value_domain_count,none_observed,observed_not_promoted,forbidden_in_WEBSCHEMA1,"empty string, not_reported, needs_manual_check, and business values remain distinct",not_promoted,WEBR8-D08,WEBR8-v1,WEBSCHEMA1 field inventory + WEBR8 decision contract
VOC_MEASUREMENT_EVIDENCE_INCUBATION_TEMP_C,measurement_evidence,incubation_temp_C,5,canonical_term_candidate,5,5,current_public_value_domain_count,none_observed,observed_not_promoted,forbidden_in_WEBSCHEMA1,"empty string, not_reported, needs_manual_check, and business values remain distinct",not_promoted,WEBR8-D08,WEBR8-v1,WEBSCHEMA1 field inventory + WEBR8 decision contract
VOC_MEASUREMENT_EVIDENCE_INCUBATION_TEMP_C,measurement_evidence,incubation_temp_C,50,canonical_term_candidate,50,74,current_public_value_domain_count,none_observed,observed_not_promoted,forbidden_in_WEBSCHEMA1,"empty string, not_reported, needs_manual_check, and business values remain distinct",not_promoted,WEBR8-D08,WEBR8-v1,WEBSCHEMA1 field inventory + WEBR8 decision contract
VOC_MEASUREMENT_EVIDENCE_INCUBATION_TEMP_C,measurement_evidence,incubation_temp_C,60,canonical_term_candidate,60,255,current_public_value_domain_count,none_observed,observed_not_promoted,forbidden_in_WEBSCHEMA1,"empty string, not_reported, needs_manual_check, and business values remain distinct",not_promoted,WEBR8-D08,WEBR8-v1,WEBSCHEMA1 field inventory + WEBR8 decision contract
VOC_MEASUREMENT_EVIDENCE_INCUBATION_TEMP_C,measurement_evidence,incubation_temp_C,65,canonical_term_candidate,65,5,current_public_value_domain_count,none_observed,observed_not_promoted,forbidden_in_WEBSCHEMA1,"empty string, not_reported, needs_manual_check, and business values remain distinct",not_promoted,WEBR8-D08,WEBR8-v1,WEBSCHEMA1 field inventory + WEBR8 decision contract
VOC_MEASUREMENT_EVIDENCE_INCUBATION_TEMP_C,measurement_evidence,incubation_temp_C,70,canonical_term_candidate,70,9,current_public_value_domain_count,none_observed,observed_not_promoted,forbidden_in_WEBSCHEMA1,"empty string, not_reported, needs_manual_check, and business values remain distinct",not_promoted,WEBR8-D08,WEBR8-v1,WEBSCHEMA1 field inventory + WEBR8 decision contract
VOC_MEASUREMENT_EVIDENCE_INCUBATION_TEMP_C,measurement_evidence,incubation_temp_C,boiling_methanol,canonical_term_candidate,boiling_methanol,1,current_public_value_domain_count,none_observed,observed_not_promoted,forbidden_in_WEBSCHEMA1,"empty string, not_reported, needs_manual_check, and business values remain distinct",not_promoted,WEBR8-D08,WEBR8-v1,WEBSCHEMA1 field inventory + WEBR8 decision contract
VOC_MEASUREMENT_EVIDENCE_INCUBATION_TEMP_C,measurement_evidence,incubation_temp_C,needs_manual_check,sentinel,needs_manual_check,1,current_public_value_domain_count,none_observed,observed_sentinel_locked_distinct,forbidden_in_WEBSCHEMA1,"empty string, not_reported, needs_manual_check, and business values remain distinct",not_promoted,WEBR8-D08,WEBR8-v1,WEBSCHEMA1 field inventory + WEBR8 decision contract
VOC_MEASUREMENT_EVIDENCE_IONIC_STRENGTH_MM,measurement_evidence,ionic_strength_mM,10,canonical_term_candidate,10,4,current_public_value_domain_count,none_observed,observed_not_promoted,forbidden_in_WEBSCHEMA1,"empty string, not_reported, needs_manual_check, and business values remain distinct",not_promoted,WEBR8-D08,WEBR8-v1,WEBSCHEMA1 field inventory + WEBR8 decision contract
VOC_MEASUREMENT_EVIDENCE_IONIC_STRENGTH_MM,measurement_evidence,ionic_strength_mM,100,canonical_term_candidate,100,54,current_public_value_domain_count,none_observed,observed_not_promoted,forbidden_in_WEBSCHEMA1,"empty string, not_reported, needs_manual_check, and business values remain distinct",not_promoted,WEBR8-D08,WEBR8-v1,WEBSCHEMA1 field inventory + WEBR8 decision contract
VOC_MEASUREMENT_EVIDENCE_IONIC_STRENGTH_MM,measurement_evidence,ionic_strength_mM,100 mM NaCl,canonical_term_candidate,100 mM NaCl,4,current_public_value_domain_count,none_observed,observed_not_promoted,forbidden_in_WEBSCHEMA1,"empty string, not_reported, needs_manual_check, and business values remain distinct",not_promoted,WEBR8-D08,WEBR8-v1,WEBSCHEMA1 field inventory + WEBR8 decision contract
VOC_MEASUREMENT_EVIDENCE_IONIC_STRENGTH_MM,measurement_evidence,ionic_strength_mM,150,canonical_term_candidate,150,17,current_public_value_domain_count,none_observed,observed_not_promoted,forbidden_in_WEBSCHEMA1,"empty string, not_reported, needs_manual_check, and business values remain distinct",not_promoted,WEBR8-D08,WEBR8-v1,WEBSCHEMA1 field inventory + WEBR8 decision contract
VOC_MEASUREMENT_EVIDENCE_IONIC_STRENGTH_MM,measurement_evidence,ionic_strength_mM,20,canonical_term_candidate,20,139,current_public_value_domain_count,none_observed,observed_not_promoted,forbidden_in_WEBSCHEMA1,"empty string, not_reported, needs_manual_check, and business values remain distinct",not_promoted,WEBR8-D08,WEBR8-v1,WEBSCHEMA1 field inventory + WEBR8 decision contract
VOC_MEASUREMENT_EVIDENCE_IONIC_STRENGTH_MM,measurement_evidence,ionic_strength_mM,200,canonical_term_candidate,200,1,current_public_value_domain_count,none_observed,observed_not_promoted,forbidden_in_WEBSCHEMA1,"empty string, not_reported, needs_manual_check, and business values remain distinct",not_promoted,WEBR8-D08,WEBR8-v1,WEBSCHEMA1 field inventory + WEBR8 decision contract
VOC_MEASUREMENT_EVIDENCE_IONIC_STRENGTH_MM,measurement_evidence,ionic_strength_mM,25,canonical_term_candidate,25,11,current_public_value_domain_count,none_observed,observed_not_promoted,forbidden_in_WEBSCHEMA1,"empty string, not_reported, needs_manual_check, and business values remain distinct",not_promoted,WEBR8-D08,WEBR8-v1,WEBSCHEMA1 field inventory + WEBR8 decision contract
VOC_MEASUREMENT_EVIDENCE_IONIC_STRENGTH_MM,measurement_evidence,ionic_strength_mM,300,canonical_term_candidate,300,63,current_public_value_domain_count,none_observed,observed_not_promoted,forbidden_in_WEBSCHEMA1,"empty string, not_reported, needs_manual_check, and business values remain distinct",not_promoted,WEBR8-D08,WEBR8-v1,WEBSCHEMA1 field inventory + WEBR8 decision contract
VOC_MEASUREMENT_EVIDENCE_IONIC_STRENGTH_MM,measurement_evidence,ionic_strength_mM,3500,canonical_term_candidate,3500,2,current_public_value_domain_count,none_observed,observed_not_promoted,forbidden_in_WEBSCHEMA1,"empty string, not_reported, needs_manual_check, and business values remain distinct",not_promoted,WEBR8-D08,WEBR8-v1,WEBSCHEMA1 field inventory + WEBR8 decision contract
VOC_MEASUREMENT_EVIDENCE_IONIC_STRENGTH_MM,measurement_evidence,ionic_strength_mM,5,canonical_term_candidate,5,25,current_public_value_domain_count,none_observed,observed_not_promoted,forbidden_in_WEBSCHEMA1,"empty string, not_reported, needs_manual_check, and business values remain distinct",not_promoted,WEBR8-D08,WEBR8-v1,WEBSCHEMA1 field inventory + WEBR8 decision contract
VOC_MEASUREMENT_EVIDENCE_IONIC_STRENGTH_MM,measurement_evidence,ionic_strength_mM,50,canonical_term_candidate,50,718,current_public_value_domain_count,none_observed,observed_not_promoted,forbidden_in_WEBSCHEMA1,"empty string, not_reported, needs_manual_check, and business values remain distinct",not_promoted,WEBR8-D08,WEBR8-v1,WEBSCHEMA1 field inventory + WEBR8 decision contract
VOC_MEASUREMENT_EVIDENCE_JURISDICTION,measurement_evidence,jurisdiction,CN,canonical_term_candidate,CN,156,current_public_value_domain_count,none_observed,observed_not_promoted,forbidden_in_WEBSCHEMA1,"empty string, not_reported, needs_manual_check, and business values remain distinct",not_promoted,WEBR8-D08,WEBR8-v1,WEBSCHEMA1 field inventory + WEBR8 decision contract
VOC_MEASUREMENT_EVIDENCE_JURISDICTION,measurement_evidence,jurisdiction,EP,canonical_term_candidate,EP,11,current_public_value_domain_count,none_observed,observed_not_promoted,forbidden_in_WEBSCHEMA1,"empty string, not_reported, needs_manual_check, and business values remain distinct",not_promoted,WEBR8-D08,WEBR8-v1,WEBSCHEMA1 field inventory + WEBR8 decision contract
VOC_MEASUREMENT_EVIDENCE_JURISDICTION,measurement_evidence,jurisdiction,WO,canonical_term_candidate,WO,567,current_public_value_domain_count,none_observed,observed_not_promoted,forbidden_in_WEBSCHEMA1,"empty string, not_reported, needs_manual_check, and business values remain distinct",not_promoted,WEBR8-D08,WEBR8-v1,WEBSCHEMA1 field inventory + WEBR8 decision contract
VOC_MEASUREMENT_EVIDENCE_LABEL_READY,measurement_evidence,label_ready,no,canonical_term_candidate,no,124,current_public_value_domain_count,none_observed,observed_not_promoted,forbidden_in_WEBSCHEMA1,"empty string, not_reported, needs_manual_check, and business values remain distinct",not_promoted,WEBR8-D08,WEBR8-v1,WEBSCHEMA1 field inventory + WEBR8 decision contract
VOC_MEASUREMENT_EVIDENCE_LABEL_READY,measurement_evidence,label_ready,yes,canonical_term_candidate,yes,2733,current_public_value_domain_count,none_observed,observed_not_promoted,forbidden_in_WEBSCHEMA1,"empty string, not_reported, needs_manual_check, and business values remain distinct",not_promoted,WEBR8-D08,WEBR8-v1,WEBSCHEMA1 field inventory + WEBR8 decision contract
VOC_MEASUREMENT_EVIDENCE_LOW_MEOH_ACTIVATION_OBSERVED,measurement_evidence,low_meoh_activation_observed,needs_manual_check,sentinel,needs_manual_check,3,current_public_value_domain_count,none_observed,observed_sentinel_locked_distinct,forbidden_in_WEBSCHEMA1,"empty string, not_reported, needs_manual_check, and business values remain distinct",not_promoted,WEBR8-D08,WEBR8-v1,WEBSCHEMA1 field inventory + WEBR8 decision contract
VOC_MEASUREMENT_EVIDENCE_LOW_MEOH_ACTIVATION_OBSERVED,measurement_evidence,low_meoh_activation_observed,no,canonical_term_candidate,no,2019,current_public_value_domain_count,none_observed,observed_not_promoted,forbidden_in_WEBSCHEMA1,"empty string, not_reported, needs_manual_check, and business values remain distinct",not_promoted,WEBR8-D08,WEBR8-v1,WEBSCHEMA1 field inventory + WEBR8 decision contract
VOC_MEASUREMENT_EVIDENCE_LOW_MEOH_ACTIVATION_OBSERVED,measurement_evidence,low_meoh_activation_observed,yes,canonical_term_candidate,yes,648,current_public_value_domain_count,none_observed,observed_not_promoted,forbidden_in_WEBSCHEMA1,"empty string, not_reported, needs_manual_check, and business values remain distinct",not_promoted,WEBR8-D08,WEBR8-v1,WEBSCHEMA1 field inventory + WEBR8 decision contract
VOC_MEASUREMENT_EVIDENCE_LOW_STRESS_BAND_5PCT,measurement_evidence,low_stress_band_5pct,no,canonical_term_candidate,no,2091,current_public_value_domain_count,none_observed,observed_not_promoted,forbidden_in_WEBSCHEMA1,"empty string, not_reported, needs_manual_check, and business values remain distinct",not_promoted,WEBR8-D08,WEBR8-v1,WEBSCHEMA1 field inventory + WEBR8 decision contract
VOC_MEASUREMENT_EVIDENCE_LOW_STRESS_BAND_5PCT,measurement_evidence,low_stress_band_5pct,not_applicable,sentinel,not_applicable,1,current_public_value_domain_count,none_observed,observed_sentinel_locked_distinct,forbidden_in_WEBSCHEMA1,"empty string, not_reported, needs_manual_check, and business values remain distinct",not_promoted,WEBR8-D08,WEBR8-v1,WEBSCHEMA1 field inventory + WEBR8 decision contract
VOC_MEASUREMENT_EVIDENCE_LOW_STRESS_BAND_5PCT,measurement_evidence,low_stress_band_5pct,yes,canonical_term_candidate,yes,31,current_public_value_domain_count,none_observed,observed_not_promoted,forbidden_in_WEBSCHEMA1,"empty string, not_reported, needs_manual_check, and business values remain distinct",not_promoted,WEBR8-D08,WEBR8-v1,WEBSCHEMA1 field inventory + WEBR8 decision contract
VOC_MEASUREMENT_EVIDENCE_MATRIX_CHECK_STATUS,measurement_evidence,matrix_check_status,complete,canonical_term_candidate,complete,639,current_public_value_domain_count,none_observed,observed_not_promoted,forbidden_in_WEBSCHEMA1,"empty string, not_reported, needs_manual_check, and business values remain distinct",not_promoted,WEBR8-D08,WEBR8-v1,WEBSCHEMA1 field inventory + WEBR8 decision contract
VOC_MEASUREMENT_EVIDENCE_MATRIX_CHECK_STATUS,measurement_evidence,matrix_check_status,complete_for_methanol_subset,canonical_term_candidate,complete_for_methanol_subset,3,current_public_value_domain_count,none_observed,observed_not_promoted,forbidden_in_WEBSCHEMA1,"empty string, not_reported, needs_manual_check, and business values remain distinct",not_promoted,WEBR8-D08,WEBR8-v1,WEBSCHEMA1 field inventory + WEBR8 decision contract
VOC_MEASUREMENT_EVIDENCE_MATRIX_CHECK_STATUS,measurement_evidence,matrix_check_status,complete_nonindependent_duplicate_of_peer_reviewed_matrix,canonical_term_candidate,complete_nonindependent_duplicate_of_peer_reviewed_matrix,50,current_public_value_domain_count,none_observed,observed_not_promoted,forbidden_in_WEBSCHEMA1,"empty string, not_reported, needs_manual_check, and business values remain distinct",not_promoted,WEBR8-D08,WEBR8-v1,WEBSCHEMA1 field inventory + WEBR8 decision contract
VOC_MEASUREMENT_EVIDENCE_MATRIX_CHECK_STATUS,measurement_evidence,matrix_check_status,incomplete_needs_manual_check,canonical_term_candidate,incomplete_needs_manual_check,42,current_public_value_domain_count,none_observed,observed_not_promoted,forbidden_in_WEBSCHEMA1,"empty string, not_reported, needs_manual_check, and business values remain distinct",not_promoted,WEBR8-D08,WEBR8-v1,WEBSCHEMA1 field inventory + WEBR8 decision contract
VOC_MEASUREMENT_EVIDENCE_MATRIX_MISSING_COMBINATIONS,measurement_evidence,matrix_missing_combinations,full cycle-by-cycle table not OCR-extracted; summary endpoint entered only,canonical_term_candidate,full cycle-by-cycle table not OCR-extracted; summary endpoint entered only,1,current_public_value_domain_count,none_observed,observed_not_promoted,forbidden_in_WEBSCHEMA1,"empty string, not_reported, needs_manual_check, and business values remain distinct",not_promoted,WEBR8-D08,WEBR8-v1,WEBSCHEMA1 field inventory + WEBR8 decision contract
VOC_MEASUREMENT_EVIDENCE_MATRIX_MISSING_COMBINATIONS,measurement_evidence,matrix_missing_combinations,full cycle-by-cycle table not OCR-extracted; threshold summary endpoint entered only,canonical_term_candidate,full cycle-by-cycle table not OCR-extracted; threshold summary endpoint entered only,1,current_public_value_domain_count,none_observed,observed_not_promoted,forbidden_in_WEBSCHEMA1,"empty string, not_reported, needs_manual_check, and business values remain distinct",not_promoted,WEBR8-D08,WEBR8-v1,WEBSCHEMA1 field inventory + WEBR8 decision contract
VOC_MEASUREMENT_EVIDENCE_MATRIX_MISSING_COMBINATIONS,measurement_evidence,matrix_missing_combinations,none; 0% no-solvent control retained only as A0 provenance,canonical_term_candidate,none; 0% no-solvent control retained only as A0 provenance,9,current_public_value_domain_count,none_observed,observed_not_promoted,forbidden_in_WEBSCHEMA1,"empty string, not_reported, needs_manual_check, and business values remain distinct",not_promoted,WEBR8-D08,WEBR8-v1,WEBSCHEMA1 field inventory + WEBR8 decision contract
VOC_MEASUREMENT_EVIDENCE_MATRIX_MISSING_COMBINATIONS,measurement_evidence,matrix_missing_combinations,none_for_anchor_row,canonical_term_candidate,none_for_anchor_row,1,current_public_value_domain_count,none_observed,observed_not_promoted,forbidden_in_WEBSCHEMA1,"empty string, not_reported, needs_manual_check, and business values remain distinct",not_promoted,WEBR8-D08,WEBR8-v1,WEBSCHEMA1 field inventory + WEBR8 decision contract
VOC_MEASUREMENT_EVIDENCE_MATRIX_MISSING_COMBINATIONS,measurement_evidence,matrix_missing_combinations,none_for_methanol_assay_rows,canonical_term_candidate,none_for_methanol_assay_rows,201,current_public_value_domain_count,none_observed,observed_not_promoted,forbidden_in_WEBSCHEMA1,"empty string, not_reported, needs_manual_check, and business values remain distinct",not_promoted,WEBR8-D08,WEBR8-v1,WEBSCHEMA1 field inventory + WEBR8 decision contract
VOC_MEASUREMENT_EVIDENCE_MATRIX_MISSING_COMBINATIONS,measurement_evidence,matrix_missing_combinations,none_for_methanol_subset; non-methanol alcohol rows out_of_scope,canonical_term_candidate,none_for_methanol_subset; non-methanol alcohol rows out_of_scope,1,current_public_value_domain_count,none_observed,observed_not_promoted,forbidden_in_WEBSCHEMA1,"empty string, not_reported, needs_manual_check, and business values remain distinct",not_promoted,WEBR8-D08,WEBR8-v1,WEBSCHEMA1 field inventory + WEBR8 decision contract
VOC_MEASUREMENT_EVIDENCE_MATRIX_MISSING_COMBINATIONS,measurement_evidence,matrix_missing_combinations,none_for_text_endpoint; Figure 5 time-course not digitized,canonical_term_candidate,none_for_text_endpoint; Figure 5 time-course not digitized,1,current_public_value_domain_count,none_observed,observed_not_promoted,forbidden_in_WEBSCHEMA1,"empty string, not_reported, needs_manual_check, and business values remain distinct",not_promoted,WEBR8-D08,WEBR8-v1,WEBSCHEMA1 field inventory + WEBR8 decision contract
VOC_MEASUREMENT_EVIDENCE_MATRIX_MISSING_COMBINATIONS,measurement_evidence,matrix_missing_combinations,WT lacks visible 70/80/90% points in Figure 4,canonical_term_candidate,WT lacks visible 70/80/90% points in Figure 4,42,current_public_value_domain_count,none_observed,observed_not_promoted,forbidden_in_WEBSCHEMA1,"empty string, not_reported, needs_manual_check, and business values remain distinct",not_promoted,WEBR8-D08,WEBR8-v1,WEBSCHEMA1 field inventory + WEBR8 decision contract
VOC_MEASUREMENT_EVIDENCE_METHANOL_ADDITION_MODE,measurement_evidence,methanol_addition_mode,10% v/v methanol preincubation,canonical_term_candidate,10% v/v methanol preincubation,5,current_public_value_domain_count,none_observed,observed_not_promoted,forbidden_in_WEBSCHEMA1,"empty string, not_reported, needs_manual_check, and business values remain distinct",not_promoted,WEBR8-D08,WEBR8-v1,WEBSCHEMA1 field inventory + WEBR8 decision contract
VOC_MEASUREMENT_EVIDENCE_METHANOL_ADDITION_MODE,measurement_evidence,methanol_addition_mode,1:1 v/v methanol challenge,canonical_term_candidate,1:1 v/v methanol challenge,1,current_public_value_domain_count,none_observed,observed_not_promoted,forbidden_in_WEBSCHEMA1,"empty string, not_reported, needs_manual_check, and business values remain distinct",not_promoted,WEBR8-D08,WEBR8-v1,WEBSCHEMA1 field inventory + WEBR8 decision contract
VOC_MEASUREMENT_EVIDENCE_METHANOL_ADDITION_MODE,measurement_evidence,methanol_addition_mode,20% v/v methanol preincubation,canonical_term_candidate,20% v/v methanol preincubation,3,current_public_value_domain_count,none_observed,observed_not_promoted,forbidden_in_WEBSCHEMA1,"empty string, not_reported, needs_manual_check, and business values remain distinct",not_promoted,WEBR8-D08,WEBR8-v1,WEBSCHEMA1 field inventory + WEBR8 decision contract
VOC_MEASUREMENT_EVIDENCE_METHANOL_ADDITION_MODE,measurement_evidence,methanol_addition_mode,25% v/v methanol solvent exposure,canonical_term_candidate,25% v/v methanol solvent exposure,1,current_public_value_domain_count,none_observed,observed_not_promoted,forbidden_in_WEBSCHEMA1,"empty string, not_reported, needs_manual_check, and business values remain distinct",not_promoted,WEBR8-D08,WEBR8-v1,WEBSCHEMA1 field inventory + WEBR8 decision contract
VOC_MEASUREMENT_EVIDENCE_METHANOL_ADDITION_MODE,measurement_evidence,methanol_addition_mode,30% v/v methanol preincubation,canonical_term_candidate,30% v/v methanol preincubation,3,current_public_value_domain_count,none_observed,observed_not_promoted,forbidden_in_WEBSCHEMA1,"empty string, not_reported, needs_manual_check, and business values remain distinct",not_promoted,WEBR8-D08,WEBR8-v1,WEBSCHEMA1 field inventory + WEBR8 decision contract
VOC_MEASUREMENT_EVIDENCE_METHANOL_ADDITION_MODE,measurement_evidence,methanol_addition_mode,30% v/v methanol solvent exposure,canonical_term_candidate,30% v/v methanol solvent exposure,1,current_public_value_domain_count,none_observed,observed_not_promoted,forbidden_in_WEBSCHEMA1,"empty string, not_reported, needs_manual_check, and business values remain distinct",not_promoted,WEBR8-D08,WEBR8-v1,WEBSCHEMA1 field inventory + WEBR8 decision contract
VOC_MEASUREMENT_EVIDENCE_METHANOL_ADDITION_MODE,measurement_evidence,methanol_addition_mode,40% v/v methanol preincubation,canonical_term_candidate,40% v/v methanol preincubation,3,current_public_value_domain_count,none_observed,observed_not_promoted,forbidden_in_WEBSCHEMA1,"empty string, not_reported, needs_manual_check, and business values remain distinct",not_promoted,WEBR8-D08,WEBR8-v1,WEBSCHEMA1 field inventory + WEBR8 decision contract
VOC_MEASUREMENT_EVIDENCE_METHANOL_ADDITION_MODE,measurement_evidence,methanol_addition_mode,50% v/v methanol preincubation,canonical_term_candidate,50% v/v methanol preincubation,3,current_public_value_domain_count,none_observed,observed_not_promoted,forbidden_in_WEBSCHEMA1,"empty string, not_reported, needs_manual_check, and business values remain distinct",not_promoted,WEBR8-D08,WEBR8-v1,WEBSCHEMA1 field inventory + WEBR8 decision contract
VOC_MEASUREMENT_EVIDENCE_METHANOL_ADDITION_MODE,measurement_evidence,methanol_addition_mode,60% v/v methanol preincubation,canonical_term_candidate,60% v/v methanol preincubation,3,current_public_value_domain_count,none_observed,observed_not_promoted,forbidden_in_WEBSCHEMA1,"empty string, not_reported, needs_manual_check, and business values remain distinct",not_promoted,WEBR8-D08,WEBR8-v1,WEBSCHEMA1 field inventory + WEBR8 decision contract
VOC_MEASUREMENT_EVIDENCE_METHANOL_ADDITION_MODE,measurement_evidence,methanol_addition_mode,70% v/v methanol preincubation,canonical_term_candidate,70% v/v methanol preincubation,3,current_public_value_domain_count,none_observed,observed_not_promoted,forbidden_in_WEBSCHEMA1,"empty string, not_reported, needs_manual_check, and business values remain distinct",not_promoted,WEBR8-D08,WEBR8-v1,WEBSCHEMA1 field inventory + WEBR8 decision contract
VOC_MEASUREMENT_EVIDENCE_METHANOL_ADDITION_MODE,measurement_evidence,methanol_addition_mode,80% v/v methanol preincubation,canonical_term_candidate,80% v/v methanol preincubation,3,current_public_value_domain_count,none_observed,observed_not_promoted,forbidden_in_WEBSCHEMA1,"empty string, not_reported, needs_manual_check, and business values remain distinct",not_promoted,WEBR8-D08,WEBR8-v1,WEBSCHEMA1 field inventory + WEBR8 decision contract
VOC_MEASUREMENT_EVIDENCE_METHANOL_ADDITION_MODE,measurement_evidence,methanol_addition_mode,90% v/v methanol preincubation,canonical_term_candidate,90% v/v methanol preincubation,3,current_public_value_domain_count,none_observed,observed_not_promoted,forbidden_in_WEBSCHEMA1,"empty string, not_reported, needs_manual_check, and business values remain distinct",not_promoted,WEBR8-D08,WEBR8-v1,WEBSCHEMA1 field inventory + WEBR8 decision contract
VOC_MEASUREMENT_EVIDENCE_METHANOL_ADDITION_MODE,measurement_evidence,methanol_addition_mode,"equal volume methanol, final 50% v/v",canonical_term_candidate,"equal volume methanol, final 50% v/v",2,current_public_value_domain_count,none_observed,observed_not_promoted,forbidden_in_WEBSCHEMA1,"empty string, not_reported, needs_manual_check, and business values remain distinct",not_promoted,WEBR8-D08,WEBR8-v1,WEBSCHEMA1 field inventory + WEBR8 decision contract
VOC_MEASUREMENT_EVIDENCE_METHANOL_ADDITION_MODE,measurement_evidence,methanol_addition_mode,"equal volume organic solvent, final 50% v/v",canonical_term_candidate,"equal volume organic solvent, final 50% v/v",1,current_public_value_domain_count,none_observed,observed_not_promoted,forbidden_in_WEBSCHEMA1,"empty string, not_reported, needs_manual_check, and business values remain distinct",not_promoted,WEBR8-D08,WEBR8-v1,WEBSCHEMA1 field inventory + WEBR8 decision contract
VOC_MEASUREMENT_EVIDENCE_METHANOL_ADDITION_MODE,measurement_evidence,methanol_addition_mode,in_assay,canonical_term_candidate,in_assay,6,current_public_value_domain_count,none_observed,observed_not_promoted,forbidden_in_WEBSCHEMA1,"empty string, not_reported, needs_manual_check, and business values remain distinct",not_promoted,WEBR8-D08,WEBR8-v1,WEBSCHEMA1 field inventory + WEBR8 decision contract
VOC_MEASUREMENT_EVIDENCE_METHANOL_ADDITION_MODE,measurement_evidence,methanol_addition_mode,"methanol in toluene, controlled water activity",canonical_term_candidate,"methanol in toluene, controlled water activity",2,current_public_value_domain_count,none_observed,observed_not_promoted,forbidden_in_WEBSCHEMA1,"empty string, not_reported, needs_manual_check, and business values remain distinct",not_promoted,WEBR8-D08,WEBR8-v1,WEBSCHEMA1 field inventory + WEBR8 decision contract
VOC_MEASUREMENT_EVIDENCE_METHANOL_ADDITION_MODE,measurement_evidence,methanol_addition_mode,one_shot,canonical_term_candidate,one_shot,2701,current_public_value_domain_count,none_observed,observed_not_promoted,forbidden_in_WEBSCHEMA1,"empty string, not_reported, needs_manual_check, and business values remain distinct",not_promoted,WEBR8-D08,WEBR8-v1,WEBSCHEMA1 field inventory + WEBR8 decision contract
VOC_MEASUREMENT_EVIDENCE_METHANOL_ADDITION_MODE,measurement_evidence,methanol_addition_mode,preincubated_enzyme,canonical_term_candidate,preincubated_enzyme,73,current_public_value_domain_count,none_observed,observed_not_promoted,forbidden_in_WEBSCHEMA1,"empty string, not_reported, needs_manual_check, and business values remain distinct",not_promoted,WEBR8-D08,WEBR8-v1,WEBSCHEMA1 field inventory + WEBR8 decision contract
VOC_MEASUREMENT_EVIDENCE_METHANOL_ADDITION_MODE,measurement_evidence,methanol_addition_mode,preincubation,canonical_term_candidate,preincubation,37,current_public_value_domain_count,none_observed,observed_not_promoted,forbidden_in_WEBSCHEMA1,"empty string, not_reported, needs_manual_check, and business values remain distinct",not_promoted,WEBR8-D08,WEBR8-v1,WEBSCHEMA1 field inventory + WEBR8 decision contract
VOC_MEASUREMENT_EVIDENCE_METHANOL_ADDITION_MODE,measurement_evidence,methanol_addition_mode,stepwise,canonical_term_candidate,stepwise,3,current_public_value_domain_count,none_observed,observed_not_promoted,forbidden_in_WEBSCHEMA1,"empty string, not_reported, needs_manual_check, and business values remain distinct",not_promoted,WEBR8-D08,WEBR8-v1,WEBSCHEMA1 field inventory + WEBR8 decision contract
VOC_MEASUREMENT_EVIDENCE_PATENT_APPLICATION_NUMBER,measurement_evidence,patent_application_number,CN200910073494A,canonical_term_candidate,CN200910073494A,1,current_public_value_domain_count,none_observed,observed_not_promoted,forbidden_in_WEBSCHEMA1,"empty string, not_reported, needs_manual_check, and business values remain distinct",not_promoted,WEBR8-D08,WEBR8-v1,WEBSCHEMA1 field inventory + WEBR8 decision contract
VOC_MEASUREMENT_EVIDENCE_PATENT_APPLICATION_NUMBER,measurement_evidence,patent_application_number,CN201110458959.6,canonical_term_candidate,CN201110458959.6,9,current_public_value_domain_count,none_observed,observed_not_promoted,forbidden_in_WEBSCHEMA1,"empty string, not_reported, needs_manual_check, and business values remain distinct",not_promoted,WEBR8-D08,WEBR8-v1,WEBSCHEMA1 field inventory + WEBR8 decision contract
VOC_MEASUREMENT_EVIDENCE_PATENT_APPLICATION_NUMBER,measurement_evidence,patent_application_number,CN201210532087.8,canonical_term_candidate,CN201210532087.8,12,current_public_value_domain_count,none_observed,observed_not_promoted,forbidden_in_WEBSCHEMA1,"empty string, not_reported, needs_manual_check, and business values remain distinct",not_promoted,WEBR8-D08,WEBR8-v1,WEBSCHEMA1 field inventory + WEBR8 decision contract
VOC_MEASUREMENT_EVIDENCE_PATENT_APPLICATION_NUMBER,measurement_evidence,patent_application_number,CN201310294466A,canonical_term_candidate,CN201310294466A,5,current_public_value_domain_count,none_observed,observed_not_promoted,forbidden_in_WEBSCHEMA1,"empty string, not_reported, needs_manual_check, and business values remain distinct",not_promoted,WEBR8-D08,WEBR8-v1,WEBSCHEMA1 field inventory + WEBR8 decision contract
VOC_MEASUREMENT_EVIDENCE_PATENT_APPLICATION_NUMBER,measurement_evidence,patent_application_number,CN201611244004.X,canonical_term_candidate,CN201611244004.X,9,current_public_value_domain_count,none_observed,observed_not_promoted,forbidden_in_WEBSCHEMA1,"empty string, not_reported, needs_manual_check, and business values remain distinct",not_promoted,WEBR8-D08,WEBR8-v1,WEBSCHEMA1 field inventory + WEBR8 decision contract
VOC_MEASUREMENT_EVIDENCE_PATENT_APPLICATION_NUMBER,measurement_evidence,patent_application_number,CN202110547078.5,canonical_term_candidate,CN202110547078.5,67,current_public_value_domain_count,none_observed,observed_not_promoted,forbidden_in_WEBSCHEMA1,"empty string, not_reported, needs_manual_check, and business values remain distinct",not_promoted,WEBR8-D08,WEBR8-v1,WEBSCHEMA1 field inventory + WEBR8 decision contract
VOC_MEASUREMENT_EVIDENCE_PATENT_APPLICATION_NUMBER,measurement_evidence,patent_application_number,CN202310341178.1,canonical_term_candidate,CN202310341178.1,50,current_public_value_domain_count,none_observed,observed_not_promoted,forbidden_in_WEBSCHEMA1,"empty string, not_reported, needs_manual_check, and business values remain distinct",not_promoted,WEBR8-D08,WEBR8-v1,WEBSCHEMA1 field inventory + WEBR8 decision contract
VOC_MEASUREMENT_EVIDENCE_PATENT_APPLICATION_NUMBER,measurement_evidence,patent_application_number,CN202410258819.1,canonical_term_candidate,CN202410258819.1,1,current_public_value_domain_count,none_observed,observed_not_promoted,forbidden_in_WEBSCHEMA1,"empty string, not_reported, needs_manual_check, and business values remain distinct",not_promoted,WEBR8-D08,WEBR8-v1,WEBSCHEMA1 field inventory + WEBR8 decision contract
VOC_MEASUREMENT_EVIDENCE_PATENT_APPLICATION_NUMBER,measurement_evidence,patent_application_number,CN202411583137.4,canonical_term_candidate,CN202411583137.4,2,current_public_value_domain_count,none_observed,observed_not_promoted,forbidden_in_WEBSCHEMA1,"empty string, not_reported, needs_manual_check, and business values remain distinct",not_promoted,WEBR8-D08,WEBR8-v1,WEBSCHEMA1 field inventory + WEBR8 decision contract
VOC_MEASUREMENT_EVIDENCE_PATENT_APPLICATION_NUMBER,measurement_evidence,patent_application_number,EP07380194A,canonical_term_candidate,EP07380194A,11,current_public_value_domain_count,none_observed,observed_not_promoted,forbidden_in_WEBSCHEMA1,"empty string, not_reported, needs_manual_check, and business values remain distinct",not_promoted,WEBR8-D08,WEBR8-v1,WEBSCHEMA1 field inventory + WEBR8 decision contract
VOC_MEASUREMENT_EVIDENCE_PATENT_APPLICATION_NUMBER,measurement_evidence,patent_application_number,PCT/EP2010/068764,canonical_term_candidate,PCT/EP2010/068764,33,current_public_value_domain_count,none_observed,observed_not_promoted,forbidden_in_WEBSCHEMA1,"empty string, not_reported, needs_manual_check, and business values remain distinct",not_promoted,WEBR8-D08,WEBR8-v1,WEBSCHEMA1 field inventory + WEBR8 decision contract
VOC_MEASUREMENT_EVIDENCE_PATENT_APPLICATION_NUMBER,measurement_evidence,patent_application_number,PCT/KR2012/006412,canonical_term_candidate,PCT/KR2012/006412,1,current_public_value_domain_count,none_observed,observed_not_promoted,forbidden_in_WEBSCHEMA1,"empty string, not_reported, needs_manual_check, and business values remain distinct",not_promoted,WEBR8-D08,WEBR8-v1,WEBSCHEMA1 field inventory + WEBR8 decision contract
VOC_MEASUREMENT_EVIDENCE_PATENT_APPLICATION_NUMBER,measurement_evidence,patent_application_number,PCT/SG2022/050476,canonical_term_candidate,PCT/SG2022/050476,330,current_public_value_domain_count,none_observed,observed_not_promoted,forbidden_in_WEBSCHEMA1,"empty string, not_reported, needs_manual_check, and business values remain distinct",not_promoted,WEBR8-D08,WEBR8-v1,WEBSCHEMA1 field inventory + WEBR8 decision contract
VOC_MEASUREMENT_EVIDENCE_PATENT_APPLICATION_NUMBER,measurement_evidence,patent_application_number,PCT/US2008/084778,canonical_term_candidate,PCT/US2008/084778,2,current_public_value_domain_count,none_observed,observed_not_promoted,forbidden_in_WEBSCHEMA1,"empty string, not_reported, needs_manual_check, and business values remain distinct",not_promoted,WEBR8-D08,WEBR8-v1,WEBSCHEMA1 field inventory + WEBR8 decision contract
VOC_MEASUREMENT_EVIDENCE_PATENT_APPLICATION_NUMBER,measurement_evidence,patent_application_number,PCT/US2013/067348,canonical_term_candidate,PCT/US2013/067348,201,current_public_value_domain_count,none_observed,observed_not_promoted,forbidden_in_WEBSCHEMA1,"empty string, not_reported, needs_manual_check, and business values remain distinct",not_promoted,WEBR8-D08,WEBR8-v1,WEBSCHEMA1 field inventory + WEBR8 decision contract
VOC_MEASUREMENT_EVIDENCE_PATENT_CLAIM_SCOPE,measurement_evidence,patent_claim_scope,not_claim_based,canonical_term_candidate,not_claim_based,531,current_public_value_domain_count,none_observed,observed_not_promoted,forbidden_in_WEBSCHEMA1,"empty string, not_reported, needs_manual_check, and business values remain distinct",not_promoted,WEBR8-D08,WEBR8-v1,WEBSCHEMA1 field inventory + WEBR8 decision contract
VOC_MEASUREMENT_EVIDENCE_PATENT_CLAIM_SCOPE,measurement_evidence,patent_claim_scope,not_claim_only,canonical_term_candidate,not_claim_only,203,current_public_value_domain_count,none_observed,observed_not_promoted,forbidden_in_WEBSCHEMA1,"empty string, not_reported, needs_manual_check, and business values remain distinct",not_promoted,WEBR8-D08,WEBR8-v1,WEBSCHEMA1 field inventory + WEBR8 decision contract
VOC_MEASUREMENT_EVIDENCE_PATENT_CONFIDENCE_TIER,measurement_evidence,patent_confidence_tier,downloaded_pdf_text_extraction,canonical_term_candidate,downloaded_pdf_text_extraction,11,current_public_value_domain_count,none_observed,observed_not_promoted,forbidden_in_WEBSCHEMA1,"empty string, not_reported, needs_manual_check, and business values remain distinct",not_promoted,WEBR8-D08,WEBR8-v1,WEBSCHEMA1 field inventory + WEBR8 decision contract
VOC_MEASUREMENT_EVIDENCE_PATENT_CONFIDENCE_TIER,measurement_evidence,patent_confidence_tier,downweighted_train,canonical_term_candidate,downweighted_train,67,current_public_value_domain_count,none_observed,observed_not_promoted,forbidden_in_WEBSCHEMA1,"empty string, not_reported, needs_manual_check, and business values remain distinct",not_promoted,WEBR8-D08,WEBR8-v1,WEBSCHEMA1 field inventory + WEBR8 decision contract
VOC_MEASUREMENT_EVIDENCE_PATENT_CONFIDENCE_TIER,measurement_evidence,patent_confidence_tier,holdout_only,canonical_term_candidate,holdout_only,652,current_public_value_domain_count,none_observed,observed_not_promoted,forbidden_in_WEBSCHEMA1,"empty string, not_reported, needs_manual_check, and business values remain distinct",not_promoted,WEBR8-D08,WEBR8-v1,WEBSCHEMA1 field inventory + WEBR8 decision contract
VOC_MEASUREMENT_EVIDENCE_PATENT_CONFIDENCE_TIER,measurement_evidence,patent_confidence_tier,official_google_patents_text_summary_from_downloaded_scan,canonical_term_candidate,official_google_patents_text_summary_from_downloaded_scan,2,current_public_value_domain_count,none_observed,observed_not_promoted,forbidden_in_WEBSCHEMA1,"empty string, not_reported, needs_manual_check, and business values remain distinct",not_promoted,WEBR8-D08,WEBR8-v1,WEBSCHEMA1 field inventory + WEBR8 decision contract
VOC_MEASUREMENT_EVIDENCE_PATENT_CONFIDENCE_TIER,measurement_evidence,patent_confidence_tier,web_text_capture_quantitative,canonical_term_candidate,web_text_capture_quantitative,2,current_public_value_domain_count,none_observed,observed_not_promoted,forbidden_in_WEBSCHEMA1,"empty string, not_reported, needs_manual_check, and business values remain distinct",not_promoted,WEBR8-D08,WEBR8-v1,WEBSCHEMA1 field inventory + WEBR8 decision contract
VOC_MEASUREMENT_EVIDENCE_PATENT_EVIDENCE_LAYER,measurement_evidence,patent_evidence_layer,patent_direct_intrinsic,canonical_term_candidate,patent_direct_intrinsic,710,current_public_value_domain_count,none_observed,observed_not_promoted,forbidden_in_WEBSCHEMA1,"empty string, not_reported, needs_manual_check, and business values remain distinct",not_promoted,WEBR8-D08,WEBR8-v1,WEBSCHEMA1 field inventory + WEBR8 decision contract
VOC_MEASUREMENT_EVIDENCE_PATENT_EVIDENCE_LAYER,measurement_evidence,patent_evidence_layer,patent_process_confounded,canonical_term_candidate,patent_process_confounded,24,current_public_value_domain_count,none_observed,observed_not_promoted,forbidden_in_WEBSCHEMA1,"empty string, not_reported, needs_manual_check, and business values remain distinct",not_promoted,WEBR8-D08,WEBR8-v1,WEBSCHEMA1 field inventory + WEBR8 decision contract
VOC_MEASUREMENT_EVIDENCE_PATENT_EVIDENCE_TYPE,measurement_evidence,patent_evidence_type,biodiesel_process_gc_endpoint,canonical_term_candidate,biodiesel_process_gc_endpoint,11,current_public_value_domain_count,none_observed,observed_not_promoted,forbidden_in_WEBSCHEMA1,"empty string, not_reported, needs_manual_check, and business values remain distinct",not_promoted,WEBR8-D08,WEBR8-v1,WEBSCHEMA1 field inventory + WEBR8 decision contract
VOC_MEASUREMENT_EVIDENCE_PATENT_EVIDENCE_TYPE,measurement_evidence,patent_evidence_type,biodiesel_process_summary_endpoint,canonical_term_candidate,biodiesel_process_summary_endpoint,2,current_public_value_domain_count,none_observed,observed_not_promoted,forbidden_in_WEBSCHEMA1,"empty string, not_reported, needs_manual_check, and business values remain distinct",not_promoted,WEBR8-D08,WEBR8-v1,WEBSCHEMA1 field inventory + WEBR8 decision contract
VOC_MEASUREMENT_EVIDENCE_PATENT_EVIDENCE_TYPE,measurement_evidence,patent_evidence_type,description_text_quantitative_solvent_stability_endpoint,canonical_term_candidate,description_text_quantitative_solvent_stability_endpoint,1,current_public_value_domain_count,none_observed,observed_not_promoted,forbidden_in_WEBSCHEMA1,"empty string, not_reported, needs_manual_check, and business values remain distinct",not_promoted,WEBR8-D08,WEBR8-v1,WEBSCHEMA1 field inventory + WEBR8 decision contract
VOC_MEASUREMENT_EVIDENCE_PATENT_EVIDENCE_TYPE,measurement_evidence,patent_evidence_type,example_text_biodiesel_conversion_summary,canonical_term_candidate,example_text_biodiesel_conversion_summary,1,current_public_value_domain_count,none_observed,observed_not_promoted,forbidden_in_WEBSCHEMA1,"empty string, not_reported, needs_manual_check, and business values remain distinct",not_promoted,WEBR8-D08,WEBR8-v1,WEBSCHEMA1 field inventory + WEBR8 decision contract
VOC_MEASUREMENT_EVIDENCE_PATENT_EVIDENCE_TYPE,measurement_evidence,patent_evidence_type,figure_digitized,canonical_term_candidate,figure_digitized,5,current_public_value_domain_count,none_observed,observed_not_promoted,forbidden_in_WEBSCHEMA1,"empty string, not_reported, needs_manual_check, and business values remain distinct",not_promoted,WEBR8-D08,WEBR8-v1,WEBSCHEMA1 field inventory + WEBR8 decision contract
VOC_MEASUREMENT_EVIDENCE_PATENT_EVIDENCE_TYPE,measurement_evidence,patent_evidence_type,implementation_example_digitized_figure_nonindependent_peer_reviewed_duplicate,canonical_term_candidate,implementation_example_digitized_figure_nonindependent_peer_reviewed_duplicate,50,current_public_value_domain_count,none_observed,observed_not_promoted,forbidden_in_WEBSCHEMA1,"empty string, not_reported, needs_manual_check, and business values remain distinct",not_promoted,WEBR8-D08,WEBR8-v1,WEBSCHEMA1 field inventory + WEBR8 decision contract
VOC_MEASUREMENT_EVIDENCE_PATENT_EVIDENCE_TYPE,measurement_evidence,patent_evidence_type,implementation_example_digitized_plot,canonical_term_candidate,implementation_example_digitized_plot,12,current_public_value_domain_count,none_observed,observed_not_promoted,forbidden_in_WEBSCHEMA1,"empty string, not_reported, needs_manual_check, and business values remain distinct",not_promoted,WEBR8-D08,WEBR8-v1,WEBSCHEMA1 field inventory + WEBR8 decision contract
VOC_MEASUREMENT_EVIDENCE_PATENT_EVIDENCE_TYPE,measurement_evidence,patent_evidence_type,implementation_example_figure,canonical_term_candidate,implementation_example_figure,201,current_public_value_domain_count,none_observed,observed_not_promoted,forbidden_in_WEBSCHEMA1,"empty string, not_reported, needs_manual_check, and business values remain distinct",not_promoted,WEBR8-D08,WEBR8-v1,WEBSCHEMA1 field inventory + WEBR8 decision contract
VOC_MEASUREMENT_EVIDENCE_PATENT_EVIDENCE_TYPE,measurement_evidence,patent_evidence_type,implementation_example_figure_low_precision_digitized,canonical_term_candidate,implementation_example_figure_low_precision_digitized,9,current_public_value_domain_count,none_observed,observed_not_promoted,forbidden_in_WEBSCHEMA1,"empty string, not_reported, needs_manual_check, and business values remain distinct",not_promoted,WEBR8-D08,WEBR8-v1,WEBSCHEMA1 field inventory + WEBR8 decision contract
VOC_MEASUREMENT_EVIDENCE_PATENT_EVIDENCE_TYPE,measurement_evidence,patent_evidence_type,implementation_example_figure_matrix,canonical_term_candidate,implementation_example_figure_matrix,67,current_public_value_domain_count,none_observed,observed_not_promoted,forbidden_in_WEBSCHEMA1,"empty string, not_reported, needs_manual_check, and business values remain distinct",not_promoted,WEBR8-D08,WEBR8-v1,WEBSCHEMA1 field inventory + WEBR8 decision contract
VOC_MEASUREMENT_EVIDENCE_PATENT_EVIDENCE_TYPE,measurement_evidence,patent_evidence_type,implementation_example_table,canonical_term_candidate,implementation_example_table,33,current_public_value_domain_count,none_observed,observed_not_promoted,forbidden_in_WEBSCHEMA1,"empty string, not_reported, needs_manual_check, and business values remain distinct",not_promoted,WEBR8-D08,WEBR8-v1,WEBSCHEMA1 field inventory + WEBR8 decision contract
VOC_MEASUREMENT_EVIDENCE_PATENT_EVIDENCE_TYPE,measurement_evidence,patent_evidence_type,implementation_example_table_crude_or_concentrated_enzyme_liquid,canonical_term_candidate,implementation_example_table_crude_or_concentrated_enzyme_liquid,9,current_public_value_domain_count,none_observed,observed_not_promoted,forbidden_in_WEBSCHEMA1,"empty string, not_reported, needs_manual_check, and business values remain distinct",not_promoted,WEBR8-D08,WEBR8-v1,WEBSCHEMA1 field inventory + WEBR8 decision contract
VOC_MEASUREMENT_EVIDENCE_PATENT_EVIDENCE_TYPE,measurement_evidence,patent_evidence_type,implementation_example_table_matrix,canonical_term_candidate,implementation_example_table_matrix,330,current_public_value_domain_count,none_observed,observed_not_promoted,forbidden_in_WEBSCHEMA1,"empty string, not_reported, needs_manual_check, and business values remain distinct",not_promoted,WEBR8-D08,WEBR8-v1,WEBSCHEMA1 field inventory + WEBR8 decision contract
VOC_MEASUREMENT_EVIDENCE_PATENT_EVIDENCE_TYPE,measurement_evidence,patent_evidence_type,implementation_example_text_endpoint,canonical_term_candidate,implementation_example_text_endpoint,2,current_public_value_domain_count,none_observed,observed_not_promoted,forbidden_in_WEBSCHEMA1,"empty string, not_reported, needs_manual_check, and business values remain distinct",not_promoted,WEBR8-D08,WEBR8-v1,WEBSCHEMA1 field inventory + WEBR8 decision contract
VOC_MEASUREMENT_EVIDENCE_PATENT_EVIDENCE_TYPE,measurement_evidence,patent_evidence_type,implementation_example_text_endpoint_crude_enzyme,canonical_term_candidate,implementation_example_text_endpoint_crude_enzyme,1,current_public_value_domain_count,none_observed,observed_not_promoted,forbidden_in_WEBSCHEMA1,"empty string, not_reported, needs_manual_check, and business values remain distinct",not_promoted,WEBR8-D08,WEBR8-v1,WEBSCHEMA1 field inventory + WEBR8 decision contract
VOC_MEASUREMENT_EVIDENCE_PATENT_FAMILY_ROLE,measurement_evidence,patent_family_role,canonical_application_pdf_source,canonical_term_candidate,canonical_application_pdf_source,10,current_public_value_domain_count,none_observed,observed_not_promoted,forbidden_in_WEBSCHEMA1,"empty string, not_reported, needs_manual_check, and business values remain distinct",not_promoted,WEBR8-D08,WEBR8-v1,WEBSCHEMA1 field inventory + WEBR8 decision contract
VOC_MEASUREMENT_EVIDENCE_PATENT_FAMILY_ROLE,measurement_evidence,patent_family_role,canonical_full_text_source,canonical_term_candidate,canonical_full_text_source,33,current_public_value_domain_count,none_observed,observed_not_promoted,forbidden_in_WEBSCHEMA1,"empty string, not_reported, needs_manual_check, and business values remain distinct",not_promoted,WEBR8-D08,WEBR8-v1,WEBSCHEMA1 field inventory + WEBR8 decision contract
VOC_MEASUREMENT_EVIDENCE_PATENT_FAMILY_ROLE,measurement_evidence,patent_family_role,canonical_grant_pdf_source,canonical_term_candidate,canonical_grant_pdf_source,140,current_public_value_domain_count,none_observed,observed_not_promoted,forbidden_in_WEBSCHEMA1,"empty string, not_reported, needs_manual_check, and business values remain distinct",not_promoted,WEBR8-D08,WEBR8-v1,WEBSCHEMA1 field inventory + WEBR8 decision contract
VOC_MEASUREMENT_EVIDENCE_PATENT_FAMILY_ROLE,measurement_evidence,patent_family_role,family_anchor,canonical_term_candidate,family_anchor,7,current_public_value_domain_count,none_observed,observed_not_promoted,forbidden_in_WEBSCHEMA1,"empty string, not_reported, needs_manual_check, and business values remain distinct",not_promoted,WEBR8-D08,WEBR8-v1,WEBSCHEMA1 field inventory + WEBR8 decision contract
VOC_MEASUREMENT_EVIDENCE_PATENT_FAMILY_ROLE,measurement_evidence,patent_family_role,family_upgrade,canonical_term_candidate,family_upgrade,13,current_public_value_domain_count,none_observed,observed_not_promoted,forbidden_in_WEBSCHEMA1,"empty string, not_reported, needs_manual_check, and business values remain distinct",not_promoted,WEBR8-D08,WEBR8-v1,WEBSCHEMA1 field inventory + WEBR8 decision contract
VOC_MEASUREMENT_EVIDENCE_PATENT_FAMILY_ROLE,measurement_evidence,patent_family_role,PCT_publication,canonical_term_candidate,PCT_publication,531,current_public_value_domain_count,none_observed,observed_not_promoted,forbidden_in_WEBSCHEMA1,"empty string, not_reported, needs_manual_check, and business values remain distinct",not_promoted,WEBR8-D08,WEBR8-v1,WEBSCHEMA1 field inventory + WEBR8 decision contract
VOC_MEASUREMENT_EVIDENCE_PATENT_LANGUAGE,measurement_evidence,patent_language,en,canonical_term_candidate,en,578,current_public_value_domain_count,none_observed,observed_not_promoted,forbidden_in_WEBSCHEMA1,"empty string, not_reported, needs_manual_check, and business values remain distinct",not_promoted,WEBR8-D08,WEBR8-v1,WEBSCHEMA1 field inventory + WEBR8 decision contract
VOC_MEASUREMENT_EVIDENCE_PATENT_LANGUAGE,measurement_evidence,patent_language,zh,canonical_term_candidate,zh,156,current_public_value_domain_count,none_observed,observed_not_promoted,forbidden_in_WEBSCHEMA1,"empty string, not_reported, needs_manual_check, and business values remain distinct",not_promoted,WEBR8-D08,WEBR8-v1,WEBSCHEMA1 field inventory + WEBR8 decision contract
VOC_MEASUREMENT_EVIDENCE_PATENT_PUBLICATION_NUMBER,measurement_evidence,patent_publication_number,CN102174422B,canonical_term_candidate,CN102174422B,1,current_public_value_domain_count,none_observed,observed_not_promoted,forbidden_in_WEBSCHEMA1,"empty string, not_reported, needs_manual_check, and business values remain distinct",not_promoted,WEBR8-D08,WEBR8-v1,WEBSCHEMA1 field inventory + WEBR8 decision contract
VOC_MEASUREMENT_EVIDENCE_PATENT_PUBLICATION_NUMBER,measurement_evidence,patent_publication_number,CN103184160A,canonical_term_candidate,CN103184160A,9,current_public_value_domain_count,none_observed,observed_not_promoted,forbidden_in_WEBSCHEMA1,"empty string, not_reported, needs_manual_check, and business values remain distinct",not_promoted,WEBR8-D08,WEBR8-v1,WEBSCHEMA1 field inventory + WEBR8 decision contract
VOC_MEASUREMENT_EVIDENCE_PATENT_PUBLICATION_NUMBER,measurement_evidence,patent_publication_number,CN103865941B,canonical_term_candidate,CN103865941B,12,current_public_value_domain_count,none_observed,observed_not_promoted,forbidden_in_WEBSCHEMA1,"empty string, not_reported, needs_manual_check, and business values remain distinct",not_promoted,WEBR8-D08,WEBR8-v1,WEBSCHEMA1 field inventory + WEBR8 decision contract
VOC_MEASUREMENT_EVIDENCE_PATENT_PUBLICATION_NUMBER,measurement_evidence,patent_publication_number,CN104278004A,canonical_term_candidate,CN104278004A,5,current_public_value_domain_count,none_observed,observed_not_promoted,forbidden_in_WEBSCHEMA1,"empty string, not_reported, needs_manual_check, and business values remain distinct",not_promoted,WEBR8-D08,WEBR8-v1,WEBSCHEMA1 field inventory + WEBR8 decision contract
VOC_MEASUREMENT_EVIDENCE_PATENT_PUBLICATION_NUMBER,measurement_evidence,patent_publication_number,CN108251400B,canonical_term_candidate,CN108251400B,9,current_public_value_domain_count,none_observed,observed_not_promoted,forbidden_in_WEBSCHEMA1,"empty string, not_reported, needs_manual_check, and business values remain distinct",not_promoted,WEBR8-D08,WEBR8-v1,WEBSCHEMA1 field inventory + WEBR8 decision contract
VOC_MEASUREMENT_EVIDENCE_PATENT_PUBLICATION_NUMBER,measurement_evidence,patent_publication_number,CN115369099B,canonical_term_candidate,CN115369099B,67,current_public_value_domain_count,none_observed,observed_not_promoted,forbidden_in_WEBSCHEMA1,"empty string, not_reported, needs_manual_check, and business values remain distinct",not_promoted,WEBR8-D08,WEBR8-v1,WEBSCHEMA1 field inventory + WEBR8 decision contract
VOC_MEASUREMENT_EVIDENCE_PATENT_PUBLICATION_NUMBER,measurement_evidence,patent_publication_number,CN117070495B,canonical_term_candidate,CN117070495B,50,current_public_value_domain_count,none_observed,observed_not_promoted,forbidden_in_WEBSCHEMA1,"empty string, not_reported, needs_manual_check, and business values remain distinct",not_promoted,WEBR8-D08,WEBR8-v1,WEBSCHEMA1 field inventory + WEBR8 decision contract
VOC_MEASUREMENT_EVIDENCE_PATENT_PUBLICATION_NUMBER,measurement_evidence,patent_publication_number,CN117887688A,canonical_term_candidate,CN117887688A,1,current_public_value_domain_count,none_observed,observed_not_promoted,forbidden_in_WEBSCHEMA1,"empty string, not_reported, needs_manual_check, and business values remain distinct",not_promoted,WEBR8-D08,WEBR8-v1,WEBSCHEMA1 field inventory + WEBR8 decision contract
VOC_MEASUREMENT_EVIDENCE_PATENT_PUBLICATION_NUMBER,measurement_evidence,patent_publication_number,CN119082082B,canonical_term_candidate,CN119082082B,2,current_public_value_domain_count,none_observed,observed_not_promoted,forbidden_in_WEBSCHEMA1,"empty string, not_reported, needs_manual_check, and business values remain distinct",not_promoted,WEBR8-D08,WEBR8-v1,WEBSCHEMA1 field inventory + WEBR8 decision contract
VOC_MEASUREMENT_EVIDENCE_PATENT_PUBLICATION_NUMBER,measurement_evidence,patent_publication_number,EP2050823A1,canonical_term_candidate,EP2050823A1,11,current_public_value_domain_count,none_observed,observed_not_promoted,forbidden_in_WEBSCHEMA1,"empty string, not_reported, needs_manual_check, and business values remain distinct",not_promoted,WEBR8-D08,WEBR8-v1,WEBSCHEMA1 field inventory + WEBR8 decision contract
VOC_MEASUREMENT_EVIDENCE_PATENT_PUBLICATION_NUMBER,measurement_evidence,patent_publication_number,WO2009069116A2,canonical_term_candidate,WO2009069116A2,2,current_public_value_domain_count,none_observed,observed_not_promoted,forbidden_in_WEBSCHEMA1,"empty string, not_reported, needs_manual_check, and business values remain distinct",not_promoted,WEBR8-D08,WEBR8-v1,WEBSCHEMA1 field inventory + WEBR8 decision contract
VOC_MEASUREMENT_EVIDENCE_PATENT_PUBLICATION_NUMBER,measurement_evidence,patent_publication_number,WO2011067349A1,canonical_term_candidate,WO2011067349A1,33,current_public_value_domain_count,none_observed,observed_not_promoted,forbidden_in_WEBSCHEMA1,"empty string, not_reported, needs_manual_check, and business values remain distinct",not_promoted,WEBR8-D08,WEBR8-v1,WEBSCHEMA1 field inventory + WEBR8 decision contract
VOC_MEASUREMENT_EVIDENCE_PATENT_PUBLICATION_NUMBER,measurement_evidence,patent_publication_number,WO2013022320A2,canonical_term_candidate,WO2013022320A2,1,current_public_value_domain_count,none_observed,observed_not_promoted,forbidden_in_WEBSCHEMA1,"empty string, not_reported, needs_manual_check, and business values remain distinct",not_promoted,WEBR8-D08,WEBR8-v1,WEBSCHEMA1 field inventory + WEBR8 decision contract
VOC_MEASUREMENT_EVIDENCE_PATENT_PUBLICATION_NUMBER,measurement_evidence,patent_publication_number,WO2014074352A1,canonical_term_candidate,WO2014074352A1,201,current_public_value_domain_count,none_observed,observed_not_promoted,forbidden_in_WEBSCHEMA1,"empty string, not_reported, needs_manual_check, and business values remain distinct",not_promoted,WEBR8-D08,WEBR8-v1,WEBSCHEMA1 field inventory + WEBR8 decision contract
VOC_MEASUREMENT_EVIDENCE_PATENT_PUBLICATION_NUMBER,measurement_evidence,patent_publication_number,WO2023282853A2,canonical_term_candidate,WO2023282853A2,330,current_public_value_domain_count,none_observed,observed_not_promoted,forbidden_in_WEBSCHEMA1,"empty string, not_reported, needs_manual_check, and business values remain distinct",not_promoted,WEBR8-D08,WEBR8-v1,WEBSCHEMA1 field inventory + WEBR8 decision contract
VOC_MEASUREMENT_EVIDENCE_PATENT_TITLE,measurement_evidence,patent_title,Amphipathic peptide-lipase conjugate having advanced lipase activity and use thereof,canonical_term_candidate,Amphipathic peptide-lipase conjugate having advanced lipase activity and use thereof,1,current_public_value_domain_count,none_observed,observed_not_promoted,forbidden_in_WEBSCHEMA1,"empty string, not_reported, needs_manual_check, and business values remain distinct",not_promoted,WEBR8-D08,WEBR8-v1,WEBSCHEMA1 field inventory + WEBR8 decision contract
VOC_MEASUREMENT_EVIDENCE_PATENT_TITLE,measurement_evidence,patent_title,Dieselzymes and methanol tolerant lipases,canonical_term_candidate,Dieselzymes and methanol tolerant lipases,201,current_public_value_domain_count,none_observed,observed_not_promoted,forbidden_in_WEBSCHEMA1,"empty string, not_reported, needs_manual_check, and business values remain distinct",not_promoted,WEBR8-D08,WEBR8-v1,WEBSCHEMA1 field inventory + WEBR8 decision contract
VOC_MEASUREMENT_EVIDENCE_PATENT_TITLE,measurement_evidence,patent_title,Enzymatic biodiesel production,canonical_term_candidate,Enzymatic biodiesel production,11,current_public_value_domain_count,none_observed,observed_not_promoted,forbidden_in_WEBSCHEMA1,"empty string, not_reported, needs_manual_check, and business values remain distinct",not_promoted,WEBR8-D08,WEBR8-v1,WEBSCHEMA1 field inventory + WEBR8 decision contract
VOC_MEASUREMENT_EVIDENCE_PATENT_TITLE,measurement_evidence,patent_title,"F6 lipase as well as encoding gene, preparation method and application thereof",canonical_term_candidate,"F6 lipase as well as encoding gene, preparation method and application thereof",5,current_public_value_domain_count,none_observed,observed_not_promoted,forbidden_in_WEBSCHEMA1,"empty string, not_reported, needs_manual_check, and business values remain distinct",not_promoted,WEBR8-D08,WEBR8-v1,WEBSCHEMA1 field inventory + WEBR8 decision contract
VOC_MEASUREMENT_EVIDENCE_PATENT_TITLE,measurement_evidence,patent_title,Lipases for use in production of a fatty acid ester,canonical_term_candidate,Lipases for use in production of a fatty acid ester,330,current_public_value_domain_count,none_observed,observed_not_promoted,forbidden_in_WEBSCHEMA1,"empty string, not_reported, needs_manual_check, and business values remain distinct",not_promoted,WEBR8-D08,WEBR8-v1,WEBSCHEMA1 field inventory + WEBR8 decision contract
VOC_MEASUREMENT_EVIDENCE_PATENT_TITLE,measurement_evidence,patent_title,"Organic solvent-resistant lipase production strain, gene of lipase and application of lipase",canonical_term_candidate,"Organic solvent-resistant lipase production strain, gene of lipase and application of lipase",1,current_public_value_domain_count,none_observed,observed_not_promoted,forbidden_in_WEBSCHEMA1,"empty string, not_reported, needs_manual_check, and business values remain distinct",not_promoted,WEBR8-D08,WEBR8-v1,WEBSCHEMA1 field inventory + WEBR8 decision contract
VOC_MEASUREMENT_EVIDENCE_PATENT_TITLE,measurement_evidence,patent_title,Robust multi-enzyme preparation for synthesis of fatty acid alkyl esters,canonical_term_candidate,Robust multi-enzyme preparation for synthesis of fatty acid alkyl esters,2,current_public_value_domain_count,none_observed,observed_not_promoted,forbidden_in_WEBSCHEMA1,"empty string, not_reported, needs_manual_check, and business values remain distinct",not_promoted,WEBR8-D08,WEBR8-v1,WEBSCHEMA1 field inventory + WEBR8 decision contract
VOC_MEASUREMENT_EVIDENCE_PATENT_TITLE,measurement_evidence,patent_title,Variants of a polypeptide with lipolytic activity and improved stability,canonical_term_candidate,Variants of a polypeptide with lipolytic activity and improved stability,33,current_public_value_domain_count,none_observed,observed_not_promoted,forbidden_in_WEBSCHEMA1,"empty string, not_reported, needs_manual_check, and business values remain distinct",not_promoted,WEBR8-D08,WEBR8-v1,WEBSCHEMA1 field inventory + WEBR8 decision contract
VOC_MEASUREMENT_EVIDENCE_PATENT_TITLE,measurement_evidence,patent_title,一种产耐有机溶剂脂肪酶的菌株、耐有机溶剂脂肪酶及其制备方法,alias_candidate,脂肪酶及其应用,9,current_public_value_domain_count,normalized-form collision; human merge decision required,rejected,forbidden,"empty string, not_reported, needs_manual_check, and business values remain distinct",semantic_collision_not_alias,WEBR8-D08,WEBR8-v1,WEBSCHEMA1 field inventory + WEBR8 decision contract
VOC_MEASUREMENT_EVIDENCE_PATENT_TITLE,measurement_evidence,patent_title,一种来源于枝孢霉的脂肪酶、其编码基因序列及其用途,alias_candidate,脂肪酶及其应用,12,current_public_value_domain_count,normalized-form collision; human merge decision required,rejected,forbidden,"empty string, not_reported, needs_manual_check, and business values remain distinct",semantic_collision_not_alias,WEBR8-D08,WEBR8-v1,WEBSCHEMA1 field inventory + WEBR8 decision contract
VOC_MEASUREMENT_EVIDENCE_PATENT_TITLE,measurement_evidence,patent_title,一种米黑根毛霉脂肪酶突变体及提高米黑根毛霉脂肪酶活性和/或甲醇耐受性的方法,alias_candidate,脂肪酶及其应用,67,current_public_value_domain_count,normalized-form collision; human merge decision required,rejected,forbidden,"empty string, not_reported, needs_manual_check, and business values remain distinct",semantic_collision_not_alias,WEBR8-D08,WEBR8-v1,WEBSCHEMA1 field inventory + WEBR8 decision contract
VOC_MEASUREMENT_EVIDENCE_PATENT_TITLE,measurement_evidence,patent_title,一种耐热性提高的脂肪酶突变体及其制备方法和应用,alias_candidate,脂肪酶及其应用,2,current_public_value_domain_count,normalized-form collision; human merge decision required,rejected,forbidden,"empty string, not_reported, needs_manual_check, and business values remain distinct",semantic_collision_not_alias,WEBR8-D08,WEBR8-v1,WEBSCHEMA1 field inventory + WEBR8 decision contract
VOC_MEASUREMENT_EVIDENCE_PATENT_TITLE,measurement_evidence,patent_title,一种高活力、高稳定性的脂肪酶突变体及其编码基因和应用,alias_candidate,脂肪酶及其应用,1,current_public_value_domain_count,normalized-form collision; human merge decision required,rejected,forbidden,"empty string, not_reported, needs_manual_check, and business values remain distinct",semantic_collision_not_alias,WEBR8-D08,WEBR8-v1,WEBSCHEMA1 field inventory + WEBR8 decision contract
VOC_MEASUREMENT_EVIDENCE_PATENT_TITLE,measurement_evidence,patent_title,疏棉状嗜热丝孢菌脂肪酶突变体E129Y、E134W及其应用,canonical_term_candidate,疏棉状嗜热丝孢菌脂肪酶突变体E129Y、E134W及其应用,50,current_public_value_domain_count,none_observed,observed_not_promoted,forbidden_in_WEBSCHEMA1,"empty string, not_reported, needs_manual_check, and business values remain distinct",not_promoted,WEBR8-D08,WEBR8-v1,WEBSCHEMA1 field inventory + WEBR8 decision contract
VOC_MEASUREMENT_EVIDENCE_PATENT_TITLE,measurement_evidence,patent_title,脂肪酶及其应用,alias_candidate,脂肪酶及其应用,9,current_public_value_domain_count,normalized-form collision; human merge decision required,proposed_not_promoted,forbidden_in_WEBSCHEMA1,"empty string, not_reported, needs_manual_check, and business values remain distinct",not_promoted,WEBR8-D08,WEBR8-v1,WEBSCHEMA1 field inventory + WEBR8 decision contract
VOC_MEASUREMENT_EVIDENCE_PDB_ERROR_TYPE,measurement_evidence,pdb_error_type,INHERITED_FROM_PARENT_PATENT,canonical_term_candidate,INHERITED_FROM_PARENT_PATENT,224,current_public_value_domain_count,none_observed,observed_not_promoted,forbidden_in_WEBSCHEMA1,"empty string, not_reported, needs_manual_check, and business values remain distinct",not_promoted,WEBR8-D08,WEBR8-v1,WEBSCHEMA1 field inventory + WEBR8 decision contract
VOC_MEASUREMENT_EVIDENCE_PROTOCOL_TYPE,measurement_evidence,protocol_type,in_assay_challenge,canonical_term_candidate,in_assay_challenge,10,current_public_value_domain_count,none_observed,observed_not_promoted,forbidden_in_WEBSCHEMA1,"empty string, not_reported, needs_manual_check, and business values remain distinct",not_promoted,WEBR8-D08,WEBR8-v1,WEBSCHEMA1 field inventory + WEBR8 decision contract
VOC_MEASUREMENT_EVIDENCE_PROTOCOL_TYPE,measurement_evidence,protocol_type,one_shot_exposure,canonical_term_candidate,one_shot_exposure,2630,current_public_value_domain_count,none_observed,observed_not_promoted,forbidden_in_WEBSCHEMA1,"empty string, not_reported, needs_manual_check, and business values remain distinct",not_promoted,WEBR8-D08,WEBR8-v1,WEBSCHEMA1 field inventory + WEBR8 decision contract
VOC_MEASUREMENT_EVIDENCE_PROTOCOL_TYPE,measurement_evidence,protocol_type,other_reported_protocol,canonical_term_candidate,other_reported_protocol,8,current_public_value_domain_count,none_observed,observed_not_promoted,forbidden_in_WEBSCHEMA1,"empty string, not_reported, needs_manual_check, and business values remain distinct",not_promoted,WEBR8-D08,WEBR8-v1,WEBSCHEMA1 field inventory + WEBR8 decision contract
VOC_MEASUREMENT_EVIDENCE_PROTOCOL_TYPE,measurement_evidence,protocol_type,preincubation,canonical_term_candidate,preincubation,206,current_public_value_domain_count,none_observed,observed_not_promoted,forbidden_in_WEBSCHEMA1,"empty string, not_reported, needs_manual_check, and business values remain distinct",not_promoted,WEBR8-D08,WEBR8-v1,WEBSCHEMA1 field inventory + WEBR8 decision contract
VOC_MEASUREMENT_EVIDENCE_PROTOCOL_TYPE,measurement_evidence,protocol_type,stepwise_addition,canonical_term_candidate,stepwise_addition,3,current_public_value_domain_count,none_observed,observed_not_promoted,forbidden_in_WEBSCHEMA1,"empty string, not_reported, needs_manual_check, and business values remain distinct",not_promoted,WEBR8-D08,WEBR8-v1,WEBSCHEMA1 field inventory + WEBR8 decision contract
VOC_MEASUREMENT_EVIDENCE_READOUT_DEFINED,measurement_evidence,readout_defined,yes,canonical_term_candidate,yes,734,current_public_value_domain_count,none_observed,observed_not_promoted,forbidden_in_WEBSCHEMA1,"empty string, not_reported, needs_manual_check, and business values remain distinct",not_promoted,WEBR8-D08,WEBR8-v1,WEBSCHEMA1 field inventory + WEBR8 decision contract
VOC_MEASUREMENT_EVIDENCE_SHAKING_RPM,measurement_evidence,shaking_rpm,0,canonical_term_candidate,0,4,current_public_value_domain_count,none_observed,observed_not_promoted,forbidden_in_WEBSCHEMA1,"empty string, not_reported, needs_manual_check, and business values remain distinct",not_promoted,WEBR8-D08,WEBR8-v1,WEBSCHEMA1 field inventory + WEBR8 decision contract
VOC_MEASUREMENT_EVIDENCE_SHAKING_RPM,measurement_evidence,shaking_rpm,100,canonical_term_candidate,100,58,current_public_value_domain_count,none_observed,observed_not_promoted,forbidden_in_WEBSCHEMA1,"empty string, not_reported, needs_manual_check, and business values remain distinct",not_promoted,WEBR8-D08,WEBR8-v1,WEBSCHEMA1 field inventory + WEBR8 decision contract
VOC_MEASUREMENT_EVIDENCE_SHAKING_RPM,measurement_evidence,shaking_rpm,120,canonical_term_candidate,120,2,current_public_value_domain_count,none_observed,observed_not_promoted,forbidden_in_WEBSCHEMA1,"empty string, not_reported, needs_manual_check, and business values remain distinct",not_promoted,WEBR8-D08,WEBR8-v1,WEBSCHEMA1 field inventory + WEBR8 decision contract
VOC_MEASUREMENT_EVIDENCE_SHAKING_RPM,measurement_evidence,shaking_rpm,130,canonical_term_candidate,130,12,current_public_value_domain_count,none_observed,observed_not_promoted,forbidden_in_WEBSCHEMA1,"empty string, not_reported, needs_manual_check, and business values remain distinct",not_promoted,WEBR8-D08,WEBR8-v1,WEBSCHEMA1 field inventory + WEBR8 decision contract
VOC_MEASUREMENT_EVIDENCE_SHAKING_RPM,measurement_evidence,shaking_rpm,150,canonical_term_candidate,150,38,current_public_value_domain_count,none_observed,observed_not_promoted,forbidden_in_WEBSCHEMA1,"empty string, not_reported, needs_manual_check, and business values remain distinct",not_promoted,WEBR8-D08,WEBR8-v1,WEBSCHEMA1 field inventory + WEBR8 decision contract
VOC_MEASUREMENT_EVIDENCE_SHAKING_RPM,measurement_evidence,shaking_rpm,160,canonical_term_candidate,160,23,current_public_value_domain_count,none_observed,observed_not_promoted,forbidden_in_WEBSCHEMA1,"empty string, not_reported, needs_manual_check, and business values remain distinct",not_promoted,WEBR8-D08,WEBR8-v1,WEBSCHEMA1 field inventory + WEBR8 decision contract
VOC_MEASUREMENT_EVIDENCE_SHAKING_RPM,measurement_evidence,shaking_rpm,160 strokes/min,canonical_term_candidate,160 strokes/min,3,current_public_value_domain_count,none_observed,observed_not_promoted,forbidden_in_WEBSCHEMA1,"empty string, not_reported, needs_manual_check, and business values remain distinct",not_promoted,WEBR8-D08,WEBR8-v1,WEBSCHEMA1 field inventory + WEBR8 decision contract
VOC_MEASUREMENT_EVIDENCE_SHAKING_RPM,measurement_evidence,shaking_rpm,180,canonical_term_candidate,180,16,current_public_value_domain_count,none_observed,observed_not_promoted,forbidden_in_WEBSCHEMA1,"empty string, not_reported, needs_manual_check, and business values remain distinct",not_promoted,WEBR8-D08,WEBR8-v1,WEBSCHEMA1 field inventory + WEBR8 decision contract
VOC_MEASUREMENT_EVIDENCE_SHAKING_RPM,measurement_evidence,shaking_rpm,200,canonical_term_candidate,200,95,current_public_value_domain_count,none_observed,observed_not_promoted,forbidden_in_WEBSCHEMA1,"empty string, not_reported, needs_manual_check, and business values remain distinct",not_promoted,WEBR8-D08,WEBR8-v1,WEBSCHEMA1 field inventory + WEBR8 decision contract
VOC_MEASUREMENT_EVIDENCE_SHAKING_RPM,measurement_evidence,shaking_rpm,300,canonical_term_candidate,300,6,current_public_value_domain_count,none_observed,observed_not_promoted,forbidden_in_WEBSCHEMA1,"empty string, not_reported, needs_manual_check, and business values remain distinct",not_promoted,WEBR8-D08,WEBR8-v1,WEBSCHEMA1 field inventory + WEBR8 decision contract
VOC_MEASUREMENT_EVIDENCE_SHAKING_RPM,measurement_evidence,shaking_rpm,50,canonical_term_candidate,50,1,current_public_value_domain_count,none_observed,observed_not_promoted,forbidden_in_WEBSCHEMA1,"empty string, not_reported, needs_manual_check, and business values remain distinct",not_promoted,WEBR8-D08,WEBR8-v1,WEBSCHEMA1 field inventory + WEBR8 decision contract
VOC_MEASUREMENT_EVIDENCE_SHAKING_RPM,measurement_evidence,shaking_rpm,500,canonical_term_candidate,500,1,current_public_value_domain_count,none_observed,observed_not_promoted,forbidden_in_WEBSCHEMA1,"empty string, not_reported, needs_manual_check, and business values remain distinct",not_promoted,WEBR8-D08,WEBR8-v1,WEBSCHEMA1 field inventory + WEBR8 decision contract
VOC_MEASUREMENT_EVIDENCE_SHAKING_RPM,measurement_evidence,shaking_rpm,60,canonical_term_candidate,60,1,current_public_value_domain_count,none_observed,observed_not_promoted,forbidden_in_WEBSCHEMA1,"empty string, not_reported, needs_manual_check, and business values remain distinct",not_promoted,WEBR8-D08,WEBR8-v1,WEBSCHEMA1 field inventory + WEBR8 decision contract
VOC_MEASUREMENT_EVIDENCE_SHAKING_RPM,measurement_evidence,shaking_rpm,needs_manual_check,sentinel,needs_manual_check,2,current_public_value_domain_count,none_observed,observed_sentinel_locked_distinct,forbidden_in_WEBSCHEMA1,"empty string, not_reported, needs_manual_check, and business values remain distinct",not_promoted,WEBR8-D08,WEBR8-v1,WEBSCHEMA1 field inventory + WEBR8 decision contract
VOC_MEASUREMENT_EVIDENCE_SHAKING_RPM,measurement_evidence,shaking_rpm,rotary shaker,canonical_term_candidate,rotary shaker,7,current_public_value_domain_count,none_observed,observed_not_promoted,forbidden_in_WEBSCHEMA1,"empty string, not_reported, needs_manual_check, and business values remain distinct",not_promoted,WEBR8-D08,WEBR8-v1,WEBSCHEMA1 field inventory + WEBR8 decision contract
VOC_MEASUREMENT_EVIDENCE_SHAKING_RPM,measurement_evidence,shaking_rpm,shaking,canonical_term_candidate,shaking,24,current_public_value_domain_count,none_observed,observed_not_promoted,forbidden_in_WEBSCHEMA1,"empty string, not_reported, needs_manual_check, and business values remain distinct",not_promoted,WEBR8-D08,WEBR8-v1,WEBSCHEMA1 field inventory + WEBR8 decision contract
VOC_MEASUREMENT_EVIDENCE_SOURCE_LAYER,measurement_evidence,source_layer,patent_evidence_layer,canonical_term_candidate,patent_evidence_layer,734,current_public_value_domain_count,none_observed,observed_not_promoted,forbidden_in_WEBSCHEMA1,"empty string, not_reported, needs_manual_check, and business values remain distinct",not_promoted,WEBR8-D08,WEBR8-v1,WEBSCHEMA1 field inventory + WEBR8 decision contract
VOC_MEASUREMENT_EVIDENCE_SOURCE_LAYER,measurement_evidence,source_layer,phase1A_direct_staged,canonical_term_candidate,phase1A_direct_staged,2123,current_public_value_domain_count,none_observed,observed_not_promoted,forbidden_in_WEBSCHEMA1,"empty string, not_reported, needs_manual_check, and business values remain distinct",not_promoted,WEBR8-D08,WEBR8-v1,WEBSCHEMA1 field inventory + WEBR8 decision contract
VOC_MEASUREMENT_EVIDENCE_SOURCE_TYPE,measurement_evidence,source_type,literature,canonical_term_candidate,literature,2123,current_public_value_domain_count,none_observed,observed_not_promoted,forbidden_in_WEBSCHEMA1,"empty string, not_reported, needs_manual_check, and business values remain distinct",not_promoted,WEBR8-D08,WEBR8-v1,WEBSCHEMA1 field inventory + WEBR8 decision contract
VOC_MEASUREMENT_EVIDENCE_SOURCE_TYPE,measurement_evidence,source_type,patent,canonical_term_candidate,patent,734,current_public_value_domain_count,none_observed,observed_not_promoted,forbidden_in_WEBSCHEMA1,"empty string, not_reported, needs_manual_check, and business values remain distinct",not_promoted,WEBR8-D08,WEBR8-v1,WEBSCHEMA1 field inventory + WEBR8 decision contract
VOC_MEASUREMENT_EVIDENCE_STRUCTURE_MODELING_READINESS,measurement_evidence,structure_modeling_readiness,exact_PDB_available,canonical_term_candidate,exact_PDB_available,1,current_public_value_domain_count,none_observed,observed_not_promoted,forbidden_in_WEBSCHEMA1,"empty string, not_reported, needs_manual_check, and business values remain distinct",not_promoted,WEBR8-D08,WEBR8-v1,WEBSCHEMA1 field inventory + WEBR8 decision contract
VOC_MEASUREMENT_EVIDENCE_STRUCTURE_MODELING_READINESS,measurement_evidence,structure_modeling_readiness,experimental_structure_available,canonical_term_candidate,experimental_structure_available,2,current_public_value_domain_count,none_observed,observed_not_promoted,forbidden_in_WEBSCHEMA1,"empty string, not_reported, needs_manual_check, and business values remain distinct",not_promoted,WEBR8-D08,WEBR8-v1,WEBSCHEMA1 field inventory + WEBR8 decision contract
VOC_MEASUREMENT_EVIDENCE_STRUCTURE_MODELING_READINESS,measurement_evidence,structure_modeling_readiness,needs_manual_check,sentinel,needs_manual_check,86,current_public_value_domain_count,none_observed,observed_sentinel_locked_distinct,forbidden_in_WEBSCHEMA1,"empty string, not_reported, needs_manual_check, and business values remain distinct",not_promoted,WEBR8-D08,WEBR8-v1,WEBSCHEMA1 field inventory + WEBR8 decision contract
VOC_MEASUREMENT_EVIDENCE_STRUCTURE_MODELING_READINESS,measurement_evidence,structure_modeling_readiness,parent_scaffold_only,canonical_term_candidate,parent_scaffold_only,23,current_public_value_domain_count,none_observed,observed_not_promoted,forbidden_in_WEBSCHEMA1,"empty string, not_reported, needs_manual_check, and business values remain distinct",not_promoted,WEBR8-D08,WEBR8-v1,WEBSCHEMA1 field inventory + WEBR8 decision contract
VOC_MEASUREMENT_EVIDENCE_STRUCTURE_MODELING_READINESS,measurement_evidence,structure_modeling_readiness,phenotype_ready,canonical_term_candidate,phenotype_ready,579,current_public_value_domain_count,none_observed,observed_not_promoted,forbidden_in_WEBSCHEMA1,"empty string, not_reported, needs_manual_check, and business values remain distinct",not_promoted,WEBR8-D08,WEBR8-v1,WEBSCHEMA1 field inventory + WEBR8 decision contract
VOC_MEASUREMENT_EVIDENCE_STRUCTURE_MODELING_READINESS,measurement_evidence,structure_modeling_readiness,ready,canonical_term_candidate,ready,1,current_public_value_domain_count,none_observed,observed_not_promoted,forbidden_in_WEBSCHEMA1,"empty string, not_reported, needs_manual_check, and business values remain distinct",not_promoted,WEBR8-D08,WEBR8-v1,WEBSCHEMA1 field inventory + WEBR8 decision contract
VOC_MEASUREMENT_EVIDENCE_STRUCTURE_MODELING_READINESS,measurement_evidence,structure_modeling_readiness,sequence_ready,canonical_term_candidate,sequence_ready,1463,current_public_value_domain_count,none_observed,observed_not_promoted,forbidden_in_WEBSCHEMA1,"empty string, not_reported, needs_manual_check, and business values remain distinct",not_promoted,WEBR8-D08,WEBR8-v1,WEBSCHEMA1 field inventory + WEBR8 decision contract
VOC_MEASUREMENT_EVIDENCE_STRUCTURE_MODELING_READINESS,measurement_evidence,structure_modeling_readiness,structure_ready,canonical_term_candidate,structure_ready,660,current_public_value_domain_count,none_observed,observed_not_promoted,forbidden_in_WEBSCHEMA1,"empty string, not_reported, needs_manual_check, and business values remain distinct",not_promoted,WEBR8-D08,WEBR8-v1,WEBSCHEMA1 field inventory + WEBR8 decision contract
VOC_MEASUREMENT_EVIDENCE_TIER_2B,measurement_evidence,tier_2b,in_assay,canonical_term_candidate,in_assay,139,current_public_value_domain_count,none_observed,observed_not_promoted,forbidden_in_WEBSCHEMA1,"empty string, not_reported, needs_manual_check, and business values remain distinct",not_promoted,WEBR8-D08,WEBR8-v1,WEBSCHEMA1 field inventory + WEBR8 decision contract
VOC_MEASUREMENT_EVIDENCE_TIER_2B,measurement_evidence,tier_2b,needs_manual_check,sentinel,needs_manual_check,3,current_public_value_domain_count,none_observed,observed_sentinel_locked_distinct,forbidden_in_WEBSCHEMA1,"empty string, not_reported, needs_manual_check, and business values remain distinct",not_promoted,WEBR8-D08,WEBR8-v1,WEBSCHEMA1 field inventory + WEBR8 decision contract
VOC_MEASUREMENT_EVIDENCE_TIER_2B,measurement_evidence,tier_2b,pre_incubated,canonical_term_candidate,pre_incubated,1981,current_public_value_domain_count,none_observed,observed_not_promoted,forbidden_in_WEBSCHEMA1,"empty string, not_reported, needs_manual_check, and business values remain distinct",not_promoted,WEBR8-D08,WEBR8-v1,WEBSCHEMA1 field inventory + WEBR8 decision contract
VOC_MEASUREMENT_EVIDENCE_TIME_SERIES_AVAILABLE,measurement_evidence,time_series_available,needs_manual_check,sentinel,needs_manual_check,16,current_public_value_domain_count,none_observed,observed_sentinel_locked_distinct,forbidden_in_WEBSCHEMA1,"empty string, not_reported, needs_manual_check, and business values remain distinct",not_promoted,WEBR8-D08,WEBR8-v1,WEBSCHEMA1 field inventory + WEBR8 decision contract
VOC_MEASUREMENT_EVIDENCE_TIME_SERIES_AVAILABLE,measurement_evidence,time_series_available,no,canonical_term_candidate,no,1273,current_public_value_domain_count,none_observed,observed_not_promoted,forbidden_in_WEBSCHEMA1,"empty string, not_reported, needs_manual_check, and business values remain distinct",not_promoted,WEBR8-D08,WEBR8-v1,WEBSCHEMA1 field inventory + WEBR8 decision contract
VOC_MEASUREMENT_EVIDENCE_TIME_SERIES_AVAILABLE,measurement_evidence,time_series_available,yes,canonical_term_candidate,yes,1495,current_public_value_domain_count,none_observed,observed_not_promoted,forbidden_in_WEBSCHEMA1,"empty string, not_reported, needs_manual_check, and business values remain distinct",not_promoted,WEBR8-D08,WEBR8-v1,WEBSCHEMA1 field inventory + WEBR8 decision contract
VOC_MEASUREMENT_EVIDENCE_UNCERTAINTY_BASIS,measurement_evidence,uncertainty_basis,author_reported,canonical_term_candidate,author_reported,10,current_public_value_domain_count,none_observed,observed_not_promoted,forbidden_in_WEBSCHEMA1,"empty string, not_reported, needs_manual_check, and business values remain distinct",not_promoted,WEBR8-D08,WEBR8-v1,WEBSCHEMA1 field inventory + WEBR8 decision contract
VOC_MEASUREMENT_EVIDENCE_UNCERTAINTY_BASIS,measurement_evidence,uncertainty_basis,author_reported_not_captured,canonical_term_candidate,author_reported_not_captured,361,current_public_value_domain_count,none_observed,observed_not_promoted,forbidden_in_WEBSCHEMA1,"empty string, not_reported, needs_manual_check, and business values remain distinct",not_promoted,WEBR8-D08,WEBR8-v1,WEBSCHEMA1 field inventory + WEBR8 decision contract
VOC_MEASUREMENT_EVIDENCE_UNCERTAINTY_BASIS,measurement_evidence,uncertainty_basis,default,canonical_term_candidate,default,1566,current_public_value_domain_count,none_observed,observed_not_promoted,forbidden_in_WEBSCHEMA1,"empty string, not_reported, needs_manual_check, and business values remain distinct",not_promoted,WEBR8-D08,WEBR8-v1,WEBSCHEMA1 field inventory + WEBR8 decision contract
VOC_MEASUREMENT_EVIDENCE_UNCERTAINTY_BASIS,measurement_evidence,uncertainty_basis,half_tick_rule,canonical_term_candidate,half_tick_rule,126,current_public_value_domain_count,none_observed,observed_not_promoted,forbidden_in_WEBSCHEMA1,"empty string, not_reported, needs_manual_check, and business values remain distinct",not_promoted,WEBR8-D08,WEBR8-v1,WEBSCHEMA1 field inventory + WEBR8 decision contract
VOC_MEASUREMENT_EVIDENCE_UNCERTAINTY_BASIS,measurement_evidence,uncertainty_basis,needs_manual_check,sentinel,needs_manual_check,60,current_public_value_domain_count,none_observed,observed_sentinel_locked_distinct,forbidden_in_WEBSCHEMA1,"empty string, not_reported, needs_manual_check, and business values remain distinct",not_promoted,WEBR8-D08,WEBR8-v1,WEBSCHEMA1 field inventory + WEBR8 decision contract
VOC_MEASUREMENT_EVIDENCE_UNIT_CONVERSION_FACTOR,measurement_evidence,unit_conversion_factor,0.0102,canonical_term_candidate,0.0102,3,current_public_value_domain_count,none_observed,observed_not_promoted,forbidden_in_WEBSCHEMA1,"empty string, not_reported, needs_manual_check, and business values remain distinct",not_promoted,WEBR8-D08,WEBR8-v1,WEBSCHEMA1 field inventory + WEBR8 decision contract
VOC_MEASUREMENT_EVIDENCE_UNIT_CONVERSION_FACTOR,measurement_evidence,unit_conversion_factor,0.0155,canonical_term_candidate,0.0155,3,current_public_value_domain_count,none_observed,observed_not_promoted,forbidden_in_WEBSCHEMA1,"empty string, not_reported, needs_manual_check, and business values remain distinct",not_promoted,WEBR8-D08,WEBR8-v1,WEBSCHEMA1 field inventory + WEBR8 decision contract
VOC_MEASUREMENT_EVIDENCE_UNIT_CONVERSION_FACTOR,measurement_evidence,unit_conversion_factor,0.0222,canonical_term_candidate,0.0222,3,current_public_value_domain_count,none_observed,observed_not_promoted,forbidden_in_WEBSCHEMA1,"empty string, not_reported, needs_manual_check, and business values remain distinct",not_promoted,WEBR8-D08,WEBR8-v1,WEBSCHEMA1 field inventory + WEBR8 decision contract
VOC_MEASUREMENT_EVIDENCE_UNIT_CONVERSION_FACTOR,measurement_evidence,unit_conversion_factor,0.0546,canonical_term_candidate,0.0546,3,current_public_value_domain_count,none_observed,observed_not_promoted,forbidden_in_WEBSCHEMA1,"empty string, not_reported, needs_manual_check, and business values remain distinct",not_promoted,WEBR8-D08,WEBR8-v1,WEBSCHEMA1 field inventory + WEBR8 decision contract
VOC_MEASUREMENT_EVIDENCE_UNIT_CONVERSION_FACTOR,measurement_evidence,unit_conversion_factor,0.0654,canonical_term_candidate,0.0654,3,current_public_value_domain_count,none_observed,observed_not_promoted,forbidden_in_WEBSCHEMA1,"empty string, not_reported, needs_manual_check, and business values remain distinct",not_promoted,WEBR8-D08,WEBR8-v1,WEBSCHEMA1 field inventory + WEBR8 decision contract
VOC_MEASUREMENT_EVIDENCE_UNIT_CONVERSION_FACTOR,measurement_evidence,unit_conversion_factor,0.0671,canonical_term_candidate,0.0671,3,current_public_value_domain_count,none_observed,observed_not_promoted,forbidden_in_WEBSCHEMA1,"empty string, not_reported, needs_manual_check, and business values remain distinct",not_promoted,WEBR8-D08,WEBR8-v1,WEBSCHEMA1 field inventory + WEBR8 decision contract
VOC_MEASUREMENT_EVIDENCE_UNIT_CONVERSION_FACTOR,measurement_evidence,unit_conversion_factor,0.0704,canonical_term_candidate,0.0704,3,current_public_value_domain_count,none_observed,observed_not_promoted,forbidden_in_WEBSCHEMA1,"empty string, not_reported, needs_manual_check, and business values remain distinct",not_promoted,WEBR8-D08,WEBR8-v1,WEBSCHEMA1 field inventory + WEBR8 decision contract
VOC_MEASUREMENT_EVIDENCE_UNIT_CONVERSION_FACTOR,measurement_evidence,unit_conversion_factor,0.073,canonical_term_candidate,0.073,3,current_public_value_domain_count,none_observed,observed_not_promoted,forbidden_in_WEBSCHEMA1,"empty string, not_reported, needs_manual_check, and business values remain distinct",not_promoted,WEBR8-D08,WEBR8-v1,WEBSCHEMA1 field inventory + WEBR8 decision contract
VOC_MEASUREMENT_EVIDENCE_UNIT_CONVERSION_FACTOR,measurement_evidence,unit_conversion_factor,0.0813,canonical_term_candidate,0.0813,3,current_public_value_domain_count,none_observed,observed_not_promoted,forbidden_in_WEBSCHEMA1,"empty string, not_reported, needs_manual_check, and business values remain distinct",not_promoted,WEBR8-D08,WEBR8-v1,WEBSCHEMA1 field inventory + WEBR8 decision contract
VOC_MEASUREMENT_EVIDENCE_UNIT_CONVERSION_FACTOR,measurement_evidence,unit_conversion_factor,0.1087,canonical_term_candidate,0.1087,3,current_public_value_domain_count,none_observed,observed_not_promoted,forbidden_in_WEBSCHEMA1,"empty string, not_reported, needs_manual_check, and business values remain distinct",not_promoted,WEBR8-D08,WEBR8-v1,WEBSCHEMA1 field inventory + WEBR8 decision contract
VOC_MEASUREMENT_EVIDENCE_UNIT_CONVERSION_FACTOR,measurement_evidence,unit_conversion_factor,0.2,canonical_term_candidate,0.2,3,current_public_value_domain_count,none_observed,observed_not_promoted,forbidden_in_WEBSCHEMA1,"empty string, not_reported, needs_manual_check, and business values remain distinct",not_promoted,WEBR8-D08,WEBR8-v1,WEBSCHEMA1 field inventory + WEBR8 decision contract
VOC_MEASUREMENT_EVIDENCE_UNIT_CONVERSION_FACTOR,measurement_evidence,unit_conversion_factor,0.2941,canonical_term_candidate,0.2941,3,current_public_value_domain_count,none_observed,observed_not_promoted,forbidden_in_WEBSCHEMA1,"empty string, not_reported, needs_manual_check, and business values remain distinct",not_promoted,WEBR8-D08,WEBR8-v1,WEBSCHEMA1 field inventory + WEBR8 decision contract
VOC_MEASUREMENT_EVIDENCE_UNIT_CONVERSION_FACTOR,measurement_evidence,unit_conversion_factor,0.625,canonical_term_candidate,0.625,3,current_public_value_domain_count,none_observed,observed_not_promoted,forbidden_in_WEBSCHEMA1,"empty string, not_reported, needs_manual_check, and business values remain distinct",not_promoted,WEBR8-D08,WEBR8-v1,WEBSCHEMA1 field inventory + WEBR8 decision contract
VOC_MEASUREMENT_EVIDENCE_UNIT_CONVERSION_FACTOR,measurement_evidence,unit_conversion_factor,0.8333,canonical_term_candidate,0.8333,3,current_public_value_domain_count,none_observed,observed_not_promoted,forbidden_in_WEBSCHEMA1,"empty string, not_reported, needs_manual_check, and business values remain distinct",not_promoted,WEBR8-D08,WEBR8-v1,WEBSCHEMA1 field inventory + WEBR8 decision contract
VOC_MEASUREMENT_EVIDENCE_UNIT_CONVERSION_FACTOR,measurement_evidence,unit_conversion_factor,1,canonical_term_candidate,1,2355,current_public_value_domain_count,none_observed,observed_not_promoted,forbidden_in_WEBSCHEMA1,"empty string, not_reported, needs_manual_check, and business values remain distinct",not_promoted,WEBR8-D08,WEBR8-v1,WEBSCHEMA1 field inventory + WEBR8 decision contract
VOC_MEASUREMENT_EVIDENCE_UNIT_CONVERSION_FACTOR,measurement_evidence,unit_conversion_factor,100,canonical_term_candidate,100,386,current_public_value_domain_count,none_observed,observed_not_promoted,forbidden_in_WEBSCHEMA1,"empty string, not_reported, needs_manual_check, and business values remain distinct",not_promoted,WEBR8-D08,WEBR8-v1,WEBSCHEMA1 field inventory + WEBR8 decision contract
VOC_MEASUREMENT_EVIDENCE_UNIT_CONVERSION_FACTOR,measurement_evidence,unit_conversion_factor,3.0303,canonical_term_candidate,3.0303,3,current_public_value_domain_count,none_observed,observed_not_promoted,forbidden_in_WEBSCHEMA1,"empty string, not_reported, needs_manual_check, and business values remain distinct",not_promoted,WEBR8-D08,WEBR8-v1,WEBSCHEMA1 field inventory + WEBR8 decision contract
VOC_MEASUREMENT_EVIDENCE_UNIT_CONVERSION_FACTOR,measurement_evidence,unit_conversion_factor,construct-specific Figure 2A A0 ratio,canonical_term_candidate,construct-specific Figure 2A A0 ratio,25,current_public_value_domain_count,none_observed,observed_not_promoted,forbidden_in_WEBSCHEMA1,"empty string, not_reported, needs_manual_check, and business values remain distinct",not_promoted,WEBR8-D08,WEBR8-v1,WEBSCHEMA1 field inventory + WEBR8 decision contract
VOC_MEASUREMENT_EVIDENCE_VALUE_UNCERTAINTY_PP,measurement_evidence,value_uncertainty_pp,0,canonical_term_candidate,0,361,current_public_value_domain_count,none_observed,observed_not_promoted,forbidden_in_WEBSCHEMA1,"empty string, not_reported, needs_manual_check, and business values remain distinct",not_promoted,WEBR8-D08,WEBR8-v1,WEBSCHEMA1 field inventory + WEBR8 decision contract
VOC_MEASUREMENT_EVIDENCE_VALUE_UNCERTAINTY_PP,measurement_evidence,value_uncertainty_pp,1.4,canonical_term_candidate,1.4,1,current_public_value_domain_count,none_observed,observed_not_promoted,forbidden_in_WEBSCHEMA1,"empty string, not_reported, needs_manual_check, and business values remain distinct",not_promoted,WEBR8-D08,WEBR8-v1,WEBSCHEMA1 field inventory + WEBR8 decision contract
VOC_MEASUREMENT_EVIDENCE_VALUE_UNCERTAINTY_PP,measurement_evidence,value_uncertainty_pp,1.82,canonical_term_candidate,1.82,1,current_public_value_domain_count,none_observed,observed_not_promoted,forbidden_in_WEBSCHEMA1,"empty string, not_reported, needs_manual_check, and business values remain distinct",not_promoted,WEBR8-D08,WEBR8-v1,WEBSCHEMA1 field inventory + WEBR8 decision contract
VOC_MEASUREMENT_EVIDENCE_VALUE_UNCERTAINTY_PP,measurement_evidence,value_uncertainty_pp,10,canonical_term_candidate,10,1141,current_public_value_domain_count,none_observed,observed_not_promoted,forbidden_in_WEBSCHEMA1,"empty string, not_reported, needs_manual_check, and business values remain distinct",not_promoted,WEBR8-D08,WEBR8-v1,WEBSCHEMA1 field inventory + WEBR8 decision contract
VOC_MEASUREMENT_EVIDENCE_VALUE_UNCERTAINTY_PP,measurement_evidence,value_uncertainty_pp,12.5,canonical_term_candidate,12.5,170,current_public_value_domain_count,none_observed,observed_not_promoted,forbidden_in_WEBSCHEMA1,"empty string, not_reported, needs_manual_check, and business values remain distinct",not_promoted,WEBR8-D08,WEBR8-v1,WEBSCHEMA1 field inventory + WEBR8 decision contract
VOC_MEASUREMENT_EVIDENCE_VALUE_UNCERTAINTY_PP,measurement_evidence,value_uncertainty_pp,2.2,canonical_term_candidate,2.2,1,current_public_value_domain_count,none_observed,observed_not_promoted,forbidden_in_WEBSCHEMA1,"empty string, not_reported, needs_manual_check, and business values remain distinct",not_promoted,WEBR8-D08,WEBR8-v1,WEBSCHEMA1 field inventory + WEBR8 decision contract
VOC_MEASUREMENT_EVIDENCE_VALUE_UNCERTAINTY_PP,measurement_evidence,value_uncertainty_pp,2.5,canonical_term_candidate,2.5,6,current_public_value_domain_count,none_observed,observed_not_promoted,forbidden_in_WEBSCHEMA1,"empty string, not_reported, needs_manual_check, and business values remain distinct",not_promoted,WEBR8-D08,WEBR8-v1,WEBSCHEMA1 field inventory + WEBR8 decision contract
VOC_MEASUREMENT_EVIDENCE_VALUE_UNCERTAINTY_PP,measurement_evidence,value_uncertainty_pp,3.0,canonical_term_candidate,3.0,1,current_public_value_domain_count,none_observed,observed_not_promoted,forbidden_in_WEBSCHEMA1,"empty string, not_reported, needs_manual_check, and business values remain distinct",not_promoted,WEBR8-D08,WEBR8-v1,WEBSCHEMA1 field inventory + WEBR8 decision contract
VOC_MEASUREMENT_EVIDENCE_VALUE_UNCERTAINTY_PP,measurement_evidence,value_uncertainty_pp,5,canonical_term_candidate,5,381,current_public_value_domain_count,none_observed,observed_not_promoted,forbidden_in_WEBSCHEMA1,"empty string, not_reported, needs_manual_check, and business values remain distinct",not_promoted,WEBR8-D08,WEBR8-v1,WEBSCHEMA1 field inventory + WEBR8 decision contract
VOC_MEASUREMENT_EVIDENCE_VALUE_UNCERTAINTY_PP,measurement_evidence,value_uncertainty_pp,needs_manual_check,sentinel,needs_manual_check,36,current_public_value_domain_count,none_observed,observed_sentinel_locked_distinct,forbidden_in_WEBSCHEMA1,"empty string, not_reported, needs_manual_check, and business values remain distinct",not_promoted,WEBR8-D08,WEBR8-v1,WEBSCHEMA1 field inventory + WEBR8 decision contract
VOC_MEASUREMENT_EVIDENCE_VALUE_UNCERTAINTY_PP,measurement_evidence,value_uncertainty_pp,unit_not_convertible,sentinel,unit_not_convertible,24,current_public_value_domain_count,none_observed,observed_sentinel_locked_distinct,forbidden_in_WEBSCHEMA1,"empty string, not_reported, needs_manual_check, and business values remain distinct",not_promoted,WEBR8-D08,WEBR8-v1,WEBSCHEMA1 field inventory + WEBR8 decision contract
VOC_PATENT_EVIDENCE_A0_CONDITION_MATCHED_TO_READOUT,patent_evidence,A0_condition_matched_to_readout,needs_manual_check,sentinel,needs_manual_check,3,current_public_value_domain_count,none_observed,observed_sentinel_locked_distinct,forbidden_in_WEBSCHEMA1,"empty string, not_reported, needs_manual_check, and business values remain distinct",not_promoted,WEBR8-D08,WEBR8-v1,WEBSCHEMA1 field inventory + WEBR8 decision contract
VOC_PATENT_EVIDENCE_A0_CONDITION_MATCHED_TO_READOUT,patent_evidence,A0_condition_matched_to_readout,partial,canonical_term_candidate,partial,198,current_public_value_domain_count,none_observed,observed_not_promoted,forbidden_in_WEBSCHEMA1,"empty string, not_reported, needs_manual_check, and business values remain distinct",not_promoted,WEBR8-D08,WEBR8-v1,WEBSCHEMA1 field inventory + WEBR8 decision contract
VOC_PATENT_EVIDENCE_A0_CONDITION_MATCHED_TO_READOUT,patent_evidence,A0_condition_matched_to_readout,yes,canonical_term_candidate,yes,513,current_public_value_domain_count,none_observed,observed_not_promoted,forbidden_in_WEBSCHEMA1,"empty string, not_reported, needs_manual_check, and business values remain distinct",not_promoted,WEBR8-D08,WEBR8-v1,WEBSCHEMA1 field inventory + WEBR8 decision contract
VOC_PATENT_EVIDENCE_A0_CV_PERCENT,patent_evidence,A0_cv_percent,<5,canonical_term_candidate,<5,201,current_public_value_domain_count,none_observed,observed_not_promoted,forbidden_in_WEBSCHEMA1,"empty string, not_reported, needs_manual_check, and business values remain distinct",not_promoted,WEBR8-D08,WEBR8-v1,WEBSCHEMA1 field inventory + WEBR8 decision contract
VOC_PATENT_EVIDENCE_A0_SAME_BATCH_AS_CHALLENGE,patent_evidence,A0_same_batch_as_challenge,yes,canonical_term_candidate,yes,714,current_public_value_domain_count,none_observed,observed_not_promoted,forbidden_in_WEBSCHEMA1,"empty string, not_reported, needs_manual_check, and business values remain distinct",not_promoted,WEBR8-D08,WEBR8-v1,WEBSCHEMA1 field inventory + WEBR8 decision contract
VOC_PATENT_EVIDENCE_A0_SOURCE,patent_evidence,A0_source,same Figure 2 0% no-solvent control,canonical_term_candidate,same Figure 2 0% no-solvent control,9,current_public_value_domain_count,none_observed,observed_not_promoted,forbidden_in_WEBSCHEMA1,"empty string, not_reported, needs_manual_check, and business values remain distinct",not_promoted,WEBR8-D08,WEBR8-v1,WEBSCHEMA1 field inventory + WEBR8 decision contract
VOC_PATENT_EVIDENCE_A0_SOURCE,patent_evidence,A0_source,same_paper,canonical_term_candidate,same_paper,201,current_public_value_domain_count,none_observed,observed_not_promoted,forbidden_in_WEBSCHEMA1,"empty string, not_reported, needs_manual_check, and business values remain distinct",not_promoted,WEBR8-D08,WEBR8-v1,WEBSCHEMA1 field inventory + WEBR8 decision contract
VOC_PATENT_EVIDENCE_A0_SOURCE,patent_evidence,A0_source,same_patent_0h_before_methanol_treatment,canonical_term_candidate,same_patent_0h_before_methanol_treatment,1,current_public_value_domain_count,none_observed,observed_not_promoted,forbidden_in_WEBSCHEMA1,"empty string, not_reported, needs_manual_check, and business values remain distinct",not_promoted,WEBR8-D08,WEBR8-v1,WEBSCHEMA1 field inventory + WEBR8 decision contract
VOC_PATENT_EVIDENCE_A0_SOURCE,patent_evidence,A0_source,same_patent_before_methanol_incubation,canonical_term_candidate,same_patent_before_methanol_incubation,35,current_public_value_domain_count,none_observed,observed_not_promoted,forbidden_in_WEBSCHEMA1,"empty string, not_reported, needs_manual_check, and business values remain distinct",not_promoted,WEBR8-D08,WEBR8-v1,WEBSCHEMA1 field inventory + WEBR8 decision contract
VOC_PATENT_EVIDENCE_A0_SOURCE,patent_evidence,A0_source,same_patent_no_methanol_control,canonical_term_candidate,same_patent_no_methanol_control,12,current_public_value_domain_count,none_observed,observed_not_promoted,forbidden_in_WEBSCHEMA1,"empty string, not_reported, needs_manual_check, and business values remain distinct",not_promoted,WEBR8-D08,WEBR8-v1,WEBSCHEMA1 field inventory + WEBR8 decision contract
VOC_PATENT_EVIDENCE_A0_SOURCE,patent_evidence,A0_source,same_patent_no_methanol_or_0h_baseline,canonical_term_candidate,same_patent_no_methanol_or_0h_baseline,50,current_public_value_domain_count,none_observed,observed_not_promoted,forbidden_in_WEBSCHEMA1,"empty string, not_reported, needs_manual_check, and business values remain distinct",not_promoted,WEBR8-D08,WEBR8-v1,WEBSCHEMA1 field inventory + WEBR8 decision contract
VOC_PATENT_EVIDENCE_A0_SOURCE,patent_evidence,A0_source,same_patent_untreated_enzyme_liquid,canonical_term_candidate,same_patent_untreated_enzyme_liquid,9,current_public_value_domain_count,none_observed,observed_not_promoted,forbidden_in_WEBSCHEMA1,"empty string, not_reported, needs_manual_check, and business values remain distinct",not_promoted,WEBR8-D08,WEBR8-v1,WEBSCHEMA1 field inventory + WEBR8 decision contract
VOC_PATENT_EVIDENCE_A0_SOURCE,patent_evidence,A0_source,same_patent_WT_or_variant_before_methanol_treatment,canonical_term_candidate,same_patent_WT_or_variant_before_methanol_treatment,67,current_public_value_domain_count,none_observed,observed_not_promoted,forbidden_in_WEBSCHEMA1,"empty string, not_reported, needs_manual_check, and business values remain distinct",not_promoted,WEBR8-D08,WEBR8-v1,WEBSCHEMA1 field inventory + WEBR8 decision contract
VOC_PATENT_EVIDENCE_A0_SOURCE,patent_evidence,A0_source,same_table_0pct_normalized_baseline,canonical_term_candidate,same_table_0pct_normalized_baseline,330,current_public_value_domain_count,none_observed,observed_not_promoted,forbidden_in_WEBSCHEMA1,"empty string, not_reported, needs_manual_check, and business values remain distinct",not_promoted,WEBR8-D08,WEBR8-v1,WEBSCHEMA1 field inventory + WEBR8 decision contract
VOC_PATENT_EVIDENCE_D_OBS_UNRELIABLE,patent_evidence,D_obs_unreliable,FALSE,canonical_term_candidate,FALSE,412,current_public_value_domain_count,none_observed,observed_not_promoted,forbidden_in_WEBSCHEMA1,"empty string, not_reported, needs_manual_check, and business values remain distinct",not_promoted,WEBR8-D08,WEBR8-v1,WEBSCHEMA1 field inventory + WEBR8 decision contract
VOC_PATENT_EVIDENCE_D_OBS_UNRELIABLE,patent_evidence,D_obs_unreliable,TRUE,canonical_term_candidate,TRUE,1,current_public_value_domain_count,none_observed,observed_not_promoted,forbidden_in_WEBSCHEMA1,"empty string, not_reported, needs_manual_check, and business values remain distinct",not_promoted,WEBR8-D08,WEBR8-v1,WEBSCHEMA1 field inventory + WEBR8 decision contract
VOC_PATENT_EVIDENCE_ACTIVITY_ASSAY_METHOD,patent_evidence,activity_assay_method,biodiesel FAME conversion,canonical_term_candidate,biodiesel FAME conversion,1,current_public_value_domain_count,none_observed,observed_not_promoted,forbidden_in_WEBSCHEMA1,"empty string, not_reported, needs_manual_check, and business values remain distinct",not_promoted,WEBR8-D08,WEBR8-v1,WEBSCHEMA1 field inventory + WEBR8 decision contract
VOC_PATENT_EVIDENCE_ACTIVITY_ASSAY_METHOD,patent_evidence,activity_assay_method,biodiesel FAME process endpoint,canonical_term_candidate,biodiesel FAME process endpoint,4,current_public_value_domain_count,none_observed,observed_not_promoted,forbidden_in_WEBSCHEMA1,"empty string, not_reported, needs_manual_check, and business values remain distinct",not_promoted,WEBR8-D08,WEBR8-v1,WEBSCHEMA1 field inventory + WEBR8 decision contract
VOC_PATENT_EVIDENCE_ACTIVITY_ASSAY_METHOD,patent_evidence,activity_assay_method,biodiesel GC composition process endpoint,canonical_term_candidate,biodiesel GC composition process endpoint,11,current_public_value_domain_count,none_observed,observed_not_promoted,forbidden_in_WEBSCHEMA1,"empty string, not_reported, needs_manual_check, and business values remain distinct",not_promoted,WEBR8-D08,WEBR8-v1,WEBSCHEMA1 field inventory + WEBR8 decision contract
VOC_PATENT_EVIDENCE_ACTIVITY_ASSAY_METHOD,patent_evidence,activity_assay_method,fatty acid alkyl ester synthesis preparation summary,canonical_term_candidate,fatty acid alkyl ester synthesis preparation summary,1,current_public_value_domain_count,none_observed,observed_not_promoted,forbidden_in_WEBSCHEMA1,"empty string, not_reported, needs_manual_check, and business values remain distinct",not_promoted,WEBR8-D08,WEBR8-v1,WEBSCHEMA1 field inventory + WEBR8 decision contract
VOC_PATENT_EVIDENCE_ACTIVITY_ASSAY_METHOD,patent_evidence,activity_assay_method,lipase activity absorbance-difference assay,canonical_term_candidate,lipase activity absorbance-difference assay,1,current_public_value_domain_count,none_observed,observed_not_promoted,forbidden_in_WEBSCHEMA1,"empty string, not_reported, needs_manual_check, and business values remain distinct",not_promoted,WEBR8-D08,WEBR8-v1,WEBSCHEMA1 field inventory + WEBR8 decision contract
VOC_PATENT_EVIDENCE_ACTIVITY_ASSAY_METHOD,patent_evidence,activity_assay_method,lipase activity assay under each enzyme's optimum temperature and pH; exact substrate not extracted,canonical_term_candidate,lipase activity assay under each enzyme's optimum temperature and pH; exact substrate not extracted,2,current_public_value_domain_count,none_observed,observed_not_promoted,forbidden_in_WEBSCHEMA1,"empty string, not_reported, needs_manual_check, and business values remain distinct",not_promoted,WEBR8-D08,WEBR8-v1,WEBSCHEMA1 field inventory + WEBR8 decision contract
VOC_PATENT_EVIDENCE_ACTIVITY_ASSAY_METHOD,patent_evidence,activity_assay_method,non-methanol lipase activity and washing-performance context,canonical_term_candidate,non-methanol lipase activity and washing-performance context,1,current_public_value_domain_count,none_observed,observed_not_promoted,forbidden_in_WEBSCHEMA1,"empty string, not_reported, needs_manual_check, and business values remain distinct",not_promoted,WEBR8-D08,WEBR8-v1,WEBSCHEMA1 field inventory + WEBR8 decision contract
VOC_PATENT_EVIDENCE_ACTIVITY_ASSAY_METHOD,patent_evidence,activity_assay_method,p-nitrophenyl palmitate (pNPP) hydrolysis assay; pNP absorbance at 405-410 nm,canonical_term_candidate,p-nitrophenyl palmitate (pNPP) hydrolysis assay; pNP absorbance at 405-410 nm,9,current_public_value_domain_count,none_observed,observed_not_promoted,forbidden_in_WEBSCHEMA1,"empty string, not_reported, needs_manual_check, and business values remain distinct",not_promoted,WEBR8-D08,WEBR8-v1,WEBSCHEMA1 field inventory + WEBR8 decision contract
VOC_PATENT_EVIDENCE_ACTIVITY_ASSAY_METHOD,patent_evidence,activity_assay_method,p-nitrophenyl palmitate hydrolysis assay after methanol treatment; reaction at 40 C for 10 min,canonical_term_candidate,p-nitrophenyl palmitate hydrolysis assay after methanol treatment; reaction at 40 C for 10 min,9,current_public_value_domain_count,none_observed,observed_not_promoted,forbidden_in_WEBSCHEMA1,"empty string, not_reported, needs_manual_check, and business values remain distinct",not_promoted,WEBR8-D08,WEBR8-v1,WEBSCHEMA1 field inventory + WEBR8 decision contract
VOC_PATENT_EVIDENCE_ACTIVITY_ASSAY_METHOD,patent_evidence,activity_assay_method,p-NPL hydrolysis assay at 410 nm; 40 C for 5 min; Na2CO3 stop,canonical_term_candidate,p-NPL hydrolysis assay at 410 nm; 40 C for 5 min; Na2CO3 stop,50,current_public_value_domain_count,none_observed,observed_not_promoted,forbidden_in_WEBSCHEMA1,"empty string, not_reported, needs_manual_check, and business values remain distinct",not_promoted,WEBR8-D08,WEBR8-v1,WEBSCHEMA1 field inventory + WEBR8 decision contract
VOC_PATENT_EVIDENCE_ACTIVITY_ASSAY_METHOD,patent_evidence,activity_assay_method,pNPB hydrolysis absorbance assay,canonical_term_candidate,pNPB hydrolysis absorbance assay,33,current_public_value_domain_count,none_observed,observed_not_promoted,forbidden_in_WEBSCHEMA1,"empty string, not_reported, needs_manual_check, and business values remain distinct",not_promoted,WEBR8-D08,WEBR8-v1,WEBSCHEMA1 field inventory + WEBR8 decision contract
VOC_PATENT_EVIDENCE_ACTIVITY_ASSAY_METHOD,patent_evidence,activity_assay_method,pNPP / pNP ester hydrolysis assay,canonical_term_candidate,pNPP / pNP ester hydrolysis assay,1,current_public_value_domain_count,none_observed,observed_not_promoted,forbidden_in_WEBSCHEMA1,"empty string, not_reported, needs_manual_check, and business values remain distinct",not_promoted,WEBR8-D08,WEBR8-v1,WEBSCHEMA1 field inventory + WEBR8 decision contract
VOC_PATENT_EVIDENCE_ACTIVITY_ASSAY_METHOD,patent_evidence,activity_assay_method,pNPP hydrolysis assay; 50 C water bath 10 min; acetone stop; pNP standard curve,canonical_term_candidate,pNPP hydrolysis assay; 50 C water bath 10 min; acetone stop; pNP standard curve,1,current_public_value_domain_count,none_observed,observed_not_promoted,forbidden_in_WEBSCHEMA1,"empty string, not_reported, needs_manual_check, and business values remain distinct",not_promoted,WEBR8-D08,WEBR8-v1,WEBSCHEMA1 field inventory + WEBR8 decision contract
VOC_PATENT_EVIDENCE_ACTIVITY_ASSAY_METHOD,patent_evidence,activity_assay_method,pNPP hydrolysis residual activity assay at 405 nm,canonical_term_candidate,pNPP hydrolysis residual activity assay at 405 nm,201,current_public_value_domain_count,none_observed,observed_not_promoted,forbidden_in_WEBSCHEMA1,"empty string, not_reported, needs_manual_check, and business values remain distinct",not_promoted,WEBR8-D08,WEBR8-v1,WEBSCHEMA1 field inventory + WEBR8 decision contract
VOC_PATENT_EVIDENCE_ACTIVITY_ASSAY_METHOD,patent_evidence,activity_assay_method,pNPP lipase activity assay,canonical_term_candidate,pNPP lipase activity assay,12,current_public_value_domain_count,none_observed,observed_not_promoted,forbidden_in_WEBSCHEMA1,"empty string, not_reported, needs_manual_check, and business values remain distinct",not_promoted,WEBR8-D08,WEBR8-v1,WEBSCHEMA1 field inventory + WEBR8 decision contract
VOC_PATENT_EVIDENCE_ACTIVITY_ASSAY_METHOD,patent_evidence,activity_assay_method,PNPP/pNPP method mentioned in Example 2,canonical_term_candidate,PNPP/pNPP method mentioned in Example 2,67,current_public_value_domain_count,none_observed,observed_not_promoted,forbidden_in_WEBSCHEMA1,"empty string, not_reported, needs_manual_check, and business values remain distinct",not_promoted,WEBR8-D08,WEBR8-v1,WEBSCHEMA1 field inventory + WEBR8 decision contract
VOC_PATENT_EVIDENCE_ACTIVITY_ASSAY_METHOD,patent_evidence,activity_assay_method,resorufin lipase substrate fluorescence assay after 1 h methanol preincubation,canonical_term_candidate,resorufin lipase substrate fluorescence assay after 1 h methanol preincubation,330,current_public_value_domain_count,none_observed,observed_not_promoted,forbidden_in_WEBSCHEMA1,"empty string, not_reported, needs_manual_check, and business values remain distinct",not_promoted,WEBR8-D08,WEBR8-v1,WEBSCHEMA1 field inventory + WEBR8 decision contract
VOC_PATENT_EVIDENCE_ACTIVITY_ASSAY_METHOD,patent_evidence,activity_assay_method,solvent-free biodiesel reaction setup,canonical_term_candidate,solvent-free biodiesel reaction setup,1,current_public_value_domain_count,none_observed,observed_not_promoted,forbidden_in_WEBSCHEMA1,"empty string, not_reported, needs_manual_check, and business values remain distinct",not_promoted,WEBR8-D08,WEBR8-v1,WEBSCHEMA1 field inventory + WEBR8 decision contract
VOC_PATENT_EVIDENCE_ACTIVITY_ASSAY_METHOD,patent_evidence,activity_assay_method,ultrasound-assisted biodiesel process summary,canonical_term_candidate,ultrasound-assisted biodiesel process summary,1,current_public_value_domain_count,none_observed,observed_not_promoted,forbidden_in_WEBSCHEMA1,"empty string, not_reported, needs_manual_check, and business values remain distinct",not_promoted,WEBR8-D08,WEBR8-v1,WEBSCHEMA1 field inventory + WEBR8 decision contract
VOC_PATENT_EVIDENCE_ASSAY_BUFFER_SYSTEM,patent_evidence,assay_buffer_system,0.01 M sodium phosphate buffer pH 8 plus isopropanol-dissolved pNPP substrate,canonical_term_candidate,0.01 M sodium phosphate buffer pH 8 plus isopropanol-dissolved pNPP substrate,1,current_public_value_domain_count,none_observed,observed_not_promoted,forbidden_in_WEBSCHEMA1,"empty string, not_reported, needs_manual_check, and business values remain distinct",not_promoted,WEBR8-D08,WEBR8-v1,WEBSCHEMA1 field inventory + WEBR8 decision contract
VOC_PATENT_EVIDENCE_ASSAY_BUFFER_SYSTEM,patent_evidence,assay_buffer_system,20 mM Tris pH 8; 10 mM CaCl2; 1 mM sodium citrate; matched 0-40% methanol,canonical_term_candidate,20 mM Tris pH 8; 10 mM CaCl2; 1 mM sodium citrate; matched 0-40% methanol,330,current_public_value_domain_count,none_observed,observed_not_promoted,forbidden_in_WEBSCHEMA1,"empty string, not_reported, needs_manual_check, and business values remain distinct",not_promoted,WEBR8-D08,WEBR8-v1,WEBSCHEMA1 field inventory + WEBR8 decision contract
VOC_PATENT_EVIDENCE_ASSAY_BUFFER_SYSTEM,patent_evidence,assay_buffer_system,50 mM HEPES buffer with 10 mM calcium chloride and 0.4% Triton X-100,canonical_term_candidate,50 mM HEPES buffer with 10 mM calcium chloride and 0.4% Triton X-100,33,current_public_value_domain_count,none_observed,observed_not_promoted,forbidden_in_WEBSCHEMA1,"empty string, not_reported, needs_manual_check, and business values remain distinct",not_promoted,WEBR8-D08,WEBR8-v1,WEBSCHEMA1 field inventory + WEBR8 decision contract
VOC_PATENT_EVIDENCE_ASSAY_BUFFER_SYSTEM,patent_evidence,assay_buffer_system,50 mM phosphate pH 7.0 with final 10% methanol after dilution,canonical_term_candidate,50 mM phosphate pH 7.0 with final 10% methanol after dilution,201,current_public_value_domain_count,none_observed,observed_not_promoted,forbidden_in_WEBSCHEMA1,"empty string, not_reported, needs_manual_check, and business values remain distinct",not_promoted,WEBR8-D08,WEBR8-v1,WEBSCHEMA1 field inventory + WEBR8 decision contract
VOC_PATENT_EVIDENCE_ASSAY_BUFFER_SYSTEM,patent_evidence,assay_buffer_system,50 mM Tris-HCl buffer,canonical_term_candidate,50 mM Tris-HCl buffer,9,current_public_value_domain_count,none_observed,observed_not_promoted,forbidden_in_WEBSCHEMA1,"empty string, not_reported, needs_manual_check, and business values remain distinct",not_promoted,WEBR8-D08,WEBR8-v1,WEBSCHEMA1 field inventory + WEBR8 decision contract
VOC_PATENT_EVIDENCE_ASSAY_BUFFER_SYSTEM,patent_evidence,assay_buffer_system,PBS pH 7.5; molarity not_reported in patent text,canonical_term_candidate,PBS pH 7.5; molarity not_reported in patent text,50,current_public_value_domain_count,none_observed,observed_not_promoted,forbidden_in_WEBSCHEMA1,"empty string, not_reported, needs_manual_check, and business values remain distinct",not_promoted,WEBR8-D08,WEBR8-v1,WEBSCHEMA1 field inventory + WEBR8 decision contract
VOC_PATENT_EVIDENCE_ASSAY_COMPARABILITY_FLAG,patent_evidence,assay_comparability_flag,low,canonical_term_candidate,low,40,current_public_value_domain_count,none_observed,observed_not_promoted,forbidden_in_WEBSCHEMA1,"empty string, not_reported, needs_manual_check, and business values remain distinct",not_promoted,WEBR8-D08,WEBR8-v1,WEBSCHEMA1 field inventory + WEBR8 decision contract
VOC_PATENT_EVIDENCE_ASSAY_COMPARABILITY_FLAG,patent_evidence,assay_comparability_flag,medium,canonical_term_candidate,medium,703,current_public_value_domain_count,none_observed,observed_not_promoted,forbidden_in_WEBSCHEMA1,"empty string, not_reported, needs_manual_check, and business values remain distinct",not_promoted,WEBR8-D08,WEBR8-v1,WEBSCHEMA1 field inventory + WEBR8 decision contract
VOC_PATENT_EVIDENCE_ASSAY_SUBSTRATE,patent_evidence,assay_substrate,fat and alcohol system,canonical_term_candidate,fat and alcohol system,1,current_public_value_domain_count,none_observed,observed_not_promoted,forbidden_in_WEBSCHEMA1,"empty string, not_reported, needs_manual_check, and business values remain distinct",not_promoted,WEBR8-D08,WEBR8-v1,WEBSCHEMA1 field inventory + WEBR8 decision contract
VOC_PATENT_EVIDENCE_ASSAY_SUBSTRATE,patent_evidence,assay_substrate,high oleic sunflower oil / methanol system,canonical_term_candidate,high oleic sunflower oil / methanol system,1,current_public_value_domain_count,none_observed,observed_not_promoted,forbidden_in_WEBSCHEMA1,"empty string, not_reported, needs_manual_check, and business values remain distinct",not_promoted,WEBR8-D08,WEBR8-v1,WEBSCHEMA1 field inventory + WEBR8 decision contract
VOC_PATENT_EVIDENCE_ASSAY_SUBSTRATE,patent_evidence,assay_substrate,lard oil,canonical_term_candidate,lard oil,1,current_public_value_domain_count,none_observed,observed_not_promoted,forbidden_in_WEBSCHEMA1,"empty string, not_reported, needs_manual_check, and business values remain distinct",not_promoted,WEBR8-D08,WEBR8-v1,WEBSCHEMA1 field inventory + WEBR8 decision contract
VOC_PATENT_EVIDENCE_ASSAY_SUBSTRATE,patent_evidence,assay_substrate,olive oil,canonical_term_candidate,olive oil,1,current_public_value_domain_count,none_observed,observed_not_promoted,forbidden_in_WEBSCHEMA1,"empty string, not_reported, needs_manual_check, and business values remain distinct",not_promoted,WEBR8-D08,WEBR8-v1,WEBSCHEMA1 field inventory + WEBR8 decision contract
VOC_PATENT_EVIDENCE_ASSAY_SUBSTRATE,patent_evidence,assay_substrate,olive oil emulsion; detergent sebum cloth context,canonical_term_candidate,olive oil emulsion; detergent sebum cloth context,1,current_public_value_domain_count,none_observed,observed_not_promoted,forbidden_in_WEBSCHEMA1,"empty string, not_reported, needs_manual_check, and business values remain distinct",not_promoted,WEBR8-D08,WEBR8-v1,WEBSCHEMA1 field inventory + WEBR8 decision contract
VOC_PATENT_EVIDENCE_ASSAY_SUBSTRATE,patent_evidence,assay_substrate,p-nitrophenyl butyrate (pNPB),canonical_term_candidate,p-nitrophenyl butyrate (pNPB),33,current_public_value_domain_count,none_observed,observed_not_promoted,forbidden_in_WEBSCHEMA1,"empty string, not_reported, needs_manual_check, and business values remain distinct",not_promoted,WEBR8-D08,WEBR8-v1,WEBSCHEMA1 field inventory + WEBR8 decision contract
VOC_PATENT_EVIDENCE_ASSAY_SUBSTRATE,patent_evidence,assay_substrate,p-nitrophenyl laurate (p-NPL; C12),canonical_term_candidate,p-nitrophenyl laurate (p-NPL; C12),50,current_public_value_domain_count,none_observed,observed_not_promoted,forbidden_in_WEBSCHEMA1,"empty string, not_reported, needs_manual_check, and business values remain distinct",not_promoted,WEBR8-D08,WEBR8-v1,WEBSCHEMA1 field inventory + WEBR8 decision contract
VOC_PATENT_EVIDENCE_ASSAY_SUBSTRATE,patent_evidence,assay_substrate,p-nitrophenyl palmitate,canonical_term_candidate,p-nitrophenyl palmitate,210,current_public_value_domain_count,none_observed,observed_not_promoted,forbidden_in_WEBSCHEMA1,"empty string, not_reported, needs_manual_check, and business values remain distinct",not_promoted,WEBR8-D08,WEBR8-v1,WEBSCHEMA1 field inventory + WEBR8 decision contract
VOC_PATENT_EVIDENCE_ASSAY_SUBSTRATE,patent_evidence,assay_substrate,p-nitrophenyl palmitate (p-NPP),alias_candidate,p-nitrophenyl palmitate (PNPP),9,current_public_value_domain_count,normalized-form collision; human merge decision required,approved,normalized_display_field_only,"empty string, not_reported, needs_manual_check, and business values remain distinct",spelling_case_hyphen_or_delimiter_only,WEBR8-D07,WEBR8-v1,WEBSCHEMA1 field inventory + WEBR8 decision contract
VOC_PATENT_EVIDENCE_ASSAY_SUBSTRATE,patent_evidence,assay_substrate,p-nitrophenyl palmitate (PNPP),alias_candidate,p-nitrophenyl palmitate (PNPP),67,current_public_value_domain_count,normalized-form collision; human merge decision required,approved,normalized_display_field_only,"empty string, not_reported, needs_manual_check, and business values remain distinct",spelling_case_hyphen_or_delimiter_only,WEBR8-D07,WEBR8-v1,WEBSCHEMA1 field inventory + WEBR8 decision contract
VOC_PATENT_EVIDENCE_ASSAY_SUBSTRATE,patent_evidence,assay_substrate,p-nitrophenyl palmitate (pNPP),alias_candidate,p-nitrophenyl palmitate (PNPP),1,current_public_value_domain_count,normalized-form collision; human merge decision required,approved,normalized_display_field_only,"empty string, not_reported, needs_manual_check, and business values remain distinct",spelling_case_hyphen_or_delimiter_only,WEBR8-D07,WEBR8-v1,WEBSCHEMA1 field inventory + WEBR8 decision contract
VOC_PATENT_EVIDENCE_ASSAY_SUBSTRATE,patent_evidence,assay_substrate,p-NPP (p-nitrophenyl palmitate),canonical_term_candidate,p-NPP (p-nitrophenyl palmitate),12,current_public_value_domain_count,none_observed,approved,normalized_display_field_only,"empty string, not_reported, needs_manual_check, and business values remain distinct",spelling_case_hyphen_or_delimiter_only,WEBR8-D07,WEBR8-v1,WEBSCHEMA1 field inventory + WEBR8 decision contract
VOC_PATENT_EVIDENCE_ASSAY_SUBSTRATE,patent_evidence,assay_substrate,pNPP-like p-nitrophenyl ester substrate,canonical_term_candidate,pNPP-like p-nitrophenyl ester substrate,1,current_public_value_domain_count,none_observed,observed_not_promoted,forbidden_in_WEBSCHEMA1,"empty string, not_reported, needs_manual_check, and business values remain distinct",not_promoted,WEBR8-D08,WEBR8-v1,WEBSCHEMA1 field inventory + WEBR8 decision contract
VOC_PATENT_EVIDENCE_ASSAY_SUBSTRATE,patent_evidence,assay_substrate,pure sunflower oil + methanol,canonical_term_candidate,pure sunflower oil + methanol,1,current_public_value_domain_count,none_observed,observed_not_promoted,forbidden_in_WEBSCHEMA1,"empty string, not_reported, needs_manual_check, and business values remain distinct",not_promoted,WEBR8-D08,WEBR8-v1,WEBSCHEMA1 field inventory + WEBR8 decision contract
VOC_PATENT_EVIDENCE_ASSAY_SUBSTRATE,patent_evidence,assay_substrate,resorufin lipase substrate,canonical_term_candidate,resorufin lipase substrate,330,current_public_value_domain_count,none_observed,observed_not_promoted,forbidden_in_WEBSCHEMA1,"empty string, not_reported, needs_manual_check, and business values remain distinct",not_promoted,WEBR8-D08,WEBR8-v1,WEBSCHEMA1 field inventory + WEBR8 decision contract
VOC_PATENT_EVIDENCE_ASSAY_SUBSTRATE,patent_evidence,assay_substrate,soybean oil + methanol,canonical_term_candidate,soybean oil + methanol,4,current_public_value_domain_count,none_observed,observed_not_promoted,forbidden_in_WEBSCHEMA1,"empty string, not_reported, needs_manual_check, and business values remain distinct",not_promoted,WEBR8-D08,WEBR8-v1,WEBSCHEMA1 field inventory + WEBR8 decision contract
VOC_PATENT_EVIDENCE_ASSAY_SUBSTRATE,patent_evidence,assay_substrate,sunflower oil + methanol,canonical_term_candidate,sunflower oil + methanol,10,current_public_value_domain_count,none_observed,observed_not_promoted,forbidden_in_WEBSCHEMA1,"empty string, not_reported, needs_manual_check, and business values remain distinct",not_promoted,WEBR8-D08,WEBR8-v1,WEBSCHEMA1 field inventory + WEBR8 decision contract
VOC_PATENT_EVIDENCE_ASSAY_SUBSTRATE,patent_evidence,assay_substrate,waste cooking oil,canonical_term_candidate,waste cooking oil,1,current_public_value_domain_count,none_observed,observed_not_promoted,forbidden_in_WEBSCHEMA1,"empty string, not_reported, needs_manual_check, and business values remain distinct",not_promoted,WEBR8-D08,WEBR8-v1,WEBSCHEMA1 field inventory + WEBR8 decision contract
VOC_PATENT_EVIDENCE_BIPHASIC_DEACTIVATION_OBSERVED,patent_evidence,biphasic_deactivation_observed,not_applicable_single_endpoint,canonical_term_candidate,not_applicable_single_endpoint,1,current_public_value_domain_count,none_observed,observed_not_promoted,forbidden_in_WEBSCHEMA1,"empty string, not_reported, needs_manual_check, and business values remain distinct",not_promoted,WEBR8-D08,WEBR8-v1,WEBSCHEMA1 field inventory + WEBR8 decision contract
VOC_PATENT_EVIDENCE_BIPHASIC_DEACTIVATION_OBSERVED,patent_evidence,biphasic_deactivation_observed,yes,canonical_term_candidate,yes,20,current_public_value_domain_count,none_observed,observed_not_promoted,forbidden_in_WEBSCHEMA1,"empty string, not_reported, needs_manual_check, and business values remain distinct",not_promoted,WEBR8-D08,WEBR8-v1,WEBSCHEMA1 field inventory + WEBR8 decision contract
VOC_PATENT_EVIDENCE_CONSTRUCT_MATCH_STATUS,patent_evidence,construct_match_status,compatible_construct,canonical_term_candidate,compatible_construct,83,current_public_value_domain_count,none_observed,observed_not_promoted,forbidden_in_WEBSCHEMA1,"empty string, not_reported, needs_manual_check, and business values remain distinct",not_promoted,WEBR8-D08,WEBR8-v1,WEBSCHEMA1 field inventory + WEBR8 decision contract
VOC_PATENT_EVIDENCE_CONSTRUCT_MATCH_STATUS,patent_evidence,construct_match_status,deprecated_commercial_mixture,canonical_term_candidate,deprecated_commercial_mixture,3,current_public_value_domain_count,none_observed,observed_not_promoted,forbidden_in_WEBSCHEMA1,"empty string, not_reported, needs_manual_check, and business values remain distinct",not_promoted,WEBR8-D08,WEBR8-v1,WEBSCHEMA1 field inventory + WEBR8 decision contract
VOC_PATENT_EVIDENCE_CONSTRUCT_MATCH_STATUS,patent_evidence,construct_match_status,same_construct,canonical_term_candidate,same_construct,657,current_public_value_domain_count,none_observed,observed_not_promoted,forbidden_in_WEBSCHEMA1,"empty string, not_reported, needs_manual_check, and business values remain distinct",not_promoted,WEBR8-D08,WEBR8-v1,WEBSCHEMA1 field inventory + WEBR8 decision contract
VOC_PATENT_EVIDENCE_DATA_EXTRACTION_METHOD,patent_evidence,data_extraction_method,digitized_plot,canonical_term_candidate,digitized_plot,339,current_public_value_domain_count,none_observed,observed_not_promoted,forbidden_in_WEBSCHEMA1,"empty string, not_reported, needs_manual_check, and business values remain distinct",not_promoted,WEBR8-D08,WEBR8-v1,WEBSCHEMA1 field inventory + WEBR8 decision contract
VOC_PATENT_EVIDENCE_DATA_EXTRACTION_METHOD,patent_evidence,data_extraction_method,direct_text,canonical_term_candidate,direct_text,399,current_public_value_domain_count,none_observed,observed_not_promoted,forbidden_in_WEBSCHEMA1,"empty string, not_reported, needs_manual_check, and business values remain distinct",not_promoted,WEBR8-D08,WEBR8-v1,WEBSCHEMA1 field inventory + WEBR8 decision contract
VOC_PATENT_EVIDENCE_DATA_EXTRACTION_METHOD,patent_evidence,data_extraction_method,figure_digitized_manual,canonical_term_candidate,figure_digitized_manual,5,current_public_value_domain_count,none_observed,observed_not_promoted,forbidden_in_WEBSCHEMA1,"empty string, not_reported, needs_manual_check, and business values remain distinct",not_promoted,WEBR8-D08,WEBR8-v1,WEBSCHEMA1 field inventory + WEBR8 decision contract
VOC_PATENT_EVIDENCE_ENZYME_CONC,patent_evidence,enzyme_conc,0.5 mg/ml,canonical_term_candidate,0.5 mg/ml,33,current_public_value_domain_count,none_observed,observed_not_promoted,forbidden_in_WEBSCHEMA1,"empty string, not_reported, needs_manual_check, and business values remain distinct",not_promoted,WEBR8-D08,WEBR8-v1,WEBSCHEMA1 field inventory + WEBR8 decision contract
VOC_PATENT_EVIDENCE_ENZYME_CONC,patent_evidence,enzyme_conc,1.5 uM,canonical_term_candidate,1.5 uM,201,current_public_value_domain_count,none_observed,observed_not_promoted,forbidden_in_WEBSCHEMA1,"empty string, not_reported, needs_manual_check, and business values remain distinct",not_promoted,WEBR8-D08,WEBR8-v1,WEBSCHEMA1 field inventory + WEBR8 decision contract
VOC_PATENT_EVIDENCE_ENZYME_CONC,patent_evidence,enzyme_conc,79 units/ml,canonical_term_candidate,79 units/ml,12,current_public_value_domain_count,none_observed,observed_not_promoted,forbidden_in_WEBSCHEMA1,"empty string, not_reported, needs_manual_check, and business values remain distinct",not_promoted,WEBR8-D08,WEBR8-v1,WEBSCHEMA1 field inventory + WEBR8 decision contract
VOC_PATENT_EVIDENCE_ENZYME_EC_NUMBER,patent_evidence,enzyme_ec_number,EC 3.1.1.3,canonical_term_candidate,EC 3.1.1.3,743,current_public_value_domain_count,none_observed,observed_not_promoted,forbidden_in_WEBSCHEMA1,"empty string, not_reported, needs_manual_check, and business values remain distinct",not_promoted,WEBR8-D08,WEBR8-v1,WEBSCHEMA1 field inventory + WEBR8 decision contract
VOC_PATENT_EVIDENCE_ENZYME_FORM,patent_evidence,enzyme_form,crude_extract,canonical_term_candidate,crude_extract,10,current_public_value_domain_count,none_observed,observed_not_promoted,forbidden_in_WEBSCHEMA1,"empty string, not_reported, needs_manual_check, and business values remain distinct",not_promoted,WEBR8-D08,WEBR8-v1,WEBSCHEMA1 field inventory + WEBR8 decision contract
VOC_PATENT_EVIDENCE_ENZYME_FORM,patent_evidence,enzyme_form,free,canonical_term_candidate,free,640,current_public_value_domain_count,none_observed,observed_not_promoted,forbidden_in_WEBSCHEMA1,"empty string, not_reported, needs_manual_check, and business values remain distinct",not_promoted,WEBR8-D08,WEBR8-v1,WEBSCHEMA1 field inventory + WEBR8 decision contract
VOC_PATENT_EVIDENCE_ENZYME_FORM,patent_evidence,enzyme_form,free; recombinant purified enzyme,canonical_term_candidate,free; recombinant purified enzyme,12,current_public_value_domain_count,none_observed,observed_not_promoted,forbidden_in_WEBSCHEMA1,"empty string, not_reported, needs_manual_check, and business values remain distinct",not_promoted,WEBR8-D08,WEBR8-v1,WEBSCHEMA1 field inventory + WEBR8 decision contract
VOC_PATENT_EVIDENCE_ENZYME_FORM,patent_evidence,enzyme_form,free_purified,canonical_term_candidate,free_purified,67,current_public_value_domain_count,none_observed,observed_not_promoted,forbidden_in_WEBSCHEMA1,"empty string, not_reported, needs_manual_check, and business values remain distinct",not_promoted,WEBR8-D08,WEBR8-v1,WEBSCHEMA1 field inventory + WEBR8 decision contract
VOC_PATENT_EVIDENCE_ENZYME_FORM,patent_evidence,enzyme_form,immobilized,canonical_term_candidate,immobilized,14,current_public_value_domain_count,none_observed,observed_not_promoted,forbidden_in_WEBSCHEMA1,"empty string, not_reported, needs_manual_check, and business values remain distinct",not_promoted,WEBR8-D08,WEBR8-v1,WEBSCHEMA1 field inventory + WEBR8 decision contract
VOC_PATENT_EVIDENCE_EVIDENCE_CONFIDENCE_TIER,patent_evidence,evidence_confidence_tier,core_train,canonical_term_candidate,core_train,1,current_public_value_domain_count,none_observed,observed_not_promoted,forbidden_in_WEBSCHEMA1,"empty string, not_reported, needs_manual_check, and business values remain distinct",not_promoted,WEBR8-D08,WEBR8-v1,WEBSCHEMA1 field inventory + WEBR8 decision contract
VOC_PATENT_EVIDENCE_EVIDENCE_CONFIDENCE_TIER,patent_evidence,evidence_confidence_tier,downweighted_train,canonical_term_candidate,downweighted_train,420,current_public_value_domain_count,none_observed,observed_not_promoted,forbidden_in_WEBSCHEMA1,"empty string, not_reported, needs_manual_check, and business values remain distinct",not_promoted,WEBR8-D08,WEBR8-v1,WEBSCHEMA1 field inventory + WEBR8 decision contract
VOC_PATENT_EVIDENCE_EVIDENCE_CONFIDENCE_TIER,patent_evidence,evidence_confidence_tier,holdout_only,canonical_term_candidate,holdout_only,322,current_public_value_domain_count,none_observed,observed_not_promoted,forbidden_in_WEBSCHEMA1,"empty string, not_reported, needs_manual_check, and business values remain distinct",not_promoted,WEBR8-D08,WEBR8-v1,WEBSCHEMA1 field inventory + WEBR8 decision contract
VOC_PATENT_EVIDENCE_EVIDENCE_ELIGIBILITY,patent_evidence,evidence_eligibility,background_only,canonical_term_candidate,background_only,6,current_public_value_domain_count,none_observed,observed_not_promoted,forbidden_in_WEBSCHEMA1,"empty string, not_reported, needs_manual_check, and business values remain distinct",not_promoted,WEBR8-D08,WEBR8-v1,WEBSCHEMA1 field inventory + WEBR8 decision contract
VOC_PATENT_EVIDENCE_EVIDENCE_ELIGIBILITY,patent_evidence,evidence_eligibility,deprecated_commercial_mixture,canonical_term_candidate,deprecated_commercial_mixture,3,current_public_value_domain_count,none_observed,observed_not_promoted,forbidden_in_WEBSCHEMA1,"empty string, not_reported, needs_manual_check, and business values remain distinct",not_promoted,WEBR8-D08,WEBR8-v1,WEBSCHEMA1 field inventory + WEBR8 decision contract
VOC_PATENT_EVIDENCE_EVIDENCE_ELIGIBILITY,patent_evidence,evidence_eligibility,direct_intrinsic,canonical_term_candidate,direct_intrinsic,710,current_public_value_domain_count,none_observed,observed_not_promoted,forbidden_in_WEBSCHEMA1,"empty string, not_reported, needs_manual_check, and business values remain distinct",not_promoted,WEBR8-D08,WEBR8-v1,WEBSCHEMA1 field inventory + WEBR8 decision contract
VOC_PATENT_EVIDENCE_EVIDENCE_ELIGIBILITY,patent_evidence,evidence_eligibility,process_confounded,canonical_term_candidate,process_confounded,24,current_public_value_domain_count,none_observed,observed_not_promoted,forbidden_in_WEBSCHEMA1,"empty string, not_reported, needs_manual_check, and business values remain distinct",not_promoted,WEBR8-D08,WEBR8-v1,WEBSCHEMA1 field inventory + WEBR8 decision contract
VOC_PATENT_EVIDENCE_IMMOBILIZATION_SUPPORT,patent_evidence,immobilization_support,not_applicable,sentinel,not_applicable,12,current_public_value_domain_count,none_observed,observed_sentinel_locked_distinct,forbidden_in_WEBSCHEMA1,"empty string, not_reported, needs_manual_check, and business values remain distinct",not_promoted,WEBR8-D08,WEBR8-v1,WEBSCHEMA1 field inventory + WEBR8 decision contract
VOC_PATENT_EVIDENCE_IMMOBILIZATION_SUPPORT,patent_evidence,immobilization_support,sepiolite inorganic support,canonical_term_candidate,sepiolite inorganic support,10,current_public_value_domain_count,none_observed,observed_not_promoted,forbidden_in_WEBSCHEMA1,"empty string, not_reported, needs_manual_check, and business values remain distinct",not_promoted,WEBR8-D08,WEBR8-v1,WEBSCHEMA1 field inventory + WEBR8 decision contract
VOC_PATENT_EVIDENCE_INCUBATION_PH,patent_evidence,incubation_pH,10,canonical_term_candidate,10,5,current_public_value_domain_count,none_observed,observed_not_promoted,forbidden_in_WEBSCHEMA1,"empty string, not_reported, needs_manual_check, and business values remain distinct",not_promoted,WEBR8-D08,WEBR8-v1,WEBSCHEMA1 field inventory + WEBR8 decision contract
VOC_PATENT_EVIDENCE_INCUBATION_PH,patent_evidence,incubation_pH,12,canonical_term_candidate,12,5,current_public_value_domain_count,none_observed,observed_not_promoted,forbidden_in_WEBSCHEMA1,"empty string, not_reported, needs_manual_check, and business values remain distinct",not_promoted,WEBR8-D08,WEBR8-v1,WEBSCHEMA1 field inventory + WEBR8 decision contract
VOC_PATENT_EVIDENCE_INCUBATION_PH,patent_evidence,incubation_pH,6.5,canonical_term_candidate,6.5,9,current_public_value_domain_count,none_observed,observed_not_promoted,forbidden_in_WEBSCHEMA1,"empty string, not_reported, needs_manual_check, and business values remain distinct",not_promoted,WEBR8-D08,WEBR8-v1,WEBSCHEMA1 field inventory + WEBR8 decision contract
VOC_PATENT_EVIDENCE_INCUBATION_PH,patent_evidence,incubation_pH,7.0,canonical_term_candidate,7.0,234,current_public_value_domain_count,none_observed,observed_not_promoted,forbidden_in_WEBSCHEMA1,"empty string, not_reported, needs_manual_check, and business values remain distinct",not_promoted,WEBR8-D08,WEBR8-v1,WEBSCHEMA1 field inventory + WEBR8 decision contract
VOC_PATENT_EVIDENCE_INCUBATION_PH,patent_evidence,incubation_pH,7.0-8.5,canonical_term_candidate,7.0-8.5,9,current_public_value_domain_count,none_observed,observed_not_promoted,forbidden_in_WEBSCHEMA1,"empty string, not_reported, needs_manual_check, and business values remain distinct",not_promoted,WEBR8-D08,WEBR8-v1,WEBSCHEMA1 field inventory + WEBR8 decision contract
VOC_PATENT_EVIDENCE_INCUBATION_PH,patent_evidence,incubation_pH,8,canonical_term_candidate,8,330,current_public_value_domain_count,none_observed,observed_not_promoted,forbidden_in_WEBSCHEMA1,"empty string, not_reported, needs_manual_check, and business values remain distinct",not_promoted,WEBR8-D08,WEBR8-v1,WEBSCHEMA1 field inventory + WEBR8 decision contract
VOC_PATENT_EVIDENCE_INCUBATION_TEMP_C,patent_evidence,incubation_temp_C,25,canonical_term_candidate,25,533,current_public_value_domain_count,none_observed,observed_not_promoted,forbidden_in_WEBSCHEMA1,"empty string, not_reported, needs_manual_check, and business values remain distinct",not_promoted,WEBR8-D08,WEBR8-v1,WEBSCHEMA1 field inventory + WEBR8 decision contract
VOC_PATENT_EVIDENCE_INCUBATION_TEMP_C,patent_evidence,incubation_temp_C,30,canonical_term_candidate,30,19,current_public_value_domain_count,none_observed,observed_not_promoted,forbidden_in_WEBSCHEMA1,"empty string, not_reported, needs_manual_check, and business values remain distinct",not_promoted,WEBR8-D08,WEBR8-v1,WEBSCHEMA1 field inventory + WEBR8 decision contract
VOC_PATENT_EVIDENCE_INCUBATION_TEMP_C,patent_evidence,incubation_temp_C,35,canonical_term_candidate,35,2,current_public_value_domain_count,none_observed,observed_not_promoted,forbidden_in_WEBSCHEMA1,"empty string, not_reported, needs_manual_check, and business values remain distinct",not_promoted,WEBR8-D08,WEBR8-v1,WEBSCHEMA1 field inventory + WEBR8 decision contract
VOC_PATENT_EVIDENCE_INCUBATION_TEMP_C,patent_evidence,incubation_temp_C,37,canonical_term_candidate,37,1,current_public_value_domain_count,none_observed,observed_not_promoted,forbidden_in_WEBSCHEMA1,"empty string, not_reported, needs_manual_check, and business values remain distinct",not_promoted,WEBR8-D08,WEBR8-v1,WEBSCHEMA1 field inventory + WEBR8 decision contract
VOC_PATENT_EVIDENCE_INCUBATION_TEMP_C,patent_evidence,incubation_temp_C,4,canonical_term_candidate,4,9,current_public_value_domain_count,none_observed,observed_not_promoted,forbidden_in_WEBSCHEMA1,"empty string, not_reported, needs_manual_check, and business values remain distinct",not_promoted,WEBR8-D08,WEBR8-v1,WEBSCHEMA1 field inventory + WEBR8 decision contract
VOC_PATENT_EVIDENCE_INCUBATION_TEMP_C,patent_evidence,incubation_temp_C,4-8,canonical_term_candidate,4-8,12,current_public_value_domain_count,none_observed,observed_not_promoted,forbidden_in_WEBSCHEMA1,"empty string, not_reported, needs_manual_check, and business values remain distinct",not_promoted,WEBR8-D08,WEBR8-v1,WEBSCHEMA1 field inventory + WEBR8 decision contract
VOC_PATENT_EVIDENCE_INCUBATION_TEMP_C,patent_evidence,incubation_temp_C,40,canonical_term_candidate,40,8,current_public_value_domain_count,none_observed,observed_not_promoted,forbidden_in_WEBSCHEMA1,"empty string, not_reported, needs_manual_check, and business values remain distinct",not_promoted,WEBR8-D08,WEBR8-v1,WEBSCHEMA1 field inventory + WEBR8 decision contract
VOC_PATENT_EVIDENCE_INCUBATION_TEMP_C,patent_evidence,incubation_temp_C,45,canonical_term_candidate,45,3,current_public_value_domain_count,none_observed,observed_not_promoted,forbidden_in_WEBSCHEMA1,"empty string, not_reported, needs_manual_check, and business values remain distinct",not_promoted,WEBR8-D08,WEBR8-v1,WEBSCHEMA1 field inventory + WEBR8 decision contract
VOC_PATENT_EVIDENCE_INCUBATION_TEMP_C,patent_evidence,incubation_temp_C,47,canonical_term_candidate,47,33,current_public_value_domain_count,none_observed,observed_not_promoted,forbidden_in_WEBSCHEMA1,"empty string, not_reported, needs_manual_check, and business values remain distinct",not_promoted,WEBR8-D08,WEBR8-v1,WEBSCHEMA1 field inventory + WEBR8 decision contract
VOC_PATENT_EVIDENCE_INCUBATION_TEMP_C,patent_evidence,incubation_temp_C,50,canonical_term_candidate,50,1,current_public_value_domain_count,none_observed,observed_not_promoted,forbidden_in_WEBSCHEMA1,"empty string, not_reported, needs_manual_check, and business values remain distinct",not_promoted,WEBR8-D08,WEBR8-v1,WEBSCHEMA1 field inventory + WEBR8 decision contract
VOC_PATENT_EVIDENCE_JOURNAL,patent_evidence,journal,not_applicable_patent_publication,canonical_term_candidate,not_applicable_patent_publication,531,current_public_value_domain_count,none_observed,observed_not_promoted,forbidden_in_WEBSCHEMA1,"empty string, not_reported, needs_manual_check, and business values remain distinct",not_promoted,WEBR8-D08,WEBR8-v1,WEBSCHEMA1 field inventory + WEBR8 decision contract
VOC_PATENT_EVIDENCE_JOURNAL,patent_evidence,journal,patent,canonical_term_candidate,patent,212,current_public_value_domain_count,none_observed,observed_not_promoted,forbidden_in_WEBSCHEMA1,"empty string, not_reported, needs_manual_check, and business values remain distinct",not_promoted,WEBR8-D08,WEBR8-v1,WEBSCHEMA1 field inventory + WEBR8 decision contract
VOC_PATENT_EVIDENCE_JURISDICTION,patent_evidence,jurisdiction,CN,canonical_term_candidate,CN,158,current_public_value_domain_count,none_observed,observed_not_promoted,forbidden_in_WEBSCHEMA1,"empty string, not_reported, needs_manual_check, and business values remain distinct",not_promoted,WEBR8-D08,WEBR8-v1,WEBSCHEMA1 field inventory + WEBR8 decision contract
VOC_PATENT_EVIDENCE_JURISDICTION,patent_evidence,jurisdiction,EP,canonical_term_candidate,EP,12,current_public_value_domain_count,none_observed,observed_not_promoted,forbidden_in_WEBSCHEMA1,"empty string, not_reported, needs_manual_check, and business values remain distinct",not_promoted,WEBR8-D08,WEBR8-v1,WEBSCHEMA1 field inventory + WEBR8 decision contract
VOC_PATENT_EVIDENCE_JURISDICTION,patent_evidence,jurisdiction,KR,canonical_term_candidate,KR,1,current_public_value_domain_count,none_observed,observed_not_promoted,forbidden_in_WEBSCHEMA1,"empty string, not_reported, needs_manual_check, and business values remain distinct",not_promoted,WEBR8-D08,WEBR8-v1,WEBSCHEMA1 field inventory + WEBR8 decision contract
VOC_PATENT_EVIDENCE_JURISDICTION,patent_evidence,jurisdiction,US,canonical_term_candidate,US,1,current_public_value_domain_count,none_observed,observed_not_promoted,forbidden_in_WEBSCHEMA1,"empty string, not_reported, needs_manual_check, and business values remain distinct",not_promoted,WEBR8-D08,WEBR8-v1,WEBSCHEMA1 field inventory + WEBR8 decision contract
VOC_PATENT_EVIDENCE_JURISDICTION,patent_evidence,jurisdiction,WO,canonical_term_candidate,WO,571,current_public_value_domain_count,none_observed,observed_not_promoted,forbidden_in_WEBSCHEMA1,"empty string, not_reported, needs_manual_check, and business values remain distinct",not_promoted,WEBR8-D08,WEBR8-v1,WEBSCHEMA1 field inventory + WEBR8 decision contract
VOC_PATENT_EVIDENCE_LABEL_READY,patent_evidence,label_ready,no,canonical_term_candidate,no,33,current_public_value_domain_count,none_observed,observed_not_promoted,forbidden_in_WEBSCHEMA1,"empty string, not_reported, needs_manual_check, and business values remain distinct",not_promoted,WEBR8-D08,WEBR8-v1,WEBSCHEMA1 field inventory + WEBR8 decision contract
VOC_PATENT_EVIDENCE_LABEL_READY,patent_evidence,label_ready,yes,canonical_term_candidate,yes,710,current_public_value_domain_count,none_observed,observed_not_promoted,forbidden_in_WEBSCHEMA1,"empty string, not_reported, needs_manual_check, and business values remain distinct",not_promoted,WEBR8-D08,WEBR8-v1,WEBSCHEMA1 field inventory + WEBR8 decision contract
VOC_PATENT_EVIDENCE_LOW_MEOH_ACTIVATION_OBSERVED,patent_evidence,low_meoh_activation_observed,no,canonical_term_candidate,no,282,current_public_value_domain_count,none_observed,observed_not_promoted,forbidden_in_WEBSCHEMA1,"empty string, not_reported, needs_manual_check, and business values remain distinct",not_promoted,WEBR8-D08,WEBR8-v1,WEBSCHEMA1 field inventory + WEBR8 decision contract
VOC_PATENT_EVIDENCE_LOW_MEOH_ACTIVATION_OBSERVED,patent_evidence,low_meoh_activation_observed,yes,canonical_term_candidate,yes,329,current_public_value_domain_count,none_observed,observed_not_promoted,forbidden_in_WEBSCHEMA1,"empty string, not_reported, needs_manual_check, and business values remain distinct",not_promoted,WEBR8-D08,WEBR8-v1,WEBSCHEMA1 field inventory + WEBR8 decision contract
VOC_PATENT_EVIDENCE_MATRIX_CHECK_STATUS,patent_evidence,matrix_check_status,complete,canonical_term_candidate,complete,641,current_public_value_domain_count,none_observed,observed_not_promoted,forbidden_in_WEBSCHEMA1,"empty string, not_reported, needs_manual_check, and business values remain distinct",not_promoted,WEBR8-D08,WEBR8-v1,WEBSCHEMA1 field inventory + WEBR8 decision contract
VOC_PATENT_EVIDENCE_MATRIX_CHECK_STATUS,patent_evidence,matrix_check_status,complete_for_methanol_subset,canonical_term_candidate,complete_for_methanol_subset,3,current_public_value_domain_count,none_observed,observed_not_promoted,forbidden_in_WEBSCHEMA1,"empty string, not_reported, needs_manual_check, and business values remain distinct",not_promoted,WEBR8-D08,WEBR8-v1,WEBSCHEMA1 field inventory + WEBR8 decision contract
VOC_PATENT_EVIDENCE_MATRIX_CHECK_STATUS,patent_evidence,matrix_check_status,complete_nonindependent_duplicate_of_peer_reviewed_matrix,canonical_term_candidate,complete_nonindependent_duplicate_of_peer_reviewed_matrix,50,current_public_value_domain_count,none_observed,observed_not_promoted,forbidden_in_WEBSCHEMA1,"empty string, not_reported, needs_manual_check, and business values remain distinct",not_promoted,WEBR8-D08,WEBR8-v1,WEBSCHEMA1 field inventory + WEBR8 decision contract
VOC_PATENT_EVIDENCE_MATRIX_CHECK_STATUS,patent_evidence,matrix_check_status,incomplete_needs_manual_check,canonical_term_candidate,incomplete_needs_manual_check,42,current_public_value_domain_count,none_observed,observed_not_promoted,forbidden_in_WEBSCHEMA1,"empty string, not_reported, needs_manual_check, and business values remain distinct",not_promoted,WEBR8-D08,WEBR8-v1,WEBSCHEMA1 field inventory + WEBR8 decision contract
VOC_PATENT_EVIDENCE_MATRIX_MISSING_COMBINATIONS,patent_evidence,matrix_missing_combinations,full cycle table not OCR-extracted; two textual stage endpoints entered,canonical_term_candidate,full cycle table not OCR-extracted; two textual stage endpoints entered,2,current_public_value_domain_count,none_observed,observed_not_promoted,forbidden_in_WEBSCHEMA1,"empty string, not_reported, needs_manual_check, and business values remain distinct",not_promoted,WEBR8-D08,WEBR8-v1,WEBSCHEMA1 field inventory + WEBR8 decision contract
VOC_PATENT_EVIDENCE_MATRIX_MISSING_COMBINATIONS,patent_evidence,matrix_missing_combinations,full cycle-by-cycle table not OCR-extracted; summary endpoint entered only,canonical_term_candidate,full cycle-by-cycle table not OCR-extracted; summary endpoint entered only,1,current_public_value_domain_count,none_observed,observed_not_promoted,forbidden_in_WEBSCHEMA1,"empty string, not_reported, needs_manual_check, and business values remain distinct",not_promoted,WEBR8-D08,WEBR8-v1,WEBSCHEMA1 field inventory + WEBR8 decision contract
VOC_PATENT_EVIDENCE_MATRIX_MISSING_COMBINATIONS,patent_evidence,matrix_missing_combinations,full cycle-by-cycle table not OCR-extracted; threshold summary endpoint entered only,canonical_term_candidate,full cycle-by-cycle table not OCR-extracted; threshold summary endpoint entered only,1,current_public_value_domain_count,none_observed,observed_not_promoted,forbidden_in_WEBSCHEMA1,"empty string, not_reported, needs_manual_check, and business values remain distinct",not_promoted,WEBR8-D08,WEBR8-v1,WEBSCHEMA1 field inventory + WEBR8 decision contract
VOC_PATENT_EVIDENCE_MATRIX_MISSING_COMBINATIONS,patent_evidence,matrix_missing_combinations,none; 0% no-solvent control retained only as A0 provenance,canonical_term_candidate,none; 0% no-solvent control retained only as A0 provenance,9,current_public_value_domain_count,none_observed,observed_not_promoted,forbidden_in_WEBSCHEMA1,"empty string, not_reported, needs_manual_check, and business values remain distinct",not_promoted,WEBR8-D08,WEBR8-v1,WEBSCHEMA1 field inventory + WEBR8 decision contract
VOC_PATENT_EVIDENCE_MATRIX_MISSING_COMBINATIONS,patent_evidence,matrix_missing_combinations,none_for_anchor_row,canonical_term_candidate,none_for_anchor_row,1,current_public_value_domain_count,none_observed,observed_not_promoted,forbidden_in_WEBSCHEMA1,"empty string, not_reported, needs_manual_check, and business values remain distinct",not_promoted,WEBR8-D08,WEBR8-v1,WEBSCHEMA1 field inventory + WEBR8 decision contract
VOC_PATENT_EVIDENCE_MATRIX_MISSING_COMBINATIONS,patent_evidence,matrix_missing_combinations,none_for_methanol_assay_rows,canonical_term_candidate,none_for_methanol_assay_rows,201,current_public_value_domain_count,none_observed,observed_not_promoted,forbidden_in_WEBSCHEMA1,"empty string, not_reported, needs_manual_check, and business values remain distinct",not_promoted,WEBR8-D08,WEBR8-v1,WEBSCHEMA1 field inventory + WEBR8 decision contract
VOC_PATENT_EVIDENCE_MATRIX_MISSING_COMBINATIONS,patent_evidence,matrix_missing_combinations,none_for_methanol_subset; non-methanol alcohol rows out_of_scope,canonical_term_candidate,none_for_methanol_subset; non-methanol alcohol rows out_of_scope,1,current_public_value_domain_count,none_observed,observed_not_promoted,forbidden_in_WEBSCHEMA1,"empty string, not_reported, needs_manual_check, and business values remain distinct",not_promoted,WEBR8-D08,WEBR8-v1,WEBSCHEMA1 field inventory + WEBR8 decision contract
VOC_PATENT_EVIDENCE_MATRIX_MISSING_COMBINATIONS,patent_evidence,matrix_missing_combinations,none_for_text_endpoint; Figure 5 time-course not digitized,canonical_term_candidate,none_for_text_endpoint; Figure 5 time-course not digitized,1,current_public_value_domain_count,none_observed,observed_not_promoted,forbidden_in_WEBSCHEMA1,"empty string, not_reported, needs_manual_check, and business values remain distinct",not_promoted,WEBR8-D08,WEBR8-v1,WEBSCHEMA1 field inventory + WEBR8 decision contract
VOC_PATENT_EVIDENCE_MATRIX_MISSING_COMBINATIONS,patent_evidence,matrix_missing_combinations,WT lacks visible 70/80/90% points in Figure 4,canonical_term_candidate,WT lacks visible 70/80/90% points in Figure 4,42,current_public_value_domain_count,none_observed,observed_not_promoted,forbidden_in_WEBSCHEMA1,"empty string, not_reported, needs_manual_check, and business values remain distinct",not_promoted,WEBR8-D08,WEBR8-v1,WEBSCHEMA1 field inventory + WEBR8 decision contract
VOC_PATENT_EVIDENCE_METHANOL_ADDITION_MODE,patent_evidence,methanol_addition_mode,one_shot,canonical_term_candidate,one_shot,735,current_public_value_domain_count,none_observed,observed_not_promoted,forbidden_in_WEBSCHEMA1,"empty string, not_reported, needs_manual_check, and business values remain distinct",not_promoted,WEBR8-D08,WEBR8-v1,WEBSCHEMA1 field inventory + WEBR8 decision contract
VOC_PATENT_EVIDENCE_METHANOL_ADDITION_MODE,patent_evidence,methanol_addition_mode,one_shot_or_stepwise_not_resolved,canonical_term_candidate,one_shot_or_stepwise_not_resolved,1,current_public_value_domain_count,none_observed,observed_not_promoted,forbidden_in_WEBSCHEMA1,"empty string, not_reported, needs_manual_check, and business values remain distinct",not_promoted,WEBR8-D08,WEBR8-v1,WEBSCHEMA1 field inventory + WEBR8 decision contract
VOC_PATENT_EVIDENCE_METHANOL_ADDITION_MODE,patent_evidence,methanol_addition_mode,pretreatment_then_reaction,canonical_term_candidate,pretreatment_then_reaction,1,current_public_value_domain_count,none_observed,observed_not_promoted,forbidden_in_WEBSCHEMA1,"empty string, not_reported, needs_manual_check, and business values remain distinct",not_promoted,WEBR8-D08,WEBR8-v1,WEBSCHEMA1 field inventory + WEBR8 decision contract
VOC_PATENT_EVIDENCE_METHANOL_ADDITION_MODE,patent_evidence,methanol_addition_mode,stepwise,canonical_term_candidate,stepwise,5,current_public_value_domain_count,none_observed,observed_not_promoted,forbidden_in_WEBSCHEMA1,"empty string, not_reported, needs_manual_check, and business values remain distinct",not_promoted,WEBR8-D08,WEBR8-v1,WEBSCHEMA1 field inventory + WEBR8 decision contract
VOC_PATENT_EVIDENCE_METHANOL_ADDITION_MODE,patent_evidence,methanol_addition_mode,three_batch_additions,canonical_term_candidate,three_batch_additions,1,current_public_value_domain_count,none_observed,observed_not_promoted,forbidden_in_WEBSCHEMA1,"empty string, not_reported, needs_manual_check, and business values remain distinct",not_promoted,WEBR8-D08,WEBR8-v1,WEBSCHEMA1 field inventory + WEBR8 decision contract
VOC_PATENT_EVIDENCE_METHANOL_CONC_PERCENT,patent_evidence,methanol_conc_percent,0,canonical_term_candidate,0,66,current_public_value_domain_count,none_observed,observed_not_promoted,forbidden_in_WEBSCHEMA1,"empty string, not_reported, needs_manual_check, and business values remain distinct",not_promoted,WEBR8-D08,WEBR8-v1,WEBSCHEMA1 field inventory + WEBR8 decision contract
VOC_PATENT_EVIDENCE_METHANOL_CONC_PERCENT,patent_evidence,methanol_conc_percent,0.5-5.0,canonical_term_candidate,0.5-5.0,1,current_public_value_domain_count,none_observed,observed_not_promoted,forbidden_in_WEBSCHEMA1,"empty string, not_reported, needs_manual_check, and business values remain distinct",not_promoted,WEBR8-D08,WEBR8-v1,WEBSCHEMA1 field inventory + WEBR8 decision contract
VOC_PATENT_EVIDENCE_METHANOL_CONC_PERCENT,patent_evidence,methanol_conc_percent,10,canonical_term_candidate,10,75,current_public_value_domain_count,none_observed,observed_not_promoted,forbidden_in_WEBSCHEMA1,"empty string, not_reported, needs_manual_check, and business values remain distinct",not_promoted,WEBR8-D08,WEBR8-v1,WEBSCHEMA1 field inventory + WEBR8 decision contract
VOC_PATENT_EVIDENCE_METHANOL_CONC_PERCENT,patent_evidence,methanol_conc_percent,10;20;30,canonical_term_candidate,10;20;30,1,current_public_value_domain_count,none_observed,observed_not_promoted,forbidden_in_WEBSCHEMA1,"empty string, not_reported, needs_manual_check, and business values remain distinct",not_promoted,WEBR8-D08,WEBR8-v1,WEBSCHEMA1 field inventory + WEBR8 decision contract
VOC_PATENT_EVIDENCE_METHANOL_CONC_PERCENT,patent_evidence,methanol_conc_percent,15,canonical_term_candidate,15,1,current_public_value_domain_count,none_observed,observed_not_promoted,forbidden_in_WEBSCHEMA1,"empty string, not_reported, needs_manual_check, and business values remain distinct",not_promoted,WEBR8-D08,WEBR8-v1,WEBSCHEMA1 field inventory + WEBR8 decision contract
VOC_PATENT_EVIDENCE_METHANOL_CONC_PERCENT,patent_evidence,methanol_conc_percent,20,canonical_term_candidate,20,107,current_public_value_domain_count,none_observed,observed_not_promoted,forbidden_in_WEBSCHEMA1,"empty string, not_reported, needs_manual_check, and business values remain distinct",not_promoted,WEBR8-D08,WEBR8-v1,WEBSCHEMA1 field inventory + WEBR8 decision contract
VOC_PATENT_EVIDENCE_METHANOL_CONC_PERCENT,patent_evidence,methanol_conc_percent,25,canonical_term_candidate,25,12,current_public_value_domain_count,none_observed,observed_not_promoted,forbidden_in_WEBSCHEMA1,"empty string, not_reported, needs_manual_check, and business values remain distinct",not_promoted,WEBR8-D08,WEBR8-v1,WEBSCHEMA1 field inventory + WEBR8 decision contract
VOC_PATENT_EVIDENCE_METHANOL_CONC_PERCENT,patent_evidence,methanol_conc_percent,30,canonical_term_candidate,30,83,current_public_value_domain_count,none_observed,observed_not_promoted,forbidden_in_WEBSCHEMA1,"empty string, not_reported, needs_manual_check, and business values remain distinct",not_promoted,WEBR8-D08,WEBR8-v1,WEBSCHEMA1 field inventory + WEBR8 decision contract
VOC_PATENT_EVIDENCE_METHANOL_CONC_PERCENT,patent_evidence,methanol_conc_percent,35,canonical_term_candidate,35,10,current_public_value_domain_count,none_observed,observed_not_promoted,forbidden_in_WEBSCHEMA1,"empty string, not_reported, needs_manual_check, and business values remain distinct",not_promoted,WEBR8-D08,WEBR8-v1,WEBSCHEMA1 field inventory + WEBR8 decision contract
VOC_PATENT_EVIDENCE_METHANOL_CONC_PERCENT,patent_evidence,methanol_conc_percent,40,canonical_term_candidate,40,87,current_public_value_domain_count,none_observed,observed_not_promoted,forbidden_in_WEBSCHEMA1,"empty string, not_reported, needs_manual_check, and business values remain distinct",not_promoted,WEBR8-D08,WEBR8-v1,WEBSCHEMA1 field inventory + WEBR8 decision contract
VOC_PATENT_EVIDENCE_METHANOL_CONC_PERCENT,patent_evidence,methanol_conc_percent,45,canonical_term_candidate,45,10,current_public_value_domain_count,none_observed,observed_not_promoted,forbidden_in_WEBSCHEMA1,"empty string, not_reported, needs_manual_check, and business values remain distinct",not_promoted,WEBR8-D08,WEBR8-v1,WEBSCHEMA1 field inventory + WEBR8 decision contract
VOC_PATENT_EVIDENCE_METHANOL_CONC_PERCENT,patent_evidence,methanol_conc_percent,50,canonical_term_candidate,50,165,current_public_value_domain_count,none_observed,observed_not_promoted,forbidden_in_WEBSCHEMA1,"empty string, not_reported, needs_manual_check, and business values remain distinct",not_promoted,WEBR8-D08,WEBR8-v1,WEBSCHEMA1 field inventory + WEBR8 decision contract
VOC_PATENT_EVIDENCE_METHANOL_CONC_PERCENT,patent_evidence,methanol_conc_percent,50-90,canonical_term_candidate,50-90,1,current_public_value_domain_count,none_observed,observed_not_promoted,forbidden_in_WEBSCHEMA1,"empty string, not_reported, needs_manual_check, and business values remain distinct",not_promoted,WEBR8-D08,WEBR8-v1,WEBSCHEMA1 field inventory + WEBR8 decision contract
VOC_PATENT_EVIDENCE_METHANOL_CONC_PERCENT,patent_evidence,methanol_conc_percent,55,canonical_term_candidate,55,10,current_public_value_domain_count,none_observed,observed_not_promoted,forbidden_in_WEBSCHEMA1,"empty string, not_reported, needs_manual_check, and business values remain distinct",not_promoted,WEBR8-D08,WEBR8-v1,WEBSCHEMA1 field inventory + WEBR8 decision contract
VOC_PATENT_EVIDENCE_METHANOL_CONC_PERCENT,patent_evidence,methanol_conc_percent,60,canonical_term_candidate,60,22,current_public_value_domain_count,none_observed,observed_not_promoted,forbidden_in_WEBSCHEMA1,"empty string, not_reported, needs_manual_check, and business values remain distinct",not_promoted,WEBR8-D08,WEBR8-v1,WEBSCHEMA1 field inventory + WEBR8 decision contract
VOC_PATENT_EVIDENCE_METHANOL_CONC_PERCENT,patent_evidence,methanol_conc_percent,65,canonical_term_candidate,65,15,current_public_value_domain_count,none_observed,observed_not_promoted,forbidden_in_WEBSCHEMA1,"empty string, not_reported, needs_manual_check, and business values remain distinct",not_promoted,WEBR8-D08,WEBR8-v1,WEBSCHEMA1 field inventory + WEBR8 decision contract
VOC_PATENT_EVIDENCE_METHANOL_CONC_PERCENT,patent_evidence,methanol_conc_percent,70,canonical_term_candidate,70,22,current_public_value_domain_count,none_observed,observed_not_promoted,forbidden_in_WEBSCHEMA1,"empty string, not_reported, needs_manual_check, and business values remain distinct",not_promoted,WEBR8-D08,WEBR8-v1,WEBSCHEMA1 field inventory + WEBR8 decision contract
VOC_PATENT_EVIDENCE_METHANOL_CONC_PERCENT,patent_evidence,methanol_conc_percent,75,canonical_term_candidate,75,15,current_public_value_domain_count,none_observed,observed_not_promoted,forbidden_in_WEBSCHEMA1,"empty string, not_reported, needs_manual_check, and business values remain distinct",not_promoted,WEBR8-D08,WEBR8-v1,WEBSCHEMA1 field inventory + WEBR8 decision contract
VOC_PATENT_EVIDENCE_METHANOL_CONC_PERCENT,patent_evidence,methanol_conc_percent,80,canonical_term_candidate,80,14,current_public_value_domain_count,none_observed,observed_not_promoted,forbidden_in_WEBSCHEMA1,"empty string, not_reported, needs_manual_check, and business values remain distinct",not_promoted,WEBR8-D08,WEBR8-v1,WEBSCHEMA1 field inventory + WEBR8 decision contract
VOC_PATENT_EVIDENCE_METHANOL_CONC_PERCENT,patent_evidence,methanol_conc_percent,85,canonical_term_candidate,85,1,current_public_value_domain_count,none_observed,observed_not_promoted,forbidden_in_WEBSCHEMA1,"empty string, not_reported, needs_manual_check, and business values remain distinct",not_promoted,WEBR8-D08,WEBR8-v1,WEBSCHEMA1 field inventory + WEBR8 decision contract
VOC_PATENT_EVIDENCE_METHANOL_CONC_PERCENT,patent_evidence,methanol_conc_percent,90,canonical_term_candidate,90,5,current_public_value_domain_count,none_observed,observed_not_promoted,forbidden_in_WEBSCHEMA1,"empty string, not_reported, needs_manual_check, and business values remain distinct",not_promoted,WEBR8-D08,WEBR8-v1,WEBSCHEMA1 field inventory + WEBR8 decision contract
VOC_PATENT_EVIDENCE_METHANOL_CONC_PERCENT,patent_evidence,methanol_conc_percent,95,canonical_term_candidate,95,1,current_public_value_domain_count,none_observed,observed_not_promoted,forbidden_in_WEBSCHEMA1,"empty string, not_reported, needs_manual_check, and business values remain distinct",not_promoted,WEBR8-D08,WEBR8-v1,WEBSCHEMA1 field inventory + WEBR8 decision contract
VOC_PATENT_EVIDENCE_METHANOL_CONC_PERCENT,patent_evidence,methanol_conc_percent,not_applicable_biodiesel_reagent,canonical_term_candidate,not_applicable_biodiesel_reagent,15,current_public_value_domain_count,none_observed,observed_not_promoted,forbidden_in_WEBSCHEMA1,"empty string, not_reported, needs_manual_check, and business values remain distinct",not_promoted,WEBR8-D08,WEBR8-v1,WEBSCHEMA1 field inventory + WEBR8 decision contract
VOC_PATENT_EVIDENCE_ORIGINAL_ACTIVITY_UNIT,patent_evidence,original_activity_unit,FAME percent process endpoint,canonical_term_candidate,FAME percent process endpoint,4,current_public_value_domain_count,none_observed,observed_not_promoted,forbidden_in_WEBSCHEMA1,"empty string, not_reported, needs_manual_check, and business values remain distinct",not_promoted,WEBR8-D08,WEBR8-v1,WEBSCHEMA1 field inventory + WEBR8 decision contract
VOC_PATENT_EVIDENCE_ORIGINAL_ACTIVITY_UNIT,patent_evidence,original_activity_unit,percent_or_qualitative_summary,canonical_term_candidate,percent_or_qualitative_summary,14,current_public_value_domain_count,none_observed,observed_not_promoted,forbidden_in_WEBSCHEMA1,"empty string, not_reported, needs_manual_check, and business values remain distinct",not_promoted,WEBR8-D08,WEBR8-v1,WEBSCHEMA1 field inventory + WEBR8 decision contract
VOC_PATENT_EVIDENCE_ORIGINAL_ACTIVITY_UNIT,patent_evidence,original_activity_unit,process performance percent; FAE/MG/DG/TG/GLY/Conv retained in raw metadata,canonical_term_candidate,process performance percent; FAE/MG/DG/TG/GLY/Conv retained in raw metadata,11,current_public_value_domain_count,none_observed,observed_not_promoted,forbidden_in_WEBSCHEMA1,"empty string, not_reported, needs_manual_check, and business values remain distinct",not_promoted,WEBR8-D08,WEBR8-v1,WEBSCHEMA1 field inventory + WEBR8 decision contract
VOC_PATENT_EVIDENCE_ORIGINAL_ACTIVITY_UNIT,patent_evidence,original_activity_unit,relative activity (%),canonical_term_candidate,relative activity (%),50,current_public_value_domain_count,none_observed,observed_not_promoted,forbidden_in_WEBSCHEMA1,"empty string, not_reported, needs_manual_check, and business values remain distinct",not_promoted,WEBR8-D08,WEBR8-v1,WEBSCHEMA1 field inventory + WEBR8 decision contract
VOC_PATENT_EVIDENCE_ORIGINAL_ACTIVITY_UNIT,patent_evidence,original_activity_unit,relative activity percent,canonical_term_candidate,relative activity percent,9,current_public_value_domain_count,none_observed,observed_not_promoted,forbidden_in_WEBSCHEMA1,"empty string, not_reported, needs_manual_check, and business values remain distinct",not_promoted,WEBR8-D08,WEBR8-v1,WEBSCHEMA1 field inventory + WEBR8 decision contract
VOC_PATENT_EVIDENCE_ORIGINAL_ACTIVITY_UNIT,patent_evidence,original_activity_unit,residual activity (%),canonical_term_candidate,residual activity (%),210,current_public_value_domain_count,none_observed,observed_not_promoted,forbidden_in_WEBSCHEMA1,"empty string, not_reported, needs_manual_check, and business values remain distinct",not_promoted,WEBR8-D08,WEBR8-v1,WEBSCHEMA1 field inventory + WEBR8 decision contract
VOC_PATENT_EVIDENCE_ORIGINAL_ACTIVITY_UNIT,patent_evidence,original_activity_unit,residual activity percent,canonical_term_candidate,residual activity percent,115,current_public_value_domain_count,none_observed,observed_not_promoted,forbidden_in_WEBSCHEMA1,"empty string, not_reported, needs_manual_check, and business values remain distinct",not_promoted,WEBR8-D08,WEBR8-v1,WEBSCHEMA1 field inventory + WEBR8 decision contract
VOC_PATENT_EVIDENCE_ORIGINAL_ACTIVITY_UNIT,patent_evidence,original_activity_unit,Table 2c normalized activity ratio relative to 0% methanol,canonical_term_candidate,Table 2c normalized activity ratio relative to 0% methanol,330,current_public_value_domain_count,none_observed,observed_not_promoted,forbidden_in_WEBSCHEMA1,"empty string, not_reported, needs_manual_check, and business values remain distinct",not_promoted,WEBR8-D08,WEBR8-v1,WEBSCHEMA1 field inventory + WEBR8 decision contract
VOC_PATENT_EVIDENCE_PATENT_APPLICATION_NUMBER,patent_evidence,patent_application_number,CN200710113181A,canonical_term_candidate,CN200710113181A,1,current_public_value_domain_count,none_observed,observed_not_promoted,forbidden_in_WEBSCHEMA1,"empty string, not_reported, needs_manual_check, and business values remain distinct",not_promoted,WEBR8-D08,WEBR8-v1,WEBSCHEMA1 field inventory + WEBR8 decision contract
VOC_PATENT_EVIDENCE_PATENT_APPLICATION_NUMBER,patent_evidence,patent_application_number,CN200910073494A,canonical_term_candidate,CN200910073494A,1,current_public_value_domain_count,none_observed,observed_not_promoted,forbidden_in_WEBSCHEMA1,"empty string, not_reported, needs_manual_check, and business values remain distinct",not_promoted,WEBR8-D08,WEBR8-v1,WEBSCHEMA1 field inventory + WEBR8 decision contract
VOC_PATENT_EVIDENCE_PATENT_APPLICATION_NUMBER,patent_evidence,patent_application_number,CN201110458959.6,canonical_term_candidate,CN201110458959.6,9,current_public_value_domain_count,none_observed,observed_not_promoted,forbidden_in_WEBSCHEMA1,"empty string, not_reported, needs_manual_check, and business values remain distinct",not_promoted,WEBR8-D08,WEBR8-v1,WEBSCHEMA1 field inventory + WEBR8 decision contract
VOC_PATENT_EVIDENCE_PATENT_APPLICATION_NUMBER,patent_evidence,patent_application_number,CN201210532087.8,canonical_term_candidate,CN201210532087.8,12,current_public_value_domain_count,none_observed,observed_not_promoted,forbidden_in_WEBSCHEMA1,"empty string, not_reported, needs_manual_check, and business values remain distinct",not_promoted,WEBR8-D08,WEBR8-v1,WEBSCHEMA1 field inventory + WEBR8 decision contract
VOC_PATENT_EVIDENCE_PATENT_APPLICATION_NUMBER,patent_evidence,patent_application_number,CN201310294466A,canonical_term_candidate,CN201310294466A,5,current_public_value_domain_count,none_observed,observed_not_promoted,forbidden_in_WEBSCHEMA1,"empty string, not_reported, needs_manual_check, and business values remain distinct",not_promoted,WEBR8-D08,WEBR8-v1,WEBSCHEMA1 field inventory + WEBR8 decision contract
VOC_PATENT_EVIDENCE_PATENT_APPLICATION_NUMBER,patent_evidence,patent_application_number,CN201611244004.X,canonical_term_candidate,CN201611244004.X,9,current_public_value_domain_count,none_observed,observed_not_promoted,forbidden_in_WEBSCHEMA1,"empty string, not_reported, needs_manual_check, and business values remain distinct",not_promoted,WEBR8-D08,WEBR8-v1,WEBSCHEMA1 field inventory + WEBR8 decision contract
VOC_PATENT_EVIDENCE_PATENT_APPLICATION_NUMBER,patent_evidence,patent_application_number,CN202110547078.5,canonical_term_candidate,CN202110547078.5,67,current_public_value_domain_count,none_observed,observed_not_promoted,forbidden_in_WEBSCHEMA1,"empty string, not_reported, needs_manual_check, and business values remain distinct",not_promoted,WEBR8-D08,WEBR8-v1,WEBSCHEMA1 field inventory + WEBR8 decision contract
VOC_PATENT_EVIDENCE_PATENT_APPLICATION_NUMBER,patent_evidence,patent_application_number,CN202310341178.1,canonical_term_candidate,CN202310341178.1,50,current_public_value_domain_count,none_observed,observed_not_promoted,forbidden_in_WEBSCHEMA1,"empty string, not_reported, needs_manual_check, and business values remain distinct",not_promoted,WEBR8-D08,WEBR8-v1,WEBSCHEMA1 field inventory + WEBR8 decision contract
VOC_PATENT_EVIDENCE_PATENT_APPLICATION_NUMBER,patent_evidence,patent_application_number,CN202410258819.1,canonical_term_candidate,CN202410258819.1,1,current_public_value_domain_count,none_observed,observed_not_promoted,forbidden_in_WEBSCHEMA1,"empty string, not_reported, needs_manual_check, and business values remain distinct",not_promoted,WEBR8-D08,WEBR8-v1,WEBSCHEMA1 field inventory + WEBR8 decision contract
VOC_PATENT_EVIDENCE_PATENT_APPLICATION_NUMBER,patent_evidence,patent_application_number,CN202411583137.4,canonical_term_candidate,CN202411583137.4,2,current_public_value_domain_count,none_observed,observed_not_promoted,forbidden_in_WEBSCHEMA1,"empty string, not_reported, needs_manual_check, and business values remain distinct",not_promoted,WEBR8-D08,WEBR8-v1,WEBSCHEMA1 field inventory + WEBR8 decision contract
VOC_PATENT_EVIDENCE_PATENT_APPLICATION_NUMBER,patent_evidence,patent_application_number,EP07380194A,canonical_term_candidate,EP07380194A,11,current_public_value_domain_count,none_observed,observed_not_promoted,forbidden_in_WEBSCHEMA1,"empty string, not_reported, needs_manual_check, and business values remain distinct",not_promoted,WEBR8-D08,WEBR8-v1,WEBSCHEMA1 field inventory + WEBR8 decision contract
VOC_PATENT_EVIDENCE_PATENT_APPLICATION_NUMBER,patent_evidence,patent_application_number,KR1020140173188A,canonical_term_candidate,KR1020140173188A,1,current_public_value_domain_count,none_observed,observed_not_promoted,forbidden_in_WEBSCHEMA1,"empty string, not_reported, needs_manual_check, and business values remain distinct",not_promoted,WEBR8-D08,WEBR8-v1,WEBSCHEMA1 field inventory + WEBR8 decision contract
VOC_PATENT_EVIDENCE_PATENT_APPLICATION_NUMBER,patent_evidence,patent_application_number,PCT/EP2010/068764,canonical_term_candidate,PCT/EP2010/068764,33,current_public_value_domain_count,none_observed,observed_not_promoted,forbidden_in_WEBSCHEMA1,"empty string, not_reported, needs_manual_check, and business values remain distinct",not_promoted,WEBR8-D08,WEBR8-v1,WEBSCHEMA1 field inventory + WEBR8 decision contract
VOC_PATENT_EVIDENCE_PATENT_APPLICATION_NUMBER,patent_evidence,patent_application_number,PCT/FR2022/051853,canonical_term_candidate,PCT/FR2022/051853,1,current_public_value_domain_count,none_observed,observed_not_promoted,forbidden_in_WEBSCHEMA1,"empty string, not_reported, needs_manual_check, and business values remain distinct",not_promoted,WEBR8-D08,WEBR8-v1,WEBSCHEMA1 field inventory + WEBR8 decision contract
VOC_PATENT_EVIDENCE_PATENT_APPLICATION_NUMBER,patent_evidence,patent_application_number,PCT/KR2012/006412,canonical_term_candidate,PCT/KR2012/006412,1,current_public_value_domain_count,none_observed,observed_not_promoted,forbidden_in_WEBSCHEMA1,"empty string, not_reported, needs_manual_check, and business values remain distinct",not_promoted,WEBR8-D08,WEBR8-v1,WEBSCHEMA1 field inventory + WEBR8 decision contract
VOC_PATENT_EVIDENCE_PATENT_APPLICATION_NUMBER,patent_evidence,patent_application_number,PCT/SG2022/050476,canonical_term_candidate,PCT/SG2022/050476,330,current_public_value_domain_count,none_observed,observed_not_promoted,forbidden_in_WEBSCHEMA1,"empty string, not_reported, needs_manual_check, and business values remain distinct",not_promoted,WEBR8-D08,WEBR8-v1,WEBSCHEMA1 field inventory + WEBR8 decision contract
VOC_PATENT_EVIDENCE_PATENT_APPLICATION_NUMBER,patent_evidence,patent_application_number,PCT/US2008/084778,canonical_term_candidate,PCT/US2008/084778,4,current_public_value_domain_count,none_observed,observed_not_promoted,forbidden_in_WEBSCHEMA1,"empty string, not_reported, needs_manual_check, and business values remain distinct",not_promoted,WEBR8-D08,WEBR8-v1,WEBSCHEMA1 field inventory + WEBR8 decision contract
VOC_PATENT_EVIDENCE_PATENT_APPLICATION_NUMBER,patent_evidence,patent_application_number,PCT/US2013/067348,canonical_term_candidate,PCT/US2013/067348,201,current_public_value_domain_count,none_observed,observed_not_promoted,forbidden_in_WEBSCHEMA1,"empty string, not_reported, needs_manual_check, and business values remain distinct",not_promoted,WEBR8-D08,WEBR8-v1,WEBSCHEMA1 field inventory + WEBR8 decision contract
VOC_PATENT_EVIDENCE_PATENT_APPLICATION_NUMBER,patent_evidence,patent_application_number,"US18/834,807",canonical_term_candidate,"US18/834,807",1,current_public_value_domain_count,none_observed,observed_not_promoted,forbidden_in_WEBSCHEMA1,"empty string, not_reported, needs_manual_check, and business values remain distinct",not_promoted,WEBR8-D08,WEBR8-v1,WEBSCHEMA1 field inventory + WEBR8 decision contract
VOC_PATENT_EVIDENCE_PATENT_CLAIM_SCOPE,patent_evidence,patent_claim_scope,not_claim_based,canonical_term_candidate,not_claim_based,531,current_public_value_domain_count,none_observed,observed_not_promoted,forbidden_in_WEBSCHEMA1,"empty string, not_reported, needs_manual_check, and business values remain distinct",not_promoted,WEBR8-D08,WEBR8-v1,WEBSCHEMA1 field inventory + WEBR8 decision contract
VOC_PATENT_EVIDENCE_PATENT_CLAIM_SCOPE,patent_evidence,patent_claim_scope,not_claim_only,canonical_term_candidate,not_claim_only,212,current_public_value_domain_count,none_observed,observed_not_promoted,forbidden_in_WEBSCHEMA1,"empty string, not_reported, needs_manual_check, and business values remain distinct",not_promoted,WEBR8-D08,WEBR8-v1,WEBSCHEMA1 field inventory + WEBR8 decision contract
VOC_PATENT_EVIDENCE_PATENT_CONFIDENCE_TIER,patent_evidence,patent_confidence_tier,deprecated_commercial_mixture,canonical_term_candidate,deprecated_commercial_mixture,3,current_public_value_domain_count,none_observed,observed_not_promoted,forbidden_in_WEBSCHEMA1,"empty string, not_reported, needs_manual_check, and business values remain distinct",not_promoted,WEBR8-D08,WEBR8-v1,WEBSCHEMA1 field inventory + WEBR8 decision contract
VOC_PATENT_EVIDENCE_PATENT_CONFIDENCE_TIER,patent_evidence,patent_confidence_tier,downloaded_pdf_text_extraction,canonical_term_candidate,downloaded_pdf_text_extraction,12,current_public_value_domain_count,none_observed,observed_not_promoted,forbidden_in_WEBSCHEMA1,"empty string, not_reported, needs_manual_check, and business values remain distinct",not_promoted,WEBR8-D08,WEBR8-v1,WEBSCHEMA1 field inventory + WEBR8 decision contract
VOC_PATENT_EVIDENCE_PATENT_CONFIDENCE_TIER,patent_evidence,patent_confidence_tier,downweighted_train,canonical_term_candidate,downweighted_train,67,current_public_value_domain_count,none_observed,observed_not_promoted,forbidden_in_WEBSCHEMA1,"empty string, not_reported, needs_manual_check, and business values remain distinct",not_promoted,WEBR8-D08,WEBR8-v1,WEBSCHEMA1 field inventory + WEBR8 decision contract
VOC_PATENT_EVIDENCE_PATENT_CONFIDENCE_TIER,patent_evidence,patent_confidence_tier,holdout_only,canonical_term_candidate,holdout_only,652,current_public_value_domain_count,none_observed,observed_not_promoted,forbidden_in_WEBSCHEMA1,"empty string, not_reported, needs_manual_check, and business values remain distinct",not_promoted,WEBR8-D08,WEBR8-v1,WEBSCHEMA1 field inventory + WEBR8 decision contract
VOC_PATENT_EVIDENCE_PATENT_CONFIDENCE_TIER,patent_evidence,patent_confidence_tier,official_google_patents_text_summary_from_downloaded_scan,canonical_term_candidate,official_google_patents_text_summary_from_downloaded_scan,2,current_public_value_domain_count,none_observed,observed_not_promoted,forbidden_in_WEBSCHEMA1,"empty string, not_reported, needs_manual_check, and business values remain distinct",not_promoted,WEBR8-D08,WEBR8-v1,WEBSCHEMA1 field inventory + WEBR8 decision contract
VOC_PATENT_EVIDENCE_PATENT_CONFIDENCE_TIER,patent_evidence,patent_confidence_tier,web_text_capture_qualitative,canonical_term_candidate,web_text_capture_qualitative,5,current_public_value_domain_count,none_observed,observed_not_promoted,forbidden_in_WEBSCHEMA1,"empty string, not_reported, needs_manual_check, and business values remain distinct",not_promoted,WEBR8-D08,WEBR8-v1,WEBSCHEMA1 field inventory + WEBR8 decision contract
VOC_PATENT_EVIDENCE_PATENT_CONFIDENCE_TIER,patent_evidence,patent_confidence_tier,web_text_capture_quantitative,canonical_term_candidate,web_text_capture_quantitative,2,current_public_value_domain_count,none_observed,observed_not_promoted,forbidden_in_WEBSCHEMA1,"empty string, not_reported, needs_manual_check, and business values remain distinct",not_promoted,WEBR8-D08,WEBR8-v1,WEBSCHEMA1 field inventory + WEBR8 decision contract
VOC_PATENT_EVIDENCE_PATENT_EVIDENCE_LAYER,patent_evidence,patent_evidence_layer,patent_background_only,canonical_term_candidate,patent_background_only,5,current_public_value_domain_count,none_observed,observed_not_promoted,forbidden_in_WEBSCHEMA1,"empty string, not_reported, needs_manual_check, and business values remain distinct",not_promoted,WEBR8-D08,WEBR8-v1,WEBSCHEMA1 field inventory + WEBR8 decision contract
VOC_PATENT_EVIDENCE_PATENT_EVIDENCE_LAYER,patent_evidence,patent_evidence_layer,patent_direct_intrinsic,canonical_term_candidate,patent_direct_intrinsic,710,current_public_value_domain_count,none_observed,observed_not_promoted,forbidden_in_WEBSCHEMA1,"empty string, not_reported, needs_manual_check, and business values remain distinct",not_promoted,WEBR8-D08,WEBR8-v1,WEBSCHEMA1 field inventory + WEBR8 decision contract
VOC_PATENT_EVIDENCE_PATENT_EVIDENCE_LAYER,patent_evidence,patent_evidence_layer,patent_process_confounded,canonical_term_candidate,patent_process_confounded,26,current_public_value_domain_count,none_observed,observed_not_promoted,forbidden_in_WEBSCHEMA1,"empty string, not_reported, needs_manual_check, and business values remain distinct",not_promoted,WEBR8-D08,WEBR8-v1,WEBSCHEMA1 field inventory + WEBR8 decision contract
VOC_PATENT_EVIDENCE_PATENT_EVIDENCE_LAYER,patent_evidence,patent_evidence_layer,patent_sequence_or_construct_only,canonical_term_candidate,patent_sequence_or_construct_only,2,current_public_value_domain_count,none_observed,observed_not_promoted,forbidden_in_WEBSCHEMA1,"empty string, not_reported, needs_manual_check, and business values remain distinct",not_promoted,WEBR8-D08,WEBR8-v1,WEBSCHEMA1 field inventory + WEBR8 decision contract
VOC_PATENT_EVIDENCE_PATENT_EVIDENCE_TYPE,patent_evidence,patent_evidence_type,biodiesel_process_gc_endpoint,canonical_term_candidate,biodiesel_process_gc_endpoint,11,current_public_value_domain_count,none_observed,observed_not_promoted,forbidden_in_WEBSCHEMA1,"empty string, not_reported, needs_manual_check, and business values remain distinct",not_promoted,WEBR8-D08,WEBR8-v1,WEBSCHEMA1 field inventory + WEBR8 decision contract
VOC_PATENT_EVIDENCE_PATENT_EVIDENCE_TYPE,patent_evidence,patent_evidence_type,biodiesel_process_summary_endpoint,canonical_term_candidate,biodiesel_process_summary_endpoint,2,current_public_value_domain_count,none_observed,observed_not_promoted,forbidden_in_WEBSCHEMA1,"empty string, not_reported, needs_manual_check, and business values remain distinct",not_promoted,WEBR8-D08,WEBR8-v1,WEBSCHEMA1 field inventory + WEBR8 decision contract
VOC_PATENT_EVIDENCE_PATENT_EVIDENCE_TYPE,patent_evidence,patent_evidence_type,deprecated_commercial_mixture,canonical_term_candidate,deprecated_commercial_mixture,3,current_public_value_domain_count,none_observed,observed_not_promoted,forbidden_in_WEBSCHEMA1,"empty string, not_reported, needs_manual_check, and business values remain distinct",not_promoted,WEBR8-D08,WEBR8-v1,WEBSCHEMA1 field inventory + WEBR8 decision contract
VOC_PATENT_EVIDENCE_PATENT_EVIDENCE_TYPE,patent_evidence,patent_evidence_type,description_text_assay_anchor,canonical_term_candidate,description_text_assay_anchor,1,current_public_value_domain_count,none_observed,observed_not_promoted,forbidden_in_WEBSCHEMA1,"empty string, not_reported, needs_manual_check, and business values remain distinct",not_promoted,WEBR8-D08,WEBR8-v1,WEBSCHEMA1 field inventory + WEBR8 decision contract
VOC_PATENT_EVIDENCE_PATENT_EVIDENCE_TYPE,patent_evidence,patent_evidence_type,description_text_quantitative_solvent_stability_endpoint,canonical_term_candidate,description_text_quantitative_solvent_stability_endpoint,1,current_public_value_domain_count,none_observed,observed_not_promoted,forbidden_in_WEBSCHEMA1,"empty string, not_reported, needs_manual_check, and business values remain distinct",not_promoted,WEBR8-D08,WEBR8-v1,WEBSCHEMA1 field inventory + WEBR8 decision contract
VOC_PATENT_EVIDENCE_PATENT_EVIDENCE_TYPE,patent_evidence,patent_evidence_type,description_text_variant_panel_anchor,canonical_term_candidate,description_text_variant_panel_anchor,1,current_public_value_domain_count,none_observed,observed_not_promoted,forbidden_in_WEBSCHEMA1,"empty string, not_reported, needs_manual_check, and business values remain distinct",not_promoted,WEBR8-D08,WEBR8-v1,WEBSCHEMA1 field inventory + WEBR8 decision contract
VOC_PATENT_EVIDENCE_PATENT_EVIDENCE_TYPE,patent_evidence,patent_evidence_type,example_text_biodiesel_conversion_summary,canonical_term_candidate,example_text_biodiesel_conversion_summary,1,current_public_value_domain_count,none_observed,observed_not_promoted,forbidden_in_WEBSCHEMA1,"empty string, not_reported, needs_manual_check, and business values remain distinct",not_promoted,WEBR8-D08,WEBR8-v1,WEBSCHEMA1 field inventory + WEBR8 decision contract
VOC_PATENT_EVIDENCE_PATENT_EVIDENCE_TYPE,patent_evidence,patent_evidence_type,example_text_process_anchor,canonical_term_candidate,example_text_process_anchor,1,current_public_value_domain_count,none_observed,observed_not_promoted,forbidden_in_WEBSCHEMA1,"empty string, not_reported, needs_manual_check, and business values remain distinct",not_promoted,WEBR8-D08,WEBR8-v1,WEBSCHEMA1 field inventory + WEBR8 decision contract
VOC_PATENT_EVIDENCE_PATENT_EVIDENCE_TYPE,patent_evidence,patent_evidence_type,figure_digitized,canonical_term_candidate,figure_digitized,5,current_public_value_domain_count,none_observed,observed_not_promoted,forbidden_in_WEBSCHEMA1,"empty string, not_reported, needs_manual_check, and business values remain distinct",not_promoted,WEBR8-D08,WEBR8-v1,WEBSCHEMA1 field inventory + WEBR8 decision contract
VOC_PATENT_EVIDENCE_PATENT_EVIDENCE_TYPE,patent_evidence,patent_evidence_type,figure_text_variant_panel_anchor,canonical_term_candidate,figure_text_variant_panel_anchor,1,current_public_value_domain_count,none_observed,observed_not_promoted,forbidden_in_WEBSCHEMA1,"empty string, not_reported, needs_manual_check, and business values remain distinct",not_promoted,WEBR8-D08,WEBR8-v1,WEBSCHEMA1 field inventory + WEBR8 decision contract
VOC_PATENT_EVIDENCE_PATENT_EVIDENCE_TYPE,patent_evidence,patent_evidence_type,implementation_example_digitized_figure_nonindependent_peer_reviewed_duplicate,canonical_term_candidate,implementation_example_digitized_figure_nonindependent_peer_reviewed_duplicate,50,current_public_value_domain_count,none_observed,observed_not_promoted,forbidden_in_WEBSCHEMA1,"empty string, not_reported, needs_manual_check, and business values remain distinct",not_promoted,WEBR8-D08,WEBR8-v1,WEBSCHEMA1 field inventory + WEBR8 decision contract
VOC_PATENT_EVIDENCE_PATENT_EVIDENCE_TYPE,patent_evidence,patent_evidence_type,implementation_example_digitized_plot,canonical_term_candidate,implementation_example_digitized_plot,12,current_public_value_domain_count,none_observed,observed_not_promoted,forbidden_in_WEBSCHEMA1,"empty string, not_reported, needs_manual_check, and business values remain distinct",not_promoted,WEBR8-D08,WEBR8-v1,WEBSCHEMA1 field inventory + WEBR8 decision contract
VOC_PATENT_EVIDENCE_PATENT_EVIDENCE_TYPE,patent_evidence,patent_evidence_type,implementation_example_figure,canonical_term_candidate,implementation_example_figure,201,current_public_value_domain_count,none_observed,observed_not_promoted,forbidden_in_WEBSCHEMA1,"empty string, not_reported, needs_manual_check, and business values remain distinct",not_promoted,WEBR8-D08,WEBR8-v1,WEBSCHEMA1 field inventory + WEBR8 decision contract
VOC_PATENT_EVIDENCE_PATENT_EVIDENCE_TYPE,patent_evidence,patent_evidence_type,implementation_example_figure_low_precision_digitized,canonical_term_candidate,implementation_example_figure_low_precision_digitized,9,current_public_value_domain_count,none_observed,observed_not_promoted,forbidden_in_WEBSCHEMA1,"empty string, not_reported, needs_manual_check, and business values remain distinct",not_promoted,WEBR8-D08,WEBR8-v1,WEBSCHEMA1 field inventory + WEBR8 decision contract
VOC_PATENT_EVIDENCE_PATENT_EVIDENCE_TYPE,patent_evidence,patent_evidence_type,implementation_example_figure_matrix,canonical_term_candidate,implementation_example_figure_matrix,67,current_public_value_domain_count,none_observed,observed_not_promoted,forbidden_in_WEBSCHEMA1,"empty string, not_reported, needs_manual_check, and business values remain distinct",not_promoted,WEBR8-D08,WEBR8-v1,WEBSCHEMA1 field inventory + WEBR8 decision contract
VOC_PATENT_EVIDENCE_PATENT_EVIDENCE_TYPE,patent_evidence,patent_evidence_type,implementation_example_table,canonical_term_candidate,implementation_example_table,33,current_public_value_domain_count,none_observed,observed_not_promoted,forbidden_in_WEBSCHEMA1,"empty string, not_reported, needs_manual_check, and business values remain distinct",not_promoted,WEBR8-D08,WEBR8-v1,WEBSCHEMA1 field inventory + WEBR8 decision contract
VOC_PATENT_EVIDENCE_PATENT_EVIDENCE_TYPE,patent_evidence,patent_evidence_type,implementation_example_table_crude_or_concentrated_enzyme_liquid,canonical_term_candidate,implementation_example_table_crude_or_concentrated_enzyme_liquid,9,current_public_value_domain_count,none_observed,observed_not_promoted,forbidden_in_WEBSCHEMA1,"empty string, not_reported, needs_manual_check, and business values remain distinct",not_promoted,WEBR8-D08,WEBR8-v1,WEBSCHEMA1 field inventory + WEBR8 decision contract
VOC_PATENT_EVIDENCE_PATENT_EVIDENCE_TYPE,patent_evidence,patent_evidence_type,implementation_example_table_matrix,canonical_term_candidate,implementation_example_table_matrix,330,current_public_value_domain_count,none_observed,observed_not_promoted,forbidden_in_WEBSCHEMA1,"empty string, not_reported, needs_manual_check, and business values remain distinct",not_promoted,WEBR8-D08,WEBR8-v1,WEBSCHEMA1 field inventory + WEBR8 decision contract
VOC_PATENT_EVIDENCE_PATENT_EVIDENCE_TYPE,patent_evidence,patent_evidence_type,implementation_example_text_endpoint,canonical_term_candidate,implementation_example_text_endpoint,2,current_public_value_domain_count,none_observed,observed_not_promoted,forbidden_in_WEBSCHEMA1,"empty string, not_reported, needs_manual_check, and business values remain distinct",not_promoted,WEBR8-D08,WEBR8-v1,WEBSCHEMA1 field inventory + WEBR8 decision contract
VOC_PATENT_EVIDENCE_PATENT_EVIDENCE_TYPE,patent_evidence,patent_evidence_type,implementation_example_text_endpoint_crude_enzyme,canonical_term_candidate,implementation_example_text_endpoint_crude_enzyme,1,current_public_value_domain_count,none_observed,observed_not_promoted,forbidden_in_WEBSCHEMA1,"empty string, not_reported, needs_manual_check, and business values remain distinct",not_promoted,WEBR8-D08,WEBR8-v1,WEBSCHEMA1 field inventory + WEBR8 decision contract
VOC_PATENT_EVIDENCE_PATENT_EVIDENCE_TYPE,patent_evidence,patent_evidence_type,sequence_or_construct_only,canonical_term_candidate,sequence_or_construct_only,1,current_public_value_domain_count,none_observed,observed_not_promoted,forbidden_in_WEBSCHEMA1,"empty string, not_reported, needs_manual_check, and business values remain distinct",not_promoted,WEBR8-D08,WEBR8-v1,WEBSCHEMA1 field inventory + WEBR8 decision contract
VOC_PATENT_EVIDENCE_PATENT_EVIDENCE_TYPE,patent_evidence,patent_evidence_type,sequence_or_construct_only_process_use_anchor,canonical_term_candidate,sequence_or_construct_only_process_use_anchor,1,current_public_value_domain_count,none_observed,observed_not_promoted,forbidden_in_WEBSCHEMA1,"empty string, not_reported, needs_manual_check, and business values remain distinct",not_promoted,WEBR8-D08,WEBR8-v1,WEBSCHEMA1 field inventory + WEBR8 decision contract
VOC_PATENT_EVIDENCE_PATENT_FAMILY_ROLE,patent_evidence,patent_family_role,canonical_application_pdf_source,canonical_term_candidate,canonical_application_pdf_source,10,current_public_value_domain_count,none_observed,observed_not_promoted,forbidden_in_WEBSCHEMA1,"empty string, not_reported, needs_manual_check, and business values remain distinct",not_promoted,WEBR8-D08,WEBR8-v1,WEBSCHEMA1 field inventory + WEBR8 decision contract
VOC_PATENT_EVIDENCE_PATENT_FAMILY_ROLE,patent_evidence,patent_family_role,canonical_full_text_source,canonical_term_candidate,canonical_full_text_source,33,current_public_value_domain_count,none_observed,observed_not_promoted,forbidden_in_WEBSCHEMA1,"empty string, not_reported, needs_manual_check, and business values remain distinct",not_promoted,WEBR8-D08,WEBR8-v1,WEBSCHEMA1 field inventory + WEBR8 decision contract
VOC_PATENT_EVIDENCE_PATENT_FAMILY_ROLE,patent_evidence,patent_family_role,canonical_grant_pdf_source,canonical_term_candidate,canonical_grant_pdf_source,140,current_public_value_domain_count,none_observed,observed_not_promoted,forbidden_in_WEBSCHEMA1,"empty string, not_reported, needs_manual_check, and business values remain distinct",not_promoted,WEBR8-D08,WEBR8-v1,WEBSCHEMA1 field inventory + WEBR8 decision contract
VOC_PATENT_EVIDENCE_PATENT_FAMILY_ROLE,patent_evidence,patent_family_role,family_anchor,canonical_term_candidate,family_anchor,14,current_public_value_domain_count,none_observed,observed_not_promoted,forbidden_in_WEBSCHEMA1,"empty string, not_reported, needs_manual_check, and business values remain distinct",not_promoted,WEBR8-D08,WEBR8-v1,WEBSCHEMA1 field inventory + WEBR8 decision contract
VOC_PATENT_EVIDENCE_PATENT_FAMILY_ROLE,patent_evidence,patent_family_role,family_upgrade,canonical_term_candidate,family_upgrade,15,current_public_value_domain_count,none_observed,observed_not_promoted,forbidden_in_WEBSCHEMA1,"empty string, not_reported, needs_manual_check, and business values remain distinct",not_promoted,WEBR8-D08,WEBR8-v1,WEBSCHEMA1 field inventory + WEBR8 decision contract
VOC_PATENT_EVIDENCE_PATENT_FAMILY_ROLE,patent_evidence,patent_family_role,PCT_publication,canonical_term_candidate,PCT_publication,531,current_public_value_domain_count,none_observed,observed_not_promoted,forbidden_in_WEBSCHEMA1,"empty string, not_reported, needs_manual_check, and business values remain distinct",not_promoted,WEBR8-D08,WEBR8-v1,WEBSCHEMA1 field inventory + WEBR8 decision contract
VOC_PATENT_EVIDENCE_PATENT_LANGUAGE,patent_evidence,patent_language,en,canonical_term_candidate,en,585,current_public_value_domain_count,none_observed,observed_not_promoted,forbidden_in_WEBSCHEMA1,"empty string, not_reported, needs_manual_check, and business values remain distinct",not_promoted,WEBR8-D08,WEBR8-v1,WEBSCHEMA1 field inventory + WEBR8 decision contract
VOC_PATENT_EVIDENCE_PATENT_LANGUAGE,patent_evidence,patent_language,zh,canonical_term_candidate,zh,158,current_public_value_domain_count,none_observed,observed_not_promoted,forbidden_in_WEBSCHEMA1,"empty string, not_reported, needs_manual_check, and business values remain distinct",not_promoted,WEBR8-D08,WEBR8-v1,WEBSCHEMA1 field inventory + WEBR8 decision contract
VOC_PATENT_EVIDENCE_PATENT_PUBLICATION_NUMBER,patent_evidence,patent_publication_number,CN101173258B,canonical_term_candidate,CN101173258B,1,current_public_value_domain_count,none_observed,observed_not_promoted,forbidden_in_WEBSCHEMA1,"empty string, not_reported, needs_manual_check, and business values remain distinct",not_promoted,WEBR8-D08,WEBR8-v1,WEBSCHEMA1 field inventory + WEBR8 decision contract
VOC_PATENT_EVIDENCE_PATENT_PUBLICATION_NUMBER,patent_evidence,patent_publication_number,CN102174422B,canonical_term_candidate,CN102174422B,1,current_public_value_domain_count,none_observed,observed_not_promoted,forbidden_in_WEBSCHEMA1,"empty string, not_reported, needs_manual_check, and business values remain distinct",not_promoted,WEBR8-D08,WEBR8-v1,WEBSCHEMA1 field inventory + WEBR8 decision contract
VOC_PATENT_EVIDENCE_PATENT_PUBLICATION_NUMBER,patent_evidence,patent_publication_number,CN103184160A,canonical_term_candidate,CN103184160A,9,current_public_value_domain_count,none_observed,observed_not_promoted,forbidden_in_WEBSCHEMA1,"empty string, not_reported, needs_manual_check, and business values remain distinct",not_promoted,WEBR8-D08,WEBR8-v1,WEBSCHEMA1 field inventory + WEBR8 decision contract
VOC_PATENT_EVIDENCE_PATENT_PUBLICATION_NUMBER,patent_evidence,patent_publication_number,CN103865941B,canonical_term_candidate,CN103865941B,12,current_public_value_domain_count,none_observed,observed_not_promoted,forbidden_in_WEBSCHEMA1,"empty string, not_reported, needs_manual_check, and business values remain distinct",not_promoted,WEBR8-D08,WEBR8-v1,WEBSCHEMA1 field inventory + WEBR8 decision contract
VOC_PATENT_EVIDENCE_PATENT_PUBLICATION_NUMBER,patent_evidence,patent_publication_number,CN104278004A,canonical_term_candidate,CN104278004A,5,current_public_value_domain_count,none_observed,observed_not_promoted,forbidden_in_WEBSCHEMA1,"empty string, not_reported, needs_manual_check, and business values remain distinct",not_promoted,WEBR8-D08,WEBR8-v1,WEBSCHEMA1 field inventory + WEBR8 decision contract
VOC_PATENT_EVIDENCE_PATENT_PUBLICATION_NUMBER,patent_evidence,patent_publication_number,CN108251400B,canonical_term_candidate,CN108251400B,9,current_public_value_domain_count,none_observed,observed_not_promoted,forbidden_in_WEBSCHEMA1,"empty string, not_reported, needs_manual_check, and business values remain distinct",not_promoted,WEBR8-D08,WEBR8-v1,WEBSCHEMA1 field inventory + WEBR8 decision contract
VOC_PATENT_EVIDENCE_PATENT_PUBLICATION_NUMBER,patent_evidence,patent_publication_number,CN115369099B,canonical_term_candidate,CN115369099B,67,current_public_value_domain_count,none_observed,observed_not_promoted,forbidden_in_WEBSCHEMA1,"empty string, not_reported, needs_manual_check, and business values remain distinct",not_promoted,WEBR8-D08,WEBR8-v1,WEBSCHEMA1 field inventory + WEBR8 decision contract
VOC_PATENT_EVIDENCE_PATENT_PUBLICATION_NUMBER,patent_evidence,patent_publication_number,CN115927249A,canonical_term_candidate,CN115927249A,1,current_public_value_domain_count,none_observed,observed_not_promoted,forbidden_in_WEBSCHEMA1,"empty string, not_reported, needs_manual_check, and business values remain distinct",not_promoted,WEBR8-D08,WEBR8-v1,WEBSCHEMA1 field inventory + WEBR8 decision contract
VOC_PATENT_EVIDENCE_PATENT_PUBLICATION_NUMBER,patent_evidence,patent_publication_number,CN117070495B,canonical_term_candidate,CN117070495B,50,current_public_value_domain_count,none_observed,observed_not_promoted,forbidden_in_WEBSCHEMA1,"empty string, not_reported, needs_manual_check, and business values remain distinct",not_promoted,WEBR8-D08,WEBR8-v1,WEBSCHEMA1 field inventory + WEBR8 decision contract
VOC_PATENT_EVIDENCE_PATENT_PUBLICATION_NUMBER,patent_evidence,patent_publication_number,CN117887688A,canonical_term_candidate,CN117887688A,1,current_public_value_domain_count,none_observed,observed_not_promoted,forbidden_in_WEBSCHEMA1,"empty string, not_reported, needs_manual_check, and business values remain distinct",not_promoted,WEBR8-D08,WEBR8-v1,WEBSCHEMA1 field inventory + WEBR8 decision contract
VOC_PATENT_EVIDENCE_PATENT_PUBLICATION_NUMBER,patent_evidence,patent_publication_number,CN119082082B,canonical_term_candidate,CN119082082B,2,current_public_value_domain_count,none_observed,observed_not_promoted,forbidden_in_WEBSCHEMA1,"empty string, not_reported, needs_manual_check, and business values remain distinct",not_promoted,WEBR8-D08,WEBR8-v1,WEBSCHEMA1 field inventory + WEBR8 decision contract
VOC_PATENT_EVIDENCE_PATENT_PUBLICATION_NUMBER,patent_evidence,patent_publication_number,EP2050823A1,canonical_term_candidate,EP2050823A1,12,current_public_value_domain_count,none_observed,observed_not_promoted,forbidden_in_WEBSCHEMA1,"empty string, not_reported, needs_manual_check, and business values remain distinct",not_promoted,WEBR8-D08,WEBR8-v1,WEBSCHEMA1 field inventory + WEBR8 decision contract
VOC_PATENT_EVIDENCE_PATENT_PUBLICATION_NUMBER,patent_evidence,patent_publication_number,KR20160068094A,canonical_term_candidate,KR20160068094A,1,current_public_value_domain_count,none_observed,observed_not_promoted,forbidden_in_WEBSCHEMA1,"empty string, not_reported, needs_manual_check, and business values remain distinct",not_promoted,WEBR8-D08,WEBR8-v1,WEBSCHEMA1 field inventory + WEBR8 decision contract
VOC_PATENT_EVIDENCE_PATENT_PUBLICATION_NUMBER,patent_evidence,patent_publication_number,US20250136958A1,canonical_term_candidate,US20250136958A1,1,current_public_value_domain_count,none_observed,observed_not_promoted,forbidden_in_WEBSCHEMA1,"empty string, not_reported, needs_manual_check, and business values remain distinct",not_promoted,WEBR8-D08,WEBR8-v1,WEBSCHEMA1 field inventory + WEBR8 decision contract
VOC_PATENT_EVIDENCE_PATENT_PUBLICATION_NUMBER,patent_evidence,patent_publication_number,WO2009069116A2,canonical_term_candidate,WO2009069116A2,5,current_public_value_domain_count,none_observed,observed_not_promoted,forbidden_in_WEBSCHEMA1,"empty string, not_reported, needs_manual_check, and business values remain distinct",not_promoted,WEBR8-D08,WEBR8-v1,WEBSCHEMA1 field inventory + WEBR8 decision contract
VOC_PATENT_EVIDENCE_PATENT_PUBLICATION_NUMBER,patent_evidence,patent_publication_number,WO2011067349A1,canonical_term_candidate,WO2011067349A1,33,current_public_value_domain_count,none_observed,observed_not_promoted,forbidden_in_WEBSCHEMA1,"empty string, not_reported, needs_manual_check, and business values remain distinct",not_promoted,WEBR8-D08,WEBR8-v1,WEBSCHEMA1 field inventory + WEBR8 decision contract
VOC_PATENT_EVIDENCE_PATENT_PUBLICATION_NUMBER,patent_evidence,patent_publication_number,WO2013022320A2,canonical_term_candidate,WO2013022320A2,1,current_public_value_domain_count,none_observed,observed_not_promoted,forbidden_in_WEBSCHEMA1,"empty string, not_reported, needs_manual_check, and business values remain distinct",not_promoted,WEBR8-D08,WEBR8-v1,WEBSCHEMA1 field inventory + WEBR8 decision contract
VOC_PATENT_EVIDENCE_PATENT_PUBLICATION_NUMBER,patent_evidence,patent_publication_number,WO2014074352A1,canonical_term_candidate,WO2014074352A1,201,current_public_value_domain_count,none_observed,observed_not_promoted,forbidden_in_WEBSCHEMA1,"empty string, not_reported, needs_manual_check, and business values remain distinct",not_promoted,WEBR8-D08,WEBR8-v1,WEBSCHEMA1 field inventory + WEBR8 decision contract
VOC_PATENT_EVIDENCE_PATENT_PUBLICATION_NUMBER,patent_evidence,patent_publication_number,WO2023282853A2,canonical_term_candidate,WO2023282853A2,330,current_public_value_domain_count,none_observed,observed_not_promoted,forbidden_in_WEBSCHEMA1,"empty string, not_reported, needs_manual_check, and business values remain distinct",not_promoted,WEBR8-D08,WEBR8-v1,WEBSCHEMA1 field inventory + WEBR8 decision contract
VOC_PATENT_EVIDENCE_PATENT_PUBLICATION_NUMBER,patent_evidence,patent_publication_number,WO2024131628A1,canonical_term_candidate,WO2024131628A1,1,current_public_value_domain_count,none_observed,observed_not_promoted,forbidden_in_WEBSCHEMA1,"empty string, not_reported, needs_manual_check, and business values remain distinct",not_promoted,WEBR8-D08,WEBR8-v1,WEBSCHEMA1 field inventory + WEBR8 decision contract
VOC_PATENT_EVIDENCE_PATENT_TITLE,patent_evidence,patent_title,Amphipathic peptide-lipase conjugate having advanced lipase activity and use thereof,canonical_term_candidate,Amphipathic peptide-lipase conjugate having advanced lipase activity and use thereof,1,current_public_value_domain_count,none_observed,observed_not_promoted,forbidden_in_WEBSCHEMA1,"empty string, not_reported, needs_manual_check, and business values remain distinct",not_promoted,WEBR8-D08,WEBR8-v1,WEBSCHEMA1 field inventory + WEBR8 decision contract
VOC_PATENT_EVIDENCE_PATENT_TITLE,patent_evidence,patent_title,Common proteus lipase mutant and uses thereof,canonical_term_candidate,Common proteus lipase mutant and uses thereof,1,current_public_value_domain_count,none_observed,observed_not_promoted,forbidden_in_WEBSCHEMA1,"empty string, not_reported, needs_manual_check, and business values remain distinct",not_promoted,WEBR8-D08,WEBR8-v1,WEBSCHEMA1 field inventory + WEBR8 decision contract
VOC_PATENT_EVIDENCE_PATENT_TITLE,patent_evidence,patent_title,Dieselzymes and methanol tolerant lipases,canonical_term_candidate,Dieselzymes and methanol tolerant lipases,201,current_public_value_domain_count,none_observed,observed_not_promoted,forbidden_in_WEBSCHEMA1,"empty string, not_reported, needs_manual_check, and business values remain distinct",not_promoted,WEBR8-D08,WEBR8-v1,WEBSCHEMA1 field inventory + WEBR8 decision contract
VOC_PATENT_EVIDENCE_PATENT_TITLE,patent_evidence,patent_title,Engineering of Rhizopus oryzae lipase to increase its thermostability for the production of structured triacylglycerols,canonical_term_candidate,Engineering of Rhizopus oryzae lipase to increase its thermostability for the production of structured triacylglycerols,1,current_public_value_domain_count,none_observed,observed_not_promoted,forbidden_in_WEBSCHEMA1,"empty string, not_reported, needs_manual_check, and business values remain distinct",not_promoted,WEBR8-D08,WEBR8-v1,WEBSCHEMA1 field inventory + WEBR8 decision contract
VOC_PATENT_EVIDENCE_PATENT_TITLE,patent_evidence,patent_title,Enzymatic biodiesel production,canonical_term_candidate,Enzymatic biodiesel production,12,current_public_value_domain_count,none_observed,observed_not_promoted,forbidden_in_WEBSCHEMA1,"empty string, not_reported, needs_manual_check, and business values remain distinct",not_promoted,WEBR8-D08,WEBR8-v1,WEBSCHEMA1 field inventory + WEBR8 decision contract
VOC_PATENT_EVIDENCE_PATENT_TITLE,patent_evidence,patent_title,"F6 lipase as well as encoding gene, preparation method and application thereof",canonical_term_candidate,"F6 lipase as well as encoding gene, preparation method and application thereof",5,current_public_value_domain_count,none_observed,observed_not_promoted,forbidden_in_WEBSCHEMA1,"empty string, not_reported, needs_manual_check, and business values remain distinct",not_promoted,WEBR8-D08,WEBR8-v1,WEBSCHEMA1 field inventory + WEBR8 decision contract
VOC_PATENT_EVIDENCE_PATENT_TITLE,patent_evidence,patent_title,"Lipase mutée ""TDLm2"", procédé de préparation, polypeptide, composition, acide nucléique, méthode de dégradation et d'acylation, et utilisation associée",canonical_term_candidate,"Lipase mutée ""TDLm2"", procédé de préparation, polypeptide, composition, acide nucléique, méthode de dégradation et d'acylation, et utilisation associée",1,current_public_value_domain_count,none_observed,observed_not_promoted,forbidden_in_WEBSCHEMA1,"empty string, not_reported, needs_manual_check, and business values remain distinct",not_promoted,WEBR8-D08,WEBR8-v1,WEBSCHEMA1 field inventory + WEBR8 decision contract
VOC_PATENT_EVIDENCE_PATENT_TITLE,patent_evidence,patent_title,Lipases for use in production of a fatty acid ester,canonical_term_candidate,Lipases for use in production of a fatty acid ester,330,current_public_value_domain_count,none_observed,observed_not_promoted,forbidden_in_WEBSCHEMA1,"empty string, not_reported, needs_manual_check, and business values remain distinct",not_promoted,WEBR8-D08,WEBR8-v1,WEBSCHEMA1 field inventory + WEBR8 decision contract
VOC_PATENT_EVIDENCE_PATENT_TITLE,patent_evidence,patent_title,Method for preparing lipase with improved thermal stability and methanol-tolerance,canonical_term_candidate,Method for preparing lipase with improved thermal stability and methanol-tolerance,1,current_public_value_domain_count,none_observed,observed_not_promoted,forbidden_in_WEBSCHEMA1,"empty string, not_reported, needs_manual_check, and business values remain distinct",not_promoted,WEBR8-D08,WEBR8-v1,WEBSCHEMA1 field inventory + WEBR8 decision contract
VOC_PATENT_EVIDENCE_PATENT_TITLE,patent_evidence,patent_title,Mutant of RML lipase and its application,canonical_term_candidate,Mutant of RML lipase and its application,1,current_public_value_domain_count,none_observed,observed_not_promoted,forbidden_in_WEBSCHEMA1,"empty string, not_reported, needs_manual_check, and business values remain distinct",not_promoted,WEBR8-D08,WEBR8-v1,WEBSCHEMA1 field inventory + WEBR8 decision contract
VOC_PATENT_EVIDENCE_PATENT_TITLE,patent_evidence,patent_title,"Organic solvent-resistant lipase production strain, gene of lipase and application of lipase",canonical_term_candidate,"Organic solvent-resistant lipase production strain, gene of lipase and application of lipase",1,current_public_value_domain_count,none_observed,observed_not_promoted,forbidden_in_WEBSCHEMA1,"empty string, not_reported, needs_manual_check, and business values remain distinct",not_promoted,WEBR8-D08,WEBR8-v1,WEBSCHEMA1 field inventory + WEBR8 decision contract
VOC_PATENT_EVIDENCE_PATENT_TITLE,patent_evidence,patent_title,Robust multi-enzyme preparation for synthesis of fatty acid alkyl esters,canonical_term_candidate,Robust multi-enzyme preparation for synthesis of fatty acid alkyl esters,5,current_public_value_domain_count,none_observed,observed_not_promoted,forbidden_in_WEBSCHEMA1,"empty string, not_reported, needs_manual_check, and business values remain distinct",not_promoted,WEBR8-D08,WEBR8-v1,WEBSCHEMA1 field inventory + WEBR8 decision contract
VOC_PATENT_EVIDENCE_PATENT_TITLE,patent_evidence,patent_title,Variants of a polypeptide with lipolytic activity and improved stability,canonical_term_candidate,Variants of a polypeptide with lipolytic activity and improved stability,33,current_public_value_domain_count,none_observed,observed_not_promoted,forbidden_in_WEBSCHEMA1,"empty string, not_reported, needs_manual_check, and business values remain distinct",not_promoted,WEBR8-D08,WEBR8-v1,WEBSCHEMA1 field inventory + WEBR8 decision contract
VOC_PATENT_EVIDENCE_PATENT_TITLE,patent_evidence,patent_title,一种产耐有机溶剂脂肪酶的菌株、耐有机溶剂脂肪酶及其制备方法,alias_candidate,脂肪酶及其应用,9,current_public_value_domain_count,normalized-form collision; human merge decision required,rejected,forbidden,"empty string, not_reported, needs_manual_check, and business values remain distinct",semantic_collision_not_alias,WEBR8-D08,WEBR8-v1,WEBSCHEMA1 field inventory + WEBR8 decision contract
VOC_PATENT_EVIDENCE_PATENT_TITLE,patent_evidence,patent_title,一种来源于枝孢霉的脂肪酶、其编码基因序列及其用途,alias_candidate,脂肪酶及其应用,12,current_public_value_domain_count,normalized-form collision; human merge decision required,rejected,forbidden,"empty string, not_reported, needs_manual_check, and business values remain distinct",semantic_collision_not_alias,WEBR8-D08,WEBR8-v1,WEBSCHEMA1 field inventory + WEBR8 decision contract
VOC_PATENT_EVIDENCE_PATENT_TITLE,patent_evidence,patent_title,一种米黑根毛霉脂肪酶突变体及提高米黑根毛霉脂肪酶活性和/或甲醇耐受性的方法,alias_candidate,脂肪酶及其应用,67,current_public_value_domain_count,normalized-form collision; human merge decision required,rejected,forbidden,"empty string, not_reported, needs_manual_check, and business values remain distinct",semantic_collision_not_alias,WEBR8-D08,WEBR8-v1,WEBSCHEMA1 field inventory + WEBR8 decision contract
VOC_PATENT_EVIDENCE_PATENT_TITLE,patent_evidence,patent_title,一种耐热性提高的脂肪酶突变体及其制备方法和应用,alias_candidate,脂肪酶及其应用,2,current_public_value_domain_count,normalized-form collision; human merge decision required,rejected,forbidden,"empty string, not_reported, needs_manual_check, and business values remain distinct",semantic_collision_not_alias,WEBR8-D08,WEBR8-v1,WEBSCHEMA1 field inventory + WEBR8 decision contract
VOC_PATENT_EVIDENCE_PATENT_TITLE,patent_evidence,patent_title,一种高活力、高稳定性的脂肪酶突变体及其编码基因和应用,alias_candidate,脂肪酶及其应用,1,current_public_value_domain_count,normalized-form collision; human merge decision required,rejected,forbidden,"empty string, not_reported, needs_manual_check, and business values remain distinct",semantic_collision_not_alias,WEBR8-D08,WEBR8-v1,WEBSCHEMA1 field inventory + WEBR8 decision contract
VOC_PATENT_EVIDENCE_PATENT_TITLE,patent_evidence,patent_title,疏棉状嗜热丝孢菌脂肪酶突变体E129Y、E134W及其应用,canonical_term_candidate,疏棉状嗜热丝孢菌脂肪酶突变体E129Y、E134W及其应用,50,current_public_value_domain_count,none_observed,observed_not_promoted,forbidden_in_WEBSCHEMA1,"empty string, not_reported, needs_manual_check, and business values remain distinct",not_promoted,WEBR8-D08,WEBR8-v1,WEBSCHEMA1 field inventory + WEBR8 decision contract
VOC_PATENT_EVIDENCE_PATENT_TITLE,patent_evidence,patent_title,脂肪酶及其应用,alias_candidate,脂肪酶及其应用,9,current_public_value_domain_count,normalized-form collision; human merge decision required,proposed_not_promoted,forbidden_in_WEBSCHEMA1,"empty string, not_reported, needs_manual_check, and business values remain distinct",not_promoted,WEBR8-D08,WEBR8-v1,WEBSCHEMA1 field inventory + WEBR8 decision contract
VOC_PATENT_EVIDENCE_PDB_ERROR_TYPE,patent_evidence,pdb_error_type,INHERITED_FROM_PARENT_PATENT,canonical_term_candidate,INHERITED_FROM_PARENT_PATENT,224,current_public_value_domain_count,none_observed,observed_not_promoted,forbidden_in_WEBSCHEMA1,"empty string, not_reported, needs_manual_check, and business values remain distinct",not_promoted,WEBR8-D08,WEBR8-v1,WEBSCHEMA1 field inventory + WEBR8 decision contract
VOC_PATENT_EVIDENCE_READOUT_DEFINED,patent_evidence,readout_defined,no,canonical_term_candidate,no,7,current_public_value_domain_count,none_observed,observed_not_promoted,forbidden_in_WEBSCHEMA1,"empty string, not_reported, needs_manual_check, and business values remain distinct",not_promoted,WEBR8-D08,WEBR8-v1,WEBSCHEMA1 field inventory + WEBR8 decision contract
VOC_PATENT_EVIDENCE_READOUT_DEFINED,patent_evidence,readout_defined,yes,canonical_term_candidate,yes,736,current_public_value_domain_count,none_observed,observed_not_promoted,forbidden_in_WEBSCHEMA1,"empty string, not_reported, needs_manual_check, and business values remain distinct",not_promoted,WEBR8-D08,WEBR8-v1,WEBSCHEMA1 field inventory + WEBR8 decision contract
VOC_PATENT_EVIDENCE_SOURCE_TYPE,patent_evidence,source_type,patent,canonical_term_candidate,patent,743,current_public_value_domain_count,none_observed,observed_not_promoted,forbidden_in_WEBSCHEMA1,"empty string, not_reported, needs_manual_check, and business values remain distinct",not_promoted,WEBR8-D08,WEBR8-v1,WEBSCHEMA1 field inventory + WEBR8 decision contract
VOC_PATENT_EVIDENCE_STRUCTURE_MODELING_READINESS,patent_evidence,structure_modeling_readiness,phenotype_ready,canonical_term_candidate,phenotype_ready,18,current_public_value_domain_count,none_observed,observed_not_promoted,forbidden_in_WEBSCHEMA1,"empty string, not_reported, needs_manual_check, and business values remain distinct",not_promoted,WEBR8-D08,WEBR8-v1,WEBSCHEMA1 field inventory + WEBR8 decision contract
VOC_PATENT_EVIDENCE_STRUCTURE_MODELING_READINESS,patent_evidence,structure_modeling_readiness,sequence_ready,canonical_term_candidate,sequence_ready,574,current_public_value_domain_count,none_observed,observed_not_promoted,forbidden_in_WEBSCHEMA1,"empty string, not_reported, needs_manual_check, and business values remain distinct",not_promoted,WEBR8-D08,WEBR8-v1,WEBSCHEMA1 field inventory + WEBR8 decision contract
VOC_PATENT_EVIDENCE_STRUCTURE_MODELING_READINESS,patent_evidence,structure_modeling_readiness,structure_ready,canonical_term_candidate,structure_ready,151,current_public_value_domain_count,none_observed,observed_not_promoted,forbidden_in_WEBSCHEMA1,"empty string, not_reported, needs_manual_check, and business values remain distinct",not_promoted,WEBR8-D08,WEBR8-v1,WEBSCHEMA1 field inventory + WEBR8 decision contract
VOC_PATENT_EVIDENCE_SUBSTRATE_CONC_UNIT,patent_evidence,substrate_conc_unit,mg/ml,canonical_term_candidate,mg/ml,330,current_public_value_domain_count,none_observed,observed_not_promoted,forbidden_in_WEBSCHEMA1,"empty string, not_reported, needs_manual_check, and business values remain distinct",not_promoted,WEBR8-D08,WEBR8-v1,WEBSCHEMA1 field inventory + WEBR8 decision contract
VOC_PATENT_EVIDENCE_SUBSTRATE_CONC_UNIT,patent_evidence,substrate_conc_unit,mg/ml stock in isopropanol,canonical_term_candidate,mg/ml stock in isopropanol,9,current_public_value_domain_count,none_observed,observed_not_promoted,forbidden_in_WEBSCHEMA1,"empty string, not_reported, needs_manual_check, and business values remain distinct",not_promoted,WEBR8-D08,WEBR8-v1,WEBSCHEMA1 field inventory + WEBR8 decision contract
VOC_PATENT_EVIDENCE_SUBSTRATE_CONC_UNIT,patent_evidence,substrate_conc_unit,mM,canonical_term_candidate,mM,235,current_public_value_domain_count,none_observed,observed_not_promoted,forbidden_in_WEBSCHEMA1,"empty string, not_reported, needs_manual_check, and business values remain distinct",not_promoted,WEBR8-D08,WEBR8-v1,WEBSCHEMA1 field inventory + WEBR8 decision contract
VOC_PATENT_EVIDENCE_SUBSTRATE_CONC_UNIT,patent_evidence,substrate_conc_unit,mM stock,canonical_term_candidate,mM stock,50,current_public_value_domain_count,none_observed,observed_not_promoted,forbidden_in_WEBSCHEMA1,"empty string, not_reported, needs_manual_check, and business values remain distinct",not_promoted,WEBR8-D08,WEBR8-v1,WEBSCHEMA1 field inventory + WEBR8 decision contract
VOC_PATENT_EVIDENCE_TIME_SERIES_AVAILABLE,patent_evidence,time_series_available,no,canonical_term_candidate,no,577,current_public_value_domain_count,none_observed,observed_not_promoted,forbidden_in_WEBSCHEMA1,"empty string, not_reported, needs_manual_check, and business values remain distinct",not_promoted,WEBR8-D08,WEBR8-v1,WEBSCHEMA1 field inventory + WEBR8 decision contract
VOC_PATENT_EVIDENCE_TIME_SERIES_AVAILABLE,patent_evidence,time_series_available,yes,canonical_term_candidate,yes,166,current_public_value_domain_count,none_observed,observed_not_promoted,forbidden_in_WEBSCHEMA1,"empty string, not_reported, needs_manual_check, and business values remain distinct",not_promoted,WEBR8-D08,WEBR8-v1,WEBSCHEMA1 field inventory + WEBR8 decision contract
VOC_PUBLIC_MTS_GOVERNANCE_DISPLAY_STATE,public_mts_governance,display_state,evidence_absent,canonical_term_candidate,evidence_absent,180,current_public_value_domain_count,none_observed,observed_not_promoted,forbidden_in_WEBSCHEMA1,"empty string, not_reported, needs_manual_check, and business values remain distinct",not_promoted,WEBR8-D08,WEBR8-v1,WEBSCHEMA1 field inventory + WEBR8 decision contract
VOC_PUBLIC_MTS_GOVERNANCE_DISPLAY_STATE,public_mts_governance,display_state,evidence_moderate,canonical_term_candidate,evidence_moderate,104,current_public_value_domain_count,none_observed,observed_not_promoted,forbidden_in_WEBSCHEMA1,"empty string, not_reported, needs_manual_check, and business values remain distinct",not_promoted,WEBR8-D08,WEBR8-v1,WEBSCHEMA1 field inventory + WEBR8 decision contract
VOC_PUBLIC_MTS_GOVERNANCE_DISPLAY_STATE,public_mts_governance,display_state,evidence_rich,canonical_term_candidate,evidence_rich,126,current_public_value_domain_count,none_observed,observed_not_promoted,forbidden_in_WEBSCHEMA1,"empty string, not_reported, needs_manual_check, and business values remain distinct",not_promoted,WEBR8-D08,WEBR8-v1,WEBSCHEMA1 field inventory + WEBR8 decision contract
VOC_PUBLIC_MTS_GOVERNANCE_DISPLAY_STATE,public_mts_governance,display_state,evidence_sparse,canonical_term_candidate,evidence_sparse,201,current_public_value_domain_count,none_observed,observed_not_promoted,forbidden_in_WEBSCHEMA1,"empty string, not_reported, needs_manual_check, and business values remain distinct",not_promoted,WEBR8-D08,WEBR8-v1,WEBSCHEMA1 field inventory + WEBR8 decision contract
VOC_PUBLIC_MTS_GOVERNANCE_ENTITY_ROLE,public_mts_governance,entity_role,canonical_entity,canonical_term_candidate,canonical_entity,331,current_public_value_domain_count,none_observed,observed_not_promoted,forbidden_in_WEBSCHEMA1,"empty string, not_reported, needs_manual_check, and business values remain distinct",not_promoted,WEBR8-D08,WEBR8-v1,WEBSCHEMA1 field inventory + WEBR8 decision contract
VOC_PUBLIC_MTS_GOVERNANCE_ENTITY_ROLE,public_mts_governance,entity_role,engineered_chimera,canonical_term_candidate,engineered_chimera,1,current_public_value_domain_count,none_observed,observed_not_promoted,forbidden_in_WEBSCHEMA1,"empty string, not_reported, needs_manual_check, and business values remain distinct",not_promoted,WEBR8-D08,WEBR8-v1,WEBSCHEMA1 field inventory + WEBR8 decision contract
VOC_PUBLIC_MTS_GOVERNANCE_ENTITY_ROLE,public_mts_governance,entity_role,enzyme_identity,canonical_term_candidate,enzyme_identity,14,current_public_value_domain_count,none_observed,observed_not_promoted,forbidden_in_WEBSCHEMA1,"empty string, not_reported, needs_manual_check, and business values remain distinct",not_promoted,WEBR8-D08,WEBR8-v1,WEBSCHEMA1 field inventory + WEBR8 decision contract
VOC_PUBLIC_MTS_GOVERNANCE_ENTITY_ROLE,public_mts_governance,entity_role,known_duplicate_alias,canonical_term_candidate,known_duplicate_alias,13,current_public_value_domain_count,none_observed,observed_not_promoted,forbidden_in_WEBSCHEMA1,"empty string, not_reported, needs_manual_check, and business values remain distinct",not_promoted,WEBR8-D08,WEBR8-v1,WEBSCHEMA1 field inventory + WEBR8 decision contract
VOC_PUBLIC_MTS_GOVERNANCE_ENTITY_ROLE,public_mts_governance,entity_role,mutant_or_engineered_construct,canonical_term_candidate,mutant_or_engineered_construct,234,current_public_value_domain_count,none_observed,observed_not_promoted,forbidden_in_WEBSCHEMA1,"empty string, not_reported, needs_manual_check, and business values remain distinct",not_promoted,WEBR8-D08,WEBR8-v1,WEBSCHEMA1 field inventory + WEBR8 decision contract
VOC_PUBLIC_MTS_GOVERNANCE_ENTITY_ROLE,public_mts_governance,entity_role,same_uniprot_wt_alias,canonical_term_candidate,same_uniprot_wt_alias,13,current_public_value_domain_count,none_observed,observed_not_promoted,forbidden_in_WEBSCHEMA1,"empty string, not_reported, needs_manual_check, and business values remain distinct",not_promoted,WEBR8-D08,WEBR8-v1,WEBSCHEMA1 field inventory + WEBR8 decision contract
VOC_PUBLIC_MTS_GOVERNANCE_NUMERIC_DISPLAY_ALLOWED,public_mts_governance,numeric_display_allowed,FALSE,canonical_term_candidate,FALSE,180,current_public_value_domain_count,none_observed,observed_not_promoted,forbidden_in_WEBSCHEMA1,"empty string, not_reported, needs_manual_check, and business values remain distinct",not_promoted,WEBR8-D08,WEBR8-v1,WEBSCHEMA1 field inventory + WEBR8 decision contract
VOC_PUBLIC_MTS_GOVERNANCE_NUMERIC_DISPLAY_ALLOWED,public_mts_governance,numeric_display_allowed,TRUE,canonical_term_candidate,TRUE,431,current_public_value_domain_count,none_observed,observed_not_promoted,forbidden_in_WEBSCHEMA1,"empty string, not_reported, needs_manual_check, and business values remain distinct",not_promoted,WEBR8-D08,WEBR8-v1,WEBSCHEMA1 field inventory + WEBR8 decision contract
VOC_PUBLIC_MTS_GOVERNANCE_PUBLICATION_RECORD_ALLOWED,public_mts_governance,publication_record_allowed,TRUE,canonical_term_candidate,TRUE,611,current_public_value_domain_count,none_observed,observed_not_promoted,forbidden_in_WEBSCHEMA1,"empty string, not_reported, needs_manual_check, and business values remain distinct",not_promoted,WEBR8-D08,WEBR8-v1,WEBSCHEMA1 field inventory + WEBR8 decision contract
VOC_PUBLIC_MTS_GOVERNANCE_RANK_ELIGIBLE,public_mts_governance,rank_eligible,FALSE,canonical_term_candidate,FALSE,180,current_public_value_domain_count,none_observed,observed_not_promoted,forbidden_in_WEBSCHEMA1,"empty string, not_reported, needs_manual_check, and business values remain distinct",not_promoted,WEBR8-D08,WEBR8-v1,WEBSCHEMA1 field inventory + WEBR8 decision contract
VOC_PUBLIC_MTS_GOVERNANCE_RANK_ELIGIBLE,public_mts_governance,rank_eligible,TRUE,canonical_term_candidate,TRUE,431,current_public_value_domain_count,none_observed,observed_not_promoted,forbidden_in_WEBSCHEMA1,"empty string, not_reported, needs_manual_check, and business values remain distinct",not_promoted,WEBR8-D08,WEBR8-v1,WEBSCHEMA1 field inventory + WEBR8 decision contract
VOC_PUBLIC_MTS_GOVERNANCE_TOLERANCE_TIER,public_mts_governance,tolerance_tier,evidence_absent,canonical_term_candidate,evidence_absent,180,current_public_value_domain_count,none_observed,observed_not_promoted,forbidden_in_WEBSCHEMA1,"empty string, not_reported, needs_manual_check, and business values remain distinct",not_promoted,WEBR8-D08,WEBR8-v1,WEBSCHEMA1 field inventory + WEBR8 decision contract
VOC_PUBLIC_MTS_GOVERNANCE_TOLERANCE_TIER,public_mts_governance,tolerance_tier,evidence_moderate,canonical_term_candidate,evidence_moderate,104,current_public_value_domain_count,none_observed,observed_not_promoted,forbidden_in_WEBSCHEMA1,"empty string, not_reported, needs_manual_check, and business values remain distinct",not_promoted,WEBR8-D08,WEBR8-v1,WEBSCHEMA1 field inventory + WEBR8 decision contract
VOC_PUBLIC_MTS_GOVERNANCE_TOLERANCE_TIER,public_mts_governance,tolerance_tier,evidence_rich,canonical_term_candidate,evidence_rich,126,current_public_value_domain_count,none_observed,observed_not_promoted,forbidden_in_WEBSCHEMA1,"empty string, not_reported, needs_manual_check, and business values remain distinct",not_promoted,WEBR8-D08,WEBR8-v1,WEBSCHEMA1 field inventory + WEBR8 decision contract
VOC_PUBLIC_MTS_GOVERNANCE_TOLERANCE_TIER,public_mts_governance,tolerance_tier,evidence_sparse,canonical_term_candidate,evidence_sparse,201,current_public_value_domain_count,none_observed,observed_not_promoted,forbidden_in_WEBSCHEMA1,"empty string, not_reported, needs_manual_check, and business values remain distinct",not_promoted,WEBR8-D08,WEBR8-v1,WEBSCHEMA1 field inventory + WEBR8 decision contract
VOC_REPORTING_COMPLETENESS_PROTOCOL_TYPE,reporting_completeness,protocol_type,in_assay_challenge,canonical_term_candidate,in_assay_challenge,10,current_public_value_domain_count,none_observed,observed_not_promoted,forbidden_in_WEBSCHEMA1,"empty string, not_reported, needs_manual_check, and business values remain distinct",not_promoted,WEBR8-D08,WEBR8-v1,WEBSCHEMA1 field inventory + WEBR8 decision contract
VOC_REPORTING_COMPLETENESS_PROTOCOL_TYPE,reporting_completeness,protocol_type,one_shot_exposure,canonical_term_candidate,one_shot_exposure,2630,current_public_value_domain_count,none_observed,observed_not_promoted,forbidden_in_WEBSCHEMA1,"empty string, not_reported, needs_manual_check, and business values remain distinct",not_promoted,WEBR8-D08,WEBR8-v1,WEBSCHEMA1 field inventory + WEBR8 decision contract
VOC_REPORTING_COMPLETENESS_PROTOCOL_TYPE,reporting_completeness,protocol_type,other_reported_protocol,canonical_term_candidate,other_reported_protocol,8,current_public_value_domain_count,none_observed,observed_not_promoted,forbidden_in_WEBSCHEMA1,"empty string, not_reported, needs_manual_check, and business values remain distinct",not_promoted,WEBR8-D08,WEBR8-v1,WEBSCHEMA1 field inventory + WEBR8 decision contract
VOC_REPORTING_COMPLETENESS_PROTOCOL_TYPE,reporting_completeness,protocol_type,preincubation,canonical_term_candidate,preincubation,206,current_public_value_domain_count,none_observed,observed_not_promoted,forbidden_in_WEBSCHEMA1,"empty string, not_reported, needs_manual_check, and business values remain distinct",not_promoted,WEBR8-D08,WEBR8-v1,WEBSCHEMA1 field inventory + WEBR8 decision contract
VOC_REPORTING_COMPLETENESS_PROTOCOL_TYPE,reporting_completeness,protocol_type,stepwise_addition,canonical_term_candidate,stepwise_addition,3,current_public_value_domain_count,none_observed,observed_not_promoted,forbidden_in_WEBSCHEMA1,"empty string, not_reported, needs_manual_check, and business values remain distinct",not_promoted,WEBR8-D08,WEBR8-v1,WEBSCHEMA1 field inventory + WEBR8 decision contract
VOC_REPORTING_COMPLETENESS_SOURCE_TYPE,reporting_completeness,source_type,literature,canonical_term_candidate,literature,2123,current_public_value_domain_count,none_observed,observed_not_promoted,forbidden_in_WEBSCHEMA1,"empty string, not_reported, needs_manual_check, and business values remain distinct",not_promoted,WEBR8-D08,WEBR8-v1,WEBSCHEMA1 field inventory + WEBR8 decision contract
VOC_REPORTING_COMPLETENESS_SOURCE_TYPE,reporting_completeness,source_type,patent,canonical_term_candidate,patent,734,current_public_value_domain_count,none_observed,observed_not_promoted,forbidden_in_WEBSCHEMA1,"empty string, not_reported, needs_manual_check, and business values remain distinct",not_promoted,WEBR8-D08,WEBR8-v1,WEBSCHEMA1 field inventory + WEBR8 decision contract
VOC_REPORTING_COMPLETENESS_CONTRACT_COMBINATION_RULE,reporting_completeness_contract,combination_rule,all component fields traceable,canonical_term_candidate,all component fields traceable,7,current_public_value_domain_count,none_observed,observed_not_promoted,forbidden_in_WEBSCHEMA1,"empty string, not_reported, needs_manual_check, and business values remain distinct",not_promoted,WEBR8-D08,WEBR8-v1,WEBSCHEMA1 field inventory + WEBR8 decision contract
VOC_REPORTING_COMPLETENESS_CONTRACT_COMBINATION_RULE,reporting_completeness_contract,combination_rule,any traceable value,canonical_term_candidate,any traceable value,1,current_public_value_domain_count,none_observed,observed_not_promoted,forbidden_in_WEBSCHEMA1,"empty string, not_reported, needs_manual_check, and business values remain distinct",not_promoted,WEBR8-D08,WEBR8-v1,WEBSCHEMA1 field inventory + WEBR8 decision contract
VOC_REPORTING_COMPLETENESS_CONTRACT_ITEM_NAME,reporting_completeness_contract,item_name,assay_method_and_substrate,canonical_term_candidate,assay_method_and_substrate,1,current_public_value_domain_count,none_observed,observed_not_promoted,forbidden_in_WEBSCHEMA1,"empty string, not_reported, needs_manual_check, and business values remain distinct",not_promoted,WEBR8-D08,WEBR8-v1,WEBSCHEMA1 field inventory + WEBR8 decision contract
VOC_REPORTING_COMPLETENESS_CONTRACT_ITEM_NAME,reporting_completeness_contract,item_name,enzyme_form_and_concentration,canonical_term_candidate,enzyme_form_and_concentration,1,current_public_value_domain_count,none_observed,observed_not_promoted,forbidden_in_WEBSCHEMA1,"empty string, not_reported, needs_manual_check, and business values remain distinct",not_promoted,WEBR8-D08,WEBR8-v1,WEBSCHEMA1 field inventory + WEBR8 decision contract
VOC_REPORTING_COMPLETENESS_CONTRACT_ITEM_NAME,reporting_completeness_contract,item_name,exposure_temperature,canonical_term_candidate,exposure_temperature,1,current_public_value_domain_count,none_observed,observed_not_promoted,forbidden_in_WEBSCHEMA1,"empty string, not_reported, needs_manual_check, and business values remain distinct",not_promoted,WEBR8-D08,WEBR8-v1,WEBSCHEMA1 field inventory + WEBR8 decision contract
VOC_REPORTING_COMPLETENESS_CONTRACT_ITEM_NAME,reporting_completeness_contract,item_name,exposure_time_or_addition,canonical_term_candidate,exposure_time_or_addition,1,current_public_value_domain_count,none_observed,observed_not_promoted,forbidden_in_WEBSCHEMA1,"empty string, not_reported, needs_manual_check, and business values remain distinct",not_promoted,WEBR8-D08,WEBR8-v1,WEBSCHEMA1 field inventory + WEBR8 decision contract
VOC_REPORTING_COMPLETENESS_CONTRACT_ITEM_NAME,reporting_completeness_contract,item_name,incubation_buffer_and_ph,canonical_term_candidate,incubation_buffer_and_ph,1,current_public_value_domain_count,none_observed,observed_not_promoted,forbidden_in_WEBSCHEMA1,"empty string, not_reported, needs_manual_check, and business values remain distinct",not_promoted,WEBR8-D08,WEBR8-v1,WEBSCHEMA1 field inventory + WEBR8 decision contract
VOC_REPORTING_COMPLETENESS_CONTRACT_ITEM_NAME,reporting_completeness_contract,item_name,methanol_concentration,canonical_term_candidate,methanol_concentration,1,current_public_value_domain_count,none_observed,observed_not_promoted,forbidden_in_WEBSCHEMA1,"empty string, not_reported, needs_manual_check, and business values remain distinct",not_promoted,WEBR8-D08,WEBR8-v1,WEBSCHEMA1 field inventory + WEBR8 decision contract
VOC_REPORTING_COMPLETENESS_CONTRACT_ITEM_NAME,reporting_completeness_contract,item_name,numeric_readout,canonical_term_candidate,numeric_readout,1,current_public_value_domain_count,none_observed,observed_not_promoted,forbidden_in_WEBSCHEMA1,"empty string, not_reported, needs_manual_check, and business values remain distinct",not_promoted,WEBR8-D08,WEBR8-v1,WEBSCHEMA1 field inventory + WEBR8 decision contract
VOC_REPORTING_COMPLETENESS_CONTRACT_ITEM_NAME,reporting_completeness_contract,item_name,provenance_location_and_source,canonical_term_candidate,provenance_location_and_source,1,current_public_value_domain_count,none_observed,observed_not_promoted,forbidden_in_WEBSCHEMA1,"empty string, not_reported, needs_manual_check, and business values remain distinct",not_promoted,WEBR8-D08,WEBR8-v1,WEBSCHEMA1 field inventory + WEBR8 decision contract
VOC_REPORTING_COMPLETENESS_CONTRACT_PROTOCOL_TYPE_PRIORITY,reporting_completeness_contract,protocol_type_priority,preincubation > stepwise > in_assay > one_shot > other_reported > unresolved,canonical_term_candidate,preincubation > stepwise > in_assay > one_shot > other_reported > unresolved,8,current_public_value_domain_count,none_observed,observed_not_promoted,forbidden_in_WEBSCHEMA1,"empty string, not_reported, needs_manual_check, and business values remain distinct",not_promoted,WEBR8-D08,WEBR8-v1,WEBSCHEMA1 field inventory + WEBR8 decision contract
VOC_REPORTING_COMPLETENESS_CONTRACT_WEB_LABEL,reporting_completeness_contract,web_label,Activity assay and substrate,canonical_term_candidate,Activity assay and substrate,1,current_public_value_domain_count,none_observed,observed_not_promoted,forbidden_in_WEBSCHEMA1,"empty string, not_reported, needs_manual_check, and business values remain distinct",not_promoted,WEBR8-D08,WEBR8-v1,WEBSCHEMA1 field inventory + WEBR8 decision contract
VOC_REPORTING_COMPLETENESS_CONTRACT_WEB_LABEL,reporting_completeness_contract,web_label,Enzyme form and concentration,canonical_term_candidate,Enzyme form and concentration,1,current_public_value_domain_count,none_observed,observed_not_promoted,forbidden_in_WEBSCHEMA1,"empty string, not_reported, needs_manual_check, and business values remain distinct",not_promoted,WEBR8-D08,WEBR8-v1,WEBSCHEMA1 field inventory + WEBR8 decision contract
VOC_REPORTING_COMPLETENESS_CONTRACT_WEB_LABEL,reporting_completeness_contract,web_label,Exposure temperature,canonical_term_candidate,Exposure temperature,1,current_public_value_domain_count,none_observed,observed_not_promoted,forbidden_in_WEBSCHEMA1,"empty string, not_reported, needs_manual_check, and business values remain distinct",not_promoted,WEBR8-D08,WEBR8-v1,WEBSCHEMA1 field inventory + WEBR8 decision contract
VOC_REPORTING_COMPLETENESS_CONTRACT_WEB_LABEL,reporting_completeness_contract,web_label,Exposure time or addition regime,canonical_term_candidate,Exposure time or addition regime,1,current_public_value_domain_count,none_observed,observed_not_promoted,forbidden_in_WEBSCHEMA1,"empty string, not_reported, needs_manual_check, and business values remain distinct",not_promoted,WEBR8-D08,WEBR8-v1,WEBSCHEMA1 field inventory + WEBR8 decision contract
VOC_REPORTING_COMPLETENESS_CONTRACT_WEB_LABEL,reporting_completeness_contract,web_label,Incubation buffer and pH,canonical_term_candidate,Incubation buffer and pH,1,current_public_value_domain_count,none_observed,observed_not_promoted,forbidden_in_WEBSCHEMA1,"empty string, not_reported, needs_manual_check, and business values remain distinct",not_promoted,WEBR8-D08,WEBR8-v1,WEBSCHEMA1 field inventory + WEBR8 decision contract
VOC_REPORTING_COMPLETENESS_CONTRACT_WEB_LABEL,reporting_completeness_contract,web_label,Methanol concentration,canonical_term_candidate,Methanol concentration,1,current_public_value_domain_count,none_observed,observed_not_promoted,forbidden_in_WEBSCHEMA1,"empty string, not_reported, needs_manual_check, and business values remain distinct",not_promoted,WEBR8-D08,WEBR8-v1,WEBSCHEMA1 field inventory + WEBR8 decision contract
VOC_REPORTING_COMPLETENESS_CONTRACT_WEB_LABEL,reporting_completeness_contract,web_label,Numeric readout,canonical_term_candidate,Numeric readout,1,current_public_value_domain_count,none_observed,observed_not_promoted,forbidden_in_WEBSCHEMA1,"empty string, not_reported, needs_manual_check, and business values remain distinct",not_promoted,WEBR8-D08,WEBR8-v1,WEBSCHEMA1 field inventory + WEBR8 decision contract
VOC_REPORTING_COMPLETENESS_CONTRACT_WEB_LABEL,reporting_completeness_contract,web_label,Source and original location,canonical_term_candidate,Source and original location,1,current_public_value_domain_count,none_observed,observed_not_promoted,forbidden_in_WEBSCHEMA1,"empty string, not_reported, needs_manual_check, and business values remain distinct",not_promoted,WEBR8-D08,WEBR8-v1,WEBSCHEMA1 field inventory + WEBR8 decision contract
VOC_SOURCE_REFERENCE_PATENT_PUBLICATION_NUMBER,source_reference,patent_publication_number,CN102174422B,canonical_term_candidate,CN102174422B,1,current_public_value_domain_count,none_observed,observed_not_promoted,forbidden_in_WEBSCHEMA1,"empty string, not_reported, needs_manual_check, and business values remain distinct",not_promoted,WEBR8-D08,WEBR8-v1,WEBSCHEMA1 field inventory + WEBR8 decision contract
VOC_SOURCE_REFERENCE_PATENT_PUBLICATION_NUMBER,source_reference,patent_publication_number,CN103184160A,canonical_term_candidate,CN103184160A,1,current_public_value_domain_count,none_observed,observed_not_promoted,forbidden_in_WEBSCHEMA1,"empty string, not_reported, needs_manual_check, and business values remain distinct",not_promoted,WEBR8-D08,WEBR8-v1,WEBSCHEMA1 field inventory + WEBR8 decision contract
VOC_SOURCE_REFERENCE_PATENT_PUBLICATION_NUMBER,source_reference,patent_publication_number,CN103865941B,canonical_term_candidate,CN103865941B,1,current_public_value_domain_count,none_observed,observed_not_promoted,forbidden_in_WEBSCHEMA1,"empty string, not_reported, needs_manual_check, and business values remain distinct",not_promoted,WEBR8-D08,WEBR8-v1,WEBSCHEMA1 field inventory + WEBR8 decision contract
VOC_SOURCE_REFERENCE_PATENT_PUBLICATION_NUMBER,source_reference,patent_publication_number,CN104278004A,canonical_term_candidate,CN104278004A,1,current_public_value_domain_count,none_observed,observed_not_promoted,forbidden_in_WEBSCHEMA1,"empty string, not_reported, needs_manual_check, and business values remain distinct",not_promoted,WEBR8-D08,WEBR8-v1,WEBSCHEMA1 field inventory + WEBR8 decision contract
VOC_SOURCE_REFERENCE_PATENT_PUBLICATION_NUMBER,source_reference,patent_publication_number,CN108251400B,canonical_term_candidate,CN108251400B,1,current_public_value_domain_count,none_observed,observed_not_promoted,forbidden_in_WEBSCHEMA1,"empty string, not_reported, needs_manual_check, and business values remain distinct",not_promoted,WEBR8-D08,WEBR8-v1,WEBSCHEMA1 field inventory + WEBR8 decision contract
VOC_SOURCE_REFERENCE_PATENT_PUBLICATION_NUMBER,source_reference,patent_publication_number,CN115369099B,canonical_term_candidate,CN115369099B,1,current_public_value_domain_count,none_observed,observed_not_promoted,forbidden_in_WEBSCHEMA1,"empty string, not_reported, needs_manual_check, and business values remain distinct",not_promoted,WEBR8-D08,WEBR8-v1,WEBSCHEMA1 field inventory + WEBR8 decision contract
VOC_SOURCE_REFERENCE_PATENT_PUBLICATION_NUMBER,source_reference,patent_publication_number,CN117070495B,canonical_term_candidate,CN117070495B,1,current_public_value_domain_count,none_observed,observed_not_promoted,forbidden_in_WEBSCHEMA1,"empty string, not_reported, needs_manual_check, and business values remain distinct",not_promoted,WEBR8-D08,WEBR8-v1,WEBSCHEMA1 field inventory + WEBR8 decision contract
VOC_SOURCE_REFERENCE_PATENT_PUBLICATION_NUMBER,source_reference,patent_publication_number,CN117887688A,canonical_term_candidate,CN117887688A,1,current_public_value_domain_count,none_observed,observed_not_promoted,forbidden_in_WEBSCHEMA1,"empty string, not_reported, needs_manual_check, and business values remain distinct",not_promoted,WEBR8-D08,WEBR8-v1,WEBSCHEMA1 field inventory + WEBR8 decision contract
VOC_SOURCE_REFERENCE_PATENT_PUBLICATION_NUMBER,source_reference,patent_publication_number,CN119082082B,canonical_term_candidate,CN119082082B,1,current_public_value_domain_count,none_observed,observed_not_promoted,forbidden_in_WEBSCHEMA1,"empty string, not_reported, needs_manual_check, and business values remain distinct",not_promoted,WEBR8-D08,WEBR8-v1,WEBSCHEMA1 field inventory + WEBR8 decision contract
VOC_SOURCE_REFERENCE_PATENT_PUBLICATION_NUMBER,source_reference,patent_publication_number,EP2050823A1,canonical_term_candidate,EP2050823A1,1,current_public_value_domain_count,none_observed,observed_not_promoted,forbidden_in_WEBSCHEMA1,"empty string, not_reported, needs_manual_check, and business values remain distinct",not_promoted,WEBR8-D08,WEBR8-v1,WEBSCHEMA1 field inventory + WEBR8 decision contract
VOC_SOURCE_REFERENCE_PATENT_PUBLICATION_NUMBER,source_reference,patent_publication_number,WO2009069116A2,canonical_term_candidate,WO2009069116A2,1,current_public_value_domain_count,none_observed,observed_not_promoted,forbidden_in_WEBSCHEMA1,"empty string, not_reported, needs_manual_check, and business values remain distinct",not_promoted,WEBR8-D08,WEBR8-v1,WEBSCHEMA1 field inventory + WEBR8 decision contract
VOC_SOURCE_REFERENCE_PATENT_PUBLICATION_NUMBER,source_reference,patent_publication_number,WO2011067349A1,canonical_term_candidate,WO2011067349A1,1,current_public_value_domain_count,none_observed,observed_not_promoted,forbidden_in_WEBSCHEMA1,"empty string, not_reported, needs_manual_check, and business values remain distinct",not_promoted,WEBR8-D08,WEBR8-v1,WEBSCHEMA1 field inventory + WEBR8 decision contract
VOC_SOURCE_REFERENCE_PATENT_PUBLICATION_NUMBER,source_reference,patent_publication_number,WO2013022320A2,canonical_term_candidate,WO2013022320A2,1,current_public_value_domain_count,none_observed,observed_not_promoted,forbidden_in_WEBSCHEMA1,"empty string, not_reported, needs_manual_check, and business values remain distinct",not_promoted,WEBR8-D08,WEBR8-v1,WEBSCHEMA1 field inventory + WEBR8 decision contract
VOC_SOURCE_REFERENCE_PATENT_PUBLICATION_NUMBER,source_reference,patent_publication_number,WO2014074352A1,canonical_term_candidate,WO2014074352A1,1,current_public_value_domain_count,none_observed,observed_not_promoted,forbidden_in_WEBSCHEMA1,"empty string, not_reported, needs_manual_check, and business values remain distinct",not_promoted,WEBR8-D08,WEBR8-v1,WEBSCHEMA1 field inventory + WEBR8 decision contract
VOC_SOURCE_REFERENCE_PATENT_PUBLICATION_NUMBER,source_reference,patent_publication_number,WO2023282853A2,canonical_term_candidate,WO2023282853A2,1,current_public_value_domain_count,none_observed,observed_not_promoted,forbidden_in_WEBSCHEMA1,"empty string, not_reported, needs_manual_check, and business values remain distinct",not_promoted,WEBR8-D08,WEBR8-v1,WEBSCHEMA1 field inventory + WEBR8 decision contract
VOC_SOURCE_REFERENCE_SOURCE_TYPE,source_reference,source_type,literature,canonical_term_candidate,literature,200,current_public_value_domain_count,none_observed,observed_not_promoted,forbidden_in_WEBSCHEMA1,"empty string, not_reported, needs_manual_check, and business values remain distinct",not_promoted,WEBR8-D08,WEBR8-v1,WEBSCHEMA1 field inventory + WEBR8 decision contract
VOC_SOURCE_REFERENCE_SOURCE_TYPE,source_reference,source_type,patent,canonical_term_candidate,patent,15,current_public_value_domain_count,none_observed,observed_not_promoted,forbidden_in_WEBSCHEMA1,"empty string, not_reported, needs_manual_check, and business values remain distinct",not_promoted,WEBR8-D08,WEBR8-v1,WEBSCHEMA1 field inventory + WEBR8 decision contract
VOC_STRUCTURE_MODEL_INDEX_MODEL_SOURCE,structure_model_index,model_source,AlphaFold,canonical_term_candidate,AlphaFold,50,current_public_value_domain_count,none_observed,observed_not_promoted,forbidden_in_WEBSCHEMA1,"empty string, not_reported, needs_manual_check, and business values remain distinct",not_promoted,WEBR8-D08,WEBR8-v1,WEBSCHEMA1 field inventory + WEBR8 decision contract
VOC_STRUCTURE_MODEL_INDEX_MODEL_SOURCE,structure_model_index,model_source,ESMFold,canonical_term_candidate,ESMFold,41,current_public_value_domain_count,none_observed,observed_not_promoted,forbidden_in_WEBSCHEMA1,"empty string, not_reported, needs_manual_check, and business values remain distinct",not_promoted,WEBR8-D08,WEBR8-v1,WEBSCHEMA1 field inventory + WEBR8 decision contract
VOC_STRUCTURE_MODEL_INDEX_MODEL_SOURCE,structure_model_index,model_source,experimental_pdb,canonical_term_candidate,experimental_pdb,131,current_public_value_domain_count,none_observed,observed_not_promoted,forbidden_in_WEBSCHEMA1,"empty string, not_reported, needs_manual_check, and business values remain distinct",not_promoted,WEBR8-D08,WEBR8-v1,WEBSCHEMA1 field inventory + WEBR8 decision contract
VOC_STRUCTURE_MODEL_INDEX_MODEL_VERSION,structure_model_index,model_version,colab_esmfold_manual,canonical_term_candidate,colab_esmfold_manual,3,current_public_value_domain_count,none_observed,observed_not_promoted,forbidden_in_WEBSCHEMA1,"empty string, not_reported, needs_manual_check, and business values remain distinct",not_promoted,WEBR8-D08,WEBR8-v1,WEBSCHEMA1 field inventory + WEBR8 decision contract
VOC_STRUCTURE_MODEL_INDEX_MODEL_VERSION,structure_model_index,model_version,colabfold_esmfold,canonical_term_candidate,colabfold_esmfold,2,current_public_value_domain_count,none_observed,observed_not_promoted,forbidden_in_WEBSCHEMA1,"empty string, not_reported, needs_manual_check, and business values remain distinct",not_promoted,WEBR8-D08,WEBR8-v1,WEBSCHEMA1 field inventory + WEBR8 decision contract
VOC_STRUCTURE_MODEL_INDEX_MODEL_VERSION,structure_model_index,model_version,esm_atlas_v1,canonical_term_candidate,esm_atlas_v1,1,current_public_value_domain_count,none_observed,observed_not_promoted,forbidden_in_WEBSCHEMA1,"empty string, not_reported, needs_manual_check, and business values remain distinct",not_promoted,WEBR8-D08,WEBR8-v1,WEBSCHEMA1 field inventory + WEBR8 decision contract
VOC_STRUCTURE_MODEL_INDEX_MODEL_VERSION,structure_model_index,model_version,esmfold_colab_r3,canonical_term_candidate,esmfold_colab_r3,32,current_public_value_domain_count,none_observed,observed_not_promoted,forbidden_in_WEBSCHEMA1,"empty string, not_reported, needs_manual_check, and business values remain distinct",not_promoted,WEBR8-D08,WEBR8-v1,WEBSCHEMA1 field inventory + WEBR8 decision contract
VOC_STRUCTURE_MODEL_INDEX_MODEL_VERSION,structure_model_index,model_version,esmfold_v1,canonical_term_candidate,esmfold_v1,3,current_public_value_domain_count,none_observed,observed_not_promoted,forbidden_in_WEBSCHEMA1,"empty string, not_reported, needs_manual_check, and business values remain distinct",not_promoted,WEBR8-D08,WEBR8-v1,WEBSCHEMA1 field inventory + WEBR8 decision contract
VOC_STRUCTURE_MODEL_INDEX_MODEL_VERSION,structure_model_index,model_version,RCSB_PDB,canonical_term_candidate,RCSB_PDB,131,current_public_value_domain_count,none_observed,observed_not_promoted,forbidden_in_WEBSCHEMA1,"empty string, not_reported, needs_manual_check, and business values remain distinct",not_promoted,WEBR8-D08,WEBR8-v1,WEBSCHEMA1 field inventory + WEBR8 decision contract
VOC_STRUCTURE_MODEL_INDEX_MODEL_VERSION,structure_model_index,model_version,v6,canonical_term_candidate,v6,50,current_public_value_domain_count,none_observed,observed_not_promoted,forbidden_in_WEBSCHEMA1,"empty string, not_reported, needs_manual_check, and business values remain distinct",not_promoted,WEBR8-D08,WEBR8-v1,WEBSCHEMA1 field inventory + WEBR8 decision contract
VOC_STRUCTURE_MODEL_INDEX_STRUCTURE_CONFIDENCE_TIER,structure_model_index,structure_confidence_tier,experimental_exact,canonical_term_candidate,experimental_exact,131,current_public_value_domain_count,none_observed,observed_not_promoted,forbidden_in_WEBSCHEMA1,"empty string, not_reported, needs_manual_check, and business values remain distinct",not_promoted,WEBR8-D08,WEBR8-v1,WEBSCHEMA1 field inventory + WEBR8 decision contract
VOC_STRUCTURE_MODEL_INDEX_STRUCTURE_CONFIDENCE_TIER,structure_model_index,structure_confidence_tier,proxy_good,canonical_term_candidate,proxy_good,43,current_public_value_domain_count,none_observed,observed_not_promoted,forbidden_in_WEBSCHEMA1,"empty string, not_reported, needs_manual_check, and business values remain distinct",not_promoted,WEBR8-D08,WEBR8-v1,WEBSCHEMA1 field inventory + WEBR8 decision contract
VOC_STRUCTURE_MODEL_INDEX_STRUCTURE_CONFIDENCE_TIER,structure_model_index,structure_confidence_tier,proxy_high,canonical_term_candidate,proxy_high,33,current_public_value_domain_count,none_observed,observed_not_promoted,forbidden_in_WEBSCHEMA1,"empty string, not_reported, needs_manual_check, and business values remain distinct",not_promoted,WEBR8-D08,WEBR8-v1,WEBSCHEMA1 field inventory + WEBR8 decision contract
VOC_STRUCTURE_MODEL_INDEX_STRUCTURE_CONFIDENCE_TIER,structure_model_index,structure_confidence_tier,proxy_low,canonical_term_candidate,proxy_low,1,current_public_value_domain_count,none_observed,observed_not_promoted,forbidden_in_WEBSCHEMA1,"empty string, not_reported, needs_manual_check, and business values remain distinct",not_promoted,WEBR8-D08,WEBR8-v1,WEBSCHEMA1 field inventory + WEBR8 decision contract
VOC_STRUCTURE_MODEL_INDEX_STRUCTURE_CONFIDENCE_TIER,structure_model_index,structure_confidence_tier,proxy_medium,canonical_term_candidate,proxy_medium,9,current_public_value_domain_count,none_observed,observed_not_promoted,forbidden_in_WEBSCHEMA1,"empty string, not_reported, needs_manual_check, and business values remain distinct",not_promoted,WEBR8-D08,WEBR8-v1,WEBSCHEMA1 field inventory + WEBR8 decision contract
VOC_STRUCTURE_MODEL_INDEX_STRUCTURE_CONFIDENCE_TIER,structure_model_index,structure_confidence_tier,proxy_not_reported,canonical_term_candidate,proxy_not_reported,5,current_public_value_domain_count,none_observed,observed_not_promoted,forbidden_in_WEBSCHEMA1,"empty string, not_reported, needs_manual_check, and business values remain distinct",not_promoted,WEBR8-D08,WEBR8-v1,WEBSCHEMA1 field inventory + WEBR8 decision contract
VOC_STRUCTURE_MODEL_INDEX_USES_MSA,structure_model_index,uses_msa,False,canonical_term_candidate,False,172,current_public_value_domain_count,none_observed,observed_not_promoted,forbidden_in_WEBSCHEMA1,"empty string, not_reported, needs_manual_check, and business values remain distinct",not_promoted,WEBR8-D08,WEBR8-v1,WEBSCHEMA1 field inventory + WEBR8 decision contract
VOC_STRUCTURE_MODEL_INDEX_USES_MSA,structure_model_index,uses_msa,True,canonical_term_candidate,True,50,current_public_value_domain_count,none_observed,observed_not_promoted,forbidden_in_WEBSCHEMA1,"empty string, not_reported, needs_manual_check, and business values remain distinct",not_promoted,WEBR8-D08,WEBR8-v1,WEBSCHEMA1 field inventory + WEBR8 decision contract
VOC_VARIANT_SUMMARY_CONSTRUCT_ROLE,variant_summary,construct_role,canonical_entity,canonical_term_candidate,canonical_entity,331,current_public_value_domain_count,none_observed,observed_not_promoted,forbidden_in_WEBSCHEMA1,"empty string, not_reported, needs_manual_check, and business values remain distinct",not_promoted,WEBR8-D08,WEBR8-v1,WEBSCHEMA1 field inventory + WEBR8 decision contract
VOC_VARIANT_SUMMARY_CONSTRUCT_ROLE,variant_summary,construct_role,engineered_chimera,canonical_term_candidate,engineered_chimera,1,current_public_value_domain_count,none_observed,observed_not_promoted,forbidden_in_WEBSCHEMA1,"empty string, not_reported, needs_manual_check, and business values remain distinct",not_promoted,WEBR8-D08,WEBR8-v1,WEBSCHEMA1 field inventory + WEBR8 decision contract
VOC_VARIANT_SUMMARY_CONSTRUCT_ROLE,variant_summary,construct_role,enzyme_identity,canonical_term_candidate,enzyme_identity,14,current_public_value_domain_count,none_observed,observed_not_promoted,forbidden_in_WEBSCHEMA1,"empty string, not_reported, needs_manual_check, and business values remain distinct",not_promoted,WEBR8-D08,WEBR8-v1,WEBSCHEMA1 field inventory + WEBR8 decision contract
VOC_VARIANT_SUMMARY_CONSTRUCT_ROLE,variant_summary,construct_role,known_duplicate_alias,canonical_term_candidate,known_duplicate_alias,13,current_public_value_domain_count,none_observed,observed_not_promoted,forbidden_in_WEBSCHEMA1,"empty string, not_reported, needs_manual_check, and business values remain distinct",not_promoted,WEBR8-D08,WEBR8-v1,WEBSCHEMA1 field inventory + WEBR8 decision contract
VOC_VARIANT_SUMMARY_CONSTRUCT_ROLE,variant_summary,construct_role,mutant_or_engineered_construct,canonical_term_candidate,mutant_or_engineered_construct,237,current_public_value_domain_count,none_observed,observed_not_promoted,forbidden_in_WEBSCHEMA1,"empty string, not_reported, needs_manual_check, and business values remain distinct",not_promoted,WEBR8-D08,WEBR8-v1,WEBSCHEMA1 field inventory + WEBR8 decision contract
VOC_VARIANT_SUMMARY_CONSTRUCT_ROLE,variant_summary,construct_role,same_uniprot_wt_alias,canonical_term_candidate,same_uniprot_wt_alias,15,current_public_value_domain_count,none_observed,observed_not_promoted,forbidden_in_WEBSCHEMA1,"empty string, not_reported, needs_manual_check, and business values remain distinct",not_promoted,WEBR8-D08,WEBR8-v1,WEBSCHEMA1 field inventory + WEBR8 decision contract
VOC_VARIANT_SUMMARY_DISPLAY_TIER,variant_summary,display_tier,evidence_absent,canonical_term_candidate,evidence_absent,180,current_public_value_domain_count,none_observed,observed_not_promoted,forbidden_in_WEBSCHEMA1,"empty string, not_reported, needs_manual_check, and business values remain distinct",not_promoted,WEBR8-D08,WEBR8-v1,WEBSCHEMA1 field inventory + WEBR8 decision contract
VOC_VARIANT_SUMMARY_DISPLAY_TIER,variant_summary,display_tier,evidence_moderate,canonical_term_candidate,evidence_moderate,104,current_public_value_domain_count,none_observed,observed_not_promoted,forbidden_in_WEBSCHEMA1,"empty string, not_reported, needs_manual_check, and business values remain distinct",not_promoted,WEBR8-D08,WEBR8-v1,WEBSCHEMA1 field inventory + WEBR8 decision contract
VOC_VARIANT_SUMMARY_DISPLAY_TIER,variant_summary,display_tier,evidence_rich,canonical_term_candidate,evidence_rich,126,current_public_value_domain_count,none_observed,observed_not_promoted,forbidden_in_WEBSCHEMA1,"empty string, not_reported, needs_manual_check, and business values remain distinct",not_promoted,WEBR8-D08,WEBR8-v1,WEBSCHEMA1 field inventory + WEBR8 decision contract
VOC_VARIANT_SUMMARY_DISPLAY_TIER,variant_summary,display_tier,evidence_sparse,canonical_term_candidate,evidence_sparse,201,current_public_value_domain_count,none_observed,observed_not_promoted,forbidden_in_WEBSCHEMA1,"empty string, not_reported, needs_manual_check, and business values remain distinct",not_promoted,WEBR8-D08,WEBR8-v1,WEBSCHEMA1 field inventory + WEBR8 decision contract
VOC_VARIANT_SUMMARY_ENZYME_FORM,variant_summary,enzyme_form,crude_extract,canonical_term_candidate,crude_extract,12,current_public_value_domain_count,none_observed,observed_not_promoted,forbidden_in_WEBSCHEMA1,"empty string, not_reported, needs_manual_check, and business values remain distinct",not_promoted,WEBR8-D08,WEBR8-v1,WEBSCHEMA1 field inventory + WEBR8 decision contract
VOC_VARIANT_SUMMARY_ENZYME_FORM,variant_summary,enzyme_form,crude_extract | soluble/free enzyme,canonical_term_candidate,crude_extract | soluble/free enzyme,1,current_public_value_domain_count,none_observed,observed_not_promoted,forbidden_in_WEBSCHEMA1,"empty string, not_reported, needs_manual_check, and business values remain distinct",not_promoted,WEBR8-D08,WEBR8-v1,WEBSCHEMA1 field inventory + WEBR8 decision contract
VOC_VARIANT_SUMMARY_ENZYME_FORM,variant_summary,enzyme_form,crude_preparation,canonical_term_candidate,crude_preparation,29,current_public_value_domain_count,none_observed,observed_not_promoted,forbidden_in_WEBSCHEMA1,"empty string, not_reported, needs_manual_check, and business values remain distinct",not_promoted,WEBR8-D08,WEBR8-v1,WEBSCHEMA1 field inventory + WEBR8 decision contract
VOC_VARIANT_SUMMARY_ENZYME_FORM,variant_summary,enzyme_form,crude_preparation | free,canonical_term_candidate,crude_preparation | free,5,current_public_value_domain_count,none_observed,observed_not_promoted,forbidden_in_WEBSCHEMA1,"empty string, not_reported, needs_manual_check, and business values remain distinct",not_promoted,WEBR8-D08,WEBR8-v1,WEBSCHEMA1 field inventory + WEBR8 decision contract
VOC_VARIANT_SUMMARY_ENZYME_FORM,variant_summary,enzyme_form,crude_preparation | free_purified,canonical_term_candidate,crude_preparation | free_purified,1,current_public_value_domain_count,none_observed,observed_not_promoted,forbidden_in_WEBSCHEMA1,"empty string, not_reported, needs_manual_check, and business values remain distinct",not_promoted,WEBR8-D08,WEBR8-v1,WEBSCHEMA1 field inventory + WEBR8 decision contract
VOC_VARIANT_SUMMARY_ENZYME_FORM,variant_summary,enzyme_form,enzyme_solution | liquid_enzyme_preparation,canonical_term_candidate,enzyme_solution | liquid_enzyme_preparation,1,current_public_value_domain_count,none_observed,observed_not_promoted,forbidden_in_WEBSCHEMA1,"empty string, not_reported, needs_manual_check, and business values remain distinct",not_promoted,WEBR8-D08,WEBR8-v1,WEBSCHEMA1 field inventory + WEBR8 decision contract
VOC_VARIANT_SUMMARY_ENZYME_FORM,variant_summary,enzyme_form,free,canonical_term_candidate,free,329,current_public_value_domain_count,none_observed,observed_not_promoted,forbidden_in_WEBSCHEMA1,"empty string, not_reported, needs_manual_check, and business values remain distinct",not_promoted,WEBR8-D08,WEBR8-v1,WEBSCHEMA1 field inventory + WEBR8 decision contract
VOC_VARIANT_SUMMARY_ENZYME_FORM,variant_summary,enzyme_form,free | free; recombinant purified enzyme,canonical_term_candidate,free | free; recombinant purified enzyme,1,current_public_value_domain_count,none_observed,observed_not_promoted,forbidden_in_WEBSCHEMA1,"empty string, not_reported, needs_manual_check, and business values remain distinct",not_promoted,WEBR8-D08,WEBR8-v1,WEBSCHEMA1 field inventory + WEBR8 decision contract
VOC_VARIANT_SUMMARY_ENZYME_FORM,variant_summary,enzyme_form,free | free_enzyme,canonical_term_candidate,free | free_enzyme,1,current_public_value_domain_count,none_observed,observed_not_promoted,forbidden_in_WEBSCHEMA1,"empty string, not_reported, needs_manual_check, and business values remain distinct",not_promoted,WEBR8-D08,WEBR8-v1,WEBSCHEMA1 field inventory + WEBR8 decision contract
VOC_VARIANT_SUMMARY_ENZYME_FORM,variant_summary,enzyme_form,free | free_lyophilized_recombinant | crude_extract | immobilized,canonical_term_candidate,free | free_lyophilized_recombinant | crude_extract | immobilized,1,current_public_value_domain_count,none_observed,observed_not_promoted,forbidden_in_WEBSCHEMA1,"empty string, not_reported, needs_manual_check, and business values remain distinct",not_promoted,WEBR8-D08,WEBR8-v1,WEBSCHEMA1 field inventory + WEBR8 decision contract
VOC_VARIANT_SUMMARY_ENZYME_FORM,variant_summary,enzyme_form,free | free_suspended_enzyme,canonical_term_candidate,free | free_suspended_enzyme,1,current_public_value_domain_count,none_observed,observed_not_promoted,forbidden_in_WEBSCHEMA1,"empty string, not_reported, needs_manual_check, and business values remain distinct",not_promoted,WEBR8-D08,WEBR8-v1,WEBSCHEMA1 field inventory + WEBR8 decision contract
VOC_VARIANT_SUMMARY_ENZYME_FORM,variant_summary,enzyme_form,free | immobilized,canonical_term_candidate,free | immobilized,1,current_public_value_domain_count,none_observed,observed_not_promoted,forbidden_in_WEBSCHEMA1,"empty string, not_reported, needs_manual_check, and business values remain distinct",not_promoted,WEBR8-D08,WEBR8-v1,WEBSCHEMA1 field inventory + WEBR8 decision contract
VOC_VARIANT_SUMMARY_ENZYME_FORM,variant_summary,enzyme_form,free | lyophilized,canonical_term_candidate,free | lyophilized,5,current_public_value_domain_count,none_observed,observed_not_promoted,forbidden_in_WEBSCHEMA1,"empty string, not_reported, needs_manual_check, and business values remain distinct",not_promoted,WEBR8-D08,WEBR8-v1,WEBSCHEMA1 field inventory + WEBR8 decision contract
VOC_VARIANT_SUMMARY_ENZYME_FORM,variant_summary,enzyme_form,free | lyophilized | purified_recombinant,canonical_term_candidate,free | lyophilized | purified_recombinant,1,current_public_value_domain_count,none_observed,observed_not_promoted,forbidden_in_WEBSCHEMA1,"empty string, not_reported, needs_manual_check, and business values remain distinct",not_promoted,WEBR8-D08,WEBR8-v1,WEBSCHEMA1 field inventory + WEBR8 decision contract
VOC_VARIANT_SUMMARY_ENZYME_FORM,variant_summary,enzyme_form,free | purified_free,canonical_term_candidate,free | purified_free,1,current_public_value_domain_count,none_observed,observed_not_promoted,forbidden_in_WEBSCHEMA1,"empty string, not_reported, needs_manual_check, and business values remain distinct",not_promoted,WEBR8-D08,WEBR8-v1,WEBSCHEMA1 field inventory + WEBR8 decision contract
VOC_VARIANT_SUMMARY_ENZYME_FORM,variant_summary,enzyme_form,free | purified_recombinant,alias_candidate,free_purified_recombinant,2,current_public_value_domain_count,normalized-form collision; human merge decision required,approved,normalized_display_field_only,"empty string, not_reported, needs_manual_check, and business values remain distinct",spelling_case_hyphen_or_delimiter_only,WEBR8-D07,WEBR8-v1,WEBSCHEMA1 field inventory + WEBR8 decision contract
VOC_VARIANT_SUMMARY_ENZYME_FORM,variant_summary,enzyme_form,free | whole_cell,canonical_term_candidate,free | whole_cell,3,current_public_value_domain_count,none_observed,observed_not_promoted,forbidden_in_WEBSCHEMA1,"empty string, not_reported, needs_manual_check, and business values remain distinct",not_promoted,WEBR8-D08,WEBR8-v1,WEBSCHEMA1 field inventory + WEBR8 decision contract
VOC_VARIANT_SUMMARY_ENZYME_FORM,variant_summary,enzyme_form,free_purified,canonical_term_candidate,free_purified,4,current_public_value_domain_count,none_observed,observed_not_promoted,forbidden_in_WEBSCHEMA1,"empty string, not_reported, needs_manual_check, and business values remain distinct",not_promoted,WEBR8-D08,WEBR8-v1,WEBSCHEMA1 field inventory + WEBR8 decision contract
VOC_VARIANT_SUMMARY_ENZYME_FORM,variant_summary,enzyme_form,free_purified_recombinant,alias_candidate,free_purified_recombinant,1,current_public_value_domain_count,normalized-form collision; human merge decision required,approved,normalized_display_field_only,"empty string, not_reported, needs_manual_check, and business values remain distinct",spelling_case_hyphen_or_delimiter_only,WEBR8-D07,WEBR8-v1,WEBSCHEMA1 field inventory + WEBR8 decision contract
VOC_VARIANT_SUMMARY_ENZYME_FORM,variant_summary,enzyme_form,partially_purified,canonical_term_candidate,partially_purified,2,current_public_value_domain_count,none_observed,observed_not_promoted,forbidden_in_WEBSCHEMA1,"empty string, not_reported, needs_manual_check, and business values remain distinct",not_promoted,WEBR8-D08,WEBR8-v1,WEBSCHEMA1 field inventory + WEBR8 decision contract
VOC_VARIANT_SUMMARY_ENZYME_FORM,variant_summary,enzyme_form,purified,canonical_term_candidate,purified,21,current_public_value_domain_count,none_observed,observed_not_promoted,forbidden_in_WEBSCHEMA1,"empty string, not_reported, needs_manual_check, and business values remain distinct",not_promoted,WEBR8-D08,WEBR8-v1,WEBSCHEMA1 field inventory + WEBR8 decision contract
VOC_VARIANT_SUMMARY_ENZYME_FORM,variant_summary,enzyme_form,purified | cell_free_extract,canonical_term_candidate,purified | cell_free_extract,1,current_public_value_domain_count,none_observed,observed_not_promoted,forbidden_in_WEBSCHEMA1,"empty string, not_reported, needs_manual_check, and business values remain distinct",not_promoted,WEBR8-D08,WEBR8-v1,WEBSCHEMA1 field inventory + WEBR8 decision contract
VOC_VARIANT_SUMMARY_ENZYME_FORM,variant_summary,enzyme_form,purified_free,canonical_term_candidate,purified_free,28,current_public_value_domain_count,none_observed,observed_not_promoted,forbidden_in_WEBSCHEMA1,"empty string, not_reported, needs_manual_check, and business values remain distinct",not_promoted,WEBR8-D08,WEBR8-v1,WEBSCHEMA1 field inventory + WEBR8 decision contract
VOC_VARIANT_SUMMARY_ENZYME_FORM,variant_summary,enzyme_form,purified_recombinant,canonical_term_candidate,purified_recombinant,16,current_public_value_domain_count,none_observed,observed_not_promoted,forbidden_in_WEBSCHEMA1,"empty string, not_reported, needs_manual_check, and business values remain distinct",not_promoted,WEBR8-D08,WEBR8-v1,WEBSCHEMA1 field inventory + WEBR8 decision contract
VOC_VARIANT_SUMMARY_ENZYME_FORM,variant_summary,enzyme_form,purified_recombinant | purified,canonical_term_candidate,purified_recombinant | purified,1,current_public_value_domain_count,none_observed,observed_not_promoted,forbidden_in_WEBSCHEMA1,"empty string, not_reported, needs_manual_check, and business values remain distinct",not_promoted,WEBR8-D08,WEBR8-v1,WEBSCHEMA1 field inventory + WEBR8 decision contract
VOC_VARIANT_SUMMARY_EVIDENCE_SOURCE_MIX,variant_summary,evidence_source_mix,literature,canonical_term_candidate,literature,346,current_public_value_domain_count,none_observed,observed_not_promoted,forbidden_in_WEBSCHEMA1,"empty string, not_reported, needs_manual_check, and business values remain distinct",not_promoted,WEBR8-D08,WEBR8-v1,WEBSCHEMA1 field inventory + WEBR8 decision contract
VOC_VARIANT_SUMMARY_EVIDENCE_SOURCE_MIX,variant_summary,evidence_source_mix,literature+patent,canonical_term_candidate,literature+patent,16,current_public_value_domain_count,none_observed,observed_not_promoted,forbidden_in_WEBSCHEMA1,"empty string, not_reported, needs_manual_check, and business values remain distinct",not_promoted,WEBR8-D08,WEBR8-v1,WEBSCHEMA1 field inventory + WEBR8 decision contract
VOC_VARIANT_SUMMARY_EVIDENCE_SOURCE_MIX,variant_summary,evidence_source_mix,no_measurements,canonical_term_candidate,no_measurements,142,current_public_value_domain_count,none_observed,observed_not_promoted,forbidden_in_WEBSCHEMA1,"empty string, not_reported, needs_manual_check, and business values remain distinct",not_promoted,WEBR8-D08,WEBR8-v1,WEBSCHEMA1 field inventory + WEBR8 decision contract
VOC_VARIANT_SUMMARY_EVIDENCE_SOURCE_MIX,variant_summary,evidence_source_mix,patent,canonical_term_candidate,patent,107,current_public_value_domain_count,none_observed,observed_not_promoted,forbidden_in_WEBSCHEMA1,"empty string, not_reported, needs_manual_check, and business values remain distinct",not_promoted,WEBR8-D08,WEBR8-v1,WEBSCHEMA1 field inventory + WEBR8 decision contract
VOC_VARIANT_SUMMARY_EVIDENCE_TIER_USED,variant_summary,evidence_tier_used,core_train,canonical_term_candidate,core_train,6,current_public_value_domain_count,none_observed,observed_not_promoted,forbidden_in_WEBSCHEMA1,"empty string, not_reported, needs_manual_check, and business values remain distinct",not_promoted,WEBR8-D08,WEBR8-v1,WEBSCHEMA1 field inventory + WEBR8 decision contract
VOC_VARIANT_SUMMARY_EVIDENCE_TIER_USED,variant_summary,evidence_tier_used,core_train | downweighted_train,canonical_term_candidate,core_train | downweighted_train,1,current_public_value_domain_count,none_observed,observed_not_promoted,forbidden_in_WEBSCHEMA1,"empty string, not_reported, needs_manual_check, and business values remain distinct",not_promoted,WEBR8-D08,WEBR8-v1,WEBSCHEMA1 field inventory + WEBR8 decision contract
VOC_VARIANT_SUMMARY_EVIDENCE_TIER_USED,variant_summary,evidence_tier_used,core_train | holdout_only,canonical_term_candidate,core_train | holdout_only,1,current_public_value_domain_count,none_observed,observed_not_promoted,forbidden_in_WEBSCHEMA1,"empty string, not_reported, needs_manual_check, and business values remain distinct",not_promoted,WEBR8-D08,WEBR8-v1,WEBSCHEMA1 field inventory + WEBR8 decision contract
VOC_VARIANT_SUMMARY_EVIDENCE_TIER_USED,variant_summary,evidence_tier_used,downweighted_train,canonical_term_candidate,downweighted_train,284,current_public_value_domain_count,none_observed,observed_not_promoted,forbidden_in_WEBSCHEMA1,"empty string, not_reported, needs_manual_check, and business values remain distinct",not_promoted,WEBR8-D08,WEBR8-v1,WEBSCHEMA1 field inventory + WEBR8 decision contract
VOC_VARIANT_SUMMARY_EVIDENCE_TIER_USED,variant_summary,evidence_tier_used,downweighted_train | core_train | holdout_only,canonical_term_candidate,downweighted_train | core_train | holdout_only,1,current_public_value_domain_count,none_observed,observed_not_promoted,forbidden_in_WEBSCHEMA1,"empty string, not_reported, needs_manual_check, and business values remain distinct",not_promoted,WEBR8-D08,WEBR8-v1,WEBSCHEMA1 field inventory + WEBR8 decision contract
VOC_VARIANT_SUMMARY_EVIDENCE_TIER_USED,variant_summary,evidence_tier_used,downweighted_train | holdout_only,canonical_term_candidate,downweighted_train | holdout_only,6,current_public_value_domain_count,none_observed,observed_not_promoted,forbidden_in_WEBSCHEMA1,"empty string, not_reported, needs_manual_check, and business values remain distinct",not_promoted,WEBR8-D08,WEBR8-v1,WEBSCHEMA1 field inventory + WEBR8 decision contract
VOC_VARIANT_SUMMARY_EVIDENCE_TIER_USED,variant_summary,evidence_tier_used,holdout_only,canonical_term_candidate,holdout_only,159,current_public_value_domain_count,none_observed,observed_not_promoted,forbidden_in_WEBSCHEMA1,"empty string, not_reported, needs_manual_check, and business values remain distinct",not_promoted,WEBR8-D08,WEBR8-v1,WEBSCHEMA1 field inventory + WEBR8 decision contract
VOC_VARIANT_SUMMARY_EVIDENCE_TIER_USED,variant_summary,evidence_tier_used,holdout_only | downweighted_train,canonical_term_candidate,holdout_only | downweighted_train,8,current_public_value_domain_count,none_observed,observed_not_promoted,forbidden_in_WEBSCHEMA1,"empty string, not_reported, needs_manual_check, and business values remain distinct",not_promoted,WEBR8-D08,WEBR8-v1,WEBSCHEMA1 field inventory + WEBR8 decision contract
VOC_VARIANT_SUMMARY_EVIDENCE_TIER_USED,variant_summary,evidence_tier_used,holdout_only | downweighted_train | core_train,canonical_term_candidate,holdout_only | downweighted_train | core_train,1,current_public_value_domain_count,none_observed,observed_not_promoted,forbidden_in_WEBSCHEMA1,"empty string, not_reported, needs_manual_check, and business values remain distinct",not_promoted,WEBR8-D08,WEBR8-v1,WEBSCHEMA1 field inventory + WEBR8 decision contract
VOC_VARIANT_SUMMARY_EVIDENCE_TIER_USED,variant_summary,evidence_tier_used,mechanism_only | downweighted_train,canonical_term_candidate,mechanism_only | downweighted_train,2,current_public_value_domain_count,none_observed,observed_not_promoted,forbidden_in_WEBSCHEMA1,"empty string, not_reported, needs_manual_check, and business values remain distinct",not_promoted,WEBR8-D08,WEBR8-v1,WEBSCHEMA1 field inventory + WEBR8 decision contract
VOC_VARIANT_SUMMARY_EXPRESSION_HOST,variant_summary,expression_host,Aspergillus oryzae,canonical_term_candidate,Aspergillus oryzae,3,current_public_value_domain_count,none_observed,observed_not_promoted,forbidden_in_WEBSCHEMA1,"empty string, not_reported, needs_manual_check, and business values remain distinct",not_promoted,WEBR8-D08,WEBR8-v1,WEBSCHEMA1 field inventory + WEBR8 decision contract
VOC_VARIANT_SUMMARY_EXPRESSION_HOST,variant_summary,expression_host,Escherichia coli,canonical_term_candidate,Escherichia coli,31,current_public_value_domain_count,none_observed,observed_not_promoted,forbidden_in_WEBSCHEMA1,"empty string, not_reported, needs_manual_check, and business values remain distinct",not_promoted,WEBR8-D08,WEBR8-v1,WEBSCHEMA1 field inventory + WEBR8 decision contract
VOC_VARIANT_SUMMARY_EXPRESSION_HOST,variant_summary,expression_host,Escherichia coli JM109,canonical_term_candidate,Escherichia coli JM109,1,current_public_value_domain_count,none_observed,observed_not_promoted,forbidden_in_WEBSCHEMA1,"empty string, not_reported, needs_manual_check, and business values remain distinct",not_promoted,WEBR8-D08,WEBR8-v1,WEBSCHEMA1 field inventory + WEBR8 decision contract
VOC_VARIANT_SUMMARY_EXPRESSION_HOST,variant_summary,expression_host,Komagataella phaffii,canonical_term_candidate,Komagataella phaffii,2,current_public_value_domain_count,none_observed,observed_not_promoted,forbidden_in_WEBSCHEMA1,"empty string, not_reported, needs_manual_check, and business values remain distinct",not_promoted,WEBR8-D08,WEBR8-v1,WEBSCHEMA1 field inventory + WEBR8 decision contract
VOC_VARIANT_SUMMARY_EXPRESSION_HOST,variant_summary,expression_host,Pichia pastoris,canonical_term_candidate,Pichia pastoris,35,current_public_value_domain_count,none_observed,observed_not_promoted,forbidden_in_WEBSCHEMA1,"empty string, not_reported, needs_manual_check, and business values remain distinct",not_promoted,WEBR8-D08,WEBR8-v1,WEBSCHEMA1 field inventory + WEBR8 decision contract
VOC_VARIANT_SUMMARY_EXPRESSION_HOST,variant_summary,expression_host,Saccharomyces cerevisiae,canonical_term_candidate,Saccharomyces cerevisiae,1,current_public_value_domain_count,none_observed,observed_not_promoted,forbidden_in_WEBSCHEMA1,"empty string, not_reported, needs_manual_check, and business values remain distinct",not_promoted,WEBR8-D08,WEBR8-v1,WEBSCHEMA1 field inventory + WEBR8 decision contract
VOC_VARIANT_SUMMARY_PROTEIN_SEQUENCE_AVAILABLE,variant_summary,protein_sequence_available,no,canonical_term_candidate,no,525,current_public_value_domain_count,none_observed,observed_not_promoted,forbidden_in_WEBSCHEMA1,"empty string, not_reported, needs_manual_check, and business values remain distinct",not_promoted,WEBR8-D08,WEBR8-v1,WEBSCHEMA1 field inventory + WEBR8 decision contract
VOC_VARIANT_SUMMARY_PROTEIN_SEQUENCE_AVAILABLE,variant_summary,protein_sequence_available,yes,canonical_term_candidate,yes,86,current_public_value_domain_count,none_observed,observed_not_promoted,forbidden_in_WEBSCHEMA1,"empty string, not_reported, needs_manual_check, and business values remain distinct",not_promoted,WEBR8-D08,WEBR8-v1,WEBSCHEMA1 field inventory + WEBR8 decision contract
VOC_VARIANT_SUMMARY_PROTEIN_SEQUENCE_SOURCE,variant_summary,protein_sequence_source,UniProt,canonical_term_candidate,UniProt,86,current_public_value_domain_count,none_observed,observed_not_promoted,forbidden_in_WEBSCHEMA1,"empty string, not_reported, needs_manual_check, and business values remain distinct",not_promoted,WEBR8-D08,WEBR8-v1,WEBSCHEMA1 field inventory + WEBR8 decision contract
VOC_VARIANT_SUMMARY_SCAFFOLD_FAMILY,variant_summary,scaffold_family,non_abhydrolase_familyVIII,canonical_term_candidate,non_abhydrolase_familyVIII,1,current_public_value_domain_count,none_observed,observed_not_promoted,forbidden_in_WEBSCHEMA1,"empty string, not_reported, needs_manual_check, and business values remain distinct",not_promoted,WEBR8-D08,WEBR8-v1,WEBSCHEMA1 field inventory + WEBR8 decision contract
VOC_VARIANT_SUMMARY_STRUCTURE_MODELING_READINESS,variant_summary,structure_modeling_readiness,needs_manual_check,sentinel,needs_manual_check,31,current_public_value_domain_count,none_observed,observed_sentinel_locked_distinct,forbidden_in_WEBSCHEMA1,"empty string, not_reported, needs_manual_check, and business values remain distinct",not_promoted,WEBR8-D08,WEBR8-v1,WEBSCHEMA1 field inventory + WEBR8 decision contract
VOC_VARIANT_SUMMARY_STRUCTURE_MODELING_READINESS,variant_summary,structure_modeling_readiness,parent_scaffold_only,canonical_term_candidate,parent_scaffold_only,1,current_public_value_domain_count,none_observed,observed_not_promoted,forbidden_in_WEBSCHEMA1,"empty string, not_reported, needs_manual_check, and business values remain distinct",not_promoted,WEBR8-D08,WEBR8-v1,WEBSCHEMA1 field inventory + WEBR8 decision contract
VOC_VARIANT_SUMMARY_STRUCTURE_MODELING_READINESS,variant_summary,structure_modeling_readiness,phenotype_ready,canonical_term_candidate,phenotype_ready,210,current_public_value_domain_count,none_observed,observed_not_promoted,forbidden_in_WEBSCHEMA1,"empty string, not_reported, needs_manual_check, and business values remain distinct",not_promoted,WEBR8-D08,WEBR8-v1,WEBSCHEMA1 field inventory + WEBR8 decision contract
VOC_VARIANT_SUMMARY_STRUCTURE_MODELING_READINESS,variant_summary,structure_modeling_readiness,queued,canonical_term_candidate,queued,4,current_public_value_domain_count,none_observed,observed_not_promoted,forbidden_in_WEBSCHEMA1,"empty string, not_reported, needs_manual_check, and business values remain distinct",not_promoted,WEBR8-D08,WEBR8-v1,WEBSCHEMA1 field inventory + WEBR8 decision contract
VOC_VARIANT_SUMMARY_STRUCTURE_MODELING_READINESS,variant_summary,structure_modeling_readiness,ready,canonical_term_candidate,ready,2,current_public_value_domain_count,none_observed,observed_not_promoted,forbidden_in_WEBSCHEMA1,"empty string, not_reported, needs_manual_check, and business values remain distinct",not_promoted,WEBR8-D08,WEBR8-v1,WEBSCHEMA1 field inventory + WEBR8 decision contract
VOC_VARIANT_SUMMARY_STRUCTURE_MODELING_READINESS,variant_summary,structure_modeling_readiness,sequence_ready,canonical_term_candidate,sequence_ready,271,current_public_value_domain_count,none_observed,observed_not_promoted,forbidden_in_WEBSCHEMA1,"empty string, not_reported, needs_manual_check, and business values remain distinct",not_promoted,WEBR8-D08,WEBR8-v1,WEBSCHEMA1 field inventory + WEBR8 decision contract
VOC_VARIANT_SUMMARY_STRUCTURE_MODELING_READINESS,variant_summary,structure_modeling_readiness,structure_ready,canonical_term_candidate,structure_ready,92,current_public_value_domain_count,none_observed,observed_not_promoted,forbidden_in_WEBSCHEMA1,"empty string, not_reported, needs_manual_check, and business values remain distinct",not_promoted,WEBR8-D08,WEBR8-v1,WEBSCHEMA1 field inventory + WEBR8 decision contract
VOC_VARIANT_SUMMARY_T7A_CONFIDENCE_TIER,variant_summary,t7a_confidence_tier,D,canonical_term_candidate,D,611,current_public_value_domain_count,none_observed,observed_not_promoted,forbidden_in_WEBSCHEMA1,"empty string, not_reported, needs_manual_check, and business values remain distinct",not_promoted,WEBR8-D08,WEBR8-v1,WEBSCHEMA1 field inventory + WEBR8 decision contract
VOC_VARIANT_SUMMARY_T7A_EVIDENCE_INSUFFICIENCY_DISPLAY,variant_summary,t7a_evidence_insufficiency_display,独立来源数=，独立性档=D,canonical_term_candidate,独立来源数=，独立性档=D,611,current_public_value_domain_count,none_observed,observed_not_promoted,forbidden_in_WEBSCHEMA1,"empty string, not_reported, needs_manual_check, and business values remain distinct",not_promoted,WEBR8-D08,WEBR8-v1,WEBSCHEMA1 field inventory + WEBR8 decision contract
VOC_VARIANT_SUMMARY_T7A_MEASUREMENT_UNCERTAINTY_DISPLAY,variant_summary,t7a_measurement_uncertainty_display,误差带仅说明测量不精确，不参与T7a评分,canonical_term_candidate,误差带仅说明测量不精确，不参与T7a评分,611,current_public_value_domain_count,none_observed,observed_not_promoted,forbidden_in_WEBSCHEMA1,"empty string, not_reported, needs_manual_check, and business values remain distinct",not_promoted,WEBR8-D08,WEBR8-v1,WEBSCHEMA1 field inventory + WEBR8 decision contract
VOC_VARIANT_SUMMARY_TOLERANCE_CLASS_V0_STATUS,variant_summary,tolerance_class_v0_status,archive_preview_only_not_authoritative,canonical_term_candidate,archive_preview_only_not_authoritative,611,current_public_value_domain_count,none_observed,observed_not_promoted,forbidden_in_WEBSCHEMA1,"empty string, not_reported, needs_manual_check, and business values remain distinct",not_promoted,WEBR8-D08,WEBR8-v1,WEBSCHEMA1 field inventory + WEBR8 decision contract
VOC_VARIANT_SUMMARY_TOLERANCE_TIER,variant_summary,tolerance_tier,evidence_absent,canonical_term_candidate,evidence_absent,180,current_public_value_domain_count,none_observed,observed_not_promoted,forbidden_in_WEBSCHEMA1,"empty string, not_reported, needs_manual_check, and business values remain distinct",not_promoted,WEBR8-D08,WEBR8-v1,WEBSCHEMA1 field inventory + WEBR8 decision contract
VOC_VARIANT_SUMMARY_TOLERANCE_TIER,variant_summary,tolerance_tier,evidence_moderate,canonical_term_candidate,evidence_moderate,104,current_public_value_domain_count,none_observed,observed_not_promoted,forbidden_in_WEBSCHEMA1,"empty string, not_reported, needs_manual_check, and business values remain distinct",not_promoted,WEBR8-D08,WEBR8-v1,WEBSCHEMA1 field inventory + WEBR8 decision contract
VOC_VARIANT_SUMMARY_TOLERANCE_TIER,variant_summary,tolerance_tier,evidence_rich,canonical_term_candidate,evidence_rich,126,current_public_value_domain_count,none_observed,observed_not_promoted,forbidden_in_WEBSCHEMA1,"empty string, not_reported, needs_manual_check, and business values remain distinct",not_promoted,WEBR8-D08,WEBR8-v1,WEBSCHEMA1 field inventory + WEBR8 decision contract
VOC_VARIANT_SUMMARY_TOLERANCE_TIER,variant_summary,tolerance_tier,evidence_sparse,canonical_term_candidate,evidence_sparse,201,current_public_value_domain_count,none_observed,observed_not_promoted,forbidden_in_WEBSCHEMA1,"empty string, not_reported, needs_manual_check, and business values remain distinct",not_promoted,WEBR8-D08,WEBR8-v1,WEBSCHEMA1 field inventory + WEBR8 decision contract
