table_name,column_name,semantic_role,value_kind,canonical_unit,raw_value_policy,vocabulary_id,missing_policy,validation_rule_id,public_scope,evidence_ref,note
all_enzyme_index,LTS_ref,normalized_or_derived,number,not_applicable_or_embedded_in_raw_value,derived_value_must_retain_source_field_rule_version_and_provenance,,blank_only,VAL_SCHEMA_COMPLETE;VAL_MISSING_EXPLICIT;VAL_NUMERIC_OR_UNIT,downloads_csv+release_zip_csv+sqlite,public_header:downloads_csv+release_zip_csv+sqlite;sqlite_type:REAL;generator:scripts/build_static_web_mvp.py;DOCS1R_reuse=bounded,"definition_evidence=high; column semantics are code/header confirmed when explicit, otherwise value-inferred and not authoritative"
all_enzyme_index,LTS_ref_ci_high,normalized_or_derived,number,not_applicable_or_embedded_in_raw_value,derived_value_must_retain_source_field_rule_version_and_provenance,,blank_only,VAL_SCHEMA_COMPLETE;VAL_MISSING_EXPLICIT;VAL_NUMERIC_OR_UNIT,downloads_csv+release_zip_csv+sqlite,public_header:downloads_csv+release_zip_csv+sqlite;sqlite_type:REAL;generator:scripts/build_static_web_mvp.py;DOCS1R_reuse=bounded,"definition_evidence=high; column semantics are code/header confirmed when explicit, otherwise value-inferred and not authoritative"
all_enzyme_index,LTS_ref_ci_low,normalized_or_derived,number,not_applicable_or_embedded_in_raw_value,derived_value_must_retain_source_field_rule_version_and_provenance,,blank_only,VAL_SCHEMA_COMPLETE;VAL_MISSING_EXPLICIT;VAL_NUMERIC_OR_UNIT,downloads_csv+release_zip_csv+sqlite,public_header:downloads_csv+release_zip_csv+sqlite;sqlite_type:REAL;generator:scripts/build_static_web_mvp.py;DOCS1R_reuse=bounded,"definition_evidence=high; column semantics are code/header confirmed when explicit, otherwise value-inferred and not authoritative"
all_enzyme_index,activity_assay_method,descriptive_attribute,delimited_list_or_text,not_applicable_or_embedded_in_raw_value,preserve_verbatim_no_overwrite,,blank_or_explicit_sentinel,VAL_SCHEMA_COMPLETE;VAL_MISSING_EXPLICIT,downloads_csv+release_zip_csv+sqlite,public_header:downloads_csv+release_zip_csv+sqlite;sqlite_type:TEXT;generator:scripts/build_static_web_mvp.py;DOCS1R_reuse=bounded,"definition_evidence=high; column semantics are code/header confirmed when explicit, otherwise value-inferred and not authoritative"
all_enzyme_index,assay_id,identifier_or_cross_reference,identifier_or_identifier_list,not_applicable_or_embedded_in_raw_value,preserve_verbatim_no_overwrite,,blank_only,VAL_SCHEMA_COMPLETE;VAL_MISSING_EXPLICIT;VAL_IDENTIFIER_FORMAT,downloads_csv+release_zip_csv+sqlite,public_header:downloads_csv+release_zip_csv+sqlite;sqlite_type:TEXT;generator:scripts/build_static_web_mvp.py;DOCS1R_reuse=bounded,"definition_evidence=high; column semantics are code/header confirmed when explicit, otherwise value-inferred and not authoritative"
all_enzyme_index,assay_substrate,descriptive_attribute,delimited_list_or_text,not_applicable_or_embedded_in_raw_value,preserve_verbatim_no_overwrite,,blank_or_explicit_sentinel,VAL_SCHEMA_COMPLETE;VAL_MISSING_EXPLICIT,downloads_csv+release_zip_csv+sqlite,public_header:downloads_csv+release_zip_csv+sqlite;sqlite_type:TEXT;generator:scripts/build_static_web_mvp.py;DOCS1R_reuse=bounded,"definition_evidence=high; column semantics are code/header confirmed when explicit, otherwise value-inferred and not authoritative"
all_enzyme_index,canonical_enzyme_id,identifier_foreign_key,identifier_or_identifier_list,not_applicable_or_embedded_in_raw_value,preserve_verbatim_no_overwrite,,blank_only,VAL_SCHEMA_COMPLETE;VAL_MISSING_EXPLICIT;VAL_IDENTIFIER_FORMAT;VAL_CANONICAL_FK,downloads_csv+release_zip_csv+sqlite,public_header:downloads_csv+release_zip_csv+sqlite;sqlite_type:TEXT;generator:scripts/build_static_web_mvp.py;DOCS1R_reuse=bounded,"definition_evidence=high; column semantics are code/header confirmed when explicit, otherwise value-inferred and not authoritative"
all_enzyme_index,canonical_species,descriptive_attribute,text,not_applicable_or_embedded_in_raw_value,preserve_verbatim_no_overwrite,,blank_or_explicit_sentinel,VAL_SCHEMA_COMPLETE;VAL_MISSING_EXPLICIT,downloads_csv+release_zip_csv+sqlite,public_header:downloads_csv+release_zip_csv+sqlite;sqlite_type:TEXT;generator:scripts/build_static_web_mvp.py;DOCS1R_reuse=bounded,"definition_evidence=high; column semantics are code/header confirmed when explicit, otherwise value-inferred and not authoritative"
all_enzyme_index,display_name,descriptive_attribute,text,not_applicable_or_embedded_in_raw_value,preserve_verbatim_no_overwrite,,blank_or_explicit_sentinel,VAL_SCHEMA_COMPLETE;VAL_MISSING_EXPLICIT,downloads_csv+release_zip_csv+sqlite,public_header:downloads_csv+release_zip_csv+sqlite;sqlite_type:TEXT;generator:scripts/build_static_web_mvp.py;DOCS1R_reuse=bounded,"definition_evidence=high; column semantics are code/header confirmed when explicit, otherwise value-inferred and not authoritative"
all_enzyme_index,display_tier,status_or_classification,enum_candidate,not_applicable_or_embedded_in_raw_value,preserve_verbatim_no_overwrite,VOC_ALL_ENZYME_INDEX_DISPLAY_TIER,blank_or_explicit_sentinel,VAL_SCHEMA_COMPLETE;VAL_MISSING_EXPLICIT;VAL_ENUM_MEMBERSHIP,downloads_csv+release_zip_csv+sqlite,public_header:downloads_csv+release_zip_csv+sqlite;sqlite_type:TEXT;generator:scripts/build_static_web_mvp.py;DOCS1R_reuse=bounded,"definition_evidence=high; column semantics are code/header confirmed when explicit, otherwise value-inferred and not authoritative"
all_enzyme_index,doi_or_patent_number,provenance,text,not_applicable_or_embedded_in_raw_value,preserve_verbatim_no_overwrite,,blank_or_explicit_sentinel,VAL_SCHEMA_COMPLETE;VAL_MISSING_EXPLICIT,downloads_csv+release_zip_csv+sqlite,public_header:downloads_csv+release_zip_csv+sqlite;sqlite_type:TEXT;generator:scripts/build_static_web_mvp.py;DOCS1R_reuse=bounded,"definition_evidence=high; column semantics are code/header confirmed when explicit, otherwise value-inferred and not authoritative"
all_enzyme_index,entity_role,status_or_classification,enum_candidate,not_applicable_or_embedded_in_raw_value,preserve_verbatim_no_overwrite,VOC_ALL_ENZYME_INDEX_ENTITY_ROLE,blank_or_explicit_sentinel,VAL_SCHEMA_COMPLETE;VAL_MISSING_EXPLICIT;VAL_ENUM_MEMBERSHIP,downloads_csv+release_zip_csv+sqlite,public_header:downloads_csv+release_zip_csv+sqlite;sqlite_type:TEXT;generator:scripts/build_static_web_mvp.py;DOCS1R_reuse=bounded,"definition_evidence=high; column semantics are code/header confirmed when explicit, otherwise value-inferred and not authoritative"
all_enzyme_index,enzyme_ec_number,descriptive_attribute,enum_candidate,not_applicable_or_embedded_in_raw_value,preserve_verbatim_no_overwrite,VOC_ALL_ENZYME_INDEX_ENZYME_EC_NUMBER,blank_or_explicit_sentinel,VAL_SCHEMA_COMPLETE;VAL_MISSING_EXPLICIT;VAL_ENUM_MEMBERSHIP,downloads_csv+release_zip_csv+sqlite,public_header:downloads_csv+release_zip_csv+sqlite;sqlite_type:TEXT;generator:scripts/build_static_web_mvp.py;DOCS1R_reuse=bounded,"definition_evidence=high; column semantics are code/header confirmed when explicit, otherwise value-inferred and not authoritative"
all_enzyme_index,enzyme_form,descriptive_attribute,enum_candidate,not_applicable_or_embedded_in_raw_value,preserve_verbatim_no_overwrite,VOC_ALL_ENZYME_INDEX_ENZYME_FORM,blank_or_explicit_sentinel,VAL_SCHEMA_COMPLETE;VAL_MISSING_EXPLICIT;VAL_ENUM_MEMBERSHIP,downloads_csv+release_zip_csv+sqlite,public_header:downloads_csv+release_zip_csv+sqlite;sqlite_type:TEXT;generator:scripts/build_static_web_mvp.py;DOCS1R_reuse=bounded,"definition_evidence=high; column semantics are code/header confirmed when explicit, otherwise value-inferred and not authoritative"
all_enzyme_index,evidence_confidence_tier,status_or_classification,enum_candidate,not_applicable_or_embedded_in_raw_value,preserve_verbatim_no_overwrite,VOC_ALL_ENZYME_INDEX_EVIDENCE_CONFIDENCE_TIER,blank_or_explicit_sentinel,VAL_SCHEMA_COMPLETE;VAL_MISSING_EXPLICIT;VAL_ENUM_MEMBERSHIP,downloads_csv+release_zip_csv+sqlite,public_header:downloads_csv+release_zip_csv+sqlite;sqlite_type:TEXT;generator:scripts/build_static_web_mvp.py;DOCS1R_reuse=bounded,"definition_evidence=high; column semantics are code/header confirmed when explicit, otherwise value-inferred and not authoritative"
all_enzyme_index,evidence_count,normalized_or_derived,integer,count,derived_value_must_retain_source_field_rule_version_and_provenance,,blank_only,VAL_SCHEMA_COMPLETE;VAL_MISSING_EXPLICIT;VAL_NUMERIC_OR_UNIT,downloads_csv+release_zip_csv+sqlite,public_header:downloads_csv+release_zip_csv+sqlite;sqlite_type:INTEGER;generator:scripts/build_static_web_mvp.py;DOCS1R_reuse=bounded,"definition_evidence=high; column semantics are code/header confirmed when explicit, otherwise value-inferred and not authoritative"
all_enzyme_index,evidence_id,identifier_or_cross_reference,identifier_or_identifier_list,not_applicable_or_embedded_in_raw_value,preserve_verbatim_no_overwrite,,blank_only,VAL_SCHEMA_COMPLETE;VAL_MISSING_EXPLICIT;VAL_IDENTIFIER_FORMAT,downloads_csv+release_zip_csv+sqlite,public_header:downloads_csv+release_zip_csv+sqlite;sqlite_type:TEXT;generator:scripts/build_static_web_mvp.py;DOCS1R_reuse=bounded,"definition_evidence=high; column semantics are code/header confirmed when explicit, otherwise value-inferred and not authoritative"
all_enzyme_index,evidence_source_mix,provenance,enum_candidate,not_applicable_or_embedded_in_raw_value,preserve_verbatim_no_overwrite,VOC_ALL_ENZYME_INDEX_EVIDENCE_SOURCE_MIX,blank_or_explicit_sentinel,VAL_SCHEMA_COMPLETE;VAL_MISSING_EXPLICIT;VAL_ENUM_MEMBERSHIP,downloads_csv+release_zip_csv+sqlite,public_header:downloads_csv+release_zip_csv+sqlite;sqlite_type:TEXT;generator:scripts/build_static_web_mvp.py;DOCS1R_reuse=bounded,"definition_evidence=high; column semantics are code/header confirmed when explicit, otherwise value-inferred and not authoritative"
all_enzyme_index,evidence_status,status_or_classification,enum_candidate,not_applicable_or_embedded_in_raw_value,preserve_verbatim_no_overwrite,VOC_ALL_ENZYME_INDEX_EVIDENCE_STATUS,blank_or_explicit_sentinel,VAL_SCHEMA_COMPLETE;VAL_MISSING_EXPLICIT;VAL_ENUM_MEMBERSHIP,downloads_csv+release_zip_csv+sqlite,public_header:downloads_csv+release_zip_csv+sqlite;sqlite_type:TEXT;generator:scripts/build_static_web_mvp.py;DOCS1R_reuse=bounded,"definition_evidence=high; column semantics are code/header confirmed when explicit, otherwise value-inferred and not authoritative"
all_enzyme_index,exact_uniprot_ids,identifier_or_cross_reference,identifier_or_identifier_list,not_applicable_or_embedded_in_raw_value,preserve_verbatim_no_overwrite,,blank_only,VAL_SCHEMA_COMPLETE;VAL_MISSING_EXPLICIT;VAL_IDENTIFIER_FORMAT,downloads_csv+release_zip_csv+sqlite,public_header:downloads_csv+release_zip_csv+sqlite;sqlite_type:TEXT;generator:scripts/build_static_web_mvp.py;DOCS1R_reuse=bounded,"definition_evidence=high; column semantics are code/header confirmed when explicit, otherwise value-inferred and not authoritative"
all_enzyme_index,export_accession,identifier_primary_or_stable_key,text,not_applicable_or_embedded_in_raw_value,preserve_verbatim_no_overwrite,,blank_or_explicit_sentinel,VAL_SCHEMA_COMPLETE;VAL_MISSING_EXPLICIT,downloads_csv+release_zip_csv+sqlite,public_header:downloads_csv+release_zip_csv+sqlite;sqlite_type:TEXT;generator:scripts/build_static_web_mvp.py;DOCS1R_reuse=bounded,"definition_evidence=high; column semantics are code/header confirmed when explicit, otherwise value-inferred and not authoritative"
all_enzyme_index,expression_host,descriptive_attribute,enum_candidate,not_applicable_or_embedded_in_raw_value,preserve_verbatim_no_overwrite,VOC_ALL_ENZYME_INDEX_EXPRESSION_HOST,blank_or_explicit_sentinel,VAL_SCHEMA_COMPLETE;VAL_MISSING_EXPLICIT;VAL_ENUM_MEMBERSHIP,downloads_csv+release_zip_csv+sqlite,public_header:downloads_csv+release_zip_csv+sqlite;sqlite_type:TEXT;generator:scripts/build_static_web_mvp.py;DOCS1R_reuse=bounded,"definition_evidence=high; column semantics are code/header confirmed when explicit, otherwise value-inferred and not authoritative"
all_enzyme_index,fit_status,status_or_classification,enum_candidate,not_applicable_or_embedded_in_raw_value,preserve_verbatim_no_overwrite,VOC_ALL_ENZYME_INDEX_FIT_STATUS,blank_or_explicit_sentinel,VAL_SCHEMA_COMPLETE;VAL_MISSING_EXPLICIT;VAL_ENUM_MEMBERSHIP,downloads_csv+release_zip_csv+sqlite,public_header:downloads_csv+release_zip_csv+sqlite;sqlite_type:TEXT;generator:scripts/build_static_web_mvp.py;DOCS1R_reuse=bounded,"definition_evidence=high; column semantics are code/header confirmed when explicit, otherwise value-inferred and not authoritative"
all_enzyme_index,genbank_id,identifier_or_cross_reference,identifier_or_identifier_list,not_applicable_or_embedded_in_raw_value,preserve_verbatim_no_overwrite,,blank_only,VAL_SCHEMA_COMPLETE;VAL_MISSING_EXPLICIT;VAL_IDENTIFIER_FORMAT,downloads_csv+release_zip_csv+sqlite,public_header:downloads_csv+release_zip_csv+sqlite;sqlite_type:TEXT;generator:scripts/build_static_web_mvp.py;DOCS1R_reuse=bounded,"definition_evidence=high; column semantics are code/header confirmed when explicit, otherwise value-inferred and not authoritative"
all_enzyme_index,historical_uniprot_ids,identifier_or_cross_reference,identifier_or_identifier_list,not_applicable_or_embedded_in_raw_value,preserve_verbatim_no_overwrite,,blank_only,VAL_SCHEMA_COMPLETE;VAL_MISSING_EXPLICIT;VAL_IDENTIFIER_FORMAT,downloads_csv+release_zip_csv+sqlite,public_header:downloads_csv+release_zip_csv+sqlite;sqlite_type:TEXT;generator:scripts/build_static_web_mvp.py;DOCS1R_reuse=bounded,"definition_evidence=high; column semantics are code/header confirmed when explicit, otherwise value-inferred and not authoritative"
all_enzyme_index,identifier_status_summary,status_or_classification,delimited_list_or_text,not_applicable_or_embedded_in_raw_value,preserve_verbatim_no_overwrite,,blank_or_explicit_sentinel,VAL_SCHEMA_COMPLETE;VAL_MISSING_EXPLICIT,downloads_csv+release_zip_csv+sqlite,public_header:downloads_csv+release_zip_csv+sqlite;sqlite_type:TEXT;generator:scripts/build_static_web_mvp.py;DOCS1R_reuse=bounded,"definition_evidence=high; column semantics are code/header confirmed when explicit, otherwise value-inferred and not authoritative"
all_enzyme_index,incubation_temp_C,raw_measurement_or_source_reported_attribute,text,degree_Celsius,preserve_verbatim_no_overwrite,,blank_or_explicit_sentinel,VAL_SCHEMA_COMPLETE;VAL_MISSING_EXPLICIT;VAL_NUMERIC_OR_UNIT,downloads_csv+release_zip_csv+sqlite,public_header:downloads_csv+release_zip_csv+sqlite;sqlite_type:TEXT;generator:scripts/build_static_web_mvp.py;DOCS1R_reuse=bounded,"definition_evidence=high; column semantics are code/header confirmed when explicit, otherwise value-inferred and not authoritative"
all_enzyme_index,incubation_time_h,raw_measurement_or_source_reported_attribute,number,hour,preserve_verbatim_no_overwrite,,blank_only,VAL_SCHEMA_COMPLETE;VAL_MISSING_EXPLICIT;VAL_NUMERIC_OR_UNIT,downloads_csv+release_zip_csv+sqlite,public_header:downloads_csv+release_zip_csv+sqlite;sqlite_type:REAL;generator:scripts/build_static_web_mvp.py;DOCS1R_reuse=bounded,"definition_evidence=high; column semantics are code/header confirmed when explicit, otherwise value-inferred and not authoritative"
all_enzyme_index,literature_evidence_count,normalized_or_derived,integer,count,derived_value_must_retain_source_field_rule_version_and_provenance,,blank_only,VAL_SCHEMA_COMPLETE;VAL_MISSING_EXPLICIT;VAL_NUMERIC_OR_UNIT,downloads_csv+release_zip_csv+sqlite,public_header:downloads_csv+release_zip_csv+sqlite;sqlite_type:INTEGER;generator:scripts/build_static_web_mvp.py;DOCS1R_reuse=bounded,"definition_evidence=high; column semantics are code/header confirmed when explicit, otherwise value-inferred and not authoritative"
all_enzyme_index,,provenance,path,not_applicable_or_embedded_in_raw_value,preserve_verbatim_no_overwrite,,blank_or_explicit_sentinel,VAL_SCHEMA_COMPLETE;VAL_MISSING_EXPLICIT,downloads_csv+release_zip_csv+sqlite,public_header:downloads_csv+release_zip_csv+sqlite;sqlite_type:TEXT;generator:scripts/build_static_web_mvp.py;DOCS1R_reuse=bounded,"definition_evidence=high; column semantics are code/header confirmed when explicit, otherwise value-inferred and not authoritative"
all_enzyme_index,,provenance,path,not_applicable_or_embedded_in_raw_value,preserve_verbatim_no_overwrite,,blank_or_explicit_sentinel,VAL_SCHEMA_COMPLETE;VAL_MISSING_EXPLICIT,downloads_csv+release_zip_csv+sqlite,public_header:downloads_csv+release_zip_csv+sqlite;sqlite_type:TEXT;generator:scripts/build_static_web_mvp.py;DOCS1R_reuse=bounded,"definition_evidence=high; column semantics are code/header confirmed when explicit, otherwise value-inferred and not authoritative"
all_enzyme_index,max_incubation_time_h,normalized_or_derived,number,hour,derived_value_must_retain_source_field_rule_version_and_provenance,,blank_only,VAL_SCHEMA_COMPLETE;VAL_MISSING_EXPLICIT;VAL_NUMERIC_OR_UNIT,downloads_csv+release_zip_csv+sqlite,public_header:downloads_csv+release_zip_csv+sqlite;sqlite_type:REAL;generator:scripts/build_static_web_mvp.py;DOCS1R_reuse=bounded,"definition_evidence=high; column semantics are code/header confirmed when explicit, otherwise value-inferred and not authoritative"
all_enzyme_index,max_methanol_conc_percent,normalized_or_derived,number,percent,derived_value_must_retain_source_field_rule_version_and_provenance,,blank_only,VAL_SCHEMA_COMPLETE;VAL_MISSING_EXPLICIT;VAL_NUMERIC_OR_UNIT,downloads_csv+release_zip_csv+sqlite,public_header:downloads_csv+release_zip_csv+sqlite;sqlite_type:REAL;generator:scripts/build_static_web_mvp.py;DOCS1R_reuse=bounded,"definition_evidence=high; column semantics are code/header confirmed when explicit, otherwise value-inferred and not authoritative"
all_enzyme_index,max_residual_activity_percent,normalized_or_derived,number,percent,derived_value_must_retain_source_field_rule_version_and_provenance,,blank_only,VAL_SCHEMA_COMPLETE;VAL_MISSING_EXPLICIT;VAL_NUMERIC_OR_UNIT,downloads_csv+release_zip_csv+sqlite,public_header:downloads_csv+release_zip_csv+sqlite;sqlite_type:REAL;generator:scripts/build_static_web_mvp.py;DOCS1R_reuse=bounded,"definition_evidence=high; column semantics are code/header confirmed when explicit, otherwise value-inferred and not authoritative"
all_enzyme_index,measurement_row_count,normalized_or_derived,integer,count,derived_value_must_retain_source_field_rule_version_and_provenance,,blank_only,VAL_SCHEMA_COMPLETE;VAL_MISSING_EXPLICIT;VAL_NUMERIC_OR_UNIT,downloads_csv+release_zip_csv+sqlite,public_header:downloads_csv+release_zip_csv+sqlite;sqlite_type:INTEGER;generator:scripts/build_static_web_mvp.py;DOCS1R_reuse=bounded,"definition_evidence=high; column semantics are code/header confirmed when explicit, otherwise value-inferred and not authoritative"
all_enzyme_index,methanol_conc_percent,raw_measurement_or_source_reported_attribute,number,percent_source_basis_unknown,preserve_source_percent_and_unknown_basis;no_auto_v_v,,blank_only,VAL_SCHEMA_COMPLETE;VAL_MISSING_EXPLICIT;VAL_NUMERIC_OR_UNIT;VAL_NO_BASIS_CONVERSION,downloads_csv+release_zip_csv+sqlite,public_header:downloads_csv+release_zip_csv+sqlite;sqlite_type:REAL;generator:scripts/build_static_web_mvp.py;DOCS1R_reuse=bounded,"definition_evidence=high; column semantics are code/header confirmed when explicit, otherwise value-inferred and not authoritative"
all_enzyme_index,ncbi_protein_id,identifier_or_cross_reference,identifier_or_identifier_list,not_applicable_or_embedded_in_raw_value,preserve_verbatim_no_overwrite,,blank_only,VAL_SCHEMA_COMPLETE;VAL_MISSING_EXPLICIT;VAL_IDENTIFIER_FORMAT,downloads_csv+release_zip_csv+sqlite,public_header:downloads_csv+release_zip_csv+sqlite;sqlite_type:TEXT;generator:scripts/build_static_web_mvp.py;DOCS1R_reuse=bounded,"definition_evidence=high; column semantics are code/header confirmed when explicit, otherwise value-inferred and not authoritative"
all_enzyme_index,notes,free_text_note,delimited_list_or_text,not_applicable_or_embedded_in_raw_value,preserve_verbatim_no_overwrite,,blank_or_explicit_sentinel,VAL_SCHEMA_COMPLETE;VAL_MISSING_EXPLICIT,downloads_csv+release_zip_csv+sqlite,public_header:downloads_csv+release_zip_csv+sqlite;sqlite_type:TEXT;generator:scripts/build_static_web_mvp.py;DOCS1R_reuse=bounded,"definition_evidence=high; column semantics are code/header confirmed when explicit, otherwise value-inferred and not authoritative"
all_enzyme_index,parent_canonical_id,identifier_foreign_key,identifier_or_identifier_list,not_applicable_or_embedded_in_raw_value,preserve_verbatim_no_overwrite,,blank_only,VAL_SCHEMA_COMPLETE;VAL_MISSING_EXPLICIT;VAL_IDENTIFIER_FORMAT,downloads_csv+release_zip_csv+sqlite,public_header:downloads_csv+release_zip_csv+sqlite;sqlite_type:TEXT;generator:scripts/build_static_web_mvp.py;DOCS1R_reuse=bounded,"definition_evidence=high; column semantics are code/header confirmed when explicit, otherwise value-inferred and not authoritative"
all_enzyme_index,parent_uniprot_ids,identifier_or_cross_reference,identifier_or_identifier_list,not_applicable_or_embedded_in_raw_value,preserve_verbatim_no_overwrite,,blank_only,VAL_SCHEMA_COMPLETE;VAL_MISSING_EXPLICIT;VAL_IDENTIFIER_FORMAT,downloads_csv+release_zip_csv+sqlite,public_header:downloads_csv+release_zip_csv+sqlite;sqlite_type:TEXT;generator:scripts/build_static_web_mvp.py;DOCS1R_reuse=bounded,"definition_evidence=high; column semantics are code/header confirmed when explicit, otherwise value-inferred and not authoritative"
all_enzyme_index,patent_evidence_count,normalized_or_derived,integer,count,derived_value_must_retain_source_field_rule_version_and_provenance,,blank_only,VAL_SCHEMA_COMPLETE;VAL_MISSING_EXPLICIT;VAL_NUMERIC_OR_UNIT,downloads_csv+release_zip_csv+sqlite,public_header:downloads_csv+release_zip_csv+sqlite;sqlite_type:INTEGER;generator:scripts/build_static_web_mvp.py;DOCS1R_reuse=bounded,"definition_evidence=high; column semantics are code/header confirmed when explicit, otherwise value-inferred and not authoritative"
all_enzyme_index,pdb_ids,identifier_or_cross_reference,identifier_or_identifier_list,not_applicable_or_embedded_in_raw_value,preserve_verbatim_no_overwrite,,blank_only,VAL_SCHEMA_COMPLETE;VAL_MISSING_EXPLICIT;VAL_IDENTIFIER_FORMAT,downloads_csv+release_zip_csv+sqlite,public_header:downloads_csv+release_zip_csv+sqlite;sqlite_type:TEXT;generator:scripts/build_static_web_mvp.py;DOCS1R_reuse=bounded,"definition_evidence=high; column semantics are code/header confirmed when explicit, otherwise value-inferred and not authoritative"
all_enzyme_index,pdb_link_relation,descriptive_attribute,enum_candidate,not_applicable_or_embedded_in_raw_value,preserve_verbatim_no_overwrite,VOC_ALL_ENZYME_INDEX_PDB_LINK_RELATION,blank_or_explicit_sentinel,VAL_SCHEMA_COMPLETE;VAL_MISSING_EXPLICIT;VAL_ENUM_MEMBERSHIP,downloads_csv+release_zip_csv+sqlite,public_header:downloads_csv+release_zip_csv+sqlite;sqlite_type:TEXT;generator:scripts/build_static_web_mvp.py;DOCS1R_reuse=bounded,"definition_evidence=high; column semantics are code/header confirmed when explicit, otherwise value-inferred and not authoritative"
all_enzyme_index,pdb_relation_source,descriptive_attribute,enum_candidate,not_applicable_or_embedded_in_raw_value,preserve_verbatim_no_overwrite,VOC_ALL_ENZYME_INDEX_PDB_RELATION_SOURCE,blank_or_explicit_sentinel,VAL_SCHEMA_COMPLETE;VAL_MISSING_EXPLICIT;VAL_ENUM_MEMBERSHIP,downloads_csv+release_zip_csv+sqlite,public_header:downloads_csv+release_zip_csv+sqlite;sqlite_type:TEXT;generator:scripts/build_static_web_mvp.py;DOCS1R_reuse=bounded,"definition_evidence=high; column semantics are code/header confirmed when explicit, otherwise value-inferred and not authoritative"
all_enzyme_index,protein_sequence_accession,descriptive_attribute,sequence_or_sequence_reference,not_applicable_or_embedded_in_raw_value,preserve_verbatim_no_overwrite,,blank_or_explicit_sentinel,VAL_SCHEMA_COMPLETE;VAL_MISSING_EXPLICIT,downloads_csv+release_zip_csv+sqlite,public_header:downloads_csv+release_zip_csv+sqlite;sqlite_type:TEXT;generator:scripts/build_static_web_mvp.py;DOCS1R_reuse=bounded,"definition_evidence=high; column semantics are code/header confirmed when explicit, otherwise value-inferred and not authoritative"
all_enzyme_index,protein_sequence_available,descriptive_attribute,boolean_token,not_applicable_or_embedded_in_raw_value,preserve_verbatim_no_overwrite,VOC_ALL_ENZYME_INDEX_PROTEIN_SEQUENCE_AVAILABLE,blank_only,VAL_SCHEMA_COMPLETE;VAL_MISSING_EXPLICIT;VAL_ENUM_MEMBERSHIP,downloads_csv+release_zip_csv+sqlite,public_header:downloads_csv+release_zip_csv+sqlite;sqlite_type:TEXT;generator:scripts/build_static_web_mvp.py;DOCS1R_reuse=bounded,"definition_evidence=high; column semantics are code/header confirmed when explicit, otherwise value-inferred and not authoritative"
all_enzyme_index,protein_sequence_length_aa,descriptive_attribute,integer,amino_acid_count,preserve_verbatim_no_overwrite,,blank_only,VAL_SCHEMA_COMPLETE;VAL_MISSING_EXPLICIT;VAL_NUMERIC_OR_UNIT,downloads_csv+release_zip_csv+sqlite,public_header:downloads_csv+release_zip_csv+sqlite;sqlite_type:INTEGER;generator:scripts/build_static_web_mvp.py;DOCS1R_reuse=bounded,"definition_evidence=high; column semantics are code/header confirmed when explicit, otherwise value-inferred and not authoritative"
all_enzyme_index,protein_sequence_provenance,provenance,sequence_or_sequence_reference,not_applicable_or_embedded_in_raw_value,preserve_verbatim_no_overwrite,,blank_or_explicit_sentinel,VAL_SCHEMA_COMPLETE;VAL_MISSING_EXPLICIT,downloads_csv+release_zip_csv+sqlite,public_header:downloads_csv+release_zip_csv+sqlite;sqlite_type:TEXT;generator:scripts/build_static_web_mvp.py;DOCS1R_reuse=bounded,"definition_evidence=high; column semantics are code/header confirmed when explicit, otherwise value-inferred and not authoritative"
all_enzyme_index,protein_sequence_sha256,descriptive_attribute,text,not_applicable_or_embedded_in_raw_value,preserve_verbatim_no_overwrite,,blank_or_explicit_sentinel,VAL_SCHEMA_COMPLETE;VAL_MISSING_EXPLICIT,downloads_csv+release_zip_csv+sqlite,public_header:downloads_csv+release_zip_csv+sqlite;sqlite_type:TEXT;generator:scripts/build_static_web_mvp.py;DOCS1R_reuse=bounded,"definition_evidence=high; column semantics are code/header confirmed when explicit, otherwise value-inferred and not authoritative"
all_enzyme_index,protein_sequence_source,descriptive_attribute,enum_candidate,not_applicable_or_embedded_in_raw_value,preserve_verbatim_no_overwrite,VOC_ALL_ENZYME_INDEX_PROTEIN_SEQUENCE_SOURCE,blank_or_explicit_sentinel,VAL_SCHEMA_COMPLETE;VAL_MISSING_EXPLICIT;VAL_ENUM_MEMBERSHIP,downloads_csv+release_zip_csv+sqlite,public_header:downloads_csv+release_zip_csv+sqlite;sqlite_type:TEXT;generator:scripts/build_static_web_mvp.py;DOCS1R_reuse=bounded,"definition_evidence=high; column semantics are code/header confirmed when explicit, otherwise value-inferred and not authoritative"
all_enzyme_index,protocol_id,identifier_or_cross_reference,identifier_or_identifier_list,not_applicable_or_embedded_in_raw_value,preserve_verbatim_no_overwrite,,blank_only,VAL_SCHEMA_COMPLETE;VAL_MISSING_EXPLICIT;VAL_IDENTIFIER_FORMAT,downloads_csv+release_zip_csv+sqlite,public_header:downloads_csv+release_zip_csv+sqlite;sqlite_type:TEXT;generator:scripts/build_static_web_mvp.py;DOCS1R_reuse=bounded,"definition_evidence=high; column semantics are code/header confirmed when explicit, otherwise value-inferred and not authoritative"
all_enzyme_index,protocol_unit_count,normalized_or_derived,integer,count,derived_value_must_retain_source_field_rule_version_and_provenance,,blank_only,VAL_SCHEMA_COMPLETE;VAL_MISSING_EXPLICIT;VAL_NUMERIC_OR_UNIT,downloads_csv+release_zip_csv+sqlite,public_header:downloads_csv+release_zip_csv+sqlite;sqlite_type:INTEGER;generator:scripts/build_static_web_mvp.py;DOCS1R_reuse=bounded,"definition_evidence=high; column semantics are code/header confirmed when explicit, otherwise value-inferred and not authoritative"
all_enzyme_index,provenance_anchor,provenance,delimited_list_or_text,not_applicable_or_embedded_in_raw_value,preserve_verbatim_no_overwrite,,blank_or_explicit_sentinel,VAL_SCHEMA_COMPLETE;VAL_MISSING_EXPLICIT,downloads_csv+release_zip_csv+sqlite,public_header:downloads_csv+release_zip_csv+sqlite;sqlite_type:TEXT;generator:scripts/build_static_web_mvp.py;DOCS1R_reuse=bounded,"definition_evidence=high; column semantics are code/header confirmed when explicit, otherwise value-inferred and not authoritative"
all_enzyme_index,provenance_caveat,provenance,enum_candidate,not_applicable_or_embedded_in_raw_value,preserve_verbatim_no_overwrite,VOC_ALL_ENZYME_INDEX_PROVENANCE_CAVEAT,blank_or_explicit_sentinel,VAL_SCHEMA_COMPLETE;VAL_MISSING_EXPLICIT;VAL_ENUM_MEMBERSHIP,downloads_csv+release_zip_csv+sqlite,public_header:downloads_csv+release_zip_csv+sqlite;sqlite_type:TEXT;generator:scripts/build_static_web_mvp.py;DOCS1R_reuse=bounded,"definition_evidence=high; column semantics are code/header confirmed when explicit, otherwise value-inferred and not authoritative"
all_enzyme_index,quality_penalty_provenance,provenance,text,not_applicable_or_embedded_in_raw_value,preserve_verbatim_no_overwrite,,blank_or_explicit_sentinel,VAL_SCHEMA_COMPLETE;VAL_MISSING_EXPLICIT,downloads_csv+release_zip_csv+sqlite,public_header:downloads_csv+release_zip_csv+sqlite;sqlite_type:TEXT;generator:scripts/build_static_web_mvp.py;DOCS1R_reuse=bounded,"definition_evidence=high; column semantics are code/header confirmed when explicit, otherwise value-inferred and not authoritative"
all_enzyme_index,refseq_id,identifier_or_cross_reference,identifier_or_identifier_list,not_applicable_or_embedded_in_raw_value,preserve_verbatim_no_overwrite,,blank_only,VAL_SCHEMA_COMPLETE;VAL_MISSING_EXPLICIT;VAL_IDENTIFIER_FORMAT,downloads_csv+release_zip_csv+sqlite,public_header:downloads_csv+release_zip_csv+sqlite;sqlite_type:TEXT;generator:scripts/build_static_web_mvp.py;DOCS1R_reuse=bounded,"definition_evidence=high; column semantics are code/header confirmed when explicit, otherwise value-inferred and not authoritative"
all_enzyme_index,representative_page_id,identifier_or_cross_reference,identifier_or_identifier_list,not_applicable_or_embedded_in_raw_value,preserve_verbatim_no_overwrite,,blank_only,VAL_SCHEMA_COMPLETE;VAL_MISSING_EXPLICIT;VAL_IDENTIFIER_FORMAT,downloads_csv+release_zip_csv+sqlite,public_header:downloads_csv+release_zip_csv+sqlite;sqlite_type:TEXT;generator:scripts/build_static_web_mvp.py;DOCS1R_reuse=bounded,"definition_evidence=high; column semantics are code/header confirmed when explicit, otherwise value-inferred and not authoritative"
all_enzyme_index,scaffold_family,descriptive_attribute,enum_candidate,not_applicable_or_embedded_in_raw_value,preserve_verbatim_no_overwrite,VOC_ALL_ENZYME_INDEX_SCAFFOLD_FAMILY,blank_or_explicit_sentinel,VAL_SCHEMA_COMPLETE;VAL_MISSING_EXPLICIT;VAL_ENUM_MEMBERSHIP,downloads_csv+release_zip_csv+sqlite,public_header:downloads_csv+release_zip_csv+sqlite;sqlite_type:TEXT;generator:scripts/build_static_web_mvp.py;DOCS1R_reuse=bounded,"definition_evidence=high; column semantics are code/header confirmed when explicit, otherwise value-inferred and not authoritative"
all_enzyme_index,sensitivity_stability,descriptive_attribute,text,not_applicable_or_embedded_in_raw_value,preserve_verbatim_no_overwrite,,blank_or_explicit_sentinel,VAL_SCHEMA_COMPLETE;VAL_MISSING_EXPLICIT,downloads_csv+release_zip_csv+sqlite,public_header:downloads_csv+release_zip_csv+sqlite;sqlite_type:TEXT;generator:scripts/build_static_web_mvp.py;DOCS1R_reuse=bounded,"definition_evidence=high; column semantics are code/header confirmed when explicit, otherwise value-inferred and not authoritative"
all_enzyme_index,source_species,provenance,text,not_applicable_or_embedded_in_raw_value,preserve_verbatim_no_overwrite,,blank_or_explicit_sentinel,VAL_SCHEMA_COMPLETE;VAL_MISSING_EXPLICIT,downloads_csv+release_zip_csv+sqlite,public_header:downloads_csv+release_zip_csv+sqlite;sqlite_type:TEXT;generator:scripts/build_static_web_mvp.py;DOCS1R_reuse=bounded,"definition_evidence=high; column semantics are code/header confirmed when explicit, otherwise value-inferred and not authoritative"
all_enzyme_index,source_type,provenance,enum_candidate,not_applicable_or_embedded_in_raw_value,preserve_verbatim_no_overwrite,VOC_ALL_ENZYME_INDEX_SOURCE_TYPE,blank_or_explicit_sentinel,VAL_SCHEMA_COMPLETE;VAL_MISSING_EXPLICIT;VAL_ENUM_MEMBERSHIP,downloads_csv+release_zip_csv+sqlite,public_header:downloads_csv+release_zip_csv+sqlite;sqlite_type:TEXT;generator:scripts/build_static_web_mvp.py;DOCS1R_reuse=bounded,"definition_evidence=high; column semantics are code/header confirmed when explicit, otherwise value-inferred and not authoritative"
all_enzyme_index,strain,descriptive_attribute,text,not_applicable_or_embedded_in_raw_value,preserve_verbatim_no_overwrite,,blank_or_explicit_sentinel,VAL_SCHEMA_COMPLETE;VAL_MISSING_EXPLICIT,downloads_csv+release_zip_csv+sqlite,public_header:downloads_csv+release_zip_csv+sqlite;sqlite_type:TEXT;generator:scripts/build_static_web_mvp.py;DOCS1R_reuse=bounded,"definition_evidence=high; column semantics are code/header confirmed when explicit, otherwise value-inferred and not authoritative"
all_enzyme_index,structure_modeling_readiness,descriptive_attribute,enum_candidate,not_applicable_or_embedded_in_raw_value,preserve_verbatim_no_overwrite,VOC_ALL_ENZYME_INDEX_STRUCTURE_MODELING_READINESS,blank_or_explicit_sentinel,VAL_SCHEMA_COMPLETE;VAL_MISSING_EXPLICIT;VAL_ENUM_MEMBERSHIP,downloads_csv+release_zip_csv+sqlite,public_header:downloads_csv+release_zip_csv+sqlite;sqlite_type:TEXT;generator:scripts/build_static_web_mvp.py;DOCS1R_reuse=bounded,"definition_evidence=high; column semantics are code/header confirmed when explicit, otherwise value-inferred and not authoritative"
all_enzyme_index,t7a_condition_comparability_display,descriptive_attribute,delimited_list_or_text,not_applicable_or_embedded_in_raw_value,preserve_verbatim_no_overwrite,,blank_or_explicit_sentinel,VAL_SCHEMA_COMPLETE;VAL_MISSING_EXPLICIT,downloads_csv+release_zip_csv+sqlite,public_header:downloads_csv+release_zip_csv+sqlite;sqlite_type:TEXT;generator:scripts/build_static_web_mvp.py;DOCS1R_reuse=bounded,"definition_evidence=high; column semantics are code/header confirmed when explicit, otherwise value-inferred and not authoritative"
all_enzyme_index,t7a_confidence_percentile,normalized_or_derived,number,percent,derived_value_must_retain_source_field_rule_version_and_provenance,,blank_only,VAL_SCHEMA_COMPLETE;VAL_MISSING_EXPLICIT;VAL_NUMERIC_OR_UNIT,downloads_csv+release_zip_csv+sqlite,public_header:downloads_csv+release_zip_csv+sqlite;sqlite_type:REAL;generator:scripts/build_static_web_mvp.py;DOCS1R_reuse=bounded,"definition_evidence=high; column semantics are code/header confirmed when explicit, otherwise value-inferred and not authoritative"
all_enzyme_index,t7a_confidence_tier,status_or_classification,enum_candidate,not_applicable_or_embedded_in_raw_value,preserve_verbatim_no_overwrite,VOC_ALL_ENZYME_INDEX_T7A_CONFIDENCE_TIER,blank_or_explicit_sentinel,VAL_SCHEMA_COMPLETE;VAL_MISSING_EXPLICIT;VAL_ENUM_MEMBERSHIP,downloads_csv+release_zip_csv+sqlite,public_header:downloads_csv+release_zip_csv+sqlite;sqlite_type:TEXT;generator:scripts/build_static_web_mvp.py;DOCS1R_reuse=bounded,"definition_evidence=high; column semantics are code/header confirmed when explicit, otherwise value-inferred and not authoritative"
all_enzyme_index,t7a_evidence_insufficiency_display,descriptive_attribute,enum_candidate,not_applicable_or_embedded_in_raw_value,preserve_verbatim_no_overwrite,VOC_ALL_ENZYME_INDEX_T7A_EVIDENCE_INSUFFICIENCY_DISPLAY,blank_or_explicit_sentinel,VAL_SCHEMA_COMPLETE;VAL_MISSING_EXPLICIT;VAL_ENUM_MEMBERSHIP,downloads_csv+release_zip_csv+sqlite,public_header:downloads_csv+release_zip_csv+sqlite;sqlite_type:TEXT;generator:scripts/build_static_web_mvp.py;DOCS1R_reuse=bounded,"definition_evidence=high; column semantics are code/header confirmed when explicit, otherwise value-inferred and not authoritative"
all_enzyme_index,t7a_measurement_uncertainty_display,descriptive_attribute,enum_candidate,not_applicable_or_embedded_in_raw_value,preserve_verbatim_no_overwrite,VOC_ALL_ENZYME_INDEX_T7A_MEASUREMENT_UNCERTAINTY_DISPLAY,blank_or_explicit_sentinel,VAL_SCHEMA_COMPLETE;VAL_MISSING_EXPLICIT;VAL_ENUM_MEMBERSHIP,downloads_csv+release_zip_csv+sqlite,public_header:downloads_csv+release_zip_csv+sqlite;sqlite_type:TEXT;generator:scripts/build_static_web_mvp.py;DOCS1R_reuse=bounded,"definition_evidence=high; column semantics are code/header confirmed when explicit, otherwise value-inferred and not authoritative"
all_enzyme_index,tolerance_display_caveat,free_text_note,enum_candidate,not_applicable_or_embedded_in_raw_value,preserve_verbatim_no_overwrite,VOC_ALL_ENZYME_INDEX_TOLERANCE_DISPLAY_CAVEAT,blank_or_explicit_sentinel,VAL_SCHEMA_COMPLETE;VAL_MISSING_EXPLICIT;VAL_ENUM_MEMBERSHIP,downloads_csv+release_zip_csv+sqlite,public_header:downloads_csv+release_zip_csv+sqlite;sqlite_type:TEXT;generator:scripts/build_static_web_mvp.py;DOCS1R_reuse=bounded,"definition_evidence=high; column semantics are code/header confirmed when explicit, otherwise value-inferred and not authoritative"
all_enzyme_index,tolerance_tier,status_or_classification,enum_candidate,not_applicable_or_embedded_in_raw_value,preserve_verbatim_no_overwrite,VOC_ALL_ENZYME_INDEX_TOLERANCE_TIER,blank_or_explicit_sentinel,VAL_SCHEMA_COMPLETE;VAL_MISSING_EXPLICIT;VAL_ENUM_MEMBERSHIP,downloads_csv+release_zip_csv+sqlite,public_header:downloads_csv+release_zip_csv+sqlite;sqlite_type:TEXT;generator:scripts/build_static_web_mvp.py;DOCS1R_reuse=bounded,"definition_evidence=high; column semantics are code/header confirmed when explicit, otherwise value-inferred and not authoritative"
all_enzyme_index,tolerance_tier_basis,status_or_classification,delimited_list_or_text,not_applicable_or_embedded_in_raw_value,preserve_verbatim_no_overwrite,,blank_or_explicit_sentinel,VAL_SCHEMA_COMPLETE;VAL_MISSING_EXPLICIT,downloads_csv+release_zip_csv+sqlite,public_header:downloads_csv+release_zip_csv+sqlite;sqlite_type:TEXT;generator:scripts/build_static_web_mvp.py;DOCS1R_reuse=bounded,"definition_evidence=high; column semantics are code/header confirmed when explicit, otherwise value-inferred and not authoritative"
all_enzyme_index,uniprot_active_ids,identifier_or_cross_reference,identifier_or_identifier_list,not_applicable_or_embedded_in_raw_value,preserve_verbatim_no_overwrite,,blank_only,VAL_SCHEMA_COMPLETE;VAL_MISSING_EXPLICIT;VAL_IDENTIFIER_FORMAT,downloads_csv+release_zip_csv+sqlite,public_header:downloads_csv+release_zip_csv+sqlite;sqlite_type:TEXT;generator:scripts/build_static_web_mvp.py;DOCS1R_reuse=bounded,"definition_evidence=high; column semantics are code/header confirmed when explicit, otherwise value-inferred and not authoritative"
all_enzyme_index,uniprot_id,identifier_or_cross_reference,identifier_or_identifier_list,not_applicable_or_embedded_in_raw_value,preserve_verbatim_no_overwrite,,blank_only,VAL_SCHEMA_COMPLETE;VAL_MISSING_EXPLICIT;VAL_IDENTIFIER_FORMAT,downloads_csv+release_zip_csv+sqlite,public_header:downloads_csv+release_zip_csv+sqlite;sqlite_type:TEXT;generator:scripts/build_static_web_mvp.py;DOCS1R_reuse=bounded,"definition_evidence=high; column semantics are code/header confirmed when explicit, otherwise value-inferred and not authoritative"
all_enzyme_index,uniprot_link_relation,descriptive_attribute,enum_candidate,not_applicable_or_embedded_in_raw_value,preserve_verbatim_no_overwrite,VOC_ALL_ENZYME_INDEX_UNIPROT_LINK_RELATION,blank_or_explicit_sentinel,VAL_SCHEMA_COMPLETE;VAL_MISSING_EXPLICIT;VAL_ENUM_MEMBERSHIP,downloads_csv+release_zip_csv+sqlite,public_header:downloads_csv+release_zip_csv+sqlite;sqlite_type:TEXT;generator:scripts/build_static_web_mvp.py;DOCS1R_reuse=bounded,"definition_evidence=high; column semantics are code/header confirmed when explicit, otherwise value-inferred and not authoritative"
all_enzyme_index,uniprot_relation_source,descriptive_attribute,enum_candidate,not_applicable_or_embedded_in_raw_value,preserve_verbatim_no_overwrite,VOC_ALL_ENZYME_INDEX_UNIPROT_RELATION_SOURCE,blank_or_explicit_sentinel,VAL_SCHEMA_COMPLETE;VAL_MISSING_EXPLICIT;VAL_ENUM_MEMBERSHIP,downloads_csv+release_zip_csv+sqlite,public_header:downloads_csv+release_zip_csv+sqlite;sqlite_type:TEXT;generator:scripts/build_static_web_mvp.py;DOCS1R_reuse=bounded,"definition_evidence=high; column semantics are code/header confirmed when explicit, otherwise value-inferred and not authoritative"
all_enzyme_index,variant_page_path,descriptive_attribute,path,not_applicable_or_embedded_in_raw_value,preserve_verbatim_no_overwrite,,blank_or_explicit_sentinel,VAL_SCHEMA_COMPLETE;VAL_MISSING_EXPLICIT,downloads_csv+release_zip_csv+sqlite,public_header:downloads_csv+release_zip_csv+sqlite;sqlite_type:TEXT;generator:scripts/build_static_web_mvp.py;DOCS1R_reuse=bounded,"definition_evidence=high; column semantics are code/header confirmed when explicit, otherwise value-inferred and not authoritative"
assay_protocol,A0_condition_matched_to_readout,descriptive_attribute,enum_candidate,not_applicable_or_embedded_in_raw_value,preserve_verbatim_no_overwrite,VOC_ASSAY_PROTOCOL_A0_CONDITION_MATCHED_TO_READOUT,blank_or_explicit_sentinel,VAL_SCHEMA_COMPLETE;VAL_MISSING_EXPLICIT;VAL_ENUM_MEMBERSHIP,downloads_csv+release_zip_csv+sqlite,public_header:downloads_csv+release_zip_csv+sqlite;sqlite_type:TEXT;generator:scripts/build_static_web_mvp.py;DOCS1R_reuse=bounded,"definition_evidence=high; column semantics are code/header confirmed when explicit, otherwise value-inferred and not authoritative"
assay_protocol,A0_same_batch_as_challenge,descriptive_attribute,boolean_token,not_applicable_or_embedded_in_raw_value,preserve_verbatim_no_overwrite,VOC_ASSAY_PROTOCOL_A0_SAME_BATCH_AS_CHALLENGE,blank_only,VAL_SCHEMA_COMPLETE;VAL_MISSING_EXPLICIT;VAL_ENUM_MEMBERSHIP,downloads_csv+release_zip_csv+sqlite,public_header:downloads_csv+release_zip_csv+sqlite;sqlite_type:TEXT;generator:scripts/build_static_web_mvp.py;DOCS1R_reuse=bounded,"definition_evidence=high; column semantics are code/header confirmed when explicit, otherwise value-inferred and not authoritative"
assay_protocol,A0_source,descriptive_attribute,text,not_applicable_or_embedded_in_raw_value,preserve_verbatim_no_overwrite,,blank_or_explicit_sentinel,VAL_SCHEMA_COMPLETE;VAL_MISSING_EXPLICIT,downloads_csv+release_zip_csv+sqlite,public_header:downloads_csv+release_zip_csv+sqlite;sqlite_type:TEXT;generator:scripts/build_static_web_mvp.py;DOCS1R_reuse=bounded,"definition_evidence=high; column semantics are code/header confirmed when explicit, otherwise value-inferred and not authoritative"
assay_protocol,activity_assay_method,descriptive_attribute,delimited_list_or_text,not_applicable_or_embedded_in_raw_value,preserve_verbatim_no_overwrite,,blank_or_explicit_sentinel,VAL_SCHEMA_COMPLETE;VAL_MISSING_EXPLICIT,downloads_csv+release_zip_csv+sqlite,public_header:downloads_csv+release_zip_csv+sqlite;sqlite_type:TEXT;generator:scripts/build_static_web_mvp.py;DOCS1R_reuse=bounded,"definition_evidence=high; column semantics are code/header confirmed when explicit, otherwise value-inferred and not authoritative"
assay_protocol,assay_id,identifier_or_cross_reference,identifier_or_identifier_list,not_applicable_or_embedded_in_raw_value,preserve_verbatim_no_overwrite,,blank_only,VAL_SCHEMA_COMPLETE;VAL_MISSING_EXPLICIT;VAL_IDENTIFIER_FORMAT,downloads_csv+release_zip_csv+sqlite,public_header:downloads_csv+release_zip_csv+sqlite;sqlite_type:TEXT;generator:scripts/build_static_web_mvp.py;DOCS1R_reuse=bounded,"definition_evidence=high; column semantics are code/header confirmed when explicit, otherwise value-inferred and not authoritative"
assay_protocol,assay_substrate,descriptive_attribute,text,not_applicable_or_embedded_in_raw_value,preserve_verbatim_no_overwrite,,blank_or_explicit_sentinel,VAL_SCHEMA_COMPLETE;VAL_MISSING_EXPLICIT,downloads_csv+release_zip_csv+sqlite,public_header:downloads_csv+release_zip_csv+sqlite;sqlite_type:TEXT;generator:scripts/build_static_web_mvp.py;DOCS1R_reuse=bounded,"definition_evidence=high; column semantics are code/header confirmed when explicit, otherwise value-inferred and not authoritative"
assay_protocol,construct_display_name,descriptive_attribute,text,not_applicable_or_embedded_in_raw_value,preserve_verbatim_no_overwrite,,blank_or_explicit_sentinel,VAL_SCHEMA_COMPLETE;VAL_MISSING_EXPLICIT,downloads_csv+release_zip_csv+sqlite,public_header:downloads_csv+release_zip_csv+sqlite;sqlite_type:TEXT;generator:scripts/build_static_web_mvp.py;DOCS1R_reuse=bounded,"definition_evidence=high; column semantics are code/header confirmed when explicit, otherwise value-inferred and not authoritative"
assay_protocol,display_canonical_id,identifier_foreign_key,identifier_or_identifier_list,not_applicable_or_embedded_in_raw_value,preserve_verbatim_no_overwrite,,blank_only,VAL_SCHEMA_COMPLETE;VAL_MISSING_EXPLICIT;VAL_IDENTIFIER_FORMAT,downloads_csv+release_zip_csv+sqlite,public_header:downloads_csv+release_zip_csv+sqlite;sqlite_type:TEXT;generator:scripts/build_static_web_mvp.py;DOCS1R_reuse=bounded,"definition_evidence=high; column semantics are code/header confirmed when explicit, otherwise value-inferred and not authoritative"
assay_protocol,enzyme_conc,raw_measurement_or_source_reported_attribute,enum_candidate,source_reported_unit_string,preserve_numeric_plus_unit_string;no_forced_mg_ml,VOC_ASSAY_PROTOCOL_ENZYME_CONC,blank_or_explicit_sentinel,VAL_SCHEMA_COMPLETE;VAL_MISSING_EXPLICIT;VAL_ENUM_MEMBERSHIP;VAL_PRESERVE_ENZYME_CONC,downloads_csv+release_zip_csv+sqlite,public_header:downloads_csv+release_zip_csv+sqlite;sqlite_type:TEXT;generator:scripts/build_static_web_mvp.py;DOCS1R_reuse=bounded,"definition_evidence=high; column semantics are code/header confirmed when explicit, otherwise value-inferred and not authoritative"
assay_protocol,evidence_ids,identifier_or_cross_reference,identifier_or_identifier_list,not_applicable_or_embedded_in_raw_value,preserve_verbatim_no_overwrite,,blank_only,VAL_SCHEMA_COMPLETE;VAL_MISSING_EXPLICIT;VAL_IDENTIFIER_FORMAT,downloads_csv+release_zip_csv+sqlite,public_header:downloads_csv+release_zip_csv+sqlite;sqlite_type:TEXT;generator:scripts/build_static_web_mvp.py;DOCS1R_reuse=bounded,"definition_evidence=high; column semantics are code/header confirmed when explicit, otherwise value-inferred and not authoritative"
assay_protocol,incubation_buffer_system,descriptive_attribute,delimited_list_or_text,not_applicable_or_embedded_in_raw_value,preserve_verbatim_no_overwrite,,blank_or_explicit_sentinel,VAL_SCHEMA_COMPLETE;VAL_MISSING_EXPLICIT,downloads_csv+release_zip_csv+sqlite,public_header:downloads_csv+release_zip_csv+sqlite;sqlite_type:TEXT;generator:scripts/build_static_web_mvp.py;DOCS1R_reuse=bounded,"definition_evidence=high; column semantics are code/header confirmed when explicit, otherwise value-inferred and not authoritative"
assay_protocol,incubation_pH,descriptive_attribute,enum_candidate,not_applicable_or_embedded_in_raw_value,preserve_verbatim_no_overwrite,VOC_ASSAY_PROTOCOL_INCUBATION_PH,blank_or_explicit_sentinel,VAL_SCHEMA_COMPLETE;VAL_MISSING_EXPLICIT;VAL_ENUM_MEMBERSHIP,downloads_csv+release_zip_csv+sqlite,public_header:downloads_csv+release_zip_csv+sqlite;sqlite_type:TEXT;generator:scripts/build_static_web_mvp.py;DOCS1R_reuse=bounded,"definition_evidence=high; column semantics are code/header confirmed when explicit, otherwise value-inferred and not authoritative"
assay_protocol,incubation_temp_C,raw_measurement_or_source_reported_attribute,enum_candidate,degree_Celsius,preserve_verbatim_no_overwrite,VOC_ASSAY_PROTOCOL_INCUBATION_TEMP_C,blank_or_explicit_sentinel,VAL_SCHEMA_COMPLETE;VAL_MISSING_EXPLICIT;VAL_NUMERIC_OR_UNIT;VAL_ENUM_MEMBERSHIP,downloads_csv+release_zip_csv+sqlite,public_header:downloads_csv+release_zip_csv+sqlite;sqlite_type:TEXT;generator:scripts/build_static_web_mvp.py;DOCS1R_reuse=bounded,"definition_evidence=high; column semantics are code/header confirmed when explicit, otherwise value-inferred and not authoritative"
assay_protocol,incubation_time_values_h,descriptive_attribute,delimited_list_or_text,hour,preserve_verbatim_no_overwrite,,blank_or_explicit_sentinel,VAL_SCHEMA_COMPLETE;VAL_MISSING_EXPLICIT;VAL_NUMERIC_OR_UNIT,downloads_csv+release_zip_csv+sqlite,public_header:downloads_csv+release_zip_csv+sqlite;sqlite_type:TEXT;generator:scripts/build_static_web_mvp.py;DOCS1R_reuse=bounded,"definition_evidence=high; column semantics are code/header confirmed when explicit, otherwise value-inferred and not authoritative"
assay_protocol,measurement_row_count,normalized_or_derived,integer,count,derived_value_must_retain_source_field_rule_version_and_provenance,,blank_only,VAL_SCHEMA_COMPLETE;VAL_MISSING_EXPLICIT;VAL_NUMERIC_OR_UNIT,downloads_csv+release_zip_csv+sqlite,public_header:downloads_csv+release_zip_csv+sqlite;sqlite_type:INTEGER;generator:scripts/build_static_web_mvp.py;DOCS1R_reuse=bounded,"definition_evidence=high; column semantics are code/header confirmed when explicit, otherwise value-inferred and not authoritative"
assay_protocol,methanol_addition_mode,descriptive_attribute,enum_candidate,not_applicable_or_embedded_in_raw_value,preserve_verbatim_no_overwrite,VOC_ASSAY_PROTOCOL_METHANOL_ADDITION_MODE,blank_or_explicit_sentinel,VAL_SCHEMA_COMPLETE;VAL_MISSING_EXPLICIT;VAL_ENUM_MEMBERSHIP,downloads_csv+release_zip_csv+sqlite,public_header:downloads_csv+release_zip_csv+sqlite;sqlite_type:TEXT;generator:scripts/build_static_web_mvp.py;DOCS1R_reuse=bounded,"definition_evidence=high; column semantics are code/header confirmed when explicit, otherwise value-inferred and not authoritative"
assay_protocol,methanol_conc_values,descriptive_attribute,delimited_list_or_text,not_applicable_or_embedded_in_raw_value,preserve_verbatim_no_overwrite,,blank_or_explicit_sentinel,VAL_SCHEMA_COMPLETE;VAL_MISSING_EXPLICIT,downloads_csv+release_zip_csv+sqlite,public_header:downloads_csv+release_zip_csv+sqlite;sqlite_type:TEXT;generator:scripts/build_static_web_mvp.py;DOCS1R_reuse=bounded,"definition_evidence=high; column semantics are code/header confirmed when explicit, otherwise value-inferred and not authoritative"
assay_protocol,protocol_id,identifier_or_cross_reference,identifier_or_identifier_list,not_applicable_or_embedded_in_raw_value,preserve_verbatim_no_overwrite,,blank_only,VAL_SCHEMA_COMPLETE;VAL_MISSING_EXPLICIT;VAL_IDENTIFIER_FORMAT,downloads_csv+release_zip_csv+sqlite,public_header:downloads_csv+release_zip_csv+sqlite;sqlite_type:TEXT;generator:scripts/build_static_web_mvp.py;DOCS1R_reuse=bounded,"definition_evidence=high; column semantics are code/header confirmed when explicit, otherwise value-inferred and not authoritative"
assay_protocol,source_key,provenance,text,not_applicable_or_embedded_in_raw_value,preserve_verbatim_no_overwrite,,blank_or_explicit_sentinel,VAL_SCHEMA_COMPLETE;VAL_MISSING_EXPLICIT,downloads_csv+release_zip_csv+sqlite,public_header:downloads_csv+release_zip_csv+sqlite;sqlite_type:TEXT;generator:scripts/build_static_web_mvp.py;DOCS1R_reuse=bounded,"definition_evidence=high; column semantics are code/header confirmed when explicit, otherwise value-inferred and not authoritative"
assay_protocol,source_type,provenance,enum_candidate,not_applicable_or_embedded_in_raw_value,preserve_verbatim_no_overwrite,VOC_ASSAY_PROTOCOL_SOURCE_TYPE,blank_or_explicit_sentinel,VAL_SCHEMA_COMPLETE;VAL_MISSING_EXPLICIT;VAL_ENUM_MEMBERSHIP,downloads_csv+release_zip_csv+sqlite,public_header:downloads_csv+release_zip_csv+sqlite;sqlite_type:TEXT;generator:scripts/build_static_web_mvp.py;DOCS1R_reuse=bounded,"definition_evidence=high; column semantics are code/header confirmed when explicit, otherwise value-inferred and not authoritative"
canonical_enzymes,alphafold_id,identifier_or_cross_reference,identifier_or_identifier_list,not_applicable_or_embedded_in_raw_value,preserve_verbatim_no_overwrite,,blank_only,VAL_SCHEMA_COMPLETE;VAL_MISSING_EXPLICIT;VAL_IDENTIFIER_FORMAT,sqlite,public_header:sqlite;sqlite_type:TEXT;generator:scripts/build_static_web_mvp.py;DOCS1R_reuse=bounded,"definition_evidence=high; column semantics are code/header confirmed when explicit, otherwise value-inferred and not authoritative"
canonical_enzymes,alphafold_status,status_or_classification,enum_candidate,not_applicable_or_embedded_in_raw_value,preserve_verbatim_no_overwrite,VOC_CANONICAL_ENZYMES_ALPHAFOLD_STATUS,blank_or_explicit_sentinel,VAL_SCHEMA_COMPLETE;VAL_MISSING_EXPLICIT;VAL_ENUM_MEMBERSHIP,sqlite,public_header:sqlite;sqlite_type:TEXT;generator:scripts/build_static_web_mvp.py;DOCS1R_reuse=bounded,"definition_evidence=high; column semantics are code/header confirmed when explicit, otherwise value-inferred and not authoritative"
canonical_enzymes,canonical_enzyme_id,identifier_foreign_key,identifier_or_identifier_list,not_applicable_or_embedded_in_raw_value,preserve_verbatim_no_overwrite,,blank_only,VAL_SCHEMA_COMPLETE;VAL_MISSING_EXPLICIT;VAL_IDENTIFIER_FORMAT;VAL_CANONICAL_FK,sqlite,public_header:sqlite;sqlite_type:TEXT;generator:scripts/build_static_web_mvp.py;DOCS1R_reuse=bounded,"definition_evidence=high; column semantics are code/header confirmed when explicit, otherwise value-inferred and not authoritative"
canonical_enzymes,canonical_group_reason,descriptive_attribute,delimited_list_or_text,not_applicable_or_embedded_in_raw_value,preserve_verbatim_no_overwrite,,blank_or_explicit_sentinel,VAL_SCHEMA_COMPLETE;VAL_MISSING_EXPLICIT,sqlite,public_header:sqlite;sqlite_type:TEXT;generator:scripts/build_static_web_mvp.py;DOCS1R_reuse=bounded,"definition_evidence=high; column semantics are code/header confirmed when explicit, otherwise value-inferred and not authoritative"
canonical_enzymes,canonical_name,descriptive_attribute,text,not_applicable_or_embedded_in_raw_value,preserve_verbatim_no_overwrite,,blank_or_explicit_sentinel,VAL_SCHEMA_COMPLETE;VAL_MISSING_EXPLICIT,sqlite,public_header:sqlite;sqlite_type:TEXT;generator:scripts/build_static_web_mvp.py;DOCS1R_reuse=bounded,"definition_evidence=high; column semantics are code/header confirmed when explicit, otherwise value-inferred and not authoritative"
canonical_enzymes,canonical_species,descriptive_attribute,text,not_applicable_or_embedded_in_raw_value,preserve_verbatim_no_overwrite,,blank_or_explicit_sentinel,VAL_SCHEMA_COMPLETE;VAL_MISSING_EXPLICIT,sqlite,public_header:sqlite;sqlite_type:TEXT;generator:scripts/build_static_web_mvp.py;DOCS1R_reuse=bounded,"definition_evidence=high; column semantics are code/header confirmed when explicit, otherwise value-inferred and not authoritative"
canonical_enzymes,duplicate_of,descriptive_attribute,enum_candidate,not_applicable_or_embedded_in_raw_value,preserve_verbatim_no_overwrite,VOC_CANONICAL_ENZYMES_DUPLICATE_OF,blank_or_explicit_sentinel,VAL_SCHEMA_COMPLETE;VAL_MISSING_EXPLICIT;VAL_ENUM_MEMBERSHIP,sqlite,public_header:sqlite;sqlite_type:TEXT;generator:scripts/build_static_web_mvp.py;DOCS1R_reuse=bounded,"definition_evidence=high; column semantics are code/header confirmed when explicit, otherwise value-inferred and not authoritative"
canonical_enzymes,entity_role,status_or_classification,enum_candidate,not_applicable_or_embedded_in_raw_value,preserve_verbatim_no_overwrite,VOC_CANONICAL_ENZYMES_ENTITY_ROLE,blank_or_explicit_sentinel,VAL_SCHEMA_COMPLETE;VAL_MISSING_EXPLICIT;VAL_ENUM_MEMBERSHIP,sqlite,public_header:sqlite;sqlite_type:TEXT;generator:scripts/build_static_web_mvp.py;DOCS1R_reuse=bounded,"definition_evidence=high; column semantics are code/header confirmed when explicit, otherwise value-inferred and not authoritative"
canonical_enzymes,enzyme_name,descriptive_attribute,text,not_applicable_or_embedded_in_raw_value,preserve_verbatim_no_overwrite,,blank_or_explicit_sentinel,VAL_SCHEMA_COMPLETE;VAL_MISSING_EXPLICIT,sqlite,public_header:sqlite;sqlite_type:TEXT;generator:scripts/build_static_web_mvp.py;DOCS1R_reuse=bounded,"definition_evidence=high; column semantics are code/header confirmed when explicit, otherwise value-inferred and not authoritative"
canonical_enzymes,expression_host,descriptive_attribute,enum_candidate,not_applicable_or_embedded_in_raw_value,preserve_verbatim_no_overwrite,VOC_CANONICAL_ENZYMES_EXPRESSION_HOST,blank_or_explicit_sentinel,VAL_SCHEMA_COMPLETE;VAL_MISSING_EXPLICIT;VAL_ENUM_MEMBERSHIP,sqlite,public_header:sqlite;sqlite_type:TEXT;generator:scripts/build_static_web_mvp.py;DOCS1R_reuse=bounded,"definition_evidence=high; column semantics are code/header confirmed when explicit, otherwise value-inferred and not authoritative"
canonical_enzymes,family_size,descriptive_attribute,integer,not_applicable_or_embedded_in_raw_value,preserve_verbatim_no_overwrite,,blank_only,VAL_SCHEMA_COMPLETE;VAL_MISSING_EXPLICIT;VAL_NUMERIC_OR_UNIT,sqlite,public_header:sqlite;sqlite_type:INTEGER;generator:scripts/build_static_web_mvp.py;DOCS1R_reuse=bounded,"definition_evidence=high; column semantics are code/header confirmed when explicit, otherwise value-inferred and not authoritative"
canonical_enzymes,genbank_id,identifier_or_cross_reference,identifier_or_identifier_list,not_applicable_or_embedded_in_raw_value,preserve_verbatim_no_overwrite,,blank_only,VAL_SCHEMA_COMPLETE;VAL_MISSING_EXPLICIT;VAL_IDENTIFIER_FORMAT,sqlite,public_header:sqlite;sqlite_type:TEXT;generator:scripts/build_static_web_mvp.py;DOCS1R_reuse=bounded,"definition_evidence=high; column semantics are code/header confirmed when explicit, otherwise value-inferred and not authoritative"
canonical_enzymes,global_audit_status,status_or_classification,delimited_list_or_text,not_applicable_or_embedded_in_raw_value,preserve_verbatim_no_overwrite,,blank_or_explicit_sentinel,VAL_SCHEMA_COMPLETE;VAL_MISSING_EXPLICIT,sqlite,public_header:sqlite;sqlite_type:TEXT;generator:scripts/build_static_web_mvp.py;DOCS1R_reuse=bounded,"definition_evidence=high; column semantics are code/header confirmed when explicit, otherwise value-inferred and not authoritative"
canonical_enzymes,has_children,descriptive_attribute,boolean_token,not_applicable_or_embedded_in_raw_value,preserve_verbatim_no_overwrite,VOC_CANONICAL_ENZYMES_HAS_CHILDREN,blank_only,VAL_SCHEMA_COMPLETE;VAL_MISSING_EXPLICIT;VAL_ENUM_MEMBERSHIP,sqlite,public_header:sqlite;sqlite_type:TEXT;generator:scripts/build_static_web_mvp.py;DOCS1R_reuse=bounded,"definition_evidence=high; column semantics are code/header confirmed when explicit, otherwise value-inferred and not authoritative"
canonical_enzymes,id,identifier_primary_or_stable_key,identifier_or_identifier_list,not_applicable_or_embedded_in_raw_value,preserve_verbatim_no_overwrite,,blank_only,VAL_SCHEMA_COMPLETE;VAL_MISSING_EXPLICIT;VAL_IDENTIFIER_FORMAT,sqlite,public_header:sqlite;sqlite_type:TEXT;generator:scripts/build_static_web_mvp.py;DOCS1R_reuse=bounded,"definition_evidence=high; column semantics are code/header confirmed when explicit, otherwise value-inferred and not authoritative"
canonical_enzymes,identifier_verify_evidence,descriptive_attribute,delimited_list_or_text,not_applicable_or_embedded_in_raw_value,preserve_verbatim_no_overwrite,,blank_or_explicit_sentinel,VAL_SCHEMA_COMPLETE;VAL_MISSING_EXPLICIT,sqlite,public_header:sqlite;sqlite_type:TEXT;generator:scripts/build_static_web_mvp.py;DOCS1R_reuse=bounded,"definition_evidence=high; column semantics are code/header confirmed when explicit, otherwise value-inferred and not authoritative"
canonical_enzymes,identifier_verify_status,status_or_classification,enum_candidate,not_applicable_or_embedded_in_raw_value,preserve_verbatim_no_overwrite,VOC_CANONICAL_ENZYMES_IDENTIFIER_VERIFY_STATUS,blank_or_explicit_sentinel,VAL_SCHEMA_COMPLETE;VAL_MISSING_EXPLICIT;VAL_ENUM_MEMBERSHIP,sqlite,public_header:sqlite;sqlite_type:TEXT;generator:scripts/build_static_web_mvp.py;DOCS1R_reuse=bounded,"definition_evidence=high; column semantics are code/header confirmed when explicit, otherwise value-inferred and not authoritative"
canonical_enzymes,is_mutant_resolved,descriptive_attribute,enum_candidate,not_applicable_or_embedded_in_raw_value,preserve_verbatim_no_overwrite,VOC_CANONICAL_ENZYMES_IS_MUTANT_RESOLVED,blank_or_explicit_sentinel,VAL_SCHEMA_COMPLETE;VAL_MISSING_EXPLICIT;VAL_ENUM_MEMBERSHIP,sqlite,public_header:sqlite;sqlite_type:TEXT;generator:scripts/build_static_web_mvp.py;DOCS1R_reuse=bounded,"definition_evidence=high; column semantics are code/header confirmed when explicit, otherwise value-inferred and not authoritative"
canonical_enzymes,,provenance,path,not_applicable_or_embedded_in_raw_value,preserve_verbatim_no_overwrite,,blank_or_explicit_sentinel,VAL_SCHEMA_COMPLETE;VAL_MISSING_EXPLICIT,sqlite,public_header:sqlite;sqlite_type:TEXT;generator:scripts/build_static_web_mvp.py;DOCS1R_reuse=bounded,"definition_evidence=high; column semantics are code/header confirmed when explicit, otherwise value-inferred and not authoritative"
canonical_enzymes,ncbi_protein_id,identifier_or_cross_reference,identifier_or_identifier_list,not_applicable_or_embedded_in_raw_value,preserve_verbatim_no_overwrite,,blank_only,VAL_SCHEMA_COMPLETE;VAL_MISSING_EXPLICIT;VAL_IDENTIFIER_FORMAT,sqlite,public_header:sqlite;sqlite_type:TEXT;generator:scripts/build_static_web_mvp.py;DOCS1R_reuse=bounded,"definition_evidence=high; column semantics are code/header confirmed when explicit, otherwise value-inferred and not authoritative"
canonical_enzymes,notes,free_text_note,delimited_list_or_text,not_applicable_or_embedded_in_raw_value,preserve_verbatim_no_overwrite,,blank_or_explicit_sentinel,VAL_SCHEMA_COMPLETE;VAL_MISSING_EXPLICIT,sqlite,public_header:sqlite;sqlite_type:TEXT;generator:scripts/build_static_web_mvp.py;DOCS1R_reuse=bounded,"definition_evidence=high; column semantics are code/header confirmed when explicit, otherwise value-inferred and not authoritative"
canonical_enzymes,parent_canonical_id,identifier_foreign_key,identifier_or_identifier_list,not_applicable_or_embedded_in_raw_value,preserve_verbatim_no_overwrite,,blank_only,VAL_SCHEMA_COMPLETE;VAL_MISSING_EXPLICIT;VAL_IDENTIFIER_FORMAT,sqlite,public_header:sqlite;sqlite_type:TEXT;generator:scripts/build_static_web_mvp.py;DOCS1R_reuse=bounded,"definition_evidence=high; column semantics are code/header confirmed when explicit, otherwise value-inferred and not authoritative"
canonical_enzymes,parent_enzyme_name,descriptive_attribute,text,not_applicable_or_embedded_in_raw_value,preserve_verbatim_no_overwrite,,blank_or_explicit_sentinel,VAL_SCHEMA_COMPLETE;VAL_MISSING_EXPLICIT,sqlite,public_header:sqlite;sqlite_type:TEXT;generator:scripts/build_static_web_mvp.py;DOCS1R_reuse=bounded,"definition_evidence=high; column semantics are code/header confirmed when explicit, otherwise value-inferred and not authoritative"
canonical_enzymes,pdb_ids,identifier_or_cross_reference,identifier_or_identifier_list,not_applicable_or_embedded_in_raw_value,preserve_verbatim_no_overwrite,,blank_only,VAL_SCHEMA_COMPLETE;VAL_MISSING_EXPLICIT;VAL_IDENTIFIER_FORMAT,sqlite,public_header:sqlite;sqlite_type:TEXT;generator:scripts/build_static_web_mvp.py;DOCS1R_reuse=bounded,"definition_evidence=high; column semantics are code/header confirmed when explicit, otherwise value-inferred and not authoritative"
canonical_enzymes,phase2_action_needed,descriptive_attribute,delimited_list_or_text,not_applicable_or_embedded_in_raw_value,preserve_verbatim_no_overwrite,,blank_or_explicit_sentinel,VAL_SCHEMA_COMPLETE;VAL_MISSING_EXPLICIT,sqlite,public_header:sqlite;sqlite_type:TEXT;generator:scripts/build_static_web_mvp.py;DOCS1R_reuse=bounded,"definition_evidence=high; column semantics are code/header confirmed when explicit, otherwise value-inferred and not authoritative"
canonical_enzymes,priority_group,descriptive_attribute,enum_candidate,not_applicable_or_embedded_in_raw_value,preserve_verbatim_no_overwrite,VOC_CANONICAL_ENZYMES_PRIORITY_GROUP,blank_or_explicit_sentinel,VAL_SCHEMA_COMPLETE;VAL_MISSING_EXPLICIT;VAL_ENUM_MEMBERSHIP,sqlite,public_header:sqlite;sqlite_type:TEXT;generator:scripts/build_static_web_mvp.py;DOCS1R_reuse=bounded,"definition_evidence=high; column semantics are code/header confirmed when explicit, otherwise value-inferred and not authoritative"
canonical_enzymes,refseq_id,identifier_or_cross_reference,identifier_or_identifier_list,not_applicable_or_embedded_in_raw_value,preserve_verbatim_no_overwrite,,blank_only,VAL_SCHEMA_COMPLETE;VAL_MISSING_EXPLICIT;VAL_IDENTIFIER_FORMAT,sqlite,public_header:sqlite;sqlite_type:TEXT;generator:scripts/build_static_web_mvp.py;DOCS1R_reuse=bounded,"definition_evidence=high; column semantics are code/header confirmed when explicit, otherwise value-inferred and not authoritative"
canonical_enzymes,review_flag,status_or_classification,enum_candidate,not_applicable_or_embedded_in_raw_value,preserve_verbatim_no_overwrite,VOC_CANONICAL_ENZYMES_REVIEW_FLAG,blank_or_explicit_sentinel,VAL_SCHEMA_COMPLETE;VAL_MISSING_EXPLICIT;VAL_ENUM_MEMBERSHIP,sqlite,public_header:sqlite;sqlite_type:TEXT;generator:scripts/build_static_web_mvp.py;DOCS1R_reuse=bounded,"definition_evidence=high; column semantics are code/header confirmed when explicit, otherwise value-inferred and not authoritative"
canonical_enzymes,review_note,free_text_note,delimited_list_or_text,not_applicable_or_embedded_in_raw_value,preserve_verbatim_no_overwrite,,blank_or_explicit_sentinel,VAL_SCHEMA_COMPLETE;VAL_MISSING_EXPLICIT,sqlite,public_header:sqlite;sqlite_type:TEXT;generator:scripts/build_static_web_mvp.py;DOCS1R_reuse=bounded,"definition_evidence=high; column semantics are code/header confirmed when explicit, otherwise value-inferred and not authoritative"
canonical_enzymes,row_count,normalized_or_derived,integer,count,derived_value_must_retain_source_field_rule_version_and_provenance,,blank_only,VAL_SCHEMA_COMPLETE;VAL_MISSING_EXPLICIT;VAL_NUMERIC_OR_UNIT,sqlite,public_header:sqlite;sqlite_type:INTEGER;generator:scripts/build_static_web_mvp.py;DOCS1R_reuse=bounded,"definition_evidence=high; column semantics are code/header confirmed when explicit, otherwise value-inferred and not authoritative"
canonical_enzymes,source_species,provenance,text,not_applicable_or_embedded_in_raw_value,preserve_verbatim_no_overwrite,,blank_or_explicit_sentinel,VAL_SCHEMA_COMPLETE;VAL_MISSING_EXPLICIT,sqlite,public_header:sqlite;sqlite_type:TEXT;generator:scripts/build_static_web_mvp.py;DOCS1R_reuse=bounded,"definition_evidence=high; column semantics are code/header confirmed when explicit, otherwise value-inferred and not authoritative"
canonical_enzymes,strain,descriptive_attribute,text,not_applicable_or_embedded_in_raw_value,preserve_verbatim_no_overwrite,,blank_or_explicit_sentinel,VAL_SCHEMA_COMPLETE;VAL_MISSING_EXPLICIT,sqlite,public_header:sqlite;sqlite_type:TEXT;generator:scripts/build_static_web_mvp.py;DOCS1R_reuse=bounded,"definition_evidence=high; column semantics are code/header confirmed when explicit, otherwise value-inferred and not authoritative"
canonical_enzymes,structure_modeling_readiness,descriptive_attribute,enum_candidate,not_applicable_or_embedded_in_raw_value,preserve_verbatim_no_overwrite,VOC_CANONICAL_ENZYMES_STRUCTURE_MODELING_READINESS,blank_or_explicit_sentinel,VAL_SCHEMA_COMPLETE;VAL_MISSING_EXPLICIT;VAL_ENUM_MEMBERSHIP,sqlite,public_header:sqlite;sqlite_type:TEXT;generator:scripts/build_static_web_mvp.py;DOCS1R_reuse=bounded,"definition_evidence=high; column semantics are code/header confirmed when explicit, otherwise value-inferred and not authoritative"
canonical_enzymes,uniprot_id,identifier_or_cross_reference,identifier_or_identifier_list,not_applicable_or_embedded_in_raw_value,preserve_verbatim_no_overwrite,,blank_only,VAL_SCHEMA_COMPLETE;VAL_MISSING_EXPLICIT;VAL_IDENTIFIER_FORMAT,sqlite,public_header:sqlite;sqlite_type:TEXT;generator:scripts/build_static_web_mvp.py;DOCS1R_reuse=bounded,"definition_evidence=high; column semantics are code/header confirmed when explicit, otherwise value-inferred and not authoritative"
condition_response_features,c50_explanation,free_text_note,delimited_list_or_text,not_applicable_or_embedded_in_raw_value,preserve_verbatim_no_overwrite,,blank_or_explicit_sentinel,VAL_SCHEMA_COMPLETE;VAL_MISSING_EXPLICIT,downloads_csv+release_zip_csv+sqlite,public_header:downloads_csv+release_zip_csv+sqlite;sqlite_type:TEXT;generator:scripts/build_static_web_mvp.py;DOCS1R_reuse=bounded,"definition_evidence=high; column semantics are code/header confirmed when explicit, otherwise value-inferred and not authoritative"
condition_response_features,c50_status,status_or_classification,enum_candidate,not_applicable_or_embedded_in_raw_value,preserve_verbatim_no_overwrite,VOC_CONDITION_RESPONSE_FEATURES_C50_STATUS,blank_or_explicit_sentinel,VAL_SCHEMA_COMPLETE;VAL_MISSING_EXPLICIT;VAL_ENUM_MEMBERSHIP,downloads_csv+release_zip_csv+sqlite,public_header:downloads_csv+release_zip_csv+sqlite;sqlite_type:TEXT;generator:scripts/build_static_web_mvp.py;DOCS1R_reuse=bounded,"definition_evidence=high; column semantics are code/header confirmed when explicit, otherwise value-inferred and not authoritative"
condition_response_features,canonical_enzyme_id,identifier_foreign_key,identifier_or_identifier_list,not_applicable_or_embedded_in_raw_value,preserve_verbatim_no_overwrite,,blank_only,VAL_SCHEMA_COMPLETE;VAL_MISSING_EXPLICIT;VAL_IDENTIFIER_FORMAT;VAL_CANONICAL_FK,downloads_csv+release_zip_csv+sqlite,public_header:downloads_csv+release_zip_csv+sqlite;sqlite_type:TEXT;generator:scripts/build_static_web_mvp.py;DOCS1R_reuse=bounded,"definition_evidence=high; column semantics are code/header confirmed when explicit, otherwise value-inferred and not authoritative"
condition_response_features,coverage,descriptive_attribute,enum_candidate,not_applicable_or_embedded_in_raw_value,preserve_verbatim_no_overwrite,VOC_CONDITION_RESPONSE_FEATURES_COVERAGE,blank_or_explicit_sentinel,VAL_SCHEMA_COMPLETE;VAL_MISSING_EXPLICIT;VAL_ENUM_MEMBERSHIP,downloads_csv+release_zip_csv+sqlite,public_header:downloads_csv+release_zip_csv+sqlite;sqlite_type:TEXT;generator:scripts/build_static_web_mvp.py;DOCS1R_reuse=bounded,"definition_evidence=high; column semantics are code/header confirmed when explicit, otherwise value-inferred and not authoritative"
condition_response_features,coverage_limitation,descriptive_attribute,delimited_list_or_text,not_applicable_or_embedded_in_raw_value,preserve_verbatim_no_overwrite,,blank_or_explicit_sentinel,VAL_SCHEMA_COMPLETE;VAL_MISSING_EXPLICIT,downloads_csv+release_zip_csv+sqlite,public_header:downloads_csv+release_zip_csv+sqlite;sqlite_type:TEXT;generator:scripts/build_static_web_mvp.py;DOCS1R_reuse=bounded,"definition_evidence=high; column semantics are code/header confirmed when explicit, otherwise value-inferred and not authoritative"
condition_response_features,curve_shape,descriptive_attribute,enum_candidate,not_applicable_or_embedded_in_raw_value,preserve_verbatim_no_overwrite,VOC_CONDITION_RESPONSE_FEATURES_CURVE_SHAPE,blank_or_explicit_sentinel,VAL_SCHEMA_COMPLETE;VAL_MISSING_EXPLICIT;VAL_ENUM_MEMBERSHIP,downloads_csv+release_zip_csv+sqlite,public_header:downloads_csv+release_zip_csv+sqlite;sqlite_type:TEXT;generator:scripts/build_static_web_mvp.py;DOCS1R_reuse=bounded,"definition_evidence=high; column semantics are code/header confirmed when explicit, otherwise value-inferred and not authoritative"
condition_response_features,engineering_lead,descriptive_attribute,delimited_list_or_text,not_applicable_or_embedded_in_raw_value,preserve_verbatim_no_overwrite,,blank_or_explicit_sentinel,VAL_SCHEMA_COMPLETE;VAL_MISSING_EXPLICIT,downloads_csv+release_zip_csv+sqlite,public_header:downloads_csv+release_zip_csv+sqlite;sqlite_type:TEXT;generator:scripts/build_static_web_mvp.py;DOCS1R_reuse=bounded,"definition_evidence=high; column semantics are code/header confirmed when explicit, otherwise value-inferred and not authoritative"
condition_response_features,feature_confidence,normalized_or_derived,enum_candidate,not_applicable_or_embedded_in_raw_value,derived_value_must_retain_source_field_rule_version_and_provenance,VOC_CONDITION_RESPONSE_FEATURES_FEATURE_CONFIDENCE,blank_or_explicit_sentinel,VAL_SCHEMA_COMPLETE;VAL_MISSING_EXPLICIT;VAL_ENUM_MEMBERSHIP,downloads_csv+release_zip_csv+sqlite,public_header:downloads_csv+release_zip_csv+sqlite;sqlite_type:TEXT;generator:scripts/build_static_web_mvp.py;DOCS1R_reuse=bounded,"definition_evidence=high; column semantics are code/header confirmed when explicit, otherwise value-inferred and not authoritative"
condition_response_features,fixed_conditions,descriptive_attribute,delimited_list_or_text,not_applicable_or_embedded_in_raw_value,preserve_verbatim_no_overwrite,,blank_or_explicit_sentinel,VAL_SCHEMA_COMPLETE;VAL_MISSING_EXPLICIT,downloads_csv+release_zip_csv+sqlite,public_header:downloads_csv+release_zip_csv+sqlite;sqlite_type:TEXT;generator:scripts/build_static_web_mvp.py;DOCS1R_reuse=bounded,"definition_evidence=high; column semantics are code/header confirmed when explicit, otherwise value-inferred and not authoritative"
condition_response_features,measured_evidence,descriptive_attribute,enum_candidate,not_applicable_or_embedded_in_raw_value,preserve_verbatim_no_overwrite,VOC_CONDITION_RESPONSE_FEATURES_MEASURED_EVIDENCE,blank_or_explicit_sentinel,VAL_SCHEMA_COMPLETE;VAL_MISSING_EXPLICIT;VAL_ENUM_MEMBERSHIP,downloads_csv+release_zip_csv+sqlite,public_header:downloads_csv+release_zip_csv+sqlite;sqlite_type:TEXT;generator:scripts/build_static_web_mvp.py;DOCS1R_reuse=bounded,"definition_evidence=high; column semantics are code/header confirmed when explicit, otherwise value-inferred and not authoritative"
condition_response_features,measured_points,descriptive_attribute,integer,count,preserve_verbatim_no_overwrite,,blank_only,VAL_SCHEMA_COMPLETE;VAL_MISSING_EXPLICIT;VAL_NUMERIC_OR_UNIT,downloads_csv+release_zip_csv+sqlite,public_header:downloads_csv+release_zip_csv+sqlite;sqlite_type:INTEGER;generator:scripts/build_static_web_mvp.py;DOCS1R_reuse=bounded,"definition_evidence=high; column semantics are code/header confirmed when explicit, otherwise value-inferred and not authoritative"
condition_response_features,measured_range,normalized_or_derived,delimited_list_or_text,not_applicable_or_embedded_in_raw_value,derived_value_must_retain_source_field_rule_version_and_provenance,,blank_or_explicit_sentinel,VAL_SCHEMA_COMPLETE;VAL_MISSING_EXPLICIT,downloads_csv+release_zip_csv+sqlite,public_header:downloads_csv+release_zip_csv+sqlite;sqlite_type:TEXT;generator:scripts/build_static_web_mvp.py;DOCS1R_reuse=bounded,"definition_evidence=high; column semantics are code/header confirmed when explicit, otherwise value-inferred and not authoritative"
condition_response_features,monotonicity,descriptive_attribute,enum_candidate,not_applicable_or_embedded_in_raw_value,preserve_verbatim_no_overwrite,VOC_CONDITION_RESPONSE_FEATURES_MONOTONICITY,blank_or_explicit_sentinel,VAL_SCHEMA_COMPLETE;VAL_MISSING_EXPLICIT;VAL_ENUM_MEMBERSHIP,downloads_csv+release_zip_csv+sqlite,public_header:downloads_csv+release_zip_csv+sqlite;sqlite_type:TEXT;generator:scripts/build_static_web_mvp.py;DOCS1R_reuse=bounded,"definition_evidence=high; column semantics are code/header confirmed when explicit, otherwise value-inferred and not authoritative"
condition_response_features,parent_paired_change,descriptive_attribute,enum_candidate,not_applicable_or_embedded_in_raw_value,preserve_verbatim_no_overwrite,VOC_CONDITION_RESPONSE_FEATURES_PARENT_PAIRED_CHANGE,blank_or_explicit_sentinel,VAL_SCHEMA_COMPLETE;VAL_MISSING_EXPLICIT;VAL_ENUM_MEMBERSHIP,downloads_csv+release_zip_csv+sqlite,public_header:downloads_csv+release_zip_csv+sqlite;sqlite_type:TEXT;generator:scripts/build_static_web_mvp.py;DOCS1R_reuse=bounded,"definition_evidence=high; column semantics are code/header confirmed when explicit, otherwise value-inferred and not authoritative"
condition_response_features,platform,descriptive_attribute,enum_candidate,not_applicable_or_embedded_in_raw_value,preserve_verbatim_no_overwrite,VOC_CONDITION_RESPONSE_FEATURES_PLATFORM,blank_or_explicit_sentinel,VAL_SCHEMA_COMPLETE;VAL_MISSING_EXPLICIT;VAL_ENUM_MEMBERSHIP,downloads_csv+release_zip_csv+sqlite,public_header:downloads_csv+release_zip_csv+sqlite;sqlite_type:TEXT;generator:scripts/build_static_web_mvp.py;DOCS1R_reuse=bounded,"definition_evidence=high; column semantics are code/header confirmed when explicit, otherwise value-inferred and not authoritative"
condition_response_features,response_range,normalized_or_derived,text,not_applicable_or_embedded_in_raw_value,derived_value_must_retain_source_field_rule_version_and_provenance,,blank_or_explicit_sentinel,VAL_SCHEMA_COMPLETE;VAL_MISSING_EXPLICIT,downloads_csv+release_zip_csv+sqlite,public_header:downloads_csv+release_zip_csv+sqlite;sqlite_type:TEXT;generator:scripts/build_static_web_mvp.py;DOCS1R_reuse=bounded,"definition_evidence=high; column semantics are code/header confirmed when explicit, otherwise value-inferred and not authoritative"
condition_response_features,source,descriptive_attribute,text,not_applicable_or_embedded_in_raw_value,preserve_verbatim_no_overwrite,,blank_or_explicit_sentinel,VAL_SCHEMA_COMPLETE;VAL_MISSING_EXPLICIT,downloads_csv+release_zip_csv+sqlite,public_header:downloads_csv+release_zip_csv+sqlite;sqlite_type:TEXT;generator:scripts/build_static_web_mvp.py;DOCS1R_reuse=bounded,"definition_evidence=high; column semantics are code/header confirmed when explicit, otherwise value-inferred and not authoritative"
direct_evidence,A0_condition_matched_to_readout,descriptive_attribute,enum_candidate,not_applicable_or_embedded_in_raw_value,preserve_verbatim_no_overwrite,VOC_DIRECT_EVIDENCE_A0_CONDITION_MATCHED_TO_READOUT,blank_or_explicit_sentinel,VAL_SCHEMA_COMPLETE;VAL_MISSING_EXPLICIT;VAL_ENUM_MEMBERSHIP,sqlite,public_header:sqlite;sqlite_type:TEXT;generator:scripts/build_static_web_mvp.py;DOCS1R_reuse=bounded,"definition_evidence=high; column semantics are code/header confirmed when explicit, otherwise value-inferred and not authoritative"
direct_evidence,A0_cv_percent,descriptive_attribute,enum_candidate,percent,preserve_verbatim_no_overwrite,VOC_DIRECT_EVIDENCE_A0_CV_PERCENT,blank_or_explicit_sentinel,VAL_SCHEMA_COMPLETE;VAL_MISSING_EXPLICIT;VAL_NUMERIC_OR_UNIT;VAL_ENUM_MEMBERSHIP,sqlite,public_header:sqlite;sqlite_type:TEXT;generator:scripts/build_static_web_mvp.py;DOCS1R_reuse=bounded,"definition_evidence=high; column semantics are code/header confirmed when explicit, otherwise value-inferred and not authoritative"
direct_evidence,A0_replicate_n,descriptive_attribute,integer,not_applicable_or_embedded_in_raw_value,preserve_verbatim_no_overwrite,,blank_only,VAL_SCHEMA_COMPLETE;VAL_MISSING_EXPLICIT;VAL_NUMERIC_OR_UNIT,sqlite,public_header:sqlite;sqlite_type:INTEGER;generator:scripts/build_static_web_mvp.py;DOCS1R_reuse=bounded,"definition_evidence=high; column semantics are code/header confirmed when explicit, otherwise value-inferred and not authoritative"
direct_evidence,A0_same_batch_as_challenge,descriptive_attribute,boolean_token,not_applicable_or_embedded_in_raw_value,preserve_verbatim_no_overwrite,VOC_DIRECT_EVIDENCE_A0_SAME_BATCH_AS_CHALLENGE,blank_only,VAL_SCHEMA_COMPLETE;VAL_MISSING_EXPLICIT;VAL_ENUM_MEMBERSHIP,sqlite,public_header:sqlite;sqlite_type:TEXT;generator:scripts/build_static_web_mvp.py;DOCS1R_reuse=bounded,"definition_evidence=high; column semantics are code/header confirmed when explicit, otherwise value-inferred and not authoritative"
direct_evidence,A0_source,descriptive_attribute,text,not_applicable_or_embedded_in_raw_value,preserve_verbatim_no_overwrite,,blank_or_explicit_sentinel,VAL_SCHEMA_COMPLETE;VAL_MISSING_EXPLICIT,sqlite,public_header:sqlite;sqlite_type:TEXT;generator:scripts/build_static_web_mvp.py;DOCS1R_reuse=bounded,"definition_evidence=high; column semantics are code/header confirmed when explicit, otherwise value-inferred and not authoritative"
direct_evidence,D_obs_unreliable,descriptive_attribute,boolean_token,not_applicable_or_embedded_in_raw_value,preserve_verbatim_no_overwrite,VOC_DIRECT_EVIDENCE_D_OBS_UNRELIABLE,blank_only,VAL_SCHEMA_COMPLETE;VAL_MISSING_EXPLICIT;VAL_ENUM_MEMBERSHIP,sqlite,public_header:sqlite;sqlite_type:TEXT;generator:scripts/build_static_web_mvp.py;DOCS1R_reuse=bounded,"definition_evidence=high; column semantics are code/header confirmed when explicit, otherwise value-inferred and not authoritative"
direct_evidence,activity_assay_method,descriptive_attribute,text,not_applicable_or_embedded_in_raw_value,preserve_verbatim_no_overwrite,,blank_or_explicit_sentinel,VAL_SCHEMA_COMPLETE;VAL_MISSING_EXPLICIT,sqlite,public_header:sqlite;sqlite_type:TEXT;generator:scripts/build_static_web_mvp.py;DOCS1R_reuse=bounded,"definition_evidence=high; column semantics are code/header confirmed when explicit, otherwise value-inferred and not authoritative"
direct_evidence,assay_buffer_system,descriptive_attribute,text,not_applicable_or_embedded_in_raw_value,preserve_verbatim_no_overwrite,,blank_or_explicit_sentinel,VAL_SCHEMA_COMPLETE;VAL_MISSING_EXPLICIT,sqlite,public_header:sqlite;sqlite_type:TEXT;generator:scripts/build_static_web_mvp.py;DOCS1R_reuse=bounded,"definition_evidence=high; column semantics are code/header confirmed when explicit, otherwise value-inferred and not authoritative"
direct_evidence,assay_comparability_flag,status_or_classification,enum_candidate,not_applicable_or_embedded_in_raw_value,preserve_verbatim_no_overwrite,VOC_DIRECT_EVIDENCE_ASSAY_COMPARABILITY_FLAG,blank_or_explicit_sentinel,VAL_SCHEMA_COMPLETE;VAL_MISSING_EXPLICIT;VAL_ENUM_MEMBERSHIP,sqlite,public_header:sqlite;sqlite_type:TEXT;generator:scripts/build_static_web_mvp.py;DOCS1R_reuse=bounded,"definition_evidence=high; column semantics are code/header confirmed when explicit, otherwise value-inferred and not authoritative"
direct_evidence,assay_contains_challenge_solvent,descriptive_attribute,enum_candidate,not_applicable_or_embedded_in_raw_value,preserve_verbatim_no_overwrite,VOC_DIRECT_EVIDENCE_ASSAY_CONTAINS_CHALLENGE_SOLVENT,blank_or_explicit_sentinel,VAL_SCHEMA_COMPLETE;VAL_MISSING_EXPLICIT;VAL_ENUM_MEMBERSHIP,sqlite,public_header:sqlite;sqlite_type:TEXT;generator:scripts/build_static_web_mvp.py;DOCS1R_reuse=bounded,"definition_evidence=high; column semantics are code/header confirmed when explicit, otherwise value-inferred and not authoritative"
direct_evidence,assay_id,identifier_or_cross_reference,identifier_or_identifier_list,not_applicable_or_embedded_in_raw_value,preserve_verbatim_no_overwrite,,blank_only,VAL_SCHEMA_COMPLETE;VAL_MISSING_EXPLICIT;VAL_IDENTIFIER_FORMAT,sqlite,public_header:sqlite;sqlite_type:TEXT;generator:scripts/build_static_web_mvp.py;DOCS1R_reuse=bounded,"definition_evidence=high; column semantics are code/header confirmed when explicit, otherwise value-inferred and not authoritative"
direct_evidence,assay_offset_term,descriptive_attribute,enum_candidate,not_applicable_or_embedded_in_raw_value,preserve_verbatim_no_overwrite,VOC_DIRECT_EVIDENCE_ASSAY_OFFSET_TERM,blank_or_explicit_sentinel,VAL_SCHEMA_COMPLETE;VAL_MISSING_EXPLICIT;VAL_ENUM_MEMBERSHIP,sqlite,public_header:sqlite;sqlite_type:TEXT;generator:scripts/build_static_web_mvp.py;DOCS1R_reuse=bounded,"definition_evidence=high; column semantics are code/header confirmed when explicit, otherwise value-inferred and not authoritative"
direct_evidence,assay_pH,descriptive_attribute,enum_candidate,not_applicable_or_embedded_in_raw_value,preserve_verbatim_no_overwrite,VOC_DIRECT_EVIDENCE_ASSAY_PH,blank_or_explicit_sentinel,VAL_SCHEMA_COMPLETE;VAL_MISSING_EXPLICIT;VAL_ENUM_MEMBERSHIP,sqlite,public_header:sqlite;sqlite_type:TEXT;generator:scripts/build_static_web_mvp.py;DOCS1R_reuse=bounded,"definition_evidence=high; column semantics are code/header confirmed when explicit, otherwise value-inferred and not authoritative"
direct_evidence,assay_reaction_time_min,descriptive_attribute,enum_candidate,minute,preserve_verbatim_no_overwrite,VOC_DIRECT_EVIDENCE_ASSAY_REACTION_TIME_MIN,blank_or_explicit_sentinel,VAL_SCHEMA_COMPLETE;VAL_MISSING_EXPLICIT;VAL_NUMERIC_OR_UNIT;VAL_ENUM_MEMBERSHIP,sqlite,public_header:sqlite;sqlite_type:TEXT;generator:scripts/build_static_web_mvp.py;DOCS1R_reuse=bounded,"definition_evidence=high; column semantics are code/header confirmed when explicit, otherwise value-inferred and not authoritative"
direct_evidence,assay_substrate,descriptive_attribute,text,not_applicable_or_embedded_in_raw_value,preserve_verbatim_no_overwrite,,blank_or_explicit_sentinel,VAL_SCHEMA_COMPLETE;VAL_MISSING_EXPLICIT,sqlite,public_header:sqlite;sqlite_type:TEXT;generator:scripts/build_static_web_mvp.py;DOCS1R_reuse=bounded,"definition_evidence=high; column semantics are code/header confirmed when explicit, otherwise value-inferred and not authoritative"
direct_evidence,assay_total_volume_mL,descriptive_attribute,number,millilitre,preserve_verbatim_no_overwrite,,blank_only,VAL_SCHEMA_COMPLETE;VAL_MISSING_EXPLICIT;VAL_NUMERIC_OR_UNIT,sqlite,public_header:sqlite;sqlite_type:REAL;generator:scripts/build_static_web_mvp.py;DOCS1R_reuse=bounded,"definition_evidence=high; column semantics are code/header confirmed when explicit, otherwise value-inferred and not authoritative"
direct_evidence,baseline_activity_A0,descriptive_attribute,enum_candidate,not_applicable_or_embedded_in_raw_value,preserve_verbatim_no_overwrite,VOC_DIRECT_EVIDENCE_BASELINE_ACTIVITY_A0,blank_or_explicit_sentinel,VAL_SCHEMA_COMPLETE;VAL_MISSING_EXPLICIT;VAL_ENUM_MEMBERSHIP,sqlite,public_header:sqlite;sqlite_type:TEXT;generator:scripts/build_static_web_mvp.py;DOCS1R_reuse=bounded,"definition_evidence=high; column semantics are code/header confirmed when explicit, otherwise value-inferred and not authoritative"
direct_evidence,biphasic_deactivation_observed,descriptive_attribute,boolean_token,not_applicable_or_embedded_in_raw_value,preserve_verbatim_no_overwrite,VOC_DIRECT_EVIDENCE_BIPHASIC_DEACTIVATION_OBSERVED,blank_only,VAL_SCHEMA_COMPLETE;VAL_MISSING_EXPLICIT;VAL_ENUM_MEMBERSHIP,sqlite,public_header:sqlite;sqlite_type:TEXT;generator:scripts/build_static_web_mvp.py;DOCS1R_reuse=bounded,"definition_evidence=high; column semantics are code/header confirmed when explicit, otherwise value-inferred and not authoritative"
direct_evidence,canonical_enzyme_id,identifier_foreign_key,identifier_or_identifier_list,not_applicable_or_embedded_in_raw_value,preserve_verbatim_no_overwrite,,blank_only,VAL_SCHEMA_COMPLETE;VAL_MISSING_EXPLICIT;VAL_IDENTIFIER_FORMAT;VAL_CANONICAL_FK,sqlite,public_header:sqlite;sqlite_type:TEXT;generator:scripts/build_static_web_mvp.py;DOCS1R_reuse=bounded,"definition_evidence=high; column semantics are code/header confirmed when explicit, otherwise value-inferred and not authoritative"
direct_evidence,cluster_basis,descriptive_attribute,enum_candidate,not_applicable_or_embedded_in_raw_value,preserve_verbatim_no_overwrite,VOC_DIRECT_EVIDENCE_CLUSTER_BASIS,blank_or_explicit_sentinel,VAL_SCHEMA_COMPLETE;VAL_MISSING_EXPLICIT;VAL_ENUM_MEMBERSHIP,sqlite,public_header:sqlite;sqlite_type:TEXT;generator:scripts/build_static_web_mvp.py;DOCS1R_reuse=bounded,"definition_evidence=high; column semantics are code/header confirmed when explicit, otherwise value-inferred and not authoritative"
direct_evidence,cluster_id,identifier_or_cross_reference,identifier_or_identifier_list,not_applicable_or_embedded_in_raw_value,preserve_verbatim_no_overwrite,,blank_only,VAL_SCHEMA_COMPLETE;VAL_MISSING_EXPLICIT;VAL_IDENTIFIER_FORMAT,sqlite,public_header:sqlite;sqlite_type:TEXT;generator:scripts/build_static_web_mvp.py;DOCS1R_reuse=bounded,"definition_evidence=high; column semantics are code/header confirmed when explicit, otherwise value-inferred and not authoritative"
direct_evidence,construct_match_status,status_or_classification,enum_candidate,not_applicable_or_embedded_in_raw_value,preserve_verbatim_no_overwrite,VOC_DIRECT_EVIDENCE_CONSTRUCT_MATCH_STATUS,blank_or_explicit_sentinel,VAL_SCHEMA_COMPLETE;VAL_MISSING_EXPLICIT;VAL_ENUM_MEMBERSHIP,sqlite,public_header:sqlite;sqlite_type:TEXT;generator:scripts/build_static_web_mvp.py;DOCS1R_reuse=bounded,"definition_evidence=high; column semantics are code/header confirmed when explicit, otherwise value-inferred and not authoritative"
direct_evidence,data_extraction_method,descriptive_attribute,enum_candidate,not_applicable_or_embedded_in_raw_value,preserve_verbatim_no_overwrite,VOC_DIRECT_EVIDENCE_DATA_EXTRACTION_METHOD,blank_or_explicit_sentinel,VAL_SCHEMA_COMPLETE;VAL_MISSING_EXPLICIT;VAL_ENUM_MEMBERSHIP,sqlite,public_header:sqlite;sqlite_type:TEXT;generator:scripts/build_static_web_mvp.py;DOCS1R_reuse=bounded,"definition_evidence=high; column semantics are code/header confirmed when explicit, otherwise value-inferred and not authoritative"
direct_evidence,doi,identifier_or_cross_reference,identifier_or_identifier_list,not_applicable_or_embedded_in_raw_value,preserve_verbatim_no_overwrite,,blank_only,VAL_SCHEMA_COMPLETE;VAL_MISSING_EXPLICIT;VAL_IDENTIFIER_FORMAT,sqlite,public_header:sqlite;sqlite_type:TEXT;generator:scripts/build_static_web_mvp.py;DOCS1R_reuse=bounded,"definition_evidence=high; column semantics are code/header confirmed when explicit, otherwise value-inferred and not authoritative"
direct_evidence,duplicate_group_id,identifier_or_cross_reference,identifier_or_identifier_list,not_applicable_or_embedded_in_raw_value,preserve_verbatim_no_overwrite,,blank_only,VAL_SCHEMA_COMPLETE;VAL_MISSING_EXPLICIT;VAL_IDENTIFIER_FORMAT,sqlite,public_header:sqlite;sqlite_type:TEXT;generator:scripts/build_static_web_mvp.py;DOCS1R_reuse=bounded,"definition_evidence=high; column semantics are code/header confirmed when explicit, otherwise value-inferred and not authoritative"
direct_evidence,enzyme_conc,raw_measurement_or_source_reported_attribute,enum_candidate,source_reported_unit_string,preserve_numeric_plus_unit_string;no_forced_mg_ml,VOC_DIRECT_EVIDENCE_ENZYME_CONC,blank_or_explicit_sentinel,VAL_SCHEMA_COMPLETE;VAL_MISSING_EXPLICIT;VAL_ENUM_MEMBERSHIP;VAL_PRESERVE_ENZYME_CONC,sqlite,public_header:sqlite;sqlite_type:TEXT;generator:scripts/build_static_web_mvp.py;DOCS1R_reuse=bounded,"definition_evidence=high; column semantics are code/header confirmed when explicit, otherwise value-inferred and not authoritative"
direct_evidence,enzyme_ec_number,descriptive_attribute,enum_candidate,not_applicable_or_embedded_in_raw_value,preserve_verbatim_no_overwrite,VOC_DIRECT_EVIDENCE_ENZYME_EC_NUMBER,blank_or_explicit_sentinel,VAL_SCHEMA_COMPLETE;VAL_MISSING_EXPLICIT;VAL_ENUM_MEMBERSHIP,sqlite,public_header:sqlite;sqlite_type:TEXT;generator:scripts/build_static_web_mvp.py;DOCS1R_reuse=bounded,"definition_evidence=high; column semantics are code/header confirmed when explicit, otherwise value-inferred and not authoritative"
direct_evidence,enzyme_form,descriptive_attribute,enum_candidate,not_applicable_or_embedded_in_raw_value,preserve_verbatim_no_overwrite,VOC_DIRECT_EVIDENCE_ENZYME_FORM,blank_or_explicit_sentinel,VAL_SCHEMA_COMPLETE;VAL_MISSING_EXPLICIT;VAL_ENUM_MEMBERSHIP,sqlite,public_header:sqlite;sqlite_type:TEXT;generator:scripts/build_static_web_mvp.py;DOCS1R_reuse=bounded,"definition_evidence=high; column semantics are code/header confirmed when explicit, otherwise value-inferred and not authoritative"
direct_evidence,enzyme_id,identifier_or_cross_reference,identifier_or_identifier_list,not_applicable_or_embedded_in_raw_value,preserve_verbatim_no_overwrite,,blank_only,VAL_SCHEMA_COMPLETE;VAL_MISSING_EXPLICIT;VAL_IDENTIFIER_FORMAT,sqlite,public_header:sqlite;sqlite_type:TEXT;generator:scripts/build_static_web_mvp.py;DOCS1R_reuse=bounded,"definition_evidence=high; column semantics are code/header confirmed when explicit, otherwise value-inferred and not authoritative"
direct_evidence,enzyme_identifier_source,descriptive_attribute,delimited_list_or_text,not_applicable_or_embedded_in_raw_value,preserve_verbatim_no_overwrite,,blank_or_explicit_sentinel,VAL_SCHEMA_COMPLETE;VAL_MISSING_EXPLICIT,sqlite,public_header:sqlite;sqlite_type:TEXT;generator:scripts/build_static_web_mvp.py;DOCS1R_reuse=bounded,"definition_evidence=high; column semantics are code/header confirmed when explicit, otherwise value-inferred and not authoritative"
direct_evidence,enzyme_name,descriptive_attribute,text,not_applicable_or_embedded_in_raw_value,preserve_verbatim_no_overwrite,,blank_or_explicit_sentinel,VAL_SCHEMA_COMPLETE;VAL_MISSING_EXPLICIT,sqlite,public_header:sqlite;sqlite_type:TEXT;generator:scripts/build_static_web_mvp.py;DOCS1R_reuse=bounded,"definition_evidence=high; column semantics are code/header confirmed when explicit, otherwise value-inferred and not authoritative"
direct_evidence,enzyme_ncbi_ids,identifier_or_cross_reference,identifier_or_identifier_list,not_applicable_or_embedded_in_raw_value,preserve_verbatim_no_overwrite,,blank_only,VAL_SCHEMA_COMPLETE;VAL_MISSING_EXPLICIT;VAL_IDENTIFIER_FORMAT,sqlite,public_header:sqlite;sqlite_type:TEXT;generator:scripts/build_static_web_mvp.py;DOCS1R_reuse=bounded,"definition_evidence=high; column semantics are code/header confirmed when explicit, otherwise value-inferred and not authoritative"
direct_evidence,enzyme_pdb_ids,identifier_or_cross_reference,identifier_or_identifier_list,not_applicable_or_embedded_in_raw_value,preserve_verbatim_no_overwrite,,blank_only,VAL_SCHEMA_COMPLETE;VAL_MISSING_EXPLICIT;VAL_IDENTIFIER_FORMAT,sqlite,public_header:sqlite;sqlite_type:TEXT;generator:scripts/build_static_web_mvp.py;DOCS1R_reuse=bounded,"definition_evidence=high; column semantics are code/header confirmed when explicit, otherwise value-inferred and not authoritative"
direct_evidence,enzyme_purity_percent,descriptive_attribute,delimited_list_or_text,percent,preserve_verbatim_no_overwrite,,blank_or_explicit_sentinel,VAL_SCHEMA_COMPLETE;VAL_MISSING_EXPLICIT;VAL_NUMERIC_OR_UNIT,sqlite,public_header:sqlite;sqlite_type:TEXT;generator:scripts/build_static_web_mvp.py;DOCS1R_reuse=bounded,"definition_evidence=high; column semantics are code/header confirmed when explicit, otherwise value-inferred and not authoritative"
direct_evidence,enzyme_uniprot_ids,identifier_or_cross_reference,identifier_or_identifier_list,not_applicable_or_embedded_in_raw_value,preserve_verbatim_no_overwrite,,blank_only,VAL_SCHEMA_COMPLETE;VAL_MISSING_EXPLICIT;VAL_IDENTIFIER_FORMAT,sqlite,public_header:sqlite;sqlite_type:TEXT;generator:scripts/build_static_web_mvp.py;DOCS1R_reuse=bounded,"definition_evidence=high; column semantics are code/header confirmed when explicit, otherwise value-inferred and not authoritative"
direct_evidence,evidence_confidence_tier,status_or_classification,enum_candidate,not_applicable_or_embedded_in_raw_value,preserve_verbatim_no_overwrite,VOC_DIRECT_EVIDENCE_EVIDENCE_CONFIDENCE_TIER,blank_or_explicit_sentinel,VAL_SCHEMA_COMPLETE;VAL_MISSING_EXPLICIT;VAL_ENUM_MEMBERSHIP,sqlite,public_header:sqlite;sqlite_type:TEXT;generator:scripts/build_static_web_mvp.py;DOCS1R_reuse=bounded,"definition_evidence=high; column semantics are code/header confirmed when explicit, otherwise value-inferred and not authoritative"
direct_evidence,evidence_id,identifier_or_cross_reference,identifier_or_identifier_list,not_applicable_or_embedded_in_raw_value,preserve_verbatim_no_overwrite,,blank_only,VAL_SCHEMA_COMPLETE;VAL_MISSING_EXPLICIT;VAL_IDENTIFIER_FORMAT,sqlite,public_header:sqlite;sqlite_type:TEXT;generator:scripts/build_static_web_mvp.py;DOCS1R_reuse=bounded,"definition_evidence=high; column semantics are code/header confirmed when explicit, otherwise value-inferred and not authoritative"
direct_evidence,exposure_phase,descriptive_attribute,enum_candidate,not_applicable_or_embedded_in_raw_value,preserve_verbatim_no_overwrite,VOC_DIRECT_EVIDENCE_EXPOSURE_PHASE,blank_or_explicit_sentinel,VAL_SCHEMA_COMPLETE;VAL_MISSING_EXPLICIT;VAL_ENUM_MEMBERSHIP,sqlite,public_header:sqlite;sqlite_type:TEXT;generator:scripts/build_static_web_mvp.py;DOCS1R_reuse=bounded,"definition_evidence=high; column semantics are code/header confirmed when explicit, otherwise value-inferred and not authoritative"
direct_evidence,incubation_atmosphere,descriptive_attribute,enum_candidate,not_applicable_or_embedded_in_raw_value,preserve_verbatim_no_overwrite,VOC_DIRECT_EVIDENCE_INCUBATION_ATMOSPHERE,blank_or_explicit_sentinel,VAL_SCHEMA_COMPLETE;VAL_MISSING_EXPLICIT;VAL_ENUM_MEMBERSHIP,sqlite,public_header:sqlite;sqlite_type:TEXT;generator:scripts/build_static_web_mvp.py;DOCS1R_reuse=bounded,"definition_evidence=high; column semantics are code/header confirmed when explicit, otherwise value-inferred and not authoritative"
direct_evidence,incubation_buffer_system,descriptive_attribute,text,not_applicable_or_embedded_in_raw_value,preserve_verbatim_no_overwrite,,blank_or_explicit_sentinel,VAL_SCHEMA_COMPLETE;VAL_MISSING_EXPLICIT,sqlite,public_header:sqlite;sqlite_type:TEXT;generator:scripts/build_static_web_mvp.py;DOCS1R_reuse=bounded,"definition_evidence=high; column semantics are code/header confirmed when explicit, otherwise value-inferred and not authoritative"
direct_evidence,incubation_pH,descriptive_attribute,number,not_applicable_or_embedded_in_raw_value,preserve_verbatim_no_overwrite,,blank_only,VAL_SCHEMA_COMPLETE;VAL_MISSING_EXPLICIT;VAL_NUMERIC_OR_UNIT,sqlite,public_header:sqlite;sqlite_type:REAL;generator:scripts/build_static_web_mvp.py;DOCS1R_reuse=bounded,"definition_evidence=high; column semantics are code/header confirmed when explicit, otherwise value-inferred and not authoritative"
direct_evidence,incubation_temp_C,raw_measurement_or_source_reported_attribute,enum_candidate,degree_Celsius,preserve_verbatim_no_overwrite,VOC_DIRECT_EVIDENCE_INCUBATION_TEMP_C,blank_or_explicit_sentinel,VAL_SCHEMA_COMPLETE;VAL_MISSING_EXPLICIT;VAL_NUMERIC_OR_UNIT;VAL_ENUM_MEMBERSHIP,sqlite,public_header:sqlite;sqlite_type:TEXT;generator:scripts/build_static_web_mvp.py;DOCS1R_reuse=bounded,"definition_evidence=high; column semantics are code/header confirmed when explicit, otherwise value-inferred and not authoritative"
direct_evidence,incubation_temp_note,free_text_note,delimited_list_or_text,not_applicable_or_embedded_in_raw_value,preserve_verbatim_no_overwrite,,blank_or_explicit_sentinel,VAL_SCHEMA_COMPLETE;VAL_MISSING_EXPLICIT,sqlite,public_header:sqlite;sqlite_type:TEXT;generator:scripts/build_static_web_mvp.py;DOCS1R_reuse=bounded,"definition_evidence=high; column semantics are code/header confirmed when explicit, otherwise value-inferred and not authoritative"
direct_evidence,incubation_time_h,raw_measurement_or_source_reported_attribute,number,hour,preserve_verbatim_no_overwrite,,blank_only,VAL_SCHEMA_COMPLETE;VAL_MISSING_EXPLICIT;VAL_NUMERIC_OR_UNIT,sqlite,public_header:sqlite;sqlite_type:REAL;generator:scripts/build_static_web_mvp.py;DOCS1R_reuse=bounded,"definition_evidence=high; column semantics are code/header confirmed when explicit, otherwise value-inferred and not authoritative"
direct_evidence,ionic_strength_mM,descriptive_attribute,enum_candidate,millimolar,preserve_verbatim_no_overwrite,VOC_DIRECT_EVIDENCE_IONIC_STRENGTH_MM,blank_or_explicit_sentinel,VAL_SCHEMA_COMPLETE;VAL_MISSING_EXPLICIT;VAL_NUMERIC_OR_UNIT;VAL_ENUM_MEMBERSHIP,sqlite,public_header:sqlite;sqlite_type:TEXT;generator:scripts/build_static_web_mvp.py;DOCS1R_reuse=bounded,"definition_evidence=high; column semantics are code/header confirmed when explicit, otherwise value-inferred and not authoritative"
direct_evidence,journal,provenance,text,not_applicable_or_embedded_in_raw_value,preserve_verbatim_no_overwrite,,blank_or_explicit_sentinel,VAL_SCHEMA_COMPLETE;VAL_MISSING_EXPLICIT,sqlite,public_header:sqlite;sqlite_type:TEXT;generator:scripts/build_static_web_mvp.py;DOCS1R_reuse=bounded,"definition_evidence=high; column semantics are code/header confirmed when explicit, otherwise value-inferred and not authoritative"
direct_evidence,label_ready,descriptive_attribute,boolean_token,not_applicable_or_embedded_in_raw_value,preserve_verbatim_no_overwrite,VOC_DIRECT_EVIDENCE_LABEL_READY,blank_only,VAL_SCHEMA_COMPLETE;VAL_MISSING_EXPLICIT;VAL_ENUM_MEMBERSHIP,sqlite,public_header:sqlite;sqlite_type:TEXT;generator:scripts/build_static_web_mvp.py;DOCS1R_reuse=bounded,"definition_evidence=high; column semantics are code/header confirmed when explicit, otherwise value-inferred and not authoritative"
direct_evidence,,provenance,path,not_applicable_or_embedded_in_raw_value,preserve_verbatim_no_overwrite,,blank_or_explicit_sentinel,VAL_SCHEMA_COMPLETE;VAL_MISSING_EXPLICIT,sqlite,public_header:sqlite;sqlite_type:TEXT;generator:scripts/build_static_web_mvp.py;DOCS1R_reuse=bounded,"definition_evidence=high; column semantics are code/header confirmed when explicit, otherwise value-inferred and not authoritative"
direct_evidence,low_meoh_activation_observed,descriptive_attribute,boolean_token,not_applicable_or_embedded_in_raw_value,preserve_verbatim_no_overwrite,VOC_DIRECT_EVIDENCE_LOW_MEOH_ACTIVATION_OBSERVED,blank_only,VAL_SCHEMA_COMPLETE;VAL_MISSING_EXPLICIT;VAL_ENUM_MEMBERSHIP,sqlite,public_header:sqlite;sqlite_type:TEXT;generator:scripts/build_static_web_mvp.py;DOCS1R_reuse=bounded,"definition_evidence=high; column semantics are code/header confirmed when explicit, otherwise value-inferred and not authoritative"
direct_evidence,low_stress_band_5pct,descriptive_attribute,enum_candidate,not_applicable_or_embedded_in_raw_value,preserve_verbatim_no_overwrite,VOC_DIRECT_EVIDENCE_LOW_STRESS_BAND_5PCT,blank_or_explicit_sentinel,VAL_SCHEMA_COMPLETE;VAL_MISSING_EXPLICIT;VAL_ENUM_MEMBERSHIP,sqlite,public_header:sqlite;sqlite_type:TEXT;generator:scripts/build_static_web_mvp.py;DOCS1R_reuse=bounded,"definition_evidence=high; column semantics are code/header confirmed when explicit, otherwise value-inferred and not authoritative"
direct_evidence,methanol_addition_mode,descriptive_attribute,enum_candidate,not_applicable_or_embedded_in_raw_value,preserve_verbatim_no_overwrite,VOC_DIRECT_EVIDENCE_METHANOL_ADDITION_MODE,blank_or_explicit_sentinel,VAL_SCHEMA_COMPLETE;VAL_MISSING_EXPLICIT;VAL_ENUM_MEMBERSHIP,sqlite,public_header:sqlite;sqlite_type:TEXT;generator:scripts/build_static_web_mvp.py;DOCS1R_reuse=bounded,"definition_evidence=high; column semantics are code/header confirmed when explicit, otherwise value-inferred and not authoritative"
direct_evidence,methanol_conc_percent,raw_measurement_or_source_reported_attribute,number,percent_source_basis_unknown,preserve_source_percent_and_unknown_basis;no_auto_v_v,,blank_only,VAL_SCHEMA_COMPLETE;VAL_MISSING_EXPLICIT;VAL_NUMERIC_OR_UNIT;VAL_NO_BASIS_CONVERSION,sqlite,public_header:sqlite;sqlite_type:REAL;generator:scripts/build_static_web_mvp.py;DOCS1R_reuse=bounded,"definition_evidence=high; column semantics are code/header confirmed when explicit, otherwise value-inferred and not authoritative"
direct_evidence,missingness_profile,descriptive_attribute,delimited_list_or_text,not_applicable_or_embedded_in_raw_value,preserve_verbatim_no_overwrite,,blank_or_explicit_sentinel,VAL_SCHEMA_COMPLETE;VAL_MISSING_EXPLICIT,sqlite,public_header:sqlite;sqlite_type:TEXT;generator:scripts/build_static_web_mvp.py;DOCS1R_reuse=bounded,"definition_evidence=high; column semantics are code/header confirmed when explicit, otherwise value-inferred and not authoritative"
direct_evidence,original_activity_unit,descriptive_attribute,delimited_list_or_text,not_applicable_or_embedded_in_raw_value,preserve_verbatim_no_overwrite,,blank_or_explicit_sentinel,VAL_SCHEMA_COMPLETE;VAL_MISSING_EXPLICIT,sqlite,public_header:sqlite;sqlite_type:TEXT;generator:scripts/build_static_web_mvp.py;DOCS1R_reuse=bounded,"definition_evidence=high; column semantics are code/header confirmed when explicit, otherwise value-inferred and not authoritative"
direct_evidence,page_or_figure_anchor,provenance,delimited_list_or_text,not_applicable_or_embedded_in_raw_value,preserve_verbatim_no_overwrite,,blank_or_explicit_sentinel,VAL_SCHEMA_COMPLETE;VAL_MISSING_EXPLICIT,sqlite,public_header:sqlite;sqlite_type:TEXT;generator:scripts/build_static_web_mvp.py;DOCS1R_reuse=bounded,"definition_evidence=high; column semantics are code/header confirmed when explicit, otherwise value-inferred and not authoritative"
direct_evidence,paper_level_batch_id,identifier_or_cross_reference,identifier_or_identifier_list,not_applicable_or_embedded_in_raw_value,preserve_verbatim_no_overwrite,,blank_only,VAL_SCHEMA_COMPLETE;VAL_MISSING_EXPLICIT;VAL_IDENTIFIER_FORMAT,sqlite,public_header:sqlite;sqlite_type:TEXT;generator:scripts/build_static_web_mvp.py;DOCS1R_reuse=bounded,"definition_evidence=high; column semantics are code/header confirmed when explicit, otherwise value-inferred and not authoritative"
direct_evidence,preincubation_condition,descriptive_attribute,delimited_list_or_text,not_applicable_or_embedded_in_raw_value,preserve_verbatim_no_overwrite,,blank_or_explicit_sentinel,VAL_SCHEMA_COMPLETE;VAL_MISSING_EXPLICIT,sqlite,public_header:sqlite;sqlite_type:TEXT;generator:scripts/build_static_web_mvp.py;DOCS1R_reuse=bounded,"definition_evidence=high; column semantics are code/header confirmed when explicit, otherwise value-inferred and not authoritative"
direct_evidence,publication_year,descriptive_attribute,date_or_year,not_applicable_or_embedded_in_raw_value,preserve_verbatim_no_overwrite,,blank_or_explicit_sentinel,VAL_SCHEMA_COMPLETE;VAL_MISSING_EXPLICIT,sqlite,public_header:sqlite;sqlite_type:INTEGER;generator:scripts/build_static_web_mvp.py;DOCS1R_reuse=bounded,"definition_evidence=high; column semantics are code/header confirmed when explicit, otherwise value-inferred and not authoritative"
direct_evidence,raw_assay_metadata,raw_measurement_or_source_reported_attribute,delimited_list_or_text,not_applicable_or_embedded_in_raw_value,preserve_verbatim_no_overwrite,,blank_or_explicit_sentinel,VAL_SCHEMA_COMPLETE;VAL_MISSING_EXPLICIT,sqlite,public_header:sqlite;sqlite_type:TEXT;generator:scripts/build_static_web_mvp.py;DOCS1R_reuse=bounded,"definition_evidence=high; column semantics are code/header confirmed when explicit, otherwise value-inferred and not authoritative"
direct_evidence,ref_id,identifier_or_cross_reference,identifier_or_identifier_list,not_applicable_or_embedded_in_raw_value,preserve_verbatim_no_overwrite,,blank_only,VAL_SCHEMA_COMPLETE;VAL_MISSING_EXPLICIT;VAL_IDENTIFIER_FORMAT,sqlite,public_header:sqlite;sqlite_type:TEXT;generator:scripts/build_static_web_mvp.py;DOCS1R_reuse=bounded,"definition_evidence=high; column semantics are code/header confirmed when explicit, otherwise value-inferred and not authoritative"
direct_evidence,residual_activity_percent,raw_measurement_or_source_reported_attribute,number,percent,preserve_verbatim_no_overwrite,,blank_only,VAL_SCHEMA_COMPLETE;VAL_MISSING_EXPLICIT;VAL_NUMERIC_OR_UNIT;VAL_ZERO_001;VAL_RANGE_RESIDUAL_ACTIVITY_PERCENT,sqlite,public_header:sqlite;sqlite_type:REAL;generator:scripts/build_static_web_mvp.py;DOCS1R_reuse=bounded,"definition_evidence=high; column semantics are code/header confirmed when explicit, otherwise value-inferred and not authoritative"
direct_evidence,shaking_rpm,descriptive_attribute,enum_candidate,not_applicable_or_embedded_in_raw_value,preserve_verbatim_no_overwrite,VOC_DIRECT_EVIDENCE_SHAKING_RPM,blank_or_explicit_sentinel,VAL_SCHEMA_COMPLETE;VAL_MISSING_EXPLICIT;VAL_ENUM_MEMBERSHIP,sqlite,public_header:sqlite;sqlite_type:TEXT;generator:scripts/build_static_web_mvp.py;DOCS1R_reuse=bounded,"definition_evidence=high; column semantics are code/header confirmed when explicit, otherwise value-inferred and not authoritative"
direct_evidence,source_figure_table_id,identifier_or_cross_reference,identifier_or_identifier_list,not_applicable_or_embedded_in_raw_value,preserve_verbatim_no_overwrite,,blank_only,VAL_SCHEMA_COMPLETE;VAL_MISSING_EXPLICIT;VAL_IDENTIFIER_FORMAT,sqlite,public_header:sqlite;sqlite_type:TEXT;generator:scripts/build_static_web_mvp.py;DOCS1R_reuse=bounded,"definition_evidence=high; column semantics are code/header confirmed when explicit, otherwise value-inferred and not authoritative"
direct_evidence,source_species,provenance,text,not_applicable_or_embedded_in_raw_value,preserve_verbatim_no_overwrite,,blank_or_explicit_sentinel,VAL_SCHEMA_COMPLETE;VAL_MISSING_EXPLICIT,sqlite,public_header:sqlite;sqlite_type:TEXT;generator:scripts/build_static_web_mvp.py;DOCS1R_reuse=bounded,"definition_evidence=high; column semantics are code/header confirmed when explicit, otherwise value-inferred and not authoritative"
direct_evidence,structure_modeling_readiness,descriptive_attribute,enum_candidate,not_applicable_or_embedded_in_raw_value,preserve_verbatim_no_overwrite,VOC_DIRECT_EVIDENCE_STRUCTURE_MODELING_READINESS,blank_or_explicit_sentinel,VAL_SCHEMA_COMPLETE;VAL_MISSING_EXPLICIT;VAL_ENUM_MEMBERSHIP,sqlite,public_header:sqlite;sqlite_type:TEXT;generator:scripts/build_static_web_mvp.py;DOCS1R_reuse=bounded,"definition_evidence=high; column semantics are code/header confirmed when explicit, otherwise value-inferred and not authoritative"
direct_evidence,substrate_conc_unit,descriptive_attribute,text,not_applicable_or_embedded_in_raw_value,preserve_verbatim_no_overwrite,,blank_or_explicit_sentinel,VAL_SCHEMA_COMPLETE;VAL_MISSING_EXPLICIT,sqlite,public_header:sqlite;sqlite_type:TEXT;generator:scripts/build_static_web_mvp.py;DOCS1R_reuse=bounded,"definition_evidence=high; column semantics are code/header confirmed when explicit, otherwise value-inferred and not authoritative"
direct_evidence,substrate_conc_value,descriptive_attribute,text,not_applicable_or_embedded_in_raw_value,preserve_verbatim_no_overwrite,,blank_or_explicit_sentinel,VAL_SCHEMA_COMPLETE;VAL_MISSING_EXPLICIT,sqlite,public_header:sqlite;sqlite_type:TEXT;generator:scripts/build_static_web_mvp.py;DOCS1R_reuse=bounded,"definition_evidence=high; column semantics are code/header confirmed when explicit, otherwise value-inferred and not authoritative"
direct_evidence,tier_2b,status_or_classification,enum_candidate,not_applicable_or_embedded_in_raw_value,preserve_verbatim_no_overwrite,VOC_DIRECT_EVIDENCE_TIER_2B,blank_or_explicit_sentinel,VAL_SCHEMA_COMPLETE;VAL_MISSING_EXPLICIT;VAL_ENUM_MEMBERSHIP,sqlite,public_header:sqlite;sqlite_type:TEXT;generator:scripts/build_static_web_mvp.py;DOCS1R_reuse=bounded,"definition_evidence=high; column semantics are code/header confirmed when explicit, otherwise value-inferred and not authoritative"
direct_evidence,time_series_available,descriptive_attribute,boolean_token,not_applicable_or_embedded_in_raw_value,preserve_verbatim_no_overwrite,VOC_DIRECT_EVIDENCE_TIME_SERIES_AVAILABLE,blank_only,VAL_SCHEMA_COMPLETE;VAL_MISSING_EXPLICIT;VAL_ENUM_MEMBERSHIP,sqlite,public_header:sqlite;sqlite_type:TEXT;generator:scripts/build_static_web_mvp.py;DOCS1R_reuse=bounded,"definition_evidence=high; column semantics are code/header confirmed when explicit, otherwise value-inferred and not authoritative"
direct_evidence,uncertainty_basis,descriptive_attribute,enum_candidate,not_applicable_or_embedded_in_raw_value,preserve_verbatim_no_overwrite,VOC_DIRECT_EVIDENCE_UNCERTAINTY_BASIS,blank_or_explicit_sentinel,VAL_SCHEMA_COMPLETE;VAL_MISSING_EXPLICIT;VAL_ENUM_MEMBERSHIP,sqlite,public_header:sqlite;sqlite_type:TEXT;generator:scripts/build_static_web_mvp.py;DOCS1R_reuse=bounded,"definition_evidence=high; column semantics are code/header confirmed when explicit, otherwise value-inferred and not authoritative"
direct_evidence,unit_conversion_factor,descriptive_attribute,enum_candidate,not_applicable_or_embedded_in_raw_value,preserve_verbatim_no_overwrite,VOC_DIRECT_EVIDENCE_UNIT_CONVERSION_FACTOR,blank_or_explicit_sentinel,VAL_SCHEMA_COMPLETE;VAL_MISSING_EXPLICIT;VAL_ENUM_MEMBERSHIP,sqlite,public_header:sqlite;sqlite_type:TEXT;generator:scripts/build_static_web_mvp.py;DOCS1R_reuse=bounded,"definition_evidence=high; column semantics are code/header confirmed when explicit, otherwise value-inferred and not authoritative"
direct_evidence,value_uncertainty_pp,descriptive_attribute,enum_candidate,not_applicable_or_embedded_in_raw_value,preserve_verbatim_no_overwrite,VOC_DIRECT_EVIDENCE_VALUE_UNCERTAINTY_PP,blank_or_explicit_sentinel,VAL_SCHEMA_COMPLETE;VAL_MISSING_EXPLICIT;VAL_ENUM_MEMBERSHIP,sqlite,public_header:sqlite;sqlite_type:TEXT;generator:scripts/build_static_web_mvp.py;DOCS1R_reuse=bounded,"definition_evidence=high; column semantics are code/header confirmed when explicit, otherwise value-inferred and not authoritative"
enzyme_summary,aliases,descriptive_attribute,delimited_list_or_text,not_applicable_or_embedded_in_raw_value,preserve_verbatim_no_overwrite,,blank_or_explicit_sentinel,VAL_SCHEMA_COMPLETE;VAL_MISSING_EXPLICIT,downloads_csv,public_header:downloads_csv;sqlite_type:not_declared;generator:scripts/build_static_web_mvp.py;DOCS1R_reuse=bounded,"definition_evidence=medium; column semantics are code/header confirmed when explicit, otherwise value-inferred and not authoritative"
enzyme_summary,audit_blocker_input,descriptive_attribute,delimited_list_or_text,not_applicable_or_embedded_in_raw_value,preserve_verbatim_no_overwrite,,blank_or_explicit_sentinel,VAL_SCHEMA_COMPLETE;VAL_MISSING_EXPLICIT,downloads_csv,public_header:downloads_csv;sqlite_type:not_declared;generator:scripts/build_static_web_mvp.py;DOCS1R_reuse=bounded,"definition_evidence=medium; column semantics are code/header confirmed when explicit, otherwise value-inferred and not authoritative"
enzyme_summary,best_engineered_variant,descriptive_attribute,enum_candidate,not_applicable_or_embedded_in_raw_value,preserve_verbatim_no_overwrite,VOC_ENZYME_SUMMARY_BEST_ENGINEERED_VARIANT,blank_or_explicit_sentinel,VAL_SCHEMA_COMPLETE;VAL_MISSING_EXPLICIT;VAL_ENUM_MEMBERSHIP,downloads_csv,public_header:downloads_csv;sqlite_type:not_declared;generator:scripts/build_static_web_mvp.py;DOCS1R_reuse=bounded,"definition_evidence=medium; column semantics are code/header confirmed when explicit, otherwise value-inferred and not authoritative"
enzyme_summary,best_engineered_variant_tolerance,descriptive_attribute,enum_candidate,not_applicable_or_embedded_in_raw_value,preserve_verbatim_no_overwrite,VOC_ENZYME_SUMMARY_BEST_ENGINEERED_VARIANT_TOLERANCE,blank_or_explicit_sentinel,VAL_SCHEMA_COMPLETE;VAL_MISSING_EXPLICIT;VAL_ENUM_MEMBERSHIP,downloads_csv,public_header:downloads_csv;sqlite_type:not_declared;generator:scripts/build_static_web_mvp.py;DOCS1R_reuse=bounded,"definition_evidence=medium; column semantics are code/header confirmed when explicit, otherwise value-inferred and not authoritative"
enzyme_summary,constructs_with_measurements,descriptive_attribute,enum_candidate,not_applicable_or_embedded_in_raw_value,preserve_verbatim_no_overwrite,VOC_ENZYME_SUMMARY_CONSTRUCTS_WITH_MEASUREMENTS,blank_or_explicit_sentinel,VAL_SCHEMA_COMPLETE;VAL_MISSING_EXPLICIT;VAL_ENUM_MEMBERSHIP,downloads_csv,public_header:downloads_csv;sqlite_type:not_declared;generator:scripts/build_static_web_mvp.py;DOCS1R_reuse=bounded,"definition_evidence=medium; column semantics are code/header confirmed when explicit, otherwise value-inferred and not authoritative"
enzyme_summary,engineered_variants_labelled,descriptive_attribute,enum_candidate,not_applicable_or_embedded_in_raw_value,preserve_verbatim_no_overwrite,VOC_ENZYME_SUMMARY_ENGINEERED_VARIANTS_LABELLED,blank_or_explicit_sentinel,VAL_SCHEMA_COMPLETE;VAL_MISSING_EXPLICIT;VAL_ENUM_MEMBERSHIP,downloads_csv,public_header:downloads_csv;sqlite_type:not_declared;generator:scripts/build_static_web_mvp.py;DOCS1R_reuse=bounded,"definition_evidence=medium; column semantics are code/header confirmed when explicit, otherwise value-inferred and not authoritative"
enzyme_summary,enzyme_ec_number,descriptive_attribute,enum_candidate,not_applicable_or_embedded_in_raw_value,preserve_verbatim_no_overwrite,VOC_ENZYME_SUMMARY_ENZYME_EC_NUMBER,blank_or_explicit_sentinel,VAL_SCHEMA_COMPLETE;VAL_MISSING_EXPLICIT;VAL_ENUM_MEMBERSHIP,downloads_csv,public_header:downloads_csv;sqlite_type:not_declared;generator:scripts/build_static_web_mvp.py;DOCS1R_reuse=bounded,"definition_evidence=medium; column semantics are code/header confirmed when explicit, otherwise value-inferred and not authoritative"
enzyme_summary,independent_patent_direct_rows,descriptive_attribute,enum_candidate,not_applicable_or_embedded_in_raw_value,preserve_verbatim_no_overwrite,VOC_ENZYME_SUMMARY_INDEPENDENT_PATENT_DIRECT_ROWS,blank_or_explicit_sentinel,VAL_SCHEMA_COMPLETE;VAL_MISSING_EXPLICIT;VAL_ENUM_MEMBERSHIP,downloads_csv,public_header:downloads_csv;sqlite_type:not_declared;generator:scripts/build_static_web_mvp.py;DOCS1R_reuse=bounded,"definition_evidence=medium; column semantics are code/header confirmed when explicit, otherwise value-inferred and not authoritative"
enzyme_summary,literature_direct_rows,descriptive_attribute,enum_candidate,not_applicable_or_embedded_in_raw_value,preserve_verbatim_no_overwrite,VOC_ENZYME_SUMMARY_LITERATURE_DIRECT_ROWS,blank_or_explicit_sentinel,VAL_SCHEMA_COMPLETE;VAL_MISSING_EXPLICIT;VAL_ENUM_MEMBERSHIP,downloads_csv,public_header:downloads_csv;sqlite_type:not_declared;generator:scripts/build_static_web_mvp.py;DOCS1R_reuse=bounded,"definition_evidence=medium; column semantics are code/header confirmed when explicit, otherwise value-inferred and not authoritative"
enzyme_summary,measurement_rule_rows,descriptive_attribute,enum_candidate,not_applicable_or_embedded_in_raw_value,preserve_verbatim_no_overwrite,VOC_ENZYME_SUMMARY_MEASUREMENT_RULE_ROWS,blank_or_explicit_sentinel,VAL_SCHEMA_COMPLETE;VAL_MISSING_EXPLICIT;VAL_ENUM_MEMBERSHIP,downloads_csv,public_header:downloads_csv;sqlite_type:not_declared;generator:scripts/build_static_web_mvp.py;DOCS1R_reuse=bounded,"definition_evidence=medium; column semantics are code/header confirmed when explicit, otherwise value-inferred and not authoritative"
enzyme_summary,median_variant_tolerance,normalized_or_derived,enum_candidate,not_applicable_or_embedded_in_raw_value,derived_value_must_retain_source_field_rule_version_and_provenance,VOC_ENZYME_SUMMARY_MEDIAN_VARIANT_TOLERANCE,blank_or_explicit_sentinel,VAL_SCHEMA_COMPLETE;VAL_MISSING_EXPLICIT;VAL_ENUM_MEMBERSHIP,downloads_csv,public_header:downloads_csv;sqlite_type:not_declared;generator:scripts/build_static_web_mvp.py;DOCS1R_reuse=bounded,"definition_evidence=medium; column semantics are code/header confirmed when explicit, otherwise value-inferred and not authoritative"
enzyme_summary,page_closure_status,status_or_classification,enum_candidate,not_applicable_or_embedded_in_raw_value,preserve_verbatim_no_overwrite,VOC_ENZYME_SUMMARY_PAGE_CLOSURE_STATUS,blank_or_explicit_sentinel,VAL_SCHEMA_COMPLETE;VAL_MISSING_EXPLICIT;VAL_ENUM_MEMBERSHIP,downloads_csv,public_header:downloads_csv;sqlite_type:not_declared;generator:scripts/build_static_web_mvp.py;DOCS1R_reuse=bounded,"definition_evidence=medium; column semantics are code/header confirmed when explicit, otherwise value-inferred and not authoritative"
enzyme_summary,page_evidence_caveat,free_text_note,delimited_list_or_text,not_applicable_or_embedded_in_raw_value,preserve_verbatim_no_overwrite,,blank_or_explicit_sentinel,VAL_SCHEMA_COMPLETE;VAL_MISSING_EXPLICIT,downloads_csv,public_header:downloads_csv;sqlite_type:not_declared;generator:scripts/build_static_web_mvp.py;DOCS1R_reuse=bounded,"definition_evidence=medium; column semantics are code/header confirmed when explicit, otherwise value-inferred and not authoritative"
enzyme_summary,page_id,identifier_or_cross_reference,identifier_or_identifier_list,not_applicable_or_embedded_in_raw_value,preserve_verbatim_no_overwrite,,blank_only,VAL_SCHEMA_COMPLETE;VAL_MISSING_EXPLICIT;VAL_IDENTIFIER_FORMAT,downloads_csv,public_header:downloads_csv;sqlite_type:not_declared;generator:scripts/build_static_web_mvp.py;DOCS1R_reuse=bounded,"definition_evidence=medium; column semantics are code/header confirmed when explicit, otherwise value-inferred and not authoritative"
enzyme_summary,patent_direct_rows,descriptive_attribute,enum_candidate,not_applicable_or_embedded_in_raw_value,preserve_verbatim_no_overwrite,VOC_ENZYME_SUMMARY_PATENT_DIRECT_ROWS,blank_or_explicit_sentinel,VAL_SCHEMA_COMPLETE;VAL_MISSING_EXPLICIT;VAL_ENUM_MEMBERSHIP,downloads_csv,public_header:downloads_csv;sqlite_type:not_declared;generator:scripts/build_static_web_mvp.py;DOCS1R_reuse=bounded,"definition_evidence=medium; column semantics are code/header confirmed when explicit, otherwise value-inferred and not authoritative"
enzyme_summary,pdb_display_caveat,free_text_note,delimited_list_or_text,not_applicable_or_embedded_in_raw_value,preserve_verbatim_no_overwrite,,blank_or_explicit_sentinel,VAL_SCHEMA_COMPLETE;VAL_MISSING_EXPLICIT,downloads_csv,public_header:downloads_csv;sqlite_type:not_declared;generator:scripts/build_static_web_mvp.py;DOCS1R_reuse=bounded,"definition_evidence=medium; column semantics are code/header confirmed when explicit, otherwise value-inferred and not authoritative"
enzyme_summary,protocol_matrix_count,normalized_or_derived,enum_candidate,count,derived_value_must_retain_source_field_rule_version_and_provenance,VOC_ENZYME_SUMMARY_PROTOCOL_MATRIX_COUNT,blank_or_explicit_sentinel,VAL_SCHEMA_COMPLETE;VAL_MISSING_EXPLICIT;VAL_NUMERIC_OR_UNIT;VAL_ENUM_MEMBERSHIP,downloads_csv,public_header:downloads_csv;sqlite_type:not_declared;generator:scripts/build_static_web_mvp.py;DOCS1R_reuse=bounded,"definition_evidence=medium; column semantics are code/header confirmed when explicit, otherwise value-inferred and not authoritative"
enzyme_summary,root_canonical_id,identifier_or_cross_reference,identifier_or_identifier_list,not_applicable_or_embedded_in_raw_value,preserve_verbatim_no_overwrite,,blank_only,VAL_SCHEMA_COMPLETE;VAL_MISSING_EXPLICIT;VAL_IDENTIFIER_FORMAT,downloads_csv,public_header:downloads_csv;sqlite_type:not_declared;generator:scripts/build_static_web_mvp.py;DOCS1R_reuse=bounded,"definition_evidence=medium; column semantics are code/header confirmed when explicit, otherwise value-inferred and not authoritative"
enzyme_summary,short_name,descriptive_attribute,enum_candidate,not_applicable_or_embedded_in_raw_value,preserve_verbatim_no_overwrite,VOC_ENZYME_SUMMARY_SHORT_NAME,blank_or_explicit_sentinel,VAL_SCHEMA_COMPLETE;VAL_MISSING_EXPLICIT;VAL_ENUM_MEMBERSHIP,downloads_csv,public_header:downloads_csv;sqlite_type:not_declared;generator:scripts/build_static_web_mvp.py;DOCS1R_reuse=bounded,"definition_evidence=medium; column semantics are code/header confirmed when explicit, otherwise value-inferred and not authoritative"
enzyme_summary,source_species_normalized,provenance,enum_candidate,not_applicable_or_embedded_in_raw_value,preserve_verbatim_no_overwrite,VOC_ENZYME_SUMMARY_SOURCE_SPECIES_NORMALIZED,blank_or_explicit_sentinel,VAL_SCHEMA_COMPLETE;VAL_MISSING_EXPLICIT;VAL_ENUM_MEMBERSHIP,downloads_csv,public_header:downloads_csv;sqlite_type:not_declared;generator:scripts/build_static_web_mvp.py;DOCS1R_reuse=bounded,"definition_evidence=medium; column semantics are code/header confirmed when explicit, otherwise value-inferred and not authoritative"
enzyme_summary,source_tables_modified,provenance,boolean_token,not_applicable_or_embedded_in_raw_value,preserve_verbatim_no_overwrite,VOC_ENZYME_SUMMARY_SOURCE_TABLES_MODIFIED,blank_only,VAL_SCHEMA_COMPLETE;VAL_MISSING_EXPLICIT;VAL_ENUM_MEMBERSHIP,downloads_csv,public_header:downloads_csv;sqlite_type:not_declared;generator:scripts/build_static_web_mvp.py;DOCS1R_reuse=bounded,"definition_evidence=medium; column semantics are code/header confirmed when explicit, otherwise value-inferred and not authoritative"
enzyme_summary,standard_name,descriptive_attribute,enum_candidate,not_applicable_or_embedded_in_raw_value,preserve_verbatim_no_overwrite,VOC_ENZYME_SUMMARY_STANDARD_NAME,blank_or_explicit_sentinel,VAL_SCHEMA_COMPLETE;VAL_MISSING_EXPLICIT;VAL_ENUM_MEMBERSHIP,downloads_csv,public_header:downloads_csv;sqlite_type:not_declared;generator:scripts/build_static_web_mvp.py;DOCS1R_reuse=bounded,"definition_evidence=medium; column semantics are code/header confirmed when explicit, otherwise value-inferred and not authoritative"
enzyme_summary,static_page_path,descriptive_attribute,path,not_applicable_or_embedded_in_raw_value,preserve_verbatim_no_overwrite,,blank_or_explicit_sentinel,VAL_SCHEMA_COMPLETE;VAL_MISSING_EXPLICIT,downloads_csv,public_header:downloads_csv;sqlite_type:not_declared;generator:scripts/build_static_web_mvp.py;DOCS1R_reuse=bounded,"definition_evidence=medium; column semantics are code/header confirmed when explicit, otherwise value-inferred and not authoritative"
enzyme_summary,tolerance_label_constructs,descriptive_attribute,enum_candidate,not_applicable_or_embedded_in_raw_value,preserve_verbatim_no_overwrite,VOC_ENZYME_SUMMARY_TOLERANCE_LABEL_CONSTRUCTS,blank_or_explicit_sentinel,VAL_SCHEMA_COMPLETE;VAL_MISSING_EXPLICIT;VAL_ENUM_MEMBERSHIP,downloads_csv,public_header:downloads_csv;sqlite_type:not_declared;generator:scripts/build_static_web_mvp.py;DOCS1R_reuse=bounded,"definition_evidence=medium; column semantics are code/header confirmed when explicit, otherwise value-inferred and not authoritative"
enzyme_summary,uniprot_id,identifier_or_cross_reference,identifier_or_identifier_list,not_applicable_or_embedded_in_raw_value,preserve_verbatim_no_overwrite,,blank_only,VAL_SCHEMA_COMPLETE;VAL_MISSING_EXPLICIT;VAL_IDENTIFIER_FORMAT,downloads_csv,public_header:downloads_csv;sqlite_type:not_declared;generator:scripts/build_static_web_mvp.py;DOCS1R_reuse=bounded,"definition_evidence=medium; column semantics are code/header confirmed when explicit, otherwise value-inferred and not authoritative"
enzyme_summary,variant_class_counts,normalized_or_derived,delimited_list_or_text,count,derived_value_must_retain_source_field_rule_version_and_provenance,,blank_or_explicit_sentinel,VAL_SCHEMA_COMPLETE;VAL_MISSING_EXPLICIT;VAL_NUMERIC_OR_UNIT,downloads_csv,public_header:downloads_csv;sqlite_type:not_declared;generator:scripts/build_static_web_mvp.py;DOCS1R_reuse=bounded,"definition_evidence=medium; column semantics are code/header confirmed when explicit, otherwise value-inferred and not authoritative"
enzyme_summary,wt_tolerance,descriptive_attribute,enum_candidate,not_applicable_or_embedded_in_raw_value,preserve_verbatim_no_overwrite,VOC_ENZYME_SUMMARY_WT_TOLERANCE,blank_or_explicit_sentinel,VAL_SCHEMA_COMPLETE;VAL_MISSING_EXPLICIT;VAL_ENUM_MEMBERSHIP,downloads_csv,public_header:downloads_csv;sqlite_type:not_declared;generator:scripts/build_static_web_mvp.py;DOCS1R_reuse=bounded,"definition_evidence=medium; column semantics are code/header confirmed when explicit, otherwise value-inferred and not authoritative"
evidence_measurement,A0_condition_matched_to_readout,descriptive_attribute,enum_candidate,not_applicable_or_embedded_in_raw_value,preserve_verbatim_no_overwrite,VOC_EVIDENCE_MEASUREMENT_A0_CONDITION_MATCHED_TO_READOUT,blank_or_explicit_sentinel,VAL_SCHEMA_COMPLETE;VAL_MISSING_EXPLICIT;VAL_ENUM_MEMBERSHIP,downloads_csv+release_zip_csv+sqlite,public_header:downloads_csv+release_zip_csv+sqlite;sqlite_type:TEXT;generator:scripts/build_static_web_mvp.py;DOCS1R_reuse=bounded,"definition_evidence=high; column semantics are code/header confirmed when explicit, otherwise value-inferred and not authoritative"
evidence_measurement,A0_cv_percent,descriptive_attribute,enum_candidate,percent,preserve_verbatim_no_overwrite,VOC_EVIDENCE_MEASUREMENT_A0_CV_PERCENT,blank_or_explicit_sentinel,VAL_SCHEMA_COMPLETE;VAL_MISSING_EXPLICIT;VAL_NUMERIC_OR_UNIT;VAL_ENUM_MEMBERSHIP,downloads_csv+release_zip_csv+sqlite,public_header:downloads_csv+release_zip_csv+sqlite;sqlite_type:TEXT;generator:scripts/build_static_web_mvp.py;DOCS1R_reuse=bounded,"definition_evidence=high; column semantics are code/header confirmed when explicit, otherwise value-inferred and not authoritative"
evidence_measurement,A0_replicate_n,descriptive_attribute,integer,not_applicable_or_embedded_in_raw_value,preserve_verbatim_no_overwrite,,blank_only,VAL_SCHEMA_COMPLETE;VAL_MISSING_EXPLICIT;VAL_NUMERIC_OR_UNIT,downloads_csv+release_zip_csv+sqlite,public_header:downloads_csv+release_zip_csv+sqlite;sqlite_type:INTEGER;generator:scripts/build_static_web_mvp.py;DOCS1R_reuse=bounded,"definition_evidence=high; column semantics are code/header confirmed when explicit, otherwise value-inferred and not authoritative"
evidence_measurement,A0_same_batch_as_challenge,descriptive_attribute,boolean_token,not_applicable_or_embedded_in_raw_value,preserve_verbatim_no_overwrite,VOC_EVIDENCE_MEASUREMENT_A0_SAME_BATCH_AS_CHALLENGE,blank_only,VAL_SCHEMA_COMPLETE;VAL_MISSING_EXPLICIT;VAL_ENUM_MEMBERSHIP,downloads_csv+release_zip_csv+sqlite,public_header:downloads_csv+release_zip_csv+sqlite;sqlite_type:TEXT;generator:scripts/build_static_web_mvp.py;DOCS1R_reuse=bounded,"definition_evidence=high; column semantics are code/header confirmed when explicit, otherwise value-inferred and not authoritative"
evidence_measurement,A0_source,descriptive_attribute,text,not_applicable_or_embedded_in_raw_value,preserve_verbatim_no_overwrite,,blank_or_explicit_sentinel,VAL_SCHEMA_COMPLETE;VAL_MISSING_EXPLICIT,downloads_csv+release_zip_csv+sqlite,public_header:downloads_csv+release_zip_csv+sqlite;sqlite_type:TEXT;generator:scripts/build_static_web_mvp.py;DOCS1R_reuse=bounded,"definition_evidence=high; column semantics are code/header confirmed when explicit, otherwise value-inferred and not authoritative"
evidence_measurement,D_obs_unreliable,descriptive_attribute,boolean_token,not_applicable_or_embedded_in_raw_value,preserve_verbatim_no_overwrite,VOC_EVIDENCE_MEASUREMENT_D_OBS_UNRELIABLE,blank_only,VAL_SCHEMA_COMPLETE;VAL_MISSING_EXPLICIT;VAL_ENUM_MEMBERSHIP,downloads_csv+release_zip_csv+sqlite,public_header:downloads_csv+release_zip_csv+sqlite;sqlite_type:TEXT;generator:scripts/build_static_web_mvp.py;DOCS1R_reuse=bounded,"definition_evidence=high; column semantics are code/header confirmed when explicit, otherwise value-inferred and not authoritative"
evidence_measurement,activity_assay_method,descriptive_attribute,text,not_applicable_or_embedded_in_raw_value,preserve_verbatim_no_overwrite,,blank_or_explicit_sentinel,VAL_SCHEMA_COMPLETE;VAL_MISSING_EXPLICIT,downloads_csv+release_zip_csv+sqlite,public_header:downloads_csv+release_zip_csv+sqlite;sqlite_type:TEXT;generator:scripts/build_static_web_mvp.py;DOCS1R_reuse=bounded,"definition_evidence=high; column semantics are code/header confirmed when explicit, otherwise value-inferred and not authoritative"
evidence_measurement,assay_buffer_system,descriptive_attribute,text,not_applicable_or_embedded_in_raw_value,preserve_verbatim_no_overwrite,,blank_or_explicit_sentinel,VAL_SCHEMA_COMPLETE;VAL_MISSING_EXPLICIT,downloads_csv+release_zip_csv+sqlite,public_header:downloads_csv+release_zip_csv+sqlite;sqlite_type:TEXT;generator:scripts/build_static_web_mvp.py;DOCS1R_reuse=bounded,"definition_evidence=high; column semantics are code/header confirmed when explicit, otherwise value-inferred and not authoritative"
evidence_measurement,assay_comparability_flag,status_or_classification,enum_candidate,not_applicable_or_embedded_in_raw_value,preserve_verbatim_no_overwrite,VOC_EVIDENCE_MEASUREMENT_ASSAY_COMPARABILITY_FLAG,blank_or_explicit_sentinel,VAL_SCHEMA_COMPLETE;VAL_MISSING_EXPLICIT;VAL_ENUM_MEMBERSHIP,downloads_csv+release_zip_csv+sqlite,public_header:downloads_csv+release_zip_csv+sqlite;sqlite_type:TEXT;generator:scripts/build_static_web_mvp.py;DOCS1R_reuse=bounded,"definition_evidence=high; column semantics are code/header confirmed when explicit, otherwise value-inferred and not authoritative"
evidence_measurement,assay_contains_challenge_solvent,descriptive_attribute,enum_candidate,not_applicable_or_embedded_in_raw_value,preserve_verbatim_no_overwrite,VOC_EVIDENCE_MEASUREMENT_ASSAY_CONTAINS_CHALLENGE_SOLVENT,blank_or_explicit_sentinel,VAL_SCHEMA_COMPLETE;VAL_MISSING_EXPLICIT;VAL_ENUM_MEMBERSHIP,downloads_csv+release_zip_csv+sqlite,public_header:downloads_csv+release_zip_csv+sqlite;sqlite_type:TEXT;generator:scripts/build_static_web_mvp.py;DOCS1R_reuse=bounded,"definition_evidence=high; column semantics are code/header confirmed when explicit, otherwise value-inferred and not authoritative"
evidence_measurement,assay_id,identifier_or_cross_reference,identifier_or_identifier_list,not_applicable_or_embedded_in_raw_value,preserve_verbatim_no_overwrite,,blank_only,VAL_SCHEMA_COMPLETE;VAL_MISSING_EXPLICIT;VAL_IDENTIFIER_FORMAT,downloads_csv+release_zip_csv+sqlite,public_header:downloads_csv+release_zip_csv+sqlite;sqlite_type:TEXT;generator:scripts/build_static_web_mvp.py;DOCS1R_reuse=bounded,"definition_evidence=high; column semantics are code/header confirmed when explicit, otherwise value-inferred and not authoritative"
evidence_measurement,assay_offset_term,descriptive_attribute,enum_candidate,not_applicable_or_embedded_in_raw_value,preserve_verbatim_no_overwrite,VOC_EVIDENCE_MEASUREMENT_ASSAY_OFFSET_TERM,blank_or_explicit_sentinel,VAL_SCHEMA_COMPLETE;VAL_MISSING_EXPLICIT;VAL_ENUM_MEMBERSHIP,downloads_csv+release_zip_csv+sqlite,public_header:downloads_csv+release_zip_csv+sqlite;sqlite_type:TEXT;generator:scripts/build_static_web_mvp.py;DOCS1R_reuse=bounded,"definition_evidence=high; column semantics are code/header confirmed when explicit, otherwise value-inferred and not authoritative"
evidence_measurement,assay_pH,descriptive_attribute,enum_candidate,not_applicable_or_embedded_in_raw_value,preserve_verbatim_no_overwrite,VOC_EVIDENCE_MEASUREMENT_ASSAY_PH,blank_or_explicit_sentinel,VAL_SCHEMA_COMPLETE;VAL_MISSING_EXPLICIT;VAL_ENUM_MEMBERSHIP,downloads_csv+release_zip_csv+sqlite,public_header:downloads_csv+release_zip_csv+sqlite;sqlite_type:TEXT;generator:scripts/build_static_web_mvp.py;DOCS1R_reuse=bounded,"definition_evidence=high; column semantics are code/header confirmed when explicit, otherwise value-inferred and not authoritative"
evidence_measurement,assay_reaction_time_min,descriptive_attribute,enum_candidate,minute,preserve_verbatim_no_overwrite,VOC_EVIDENCE_MEASUREMENT_ASSAY_REACTION_TIME_MIN,blank_or_explicit_sentinel,VAL_SCHEMA_COMPLETE;VAL_MISSING_EXPLICIT;VAL_NUMERIC_OR_UNIT;VAL_ENUM_MEMBERSHIP,downloads_csv+release_zip_csv+sqlite,public_header:downloads_csv+release_zip_csv+sqlite;sqlite_type:TEXT;generator:scripts/build_static_web_mvp.py;DOCS1R_reuse=bounded,"definition_evidence=high; column semantics are code/header confirmed when explicit, otherwise value-inferred and not authoritative"
evidence_measurement,assay_substrate,descriptive_attribute,text,not_applicable_or_embedded_in_raw_value,preserve_verbatim_no_overwrite,,blank_or_explicit_sentinel,VAL_SCHEMA_COMPLETE;VAL_MISSING_EXPLICIT,downloads_csv+release_zip_csv+sqlite,public_header:downloads_csv+release_zip_csv+sqlite;sqlite_type:TEXT;generator:scripts/build_static_web_mvp.py;DOCS1R_reuse=bounded,"definition_evidence=high; column semantics are code/header confirmed when explicit, otherwise value-inferred and not authoritative"
evidence_measurement,assay_total_volume_mL,descriptive_attribute,number,millilitre,preserve_verbatim_no_overwrite,,blank_only,VAL_SCHEMA_COMPLETE;VAL_MISSING_EXPLICIT;VAL_NUMERIC_OR_UNIT,downloads_csv+release_zip_csv+sqlite,public_header:downloads_csv+release_zip_csv+sqlite;sqlite_type:REAL;generator:scripts/build_static_web_mvp.py;DOCS1R_reuse=bounded,"definition_evidence=high; column semantics are code/header confirmed when explicit, otherwise value-inferred and not authoritative"
evidence_measurement,assignee,provenance,delimited_list_or_text,not_applicable_or_embedded_in_raw_value,preserve_verbatim_no_overwrite,,blank_or_explicit_sentinel,VAL_SCHEMA_COMPLETE;VAL_MISSING_EXPLICIT,downloads_csv+release_zip_csv+sqlite,public_header:downloads_csv+release_zip_csv+sqlite;sqlite_type:TEXT;generator:scripts/build_static_web_mvp.py;DOCS1R_reuse=bounded,"definition_evidence=high; column semantics are code/header confirmed when explicit, otherwise value-inferred and not authoritative"
evidence_measurement,baseline_activity_A0,descriptive_attribute,enum_candidate,not_applicable_or_embedded_in_raw_value,preserve_verbatim_no_overwrite,VOC_EVIDENCE_MEASUREMENT_BASELINE_ACTIVITY_A0,blank_or_explicit_sentinel,VAL_SCHEMA_COMPLETE;VAL_MISSING_EXPLICIT;VAL_ENUM_MEMBERSHIP,downloads_csv+release_zip_csv+sqlite,public_header:downloads_csv+release_zip_csv+sqlite;sqlite_type:TEXT;generator:scripts/build_static_web_mvp.py;DOCS1R_reuse=bounded,"definition_evidence=high; column semantics are code/header confirmed when explicit, otherwise value-inferred and not authoritative"
evidence_measurement,biphasic_deactivation_observed,descriptive_attribute,enum_candidate,not_applicable_or_embedded_in_raw_value,preserve_verbatim_no_overwrite,VOC_EVIDENCE_MEASUREMENT_BIPHASIC_DEACTIVATION_OBSERVED,blank_or_explicit_sentinel,VAL_SCHEMA_COMPLETE;VAL_MISSING_EXPLICIT;VAL_ENUM_MEMBERSHIP,downloads_csv+release_zip_csv+sqlite,public_header:downloads_csv+release_zip_csv+sqlite;sqlite_type:TEXT;generator:scripts/build_static_web_mvp.py;DOCS1R_reuse=bounded,"definition_evidence=high; column semantics are code/header confirmed when explicit, otherwise value-inferred and not authoritative"
evidence_measurement,canonical_enzyme_id,identifier_foreign_key,identifier_or_identifier_list,not_applicable_or_embedded_in_raw_value,preserve_verbatim_no_overwrite,,blank_only,VAL_SCHEMA_COMPLETE;VAL_MISSING_EXPLICIT;VAL_IDENTIFIER_FORMAT;VAL_CANONICAL_FK,downloads_csv+release_zip_csv+sqlite,public_header:downloads_csv+release_zip_csv+sqlite;sqlite_type:TEXT;generator:scripts/build_static_web_mvp.py;DOCS1R_reuse=bounded,"definition_evidence=high; column semantics are code/header confirmed when explicit, otherwise value-inferred and not authoritative"
evidence_measurement,canonical_species,descriptive_attribute,text,not_applicable_or_embedded_in_raw_value,preserve_verbatim_no_overwrite,,blank_or_explicit_sentinel,VAL_SCHEMA_COMPLETE;VAL_MISSING_EXPLICIT,downloads_csv+release_zip_csv+sqlite,public_header:downloads_csv+release_zip_csv+sqlite;sqlite_type:TEXT;generator:scripts/build_static_web_mvp.py;DOCS1R_reuse=bounded,"definition_evidence=high; column semantics are code/header confirmed when explicit, otherwise value-inferred and not authoritative"
evidence_measurement,cluster_basis,descriptive_attribute,enum_candidate,not_applicable_or_embedded_in_raw_value,preserve_verbatim_no_overwrite,VOC_EVIDENCE_MEASUREMENT_CLUSTER_BASIS,blank_or_explicit_sentinel,VAL_SCHEMA_COMPLETE;VAL_MISSING_EXPLICIT;VAL_ENUM_MEMBERSHIP,downloads_csv+release_zip_csv+sqlite,public_header:downloads_csv+release_zip_csv+sqlite;sqlite_type:TEXT;generator:scripts/build_static_web_mvp.py;DOCS1R_reuse=bounded,"definition_evidence=high; column semantics are code/header confirmed when explicit, otherwise value-inferred and not authoritative"
evidence_measurement,cluster_id,identifier_or_cross_reference,identifier_or_identifier_list,not_applicable_or_embedded_in_raw_value,preserve_verbatim_no_overwrite,,blank_only,VAL_SCHEMA_COMPLETE;VAL_MISSING_EXPLICIT;VAL_IDENTIFIER_FORMAT,downloads_csv+release_zip_csv+sqlite,public_header:downloads_csv+release_zip_csv+sqlite;sqlite_type:TEXT;generator:scripts/build_static_web_mvp.py;DOCS1R_reuse=bounded,"definition_evidence=high; column semantics are code/header confirmed when explicit, otherwise value-inferred and not authoritative"
evidence_measurement,completeness_fraction,normalized_or_derived,number,fraction_0_to_1,derived_value_must_retain_source_field_rule_version_and_provenance,,blank_only,VAL_SCHEMA_COMPLETE;VAL_MISSING_EXPLICIT;VAL_NUMERIC_OR_UNIT,downloads_csv+release_zip_csv+sqlite,public_header:downloads_csv+release_zip_csv+sqlite;sqlite_type:REAL;generator:scripts/build_static_web_mvp.py;DOCS1R_reuse=bounded,"definition_evidence=high; column semantics are code/header confirmed when explicit, otherwise value-inferred and not authoritative"
evidence_measurement,construct_display_name,descriptive_attribute,text,not_applicable_or_embedded_in_raw_value,preserve_verbatim_no_overwrite,,blank_or_explicit_sentinel,VAL_SCHEMA_COMPLETE;VAL_MISSING_EXPLICIT,downloads_csv+release_zip_csv+sqlite,public_header:downloads_csv+release_zip_csv+sqlite;sqlite_type:TEXT;generator:scripts/build_static_web_mvp.py;DOCS1R_reuse=bounded,"definition_evidence=high; column semantics are code/header confirmed when explicit, otherwise value-inferred and not authoritative"
evidence_measurement,construct_match_status,status_or_classification,enum_candidate,not_applicable_or_embedded_in_raw_value,preserve_verbatim_no_overwrite,VOC_EVIDENCE_MEASUREMENT_CONSTRUCT_MATCH_STATUS,blank_or_explicit_sentinel,VAL_SCHEMA_COMPLETE;VAL_MISSING_EXPLICIT;VAL_ENUM_MEMBERSHIP,downloads_csv+release_zip_csv+sqlite,public_header:downloads_csv+release_zip_csv+sqlite;sqlite_type:TEXT;generator:scripts/build_static_web_mvp.py;DOCS1R_reuse=bounded,"definition_evidence=high; column semantics are code/header confirmed when explicit, otherwise value-inferred and not authoritative"
evidence_measurement,data_extraction_method,descriptive_attribute,enum_candidate,not_applicable_or_embedded_in_raw_value,preserve_verbatim_no_overwrite,VOC_EVIDENCE_MEASUREMENT_DATA_EXTRACTION_METHOD,blank_or_explicit_sentinel,VAL_SCHEMA_COMPLETE;VAL_MISSING_EXPLICIT;VAL_ENUM_MEMBERSHIP,downloads_csv+release_zip_csv+sqlite,public_header:downloads_csv+release_zip_csv+sqlite;sqlite_type:TEXT;generator:scripts/build_static_web_mvp.py;DOCS1R_reuse=bounded,"definition_evidence=high; column semantics are code/header confirmed when explicit, otherwise value-inferred and not authoritative"
evidence_measurement,display_canonical_id,identifier_foreign_key,identifier_or_identifier_list,not_applicable_or_embedded_in_raw_value,preserve_verbatim_no_overwrite,,blank_only,VAL_SCHEMA_COMPLETE;VAL_MISSING_EXPLICIT;VAL_IDENTIFIER_FORMAT,downloads_csv+release_zip_csv+sqlite,public_header:downloads_csv+release_zip_csv+sqlite;sqlite_type:TEXT;generator:scripts/build_static_web_mvp.py;DOCS1R_reuse=bounded,"definition_evidence=high; column semantics are code/header confirmed when explicit, otherwise value-inferred and not authoritative"
evidence_measurement,doi,identifier_or_cross_reference,identifier_or_identifier_list,not_applicable_or_embedded_in_raw_value,preserve_verbatim_no_overwrite,,blank_only,VAL_SCHEMA_COMPLETE;VAL_MISSING_EXPLICIT;VAL_IDENTIFIER_FORMAT,downloads_csv+release_zip_csv+sqlite,public_header:downloads_csv+release_zip_csv+sqlite;sqlite_type:TEXT;generator:scripts/build_static_web_mvp.py;DOCS1R_reuse=bounded,"definition_evidence=high; column semantics are code/header confirmed when explicit, otherwise value-inferred and not authoritative"
evidence_measurement,doi_or_patent_number,provenance,text,not_applicable_or_embedded_in_raw_value,preserve_verbatim_no_overwrite,,blank_or_explicit_sentinel,VAL_SCHEMA_COMPLETE;VAL_MISSING_EXPLICIT,downloads_csv+release_zip_csv+sqlite,public_header:downloads_csv+release_zip_csv+sqlite;sqlite_type:TEXT;generator:scripts/build_static_web_mvp.py;DOCS1R_reuse=bounded,"definition_evidence=high; column semantics are code/header confirmed when explicit, otherwise value-inferred and not authoritative"
evidence_measurement,duplicate_group_id,identifier_or_cross_reference,identifier_or_identifier_list,not_applicable_or_embedded_in_raw_value,preserve_verbatim_no_overwrite,,blank_only,VAL_SCHEMA_COMPLETE;VAL_MISSING_EXPLICIT;VAL_IDENTIFIER_FORMAT,downloads_csv+release_zip_csv+sqlite,public_header:downloads_csv+release_zip_csv+sqlite;sqlite_type:TEXT;generator:scripts/build_static_web_mvp.py;DOCS1R_reuse=bounded,"definition_evidence=high; column semantics are code/header confirmed when explicit, otherwise value-inferred and not authoritative"
evidence_measurement,enzyme_conc,raw_measurement_or_source_reported_attribute,enum_candidate,source_reported_unit_string,preserve_numeric_plus_unit_string;no_forced_mg_ml,VOC_EVIDENCE_MEASUREMENT_ENZYME_CONC,blank_or_explicit_sentinel,VAL_SCHEMA_COMPLETE;VAL_MISSING_EXPLICIT;VAL_ENUM_MEMBERSHIP;VAL_PRESERVE_ENZYME_CONC,downloads_csv+release_zip_csv+sqlite,public_header:downloads_csv+release_zip_csv+sqlite;sqlite_type:TEXT;generator:scripts/build_static_web_mvp.py;DOCS1R_reuse=bounded,"definition_evidence=high; column semantics are code/header confirmed when explicit, otherwise value-inferred and not authoritative"
evidence_measurement,enzyme_ec_number,descriptive_attribute,enum_candidate,not_applicable_or_embedded_in_raw_value,preserve_verbatim_no_overwrite,VOC_EVIDENCE_MEASUREMENT_ENZYME_EC_NUMBER,blank_or_explicit_sentinel,VAL_SCHEMA_COMPLETE;VAL_MISSING_EXPLICIT;VAL_ENUM_MEMBERSHIP,downloads_csv+release_zip_csv+sqlite,public_header:downloads_csv+release_zip_csv+sqlite;sqlite_type:TEXT;generator:scripts/build_static_web_mvp.py;DOCS1R_reuse=bounded,"definition_evidence=high; column semantics are code/header confirmed when explicit, otherwise value-inferred and not authoritative"
evidence_measurement,enzyme_form,descriptive_attribute,enum_candidate,not_applicable_or_embedded_in_raw_value,preserve_verbatim_no_overwrite,VOC_EVIDENCE_MEASUREMENT_ENZYME_FORM,blank_or_explicit_sentinel,VAL_SCHEMA_COMPLETE;VAL_MISSING_EXPLICIT;VAL_ENUM_MEMBERSHIP,downloads_csv+release_zip_csv+sqlite,public_header:downloads_csv+release_zip_csv+sqlite;sqlite_type:TEXT;generator:scripts/build_static_web_mvp.py;DOCS1R_reuse=bounded,"definition_evidence=high; column semantics are code/header confirmed when explicit, otherwise value-inferred and not authoritative"
evidence_measurement,enzyme_id,identifier_or_cross_reference,identifier_or_identifier_list,not_applicable_or_embedded_in_raw_value,preserve_verbatim_no_overwrite,,blank_only,VAL_SCHEMA_COMPLETE;VAL_MISSING_EXPLICIT;VAL_IDENTIFIER_FORMAT,downloads_csv+release_zip_csv+sqlite,public_header:downloads_csv+release_zip_csv+sqlite;sqlite_type:TEXT;generator:scripts/build_static_web_mvp.py;DOCS1R_reuse=bounded,"definition_evidence=high; column semantics are code/header confirmed when explicit, otherwise value-inferred and not authoritative"
evidence_measurement,enzyme_identifier_source,descriptive_attribute,delimited_list_or_text,not_applicable_or_embedded_in_raw_value,preserve_verbatim_no_overwrite,,blank_or_explicit_sentinel,VAL_SCHEMA_COMPLETE;VAL_MISSING_EXPLICIT,downloads_csv+release_zip_csv+sqlite,public_header:downloads_csv+release_zip_csv+sqlite;sqlite_type:TEXT;generator:scripts/build_static_web_mvp.py;DOCS1R_reuse=bounded,"definition_evidence=high; column semantics are code/header confirmed when explicit, otherwise value-inferred and not authoritative"
evidence_measurement,enzyme_name,descriptive_attribute,text,not_applicable_or_embedded_in_raw_value,preserve_verbatim_no_overwrite,,blank_or_explicit_sentinel,VAL_SCHEMA_COMPLETE;VAL_MISSING_EXPLICIT,downloads_csv+release_zip_csv+sqlite,public_header:downloads_csv+release_zip_csv+sqlite;sqlite_type:TEXT;generator:scripts/build_static_web_mvp.py;DOCS1R_reuse=bounded,"definition_evidence=high; column semantics are code/header confirmed when explicit, otherwise value-inferred and not authoritative"
evidence_measurement,enzyme_ncbi_ids,identifier_or_cross_reference,identifier_or_identifier_list,not_applicable_or_embedded_in_raw_value,preserve_verbatim_no_overwrite,,blank_only,VAL_SCHEMA_COMPLETE;VAL_MISSING_EXPLICIT;VAL_IDENTIFIER_FORMAT,downloads_csv+release_zip_csv+sqlite,public_header:downloads_csv+release_zip_csv+sqlite;sqlite_type:TEXT;generator:scripts/build_static_web_mvp.py;DOCS1R_reuse=bounded,"definition_evidence=high; column semantics are code/header confirmed when explicit, otherwise value-inferred and not authoritative"
evidence_measurement,enzyme_pdb_ids,identifier_or_cross_reference,identifier_or_identifier_list,not_applicable_or_embedded_in_raw_value,preserve_verbatim_no_overwrite,,blank_only,VAL_SCHEMA_COMPLETE;VAL_MISSING_EXPLICIT;VAL_IDENTIFIER_FORMAT,downloads_csv+release_zip_csv+sqlite,public_header:downloads_csv+release_zip_csv+sqlite;sqlite_type:TEXT;generator:scripts/build_static_web_mvp.py;DOCS1R_reuse=bounded,"definition_evidence=high; column semantics are code/header confirmed when explicit, otherwise value-inferred and not authoritative"
evidence_measurement,enzyme_purity_percent,descriptive_attribute,enum_candidate,percent,preserve_verbatim_no_overwrite,VOC_EVIDENCE_MEASUREMENT_ENZYME_PURITY_PERCENT,blank_or_explicit_sentinel,VAL_SCHEMA_COMPLETE;VAL_MISSING_EXPLICIT;VAL_NUMERIC_OR_UNIT;VAL_ENUM_MEMBERSHIP,downloads_csv+release_zip_csv+sqlite,public_header:downloads_csv+release_zip_csv+sqlite;sqlite_type:TEXT;generator:scripts/build_static_web_mvp.py;DOCS1R_reuse=bounded,"definition_evidence=high; column semantics are code/header confirmed when explicit, otherwise value-inferred and not authoritative"
evidence_measurement,enzyme_uniprot_ids,identifier_or_cross_reference,identifier_or_identifier_list,not_applicable_or_embedded_in_raw_value,preserve_verbatim_no_overwrite,,blank_only,VAL_SCHEMA_COMPLETE;VAL_MISSING_EXPLICIT;VAL_IDENTIFIER_FORMAT,downloads_csv+release_zip_csv+sqlite,public_header:downloads_csv+release_zip_csv+sqlite;sqlite_type:TEXT;generator:scripts/build_static_web_mvp.py;DOCS1R_reuse=bounded,"definition_evidence=high; column semantics are code/header confirmed when explicit, otherwise value-inferred and not authoritative"
evidence_measurement,evidence_confidence_tier,status_or_classification,enum_candidate,not_applicable_or_embedded_in_raw_value,preserve_verbatim_no_overwrite,VOC_EVIDENCE_MEASUREMENT_EVIDENCE_CONFIDENCE_TIER,blank_or_explicit_sentinel,VAL_SCHEMA_COMPLETE;VAL_MISSING_EXPLICIT;VAL_ENUM_MEMBERSHIP,downloads_csv+release_zip_csv+sqlite,public_header:downloads_csv+release_zip_csv+sqlite;sqlite_type:TEXT;generator:scripts/build_static_web_mvp.py;DOCS1R_reuse=bounded,"definition_evidence=high; column semantics are code/header confirmed when explicit, otherwise value-inferred and not authoritative"
evidence_measurement,evidence_eligibility,status_or_classification,enum_candidate,not_applicable_or_embedded_in_raw_value,preserve_verbatim_no_overwrite,VOC_EVIDENCE_MEASUREMENT_EVIDENCE_ELIGIBILITY,blank_or_explicit_sentinel,VAL_SCHEMA_COMPLETE;VAL_MISSING_EXPLICIT;VAL_ENUM_MEMBERSHIP,downloads_csv+release_zip_csv+sqlite,public_header:downloads_csv+release_zip_csv+sqlite;sqlite_type:TEXT;generator:scripts/build_static_web_mvp.py;DOCS1R_reuse=bounded,"definition_evidence=high; column semantics are code/header confirmed when explicit, otherwise value-inferred and not authoritative"
evidence_measurement,evidence_id,identifier_primary_or_stable_key,identifier_or_identifier_list,not_applicable_or_embedded_in_raw_value,preserve_verbatim_no_overwrite,,blank_only,VAL_SCHEMA_COMPLETE;VAL_MISSING_EXPLICIT;VAL_IDENTIFIER_FORMAT,downloads_csv+release_zip_csv+sqlite,public_header:downloads_csv+release_zip_csv+sqlite;sqlite_type:TEXT;generator:scripts/build_static_web_mvp.py;DOCS1R_reuse=bounded,"definition_evidence=high; column semantics are code/header confirmed when explicit, otherwise value-inferred and not authoritative"
evidence_measurement,export_accession,identifier_primary_or_stable_key,text,not_applicable_or_embedded_in_raw_value,preserve_verbatim_no_overwrite,,blank_or_explicit_sentinel,VAL_SCHEMA_COMPLETE;VAL_MISSING_EXPLICIT,downloads_csv+release_zip_csv+sqlite,public_header:downloads_csv+release_zip_csv+sqlite;sqlite_type:TEXT;generator:scripts/build_static_web_mvp.py;DOCS1R_reuse=bounded,"definition_evidence=high; column semantics are code/header confirmed when explicit, otherwise value-inferred and not authoritative"
evidence_measurement,exposure_phase,descriptive_attribute,enum_candidate,not_applicable_or_embedded_in_raw_value,preserve_verbatim_no_overwrite,VOC_EVIDENCE_MEASUREMENT_EXPOSURE_PHASE,blank_or_explicit_sentinel,VAL_SCHEMA_COMPLETE;VAL_MISSING_EXPLICIT;VAL_ENUM_MEMBERSHIP,downloads_csv+release_zip_csv+sqlite,public_header:downloads_csv+release_zip_csv+sqlite;sqlite_type:TEXT;generator:scripts/build_static_web_mvp.py;DOCS1R_reuse=bounded,"definition_evidence=high; column semantics are code/header confirmed when explicit, otherwise value-inferred and not authoritative"
evidence_measurement,immobilization_support,descriptive_attribute,enum_candidate,not_applicable_or_embedded_in_raw_value,preserve_verbatim_no_overwrite,VOC_EVIDENCE_MEASUREMENT_IMMOBILIZATION_SUPPORT,blank_or_explicit_sentinel,VAL_SCHEMA_COMPLETE;VAL_MISSING_EXPLICIT;VAL_ENUM_MEMBERSHIP,downloads_csv+release_zip_csv+sqlite,public_header:downloads_csv+release_zip_csv+sqlite;sqlite_type:TEXT;generator:scripts/build_static_web_mvp.py;DOCS1R_reuse=bounded,"definition_evidence=high; column semantics are code/header confirmed when explicit, otherwise value-inferred and not authoritative"
evidence_measurement,incubation_atmosphere,descriptive_attribute,enum_candidate,not_applicable_or_embedded_in_raw_value,preserve_verbatim_no_overwrite,VOC_EVIDENCE_MEASUREMENT_INCUBATION_ATMOSPHERE,blank_or_explicit_sentinel,VAL_SCHEMA_COMPLETE;VAL_MISSING_EXPLICIT;VAL_ENUM_MEMBERSHIP,downloads_csv+release_zip_csv+sqlite,public_header:downloads_csv+release_zip_csv+sqlite;sqlite_type:TEXT;generator:scripts/build_static_web_mvp.py;DOCS1R_reuse=bounded,"definition_evidence=high; column semantics are code/header confirmed when explicit, otherwise value-inferred and not authoritative"
evidence_measurement,incubation_buffer_system,descriptive_attribute,text,not_applicable_or_embedded_in_raw_value,preserve_verbatim_no_overwrite,,blank_or_explicit_sentinel,VAL_SCHEMA_COMPLETE;VAL_MISSING_EXPLICIT,downloads_csv+release_zip_csv+sqlite,public_header:downloads_csv+release_zip_csv+sqlite;sqlite_type:TEXT;generator:scripts/build_static_web_mvp.py;DOCS1R_reuse=bounded,"definition_evidence=high; column semantics are code/header confirmed when explicit, otherwise value-inferred and not authoritative"
evidence_measurement,incubation_pH,descriptive_attribute,enum_candidate,not_applicable_or_embedded_in_raw_value,preserve_verbatim_no_overwrite,VOC_EVIDENCE_MEASUREMENT_INCUBATION_PH,blank_or_explicit_sentinel,VAL_SCHEMA_COMPLETE;VAL_MISSING_EXPLICIT;VAL_ENUM_MEMBERSHIP,downloads_csv+release_zip_csv+sqlite,public_header:downloads_csv+release_zip_csv+sqlite;sqlite_type:TEXT;generator:scripts/build_static_web_mvp.py;DOCS1R_reuse=bounded,"definition_evidence=high; column semantics are code/header confirmed when explicit, otherwise value-inferred and not authoritative"
evidence_measurement,incubation_temp_C,raw_measurement_or_source_reported_attribute,enum_candidate,degree_Celsius,preserve_verbatim_no_overwrite,VOC_EVIDENCE_MEASUREMENT_INCUBATION_TEMP_C,blank_or_explicit_sentinel,VAL_SCHEMA_COMPLETE;VAL_MISSING_EXPLICIT;VAL_NUMERIC_OR_UNIT;VAL_ENUM_MEMBERSHIP,downloads_csv+release_zip_csv+sqlite,public_header:downloads_csv+release_zip_csv+sqlite;sqlite_type:TEXT;generator:scripts/build_static_web_mvp.py;DOCS1R_reuse=bounded,"definition_evidence=high; column semantics are code/header confirmed when explicit, otherwise value-inferred and not authoritative"
evidence_measurement,incubation_temp_note,free_text_note,delimited_list_or_text,not_applicable_or_embedded_in_raw_value,preserve_verbatim_no_overwrite,,blank_or_explicit_sentinel,VAL_SCHEMA_COMPLETE;VAL_MISSING_EXPLICIT,downloads_csv+release_zip_csv+sqlite,public_header:downloads_csv+release_zip_csv+sqlite;sqlite_type:TEXT;generator:scripts/build_static_web_mvp.py;DOCS1R_reuse=bounded,"definition_evidence=high; column semantics are code/header confirmed when explicit, otherwise value-inferred and not authoritative"
evidence_measurement,incubation_time_h,raw_measurement_or_source_reported_attribute,number,hour,preserve_verbatim_no_overwrite,,blank_only,VAL_SCHEMA_COMPLETE;VAL_MISSING_EXPLICIT;VAL_NUMERIC_OR_UNIT,downloads_csv+release_zip_csv+sqlite,public_header:downloads_csv+release_zip_csv+sqlite;sqlite_type:REAL;generator:scripts/build_static_web_mvp.py;DOCS1R_reuse=bounded,"definition_evidence=high; column semantics are code/header confirmed when explicit, otherwise value-inferred and not authoritative"
evidence_measurement,inventors,provenance,delimited_list_or_text,not_applicable_or_embedded_in_raw_value,preserve_verbatim_no_overwrite,,blank_or_explicit_sentinel,VAL_SCHEMA_COMPLETE;VAL_MISSING_EXPLICIT,downloads_csv+release_zip_csv+sqlite,public_header:downloads_csv+release_zip_csv+sqlite;sqlite_type:TEXT;generator:scripts/build_static_web_mvp.py;DOCS1R_reuse=bounded,"definition_evidence=high; column semantics are code/header confirmed when explicit, otherwise value-inferred and not authoritative"
evidence_measurement,ionic_strength_mM,descriptive_attribute,enum_candidate,millimolar,preserve_verbatim_no_overwrite,VOC_EVIDENCE_MEASUREMENT_IONIC_STRENGTH_MM,blank_or_explicit_sentinel,VAL_SCHEMA_COMPLETE;VAL_MISSING_EXPLICIT;VAL_NUMERIC_OR_UNIT;VAL_ENUM_MEMBERSHIP,downloads_csv+release_zip_csv+sqlite,public_header:downloads_csv+release_zip_csv+sqlite;sqlite_type:TEXT;generator:scripts/build_static_web_mvp.py;DOCS1R_reuse=bounded,"definition_evidence=high; column semantics are code/header confirmed when explicit, otherwise value-inferred and not authoritative"
evidence_measurement,journal,provenance,text,not_applicable_or_embedded_in_raw_value,preserve_verbatim_no_overwrite,,blank_or_explicit_sentinel,VAL_SCHEMA_COMPLETE;VAL_MISSING_EXPLICIT,downloads_csv+release_zip_csv+sqlite,public_header:downloads_csv+release_zip_csv+sqlite;sqlite_type:TEXT;generator:scripts/build_static_web_mvp.py;DOCS1R_reuse=bounded,"definition_evidence=high; column semantics are code/header confirmed when explicit, otherwise value-inferred and not authoritative"
evidence_measurement,journal_or_assignee,provenance,text,not_applicable_or_embedded_in_raw_value,preserve_verbatim_no_overwrite,,blank_or_explicit_sentinel,VAL_SCHEMA_COMPLETE;VAL_MISSING_EXPLICIT,downloads_csv+release_zip_csv+sqlite,public_header:downloads_csv+release_zip_csv+sqlite;sqlite_type:TEXT;generator:scripts/build_static_web_mvp.py;DOCS1R_reuse=bounded,"definition_evidence=high; column semantics are code/header confirmed when explicit, otherwise value-inferred and not authoritative"
evidence_measurement,jurisdiction,descriptive_attribute,enum_candidate,not_applicable_or_embedded_in_raw_value,preserve_verbatim_no_overwrite,VOC_EVIDENCE_MEASUREMENT_JURISDICTION,blank_or_explicit_sentinel,VAL_SCHEMA_COMPLETE;VAL_MISSING_EXPLICIT;VAL_ENUM_MEMBERSHIP,downloads_csv+release_zip_csv+sqlite,public_header:downloads_csv+release_zip_csv+sqlite;sqlite_type:TEXT;generator:scripts/build_static_web_mvp.py;DOCS1R_reuse=bounded,"definition_evidence=high; column semantics are code/header confirmed when explicit, otherwise value-inferred and not authoritative"
evidence_measurement,label_ready,descriptive_attribute,boolean_token,not_applicable_or_embedded_in_raw_value,preserve_verbatim_no_overwrite,VOC_EVIDENCE_MEASUREMENT_LABEL_READY,blank_only,VAL_SCHEMA_COMPLETE;VAL_MISSING_EXPLICIT;VAL_ENUM_MEMBERSHIP,downloads_csv+release_zip_csv+sqlite,public_header:downloads_csv+release_zip_csv+sqlite;sqlite_type:TEXT;generator:scripts/build_static_web_mvp.py;DOCS1R_reuse=bounded,"definition_evidence=high; column semantics are code/header confirmed when explicit, otherwise value-inferred and not authoritative"
evidence_measurement,,provenance,path,not_applicable_or_embedded_in_raw_value,preserve_verbatim_no_overwrite,,blank_or_explicit_sentinel,VAL_SCHEMA_COMPLETE;VAL_MISSING_EXPLICIT,downloads_csv+release_zip_csv+sqlite,public_header:downloads_csv+release_zip_csv+sqlite;sqlite_type:TEXT;generator:scripts/build_static_web_mvp.py;DOCS1R_reuse=bounded,"definition_evidence=high; column semantics are code/header confirmed when explicit, otherwise value-inferred and not authoritative"
evidence_measurement,low_meoh_activation_observed,descriptive_attribute,boolean_token,not_applicable_or_embedded_in_raw_value,preserve_verbatim_no_overwrite,VOC_EVIDENCE_MEASUREMENT_LOW_MEOH_ACTIVATION_OBSERVED,blank_only,VAL_SCHEMA_COMPLETE;VAL_MISSING_EXPLICIT;VAL_ENUM_MEMBERSHIP,downloads_csv+release_zip_csv+sqlite,public_header:downloads_csv+release_zip_csv+sqlite;sqlite_type:TEXT;generator:scripts/build_static_web_mvp.py;DOCS1R_reuse=bounded,"definition_evidence=high; column semantics are code/header confirmed when explicit, otherwise value-inferred and not authoritative"
evidence_measurement,low_stress_band_5pct,descriptive_attribute,enum_candidate,not_applicable_or_embedded_in_raw_value,preserve_verbatim_no_overwrite,VOC_EVIDENCE_MEASUREMENT_LOW_STRESS_BAND_5PCT,blank_or_explicit_sentinel,VAL_SCHEMA_COMPLETE;VAL_MISSING_EXPLICIT;VAL_ENUM_MEMBERSHIP,downloads_csv+release_zip_csv+sqlite,public_header:downloads_csv+release_zip_csv+sqlite;sqlite_type:TEXT;generator:scripts/build_static_web_mvp.py;DOCS1R_reuse=bounded,"definition_evidence=high; column semantics are code/header confirmed when explicit, otherwise value-inferred and not authoritative"
evidence_measurement,matrix_check_status,status_or_classification,enum_candidate,not_applicable_or_embedded_in_raw_value,preserve_verbatim_no_overwrite,VOC_EVIDENCE_MEASUREMENT_MATRIX_CHECK_STATUS,blank_or_explicit_sentinel,VAL_SCHEMA_COMPLETE;VAL_MISSING_EXPLICIT;VAL_ENUM_MEMBERSHIP,downloads_csv+release_zip_csv+sqlite,public_header:downloads_csv+release_zip_csv+sqlite;sqlite_type:TEXT;generator:scripts/build_static_web_mvp.py;DOCS1R_reuse=bounded,"definition_evidence=high; column semantics are code/header confirmed when explicit, otherwise value-inferred and not authoritative"
evidence_measurement,matrix_expected_rows,descriptive_attribute,integer,not_applicable_or_embedded_in_raw_value,preserve_verbatim_no_overwrite,,blank_only,VAL_SCHEMA_COMPLETE;VAL_MISSING_EXPLICIT;VAL_NUMERIC_OR_UNIT,downloads_csv+release_zip_csv+sqlite,public_header:downloads_csv+release_zip_csv+sqlite;sqlite_type:INTEGER;generator:scripts/build_static_web_mvp.py;DOCS1R_reuse=bounded,"definition_evidence=high; column semantics are code/header confirmed when explicit, otherwise value-inferred and not authoritative"
evidence_measurement,matrix_missing_combinations,descriptive_attribute,enum_candidate,not_applicable_or_embedded_in_raw_value,preserve_verbatim_no_overwrite,VOC_EVIDENCE_MEASUREMENT_MATRIX_MISSING_COMBINATIONS,blank_or_explicit_sentinel,VAL_SCHEMA_COMPLETE;VAL_MISSING_EXPLICIT;VAL_ENUM_MEMBERSHIP,downloads_csv+release_zip_csv+sqlite,public_header:downloads_csv+release_zip_csv+sqlite;sqlite_type:TEXT;generator:scripts/build_static_web_mvp.py;DOCS1R_reuse=bounded,"definition_evidence=high; column semantics are code/header confirmed when explicit, otherwise value-inferred and not authoritative"
evidence_measurement,matrix_observed_rows,descriptive_attribute,integer,not_applicable_or_embedded_in_raw_value,preserve_verbatim_no_overwrite,,blank_only,VAL_SCHEMA_COMPLETE;VAL_MISSING_EXPLICIT;VAL_NUMERIC_OR_UNIT,downloads_csv+release_zip_csv+sqlite,public_header:downloads_csv+release_zip_csv+sqlite;sqlite_type:INTEGER;generator:scripts/build_static_web_mvp.py;DOCS1R_reuse=bounded,"definition_evidence=high; column semantics are code/header confirmed when explicit, otherwise value-inferred and not authoritative"
evidence_measurement,methanol_addition_mode,descriptive_attribute,enum_candidate,not_applicable_or_embedded_in_raw_value,preserve_verbatim_no_overwrite,VOC_EVIDENCE_MEASUREMENT_METHANOL_ADDITION_MODE,blank_or_explicit_sentinel,VAL_SCHEMA_COMPLETE;VAL_MISSING_EXPLICIT;VAL_ENUM_MEMBERSHIP,downloads_csv+release_zip_csv+sqlite,public_header:downloads_csv+release_zip_csv+sqlite;sqlite_type:TEXT;generator:scripts/build_static_web_mvp.py;DOCS1R_reuse=bounded,"definition_evidence=high; column semantics are code/header confirmed when explicit, otherwise value-inferred and not authoritative"
evidence_measurement,methanol_conc_percent,raw_measurement_or_source_reported_attribute,text,percent_source_basis_unknown,preserve_source_percent_and_unknown_basis;no_auto_v_v,,blank_or_explicit_sentinel,VAL_SCHEMA_COMPLETE;VAL_MISSING_EXPLICIT;VAL_NUMERIC_OR_UNIT;VAL_NO_BASIS_CONVERSION,downloads_csv+release_zip_csv+sqlite,public_header:downloads_csv+release_zip_csv+sqlite;sqlite_type:TEXT;generator:scripts/build_static_web_mvp.py;DOCS1R_reuse=bounded,"definition_evidence=high; column semantics are code/header confirmed when explicit, otherwise value-inferred and not authoritative"
evidence_measurement,missing_items,descriptive_attribute,delimited_list_or_text,not_applicable_or_embedded_in_raw_value,preserve_verbatim_no_overwrite,,blank_or_explicit_sentinel,VAL_SCHEMA_COMPLETE;VAL_MISSING_EXPLICIT,downloads_csv+release_zip_csv+sqlite,public_header:downloads_csv+release_zip_csv+sqlite;sqlite_type:TEXT;generator:scripts/build_static_web_mvp.py;DOCS1R_reuse=bounded,"definition_evidence=high; column semantics are code/header confirmed when explicit, otherwise value-inferred and not authoritative"
evidence_measurement,missing_state,status_or_classification,delimited_list_or_text,not_applicable_or_embedded_in_raw_value,preserve_verbatim_no_overwrite,,blank_or_explicit_sentinel,VAL_SCHEMA_COMPLETE;VAL_MISSING_EXPLICIT,downloads_csv+release_zip_csv+sqlite,public_header:downloads_csv+release_zip_csv+sqlite;sqlite_type:TEXT;generator:scripts/build_static_web_mvp.py;DOCS1R_reuse=bounded,"definition_evidence=high; column semantics are code/header confirmed when explicit, otherwise value-inferred and not authoritative"
evidence_measurement,missingness_profile,descriptive_attribute,delimited_list_or_text,not_applicable_or_embedded_in_raw_value,preserve_verbatim_no_overwrite,,blank_or_explicit_sentinel,VAL_SCHEMA_COMPLETE;VAL_MISSING_EXPLICIT,downloads_csv+release_zip_csv+sqlite,public_header:downloads_csv+release_zip_csv+sqlite;sqlite_type:TEXT;generator:scripts/build_static_web_mvp.py;DOCS1R_reuse=bounded,"definition_evidence=high; column semantics are code/header confirmed when explicit, otherwise value-inferred and not authoritative"
evidence_measurement,official_record_checked,descriptive_attribute,delimited_list_or_text,not_applicable_or_embedded_in_raw_value,preserve_verbatim_no_overwrite,,blank_or_explicit_sentinel,VAL_SCHEMA_COMPLETE;VAL_MISSING_EXPLICIT,downloads_csv+release_zip_csv+sqlite,public_header:downloads_csv+release_zip_csv+sqlite;sqlite_type:TEXT;generator:scripts/build_static_web_mvp.py;DOCS1R_reuse=bounded,"definition_evidence=high; column semantics are code/header confirmed when explicit, otherwise value-inferred and not authoritative"
evidence_measurement,original_activity_unit,descriptive_attribute,delimited_list_or_text,not_applicable_or_embedded_in_raw_value,preserve_verbatim_no_overwrite,,blank_or_explicit_sentinel,VAL_SCHEMA_COMPLETE;VAL_MISSING_EXPLICIT,downloads_csv+release_zip_csv+sqlite,public_header:downloads_csv+release_zip_csv+sqlite;sqlite_type:TEXT;generator:scripts/build_static_web_mvp.py;DOCS1R_reuse=bounded,"definition_evidence=high; column semantics are code/header confirmed when explicit, otherwise value-inferred and not authoritative"
evidence_measurement,page_or_figure_anchor,provenance,delimited_list_or_text,not_applicable_or_embedded_in_raw_value,preserve_verbatim_no_overwrite,,blank_or_explicit_sentinel,VAL_SCHEMA_COMPLETE;VAL_MISSING_EXPLICIT,downloads_csv+release_zip_csv+sqlite,public_header:downloads_csv+release_zip_csv+sqlite;sqlite_type:TEXT;generator:scripts/build_static_web_mvp.py;DOCS1R_reuse=bounded,"definition_evidence=high; column semantics are code/header confirmed when explicit, otherwise value-inferred and not authoritative"
evidence_measurement,paper_level_batch_id,identifier_or_cross_reference,identifier_or_identifier_list,not_applicable_or_embedded_in_raw_value,preserve_verbatim_no_overwrite,,blank_only,VAL_SCHEMA_COMPLETE;VAL_MISSING_EXPLICIT;VAL_IDENTIFIER_FORMAT,downloads_csv+release_zip_csv+sqlite,public_header:downloads_csv+release_zip_csv+sqlite;sqlite_type:TEXT;generator:scripts/build_static_web_mvp.py;DOCS1R_reuse=bounded,"definition_evidence=high; column semantics are code/header confirmed when explicit, otherwise value-inferred and not authoritative"
evidence_measurement,patent_application_number,descriptive_attribute,enum_candidate,not_applicable_or_embedded_in_raw_value,preserve_verbatim_no_overwrite,VOC_EVIDENCE_MEASUREMENT_PATENT_APPLICATION_NUMBER,blank_or_explicit_sentinel,VAL_SCHEMA_COMPLETE;VAL_MISSING_EXPLICIT;VAL_ENUM_MEMBERSHIP,downloads_csv+release_zip_csv+sqlite,public_header:downloads_csv+release_zip_csv+sqlite;sqlite_type:TEXT;generator:scripts/build_static_web_mvp.py;DOCS1R_reuse=bounded,"definition_evidence=high; column semantics are code/header confirmed when explicit, otherwise value-inferred and not authoritative"
evidence_measurement,patent_claim_id,identifier_or_cross_reference,identifier_or_identifier_list,not_applicable_or_embedded_in_raw_value,preserve_verbatim_no_overwrite,,blank_only,VAL_SCHEMA_COMPLETE;VAL_MISSING_EXPLICIT;VAL_IDENTIFIER_FORMAT,downloads_csv+release_zip_csv+sqlite,public_header:downloads_csv+release_zip_csv+sqlite;sqlite_type:TEXT;generator:scripts/build_static_web_mvp.py;DOCS1R_reuse=bounded,"definition_evidence=high; column semantics are code/header confirmed when explicit, otherwise value-inferred and not authoritative"
evidence_measurement,patent_claim_scope,descriptive_attribute,enum_candidate,not_applicable_or_embedded_in_raw_value,preserve_verbatim_no_overwrite,VOC_EVIDENCE_MEASUREMENT_PATENT_CLAIM_SCOPE,blank_or_explicit_sentinel,VAL_SCHEMA_COMPLETE;VAL_MISSING_EXPLICIT;VAL_ENUM_MEMBERSHIP,downloads_csv+release_zip_csv+sqlite,public_header:downloads_csv+release_zip_csv+sqlite;sqlite_type:TEXT;generator:scripts/build_static_web_mvp.py;DOCS1R_reuse=bounded,"definition_evidence=high; column semantics are code/header confirmed when explicit, otherwise value-inferred and not authoritative"
evidence_measurement,patent_claimed_uniprot_id,identifier_or_cross_reference,identifier_or_identifier_list,not_applicable_or_embedded_in_raw_value,preserve_verbatim_no_overwrite,,blank_only,VAL_SCHEMA_COMPLETE;VAL_MISSING_EXPLICIT;VAL_IDENTIFIER_FORMAT,downloads_csv+release_zip_csv+sqlite,public_header:downloads_csv+release_zip_csv+sqlite;sqlite_type:TEXT;generator:scripts/build_static_web_mvp.py;DOCS1R_reuse=bounded,"definition_evidence=high; column semantics are code/header confirmed when explicit, otherwise value-inferred and not authoritative"
evidence_measurement,patent_confidence_tier,status_or_classification,enum_candidate,not_applicable_or_embedded_in_raw_value,preserve_verbatim_no_overwrite,VOC_EVIDENCE_MEASUREMENT_PATENT_CONFIDENCE_TIER,blank_or_explicit_sentinel,VAL_SCHEMA_COMPLETE;VAL_MISSING_EXPLICIT;VAL_ENUM_MEMBERSHIP,downloads_csv+release_zip_csv+sqlite,public_header:downloads_csv+release_zip_csv+sqlite;sqlite_type:TEXT;generator:scripts/build_static_web_mvp.py;DOCS1R_reuse=bounded,"definition_evidence=high; column semantics are code/header confirmed when explicit, otherwise value-inferred and not authoritative"
evidence_measurement,patent_evidence_layer,descriptive_attribute,enum_candidate,not_applicable_or_embedded_in_raw_value,preserve_verbatim_no_overwrite,VOC_EVIDENCE_MEASUREMENT_PATENT_EVIDENCE_LAYER,blank_or_explicit_sentinel,VAL_SCHEMA_COMPLETE;VAL_MISSING_EXPLICIT;VAL_ENUM_MEMBERSHIP,downloads_csv+release_zip_csv+sqlite,public_header:downloads_csv+release_zip_csv+sqlite;sqlite_type:TEXT;generator:scripts/build_static_web_mvp.py;DOCS1R_reuse=bounded,"definition_evidence=high; column semantics are code/header confirmed when explicit, otherwise value-inferred and not authoritative"
evidence_measurement,patent_evidence_type,descriptive_attribute,enum_candidate,not_applicable_or_embedded_in_raw_value,preserve_verbatim_no_overwrite,VOC_EVIDENCE_MEASUREMENT_PATENT_EVIDENCE_TYPE,blank_or_explicit_sentinel,VAL_SCHEMA_COMPLETE;VAL_MISSING_EXPLICIT;VAL_ENUM_MEMBERSHIP,downloads_csv+release_zip_csv+sqlite,public_header:downloads_csv+release_zip_csv+sqlite;sqlite_type:TEXT;generator:scripts/build_static_web_mvp.py;DOCS1R_reuse=bounded,"definition_evidence=high; column semantics are code/header confirmed when explicit, otherwise value-inferred and not authoritative"
evidence_measurement,patent_example_id,identifier_or_cross_reference,identifier_or_identifier_list,not_applicable_or_embedded_in_raw_value,preserve_verbatim_no_overwrite,,blank_only,VAL_SCHEMA_COMPLETE;VAL_MISSING_EXPLICIT;VAL_IDENTIFIER_FORMAT,downloads_csv+release_zip_csv+sqlite,public_header:downloads_csv+release_zip_csv+sqlite;sqlite_type:TEXT;generator:scripts/build_static_web_mvp.py;DOCS1R_reuse=bounded,"definition_evidence=high; column semantics are code/header confirmed when explicit, otherwise value-inferred and not authoritative"
evidence_measurement,patent_family_duplicate_status,status_or_classification,delimited_list_or_text,not_applicable_or_embedded_in_raw_value,preserve_verbatim_no_overwrite,,blank_or_explicit_sentinel,VAL_SCHEMA_COMPLETE;VAL_MISSING_EXPLICIT,downloads_csv+release_zip_csv+sqlite,public_header:downloads_csv+release_zip_csv+sqlite;sqlite_type:TEXT;generator:scripts/build_static_web_mvp.py;DOCS1R_reuse=bounded,"definition_evidence=high; column semantics are code/header confirmed when explicit, otherwise value-inferred and not authoritative"
evidence_measurement,patent_family_id,identifier_or_cross_reference,identifier_or_identifier_list,not_applicable_or_embedded_in_raw_value,preserve_verbatim_no_overwrite,,blank_only,VAL_SCHEMA_COMPLETE;VAL_MISSING_EXPLICIT;VAL_IDENTIFIER_FORMAT,downloads_csv+release_zip_csv+sqlite,public_header:downloads_csv+release_zip_csv+sqlite;sqlite_type:TEXT;generator:scripts/build_static_web_mvp.py;DOCS1R_reuse=bounded,"definition_evidence=high; column semantics are code/header confirmed when explicit, otherwise value-inferred and not authoritative"
evidence_measurement,patent_family_role,status_or_classification,enum_candidate,not_applicable_or_embedded_in_raw_value,preserve_verbatim_no_overwrite,VOC_EVIDENCE_MEASUREMENT_PATENT_FAMILY_ROLE,blank_or_explicit_sentinel,VAL_SCHEMA_COMPLETE;VAL_MISSING_EXPLICIT;VAL_ENUM_MEMBERSHIP,downloads_csv+release_zip_csv+sqlite,public_header:downloads_csv+release_zip_csv+sqlite;sqlite_type:TEXT;generator:scripts/build_static_web_mvp.py;DOCS1R_reuse=bounded,"definition_evidence=high; column semantics are code/header confirmed when explicit, otherwise value-inferred and not authoritative"
evidence_measurement,patent_language,descriptive_attribute,enum_candidate,not_applicable_or_embedded_in_raw_value,preserve_verbatim_no_overwrite,VOC_EVIDENCE_MEASUREMENT_PATENT_LANGUAGE,blank_or_explicit_sentinel,VAL_SCHEMA_COMPLETE;VAL_MISSING_EXPLICIT;VAL_ENUM_MEMBERSHIP,downloads_csv+release_zip_csv+sqlite,public_header:downloads_csv+release_zip_csv+sqlite;sqlite_type:TEXT;generator:scripts/build_static_web_mvp.py;DOCS1R_reuse=bounded,"definition_evidence=high; column semantics are code/header confirmed when explicit, otherwise value-inferred and not authoritative"
evidence_measurement,patent_notes,free_text_note,delimited_list_or_text,not_applicable_or_embedded_in_raw_value,preserve_verbatim_no_overwrite,,blank_or_explicit_sentinel,VAL_SCHEMA_COMPLETE;VAL_MISSING_EXPLICIT,downloads_csv+release_zip_csv+sqlite,public_header:downloads_csv+release_zip_csv+sqlite;sqlite_type:TEXT;generator:scripts/build_static_web_mvp.py;DOCS1R_reuse=bounded,"definition_evidence=high; column semantics are code/header confirmed when explicit, otherwise value-inferred and not authoritative"
evidence_measurement,patent_publication_number,descriptive_attribute,enum_candidate,not_applicable_or_embedded_in_raw_value,preserve_verbatim_no_overwrite,VOC_EVIDENCE_MEASUREMENT_PATENT_PUBLICATION_NUMBER,blank_or_explicit_sentinel,VAL_SCHEMA_COMPLETE;VAL_MISSING_EXPLICIT;VAL_ENUM_MEMBERSHIP,downloads_csv+release_zip_csv+sqlite,public_header:downloads_csv+release_zip_csv+sqlite;sqlite_type:TEXT;generator:scripts/build_static_web_mvp.py;DOCS1R_reuse=bounded,"definition_evidence=high; column semantics are code/header confirmed when explicit, otherwise value-inferred and not authoritative"
evidence_measurement,patent_search_query_id,identifier_or_cross_reference,identifier_or_identifier_list,not_applicable_or_embedded_in_raw_value,preserve_verbatim_no_overwrite,,blank_only,VAL_SCHEMA_COMPLETE;VAL_MISSING_EXPLICIT;VAL_IDENTIFIER_FORMAT,downloads_csv+release_zip_csv+sqlite,public_header:downloads_csv+release_zip_csv+sqlite;sqlite_type:TEXT;generator:scripts/build_static_web_mvp.py;DOCS1R_reuse=bounded,"definition_evidence=high; column semantics are code/header confirmed when explicit, otherwise value-inferred and not authoritative"
evidence_measurement,patent_section_id,identifier_or_cross_reference,identifier_or_identifier_list,not_applicable_or_embedded_in_raw_value,preserve_verbatim_no_overwrite,,blank_only,VAL_SCHEMA_COMPLETE;VAL_MISSING_EXPLICIT;VAL_IDENTIFIER_FORMAT,downloads_csv+release_zip_csv+sqlite,public_header:downloads_csv+release_zip_csv+sqlite;sqlite_type:TEXT;generator:scripts/build_static_web_mvp.py;DOCS1R_reuse=bounded,"definition_evidence=high; column semantics are code/header confirmed when explicit, otherwise value-inferred and not authoritative"
evidence_measurement,patent_title,descriptive_attribute,enum_candidate,not_applicable_or_embedded_in_raw_value,preserve_verbatim_no_overwrite,VOC_EVIDENCE_MEASUREMENT_PATENT_TITLE,blank_or_explicit_sentinel,VAL_SCHEMA_COMPLETE;VAL_MISSING_EXPLICIT;VAL_ENUM_MEMBERSHIP,downloads_csv+release_zip_csv+sqlite,public_header:downloads_csv+release_zip_csv+sqlite;sqlite_type:TEXT;generator:scripts/build_static_web_mvp.py;DOCS1R_reuse=bounded,"definition_evidence=high; column semantics are code/header confirmed when explicit, otherwise value-inferred and not authoritative"
evidence_measurement,pdb_error_type,descriptive_attribute,enum_candidate,not_applicable_or_embedded_in_raw_value,preserve_verbatim_no_overwrite,VOC_EVIDENCE_MEASUREMENT_PDB_ERROR_TYPE,blank_or_explicit_sentinel,VAL_SCHEMA_COMPLETE;VAL_MISSING_EXPLICIT;VAL_ENUM_MEMBERSHIP,downloads_csv+release_zip_csv+sqlite,public_header:downloads_csv+release_zip_csv+sqlite;sqlite_type:TEXT;generator:scripts/build_static_web_mvp.py;DOCS1R_reuse=bounded,"definition_evidence=high; column semantics are code/header confirmed when explicit, otherwise value-inferred and not authoritative"
evidence_measurement,pdb_ids,identifier_or_cross_reference,identifier_or_identifier_list,not_applicable_or_embedded_in_raw_value,preserve_verbatim_no_overwrite,,blank_only,VAL_SCHEMA_COMPLETE;VAL_MISSING_EXPLICIT;VAL_IDENTIFIER_FORMAT,downloads_csv+release_zip_csv+sqlite,public_header:downloads_csv+release_zip_csv+sqlite;sqlite_type:TEXT;generator:scripts/build_static_web_mvp.py;DOCS1R_reuse=bounded,"definition_evidence=high; column semantics are code/header confirmed when explicit, otherwise value-inferred and not authoritative"
evidence_measurement,preincubation_condition,descriptive_attribute,delimited_list_or_text,not_applicable_or_embedded_in_raw_value,preserve_verbatim_no_overwrite,,blank_or_explicit_sentinel,VAL_SCHEMA_COMPLETE;VAL_MISSING_EXPLICIT,downloads_csv+release_zip_csv+sqlite,public_header:downloads_csv+release_zip_csv+sqlite;sqlite_type:TEXT;generator:scripts/build_static_web_mvp.py;DOCS1R_reuse=bounded,"definition_evidence=high; column semantics are code/header confirmed when explicit, otherwise value-inferred and not authoritative"
evidence_measurement,priority_date,descriptive_attribute,date_or_year,not_applicable_or_embedded_in_raw_value,preserve_verbatim_no_overwrite,,blank_or_explicit_sentinel,VAL_SCHEMA_COMPLETE;VAL_MISSING_EXPLICIT,downloads_csv+release_zip_csv+sqlite,public_header:downloads_csv+release_zip_csv+sqlite;sqlite_type:TEXT;generator:scripts/build_static_web_mvp.py;DOCS1R_reuse=bounded,"definition_evidence=high; column semantics are code/header confirmed when explicit, otherwise value-inferred and not authoritative"
evidence_measurement,priority_number,descriptive_attribute,delimited_list_or_text,not_applicable_or_embedded_in_raw_value,preserve_verbatim_no_overwrite,,blank_or_explicit_sentinel,VAL_SCHEMA_COMPLETE;VAL_MISSING_EXPLICIT,downloads_csv+release_zip_csv+sqlite,public_header:downloads_csv+release_zip_csv+sqlite;sqlite_type:TEXT;generator:scripts/build_static_web_mvp.py;DOCS1R_reuse=bounded,"definition_evidence=high; column semantics are code/header confirmed when explicit, otherwise value-inferred and not authoritative"
evidence_measurement,protocol_id,identifier_or_cross_reference,identifier_or_identifier_list,not_applicable_or_embedded_in_raw_value,preserve_verbatim_no_overwrite,,blank_only,VAL_SCHEMA_COMPLETE;VAL_MISSING_EXPLICIT;VAL_IDENTIFIER_FORMAT,downloads_csv+release_zip_csv+sqlite,public_header:downloads_csv+release_zip_csv+sqlite;sqlite_type:TEXT;generator:scripts/build_static_web_mvp.py;DOCS1R_reuse=bounded,"definition_evidence=high; column semantics are code/header confirmed when explicit, otherwise value-inferred and not authoritative"
evidence_measurement,protocol_type,descriptive_attribute,enum_candidate,not_applicable_or_embedded_in_raw_value,preserve_verbatim_no_overwrite,VOC_EVIDENCE_MEASUREMENT_PROTOCOL_TYPE,blank_or_explicit_sentinel,VAL_SCHEMA_COMPLETE;VAL_MISSING_EXPLICIT;VAL_ENUM_MEMBERSHIP,downloads_csv+release_zip_csv+sqlite,public_header:downloads_csv+release_zip_csv+sqlite;sqlite_type:TEXT;generator:scripts/build_static_web_mvp.py;DOCS1R_reuse=bounded,"definition_evidence=high; column semantics are code/header confirmed when explicit, otherwise value-inferred and not authoritative"
evidence_measurement,provenance_anchor,provenance,delimited_list_or_text,not_applicable_or_embedded_in_raw_value,preserve_verbatim_no_overwrite,,blank_or_explicit_sentinel,VAL_SCHEMA_COMPLETE;VAL_MISSING_EXPLICIT,downloads_csv+release_zip_csv+sqlite,public_header:downloads_csv+release_zip_csv+sqlite;sqlite_type:TEXT;generator:scripts/build_static_web_mvp.py;DOCS1R_reuse=bounded,"definition_evidence=high; column semantics are code/header confirmed when explicit, otherwise value-inferred and not authoritative"
evidence_measurement,publication_date,descriptive_attribute,date_or_year,not_applicable_or_embedded_in_raw_value,preserve_verbatim_no_overwrite,,blank_or_explicit_sentinel,VAL_SCHEMA_COMPLETE;VAL_MISSING_EXPLICIT,downloads_csv+release_zip_csv+sqlite,public_header:downloads_csv+release_zip_csv+sqlite;sqlite_type:TEXT;generator:scripts/build_static_web_mvp.py;DOCS1R_reuse=bounded,"definition_evidence=high; column semantics are code/header confirmed when explicit, otherwise value-inferred and not authoritative"
evidence_measurement,publication_year,descriptive_attribute,date_or_year,not_applicable_or_embedded_in_raw_value,preserve_verbatim_no_overwrite,,blank_or_explicit_sentinel,VAL_SCHEMA_COMPLETE;VAL_MISSING_EXPLICIT,downloads_csv+release_zip_csv+sqlite,public_header:downloads_csv+release_zip_csv+sqlite;sqlite_type:INTEGER;generator:scripts/build_static_web_mvp.py;DOCS1R_reuse=bounded,"definition_evidence=high; column semantics are code/header confirmed when explicit, otherwise value-inferred and not authoritative"
evidence_measurement,raw_assay_metadata,raw_measurement_or_source_reported_attribute,delimited_list_or_text,not_applicable_or_embedded_in_raw_value,preserve_verbatim_no_overwrite,,blank_or_explicit_sentinel,VAL_SCHEMA_COMPLETE;VAL_MISSING_EXPLICIT,downloads_csv+release_zip_csv+sqlite,public_header:downloads_csv+release_zip_csv+sqlite;sqlite_type:TEXT;generator:scripts/build_static_web_mvp.py;DOCS1R_reuse=bounded,"definition_evidence=high; column semantics are code/header confirmed when explicit, otherwise value-inferred and not authoritative"
evidence_measurement,readout_defined,descriptive_attribute,boolean_token,not_applicable_or_embedded_in_raw_value,preserve_verbatim_no_overwrite,VOC_EVIDENCE_MEASUREMENT_READOUT_DEFINED,blank_only,VAL_SCHEMA_COMPLETE;VAL_MISSING_EXPLICIT;VAL_ENUM_MEMBERSHIP,downloads_csv+release_zip_csv+sqlite,public_header:downloads_csv+release_zip_csv+sqlite;sqlite_type:TEXT;generator:scripts/build_static_web_mvp.py;DOCS1R_reuse=bounded,"definition_evidence=high; column semantics are code/header confirmed when explicit, otherwise value-inferred and not authoritative"
evidence_measurement,ref_id,identifier_or_cross_reference,identifier_or_identifier_list,not_applicable_or_embedded_in_raw_value,preserve_verbatim_no_overwrite,,blank_only,VAL_SCHEMA_COMPLETE;VAL_MISSING_EXPLICIT;VAL_IDENTIFIER_FORMAT,downloads_csv+release_zip_csv+sqlite,public_header:downloads_csv+release_zip_csv+sqlite;sqlite_type:TEXT;generator:scripts/build_static_web_mvp.py;DOCS1R_reuse=bounded,"definition_evidence=high; column semantics are code/header confirmed when explicit, otherwise value-inferred and not authoritative"
evidence_measurement,reported_item_count,normalized_or_derived,integer,count,derived_value_must_retain_source_field_rule_version_and_provenance,,blank_only,VAL_SCHEMA_COMPLETE;VAL_MISSING_EXPLICIT;VAL_NUMERIC_OR_UNIT,downloads_csv+release_zip_csv+sqlite,public_header:downloads_csv+release_zip_csv+sqlite;sqlite_type:INTEGER;generator:scripts/build_static_web_mvp.py;DOCS1R_reuse=bounded,"definition_evidence=high; column semantics are code/header confirmed when explicit, otherwise value-inferred and not authoritative"
evidence_measurement,reporting_item_states,status_or_classification,delimited_list_or_text,not_applicable_or_embedded_in_raw_value,preserve_verbatim_no_overwrite,,blank_or_explicit_sentinel,VAL_SCHEMA_COMPLETE;VAL_MISSING_EXPLICIT,downloads_csv+release_zip_csv+sqlite,public_header:downloads_csv+release_zip_csv+sqlite;sqlite_type:TEXT;generator:scripts/build_static_web_mvp.py;DOCS1R_reuse=bounded,"definition_evidence=high; column semantics are code/header confirmed when explicit, otherwise value-inferred and not authoritative"
evidence_measurement,required_item_count,normalized_or_derived,integer,count,derived_value_must_retain_source_field_rule_version_and_provenance,,blank_only,VAL_SCHEMA_COMPLETE;VAL_MISSING_EXPLICIT;VAL_NUMERIC_OR_UNIT,downloads_csv+release_zip_csv+sqlite,public_header:downloads_csv+release_zip_csv+sqlite;sqlite_type:INTEGER;generator:scripts/build_static_web_mvp.py;DOCS1R_reuse=bounded,"definition_evidence=high; column semantics are code/header confirmed when explicit, otherwise value-inferred and not authoritative"
evidence_measurement,residual_activity_percent,raw_measurement_or_source_reported_attribute,text,percent,preserve_verbatim_no_overwrite,,blank_or_explicit_sentinel,VAL_SCHEMA_COMPLETE;VAL_MISSING_EXPLICIT;VAL_NUMERIC_OR_UNIT;VAL_ZERO_001;VAL_RANGE_RESIDUAL_ACTIVITY_PERCENT,downloads_csv+release_zip_csv+sqlite,public_header:downloads_csv+release_zip_csv+sqlite;sqlite_type:TEXT;generator:scripts/build_static_web_mvp.py;DOCS1R_reuse=bounded,"definition_evidence=high; column semantics are code/header confirmed when explicit, otherwise value-inferred and not authoritative"
evidence_measurement,seq_id_no,descriptive_attribute,delimited_list_or_text,not_applicable_or_embedded_in_raw_value,preserve_verbatim_no_overwrite,,blank_or_explicit_sentinel,VAL_SCHEMA_COMPLETE;VAL_MISSING_EXPLICIT,downloads_csv+release_zip_csv+sqlite,public_header:downloads_csv+release_zip_csv+sqlite;sqlite_type:TEXT;generator:scripts/build_static_web_mvp.py;DOCS1R_reuse=bounded,"definition_evidence=high; column semantics are code/header confirmed when explicit, otherwise value-inferred and not authoritative"
evidence_measurement,sequence_length_aa,descriptive_attribute,text,amino_acid_count,preserve_verbatim_no_overwrite,,blank_or_explicit_sentinel,VAL_SCHEMA_COMPLETE;VAL_MISSING_EXPLICIT;VAL_NUMERIC_OR_UNIT,downloads_csv+release_zip_csv+sqlite,public_header:downloads_csv+release_zip_csv+sqlite;sqlite_type:TEXT;generator:scripts/build_static_web_mvp.py;DOCS1R_reuse=bounded,"definition_evidence=high; column semantics are code/header confirmed when explicit, otherwise value-inferred and not authoritative"
evidence_measurement,sequence_listing_id,identifier_or_cross_reference,sequence_or_sequence_reference,not_applicable_or_embedded_in_raw_value,preserve_verbatim_no_overwrite,,blank_or_explicit_sentinel,VAL_SCHEMA_COMPLETE;VAL_MISSING_EXPLICIT,downloads_csv+release_zip_csv+sqlite,public_header:downloads_csv+release_zip_csv+sqlite;sqlite_type:TEXT;generator:scripts/build_static_web_mvp.py;DOCS1R_reuse=bounded,"definition_evidence=high; column semantics are code/header confirmed when explicit, otherwise value-inferred and not authoritative"
evidence_measurement,sequence_md5,descriptive_attribute,text,not_applicable_or_embedded_in_raw_value,preserve_verbatim_no_overwrite,,blank_or_explicit_sentinel,VAL_SCHEMA_COMPLETE;VAL_MISSING_EXPLICIT,downloads_csv+release_zip_csv+sqlite,public_header:downloads_csv+release_zip_csv+sqlite;sqlite_type:TEXT;generator:scripts/build_static_web_mvp.py;DOCS1R_reuse=bounded,"definition_evidence=high; column semantics are code/header confirmed when explicit, otherwise value-inferred and not authoritative"
evidence_measurement,shaking_rpm,descriptive_attribute,enum_candidate,not_applicable_or_embedded_in_raw_value,preserve_verbatim_no_overwrite,VOC_EVIDENCE_MEASUREMENT_SHAKING_RPM,blank_or_explicit_sentinel,VAL_SCHEMA_COMPLETE;VAL_MISSING_EXPLICIT;VAL_ENUM_MEMBERSHIP,downloads_csv+release_zip_csv+sqlite,public_header:downloads_csv+release_zip_csv+sqlite;sqlite_type:TEXT;generator:scripts/build_static_web_mvp.py;DOCS1R_reuse=bounded,"definition_evidence=high; column semantics are code/header confirmed when explicit, otherwise value-inferred and not authoritative"
evidence_measurement,source_canonical_id,identifier_foreign_key,identifier_or_identifier_list,not_applicable_or_embedded_in_raw_value,preserve_verbatim_no_overwrite,,blank_only,VAL_SCHEMA_COMPLETE;VAL_MISSING_EXPLICIT;VAL_IDENTIFIER_FORMAT,downloads_csv+release_zip_csv+sqlite,public_header:downloads_csv+release_zip_csv+sqlite;sqlite_type:TEXT;generator:scripts/build_static_web_mvp.py;DOCS1R_reuse=bounded,"definition_evidence=high; column semantics are code/header confirmed when explicit, otherwise value-inferred and not authoritative"
evidence_measurement,source_database,provenance,delimited_list_or_text,not_applicable_or_embedded_in_raw_value,preserve_verbatim_no_overwrite,,blank_or_explicit_sentinel,VAL_SCHEMA_COMPLETE;VAL_MISSING_EXPLICIT,downloads_csv+release_zip_csv+sqlite,public_header:downloads_csv+release_zip_csv+sqlite;sqlite_type:TEXT;generator:scripts/build_static_web_mvp.py;DOCS1R_reuse=bounded,"definition_evidence=high; column semantics are code/header confirmed when explicit, otherwise value-inferred and not authoritative"
evidence_measurement,source_figure_table_id,identifier_or_cross_reference,identifier_or_identifier_list,not_applicable_or_embedded_in_raw_value,preserve_verbatim_no_overwrite,,blank_only,VAL_SCHEMA_COMPLETE;VAL_MISSING_EXPLICIT;VAL_IDENTIFIER_FORMAT,downloads_csv+release_zip_csv+sqlite,public_header:downloads_csv+release_zip_csv+sqlite;sqlite_type:TEXT;generator:scripts/build_static_web_mvp.py;DOCS1R_reuse=bounded,"definition_evidence=high; column semantics are code/header confirmed when explicit, otherwise value-inferred and not authoritative"
evidence_measurement,source_key,provenance,text,not_applicable_or_embedded_in_raw_value,preserve_verbatim_no_overwrite,,blank_or_explicit_sentinel,VAL_SCHEMA_COMPLETE;VAL_MISSING_EXPLICIT,downloads_csv+release_zip_csv+sqlite,public_header:downloads_csv+release_zip_csv+sqlite;sqlite_type:TEXT;generator:scripts/build_static_web_mvp.py;DOCS1R_reuse=bounded,"definition_evidence=high; column semantics are code/header confirmed when explicit, otherwise value-inferred and not authoritative"
evidence_measurement,source_layer,provenance,enum_candidate,not_applicable_or_embedded_in_raw_value,preserve_verbatim_no_overwrite,VOC_EVIDENCE_MEASUREMENT_SOURCE_LAYER,blank_or_explicit_sentinel,VAL_SCHEMA_COMPLETE;VAL_MISSING_EXPLICIT;VAL_ENUM_MEMBERSHIP,downloads_csv+release_zip_csv+sqlite,public_header:downloads_csv+release_zip_csv+sqlite;sqlite_type:TEXT;generator:scripts/build_static_web_mvp.py;DOCS1R_reuse=bounded,"definition_evidence=high; column semantics are code/header confirmed when explicit, otherwise value-inferred and not authoritative"
evidence_measurement,source_species,provenance,text,not_applicable_or_embedded_in_raw_value,preserve_verbatim_no_overwrite,,blank_or_explicit_sentinel,VAL_SCHEMA_COMPLETE;VAL_MISSING_EXPLICIT,downloads_csv+release_zip_csv+sqlite,public_header:downloads_csv+release_zip_csv+sqlite;sqlite_type:TEXT;generator:scripts/build_static_web_mvp.py;DOCS1R_reuse=bounded,"definition_evidence=high; column semantics are code/header confirmed when explicit, otherwise value-inferred and not authoritative"
evidence_measurement,source_type,provenance,enum_candidate,not_applicable_or_embedded_in_raw_value,preserve_verbatim_no_overwrite,VOC_EVIDENCE_MEASUREMENT_SOURCE_TYPE,blank_or_explicit_sentinel,VAL_SCHEMA_COMPLETE;VAL_MISSING_EXPLICIT;VAL_ENUM_MEMBERSHIP,downloads_csv+release_zip_csv+sqlite,public_header:downloads_csv+release_zip_csv+sqlite;sqlite_type:TEXT;generator:scripts/build_static_web_mvp.py;DOCS1R_reuse=bounded,"definition_evidence=high; column semantics are code/header confirmed when explicit, otherwise value-inferred and not authoritative"
evidence_measurement,source_url,provenance,url,not_applicable_or_embedded_in_raw_value,preserve_verbatim_no_overwrite,,blank_or_explicit_sentinel,VAL_SCHEMA_COMPLETE;VAL_MISSING_EXPLICIT,downloads_csv+release_zip_csv+sqlite,public_header:downloads_csv+release_zip_csv+sqlite;sqlite_type:TEXT;generator:scripts/build_static_web_mvp.py;DOCS1R_reuse=bounded,"definition_evidence=high; column semantics are code/header confirmed when explicit, otherwise value-inferred and not authoritative"
evidence_measurement,structure_modeling_readiness,descriptive_attribute,enum_candidate,not_applicable_or_embedded_in_raw_value,preserve_verbatim_no_overwrite,VOC_EVIDENCE_MEASUREMENT_STRUCTURE_MODELING_READINESS,blank_or_explicit_sentinel,VAL_SCHEMA_COMPLETE;VAL_MISSING_EXPLICIT;VAL_ENUM_MEMBERSHIP,downloads_csv+release_zip_csv+sqlite,public_header:downloads_csv+release_zip_csv+sqlite;sqlite_type:TEXT;generator:scripts/build_static_web_mvp.py;DOCS1R_reuse=bounded,"definition_evidence=high; column semantics are code/header confirmed when explicit, otherwise value-inferred and not authoritative"
evidence_measurement,substrate_conc_unit,descriptive_attribute,text,not_applicable_or_embedded_in_raw_value,preserve_verbatim_no_overwrite,,blank_or_explicit_sentinel,VAL_SCHEMA_COMPLETE;VAL_MISSING_EXPLICIT,downloads_csv+release_zip_csv+sqlite,public_header:downloads_csv+release_zip_csv+sqlite;sqlite_type:TEXT;generator:scripts/build_static_web_mvp.py;DOCS1R_reuse=bounded,"definition_evidence=high; column semantics are code/header confirmed when explicit, otherwise value-inferred and not authoritative"
evidence_measurement,substrate_conc_value,descriptive_attribute,text,not_applicable_or_embedded_in_raw_value,preserve_verbatim_no_overwrite,,blank_or_explicit_sentinel,VAL_SCHEMA_COMPLETE;VAL_MISSING_EXPLICIT,downloads_csv+release_zip_csv+sqlite,public_header:downloads_csv+release_zip_csv+sqlite;sqlite_type:TEXT;generator:scripts/build_static_web_mvp.py;DOCS1R_reuse=bounded,"definition_evidence=high; column semantics are code/header confirmed when explicit, otherwise value-inferred and not authoritative"
evidence_measurement,tier_2b,status_or_classification,enum_candidate,not_applicable_or_embedded_in_raw_value,preserve_verbatim_no_overwrite,VOC_EVIDENCE_MEASUREMENT_TIER_2B,blank_or_explicit_sentinel,VAL_SCHEMA_COMPLETE;VAL_MISSING_EXPLICIT;VAL_ENUM_MEMBERSHIP,downloads_csv+release_zip_csv+sqlite,public_header:downloads_csv+release_zip_csv+sqlite;sqlite_type:TEXT;generator:scripts/build_static_web_mvp.py;DOCS1R_reuse=bounded,"definition_evidence=high; column semantics are code/header confirmed when explicit, otherwise value-inferred and not authoritative"
evidence_measurement,time_series_available,descriptive_attribute,boolean_token,not_applicable_or_embedded_in_raw_value,preserve_verbatim_no_overwrite,VOC_EVIDENCE_MEASUREMENT_TIME_SERIES_AVAILABLE,blank_only,VAL_SCHEMA_COMPLETE;VAL_MISSING_EXPLICIT;VAL_ENUM_MEMBERSHIP,downloads_csv+release_zip_csv+sqlite,public_header:downloads_csv+release_zip_csv+sqlite;sqlite_type:TEXT;generator:scripts/build_static_web_mvp.py;DOCS1R_reuse=bounded,"definition_evidence=high; column semantics are code/header confirmed when explicit, otherwise value-inferred and not authoritative"
evidence_measurement,uncertainty_basis,descriptive_attribute,enum_candidate,not_applicable_or_embedded_in_raw_value,preserve_verbatim_no_overwrite,VOC_EVIDENCE_MEASUREMENT_UNCERTAINTY_BASIS,blank_or_explicit_sentinel,VAL_SCHEMA_COMPLETE;VAL_MISSING_EXPLICIT;VAL_ENUM_MEMBERSHIP,downloads_csv+release_zip_csv+sqlite,public_header:downloads_csv+release_zip_csv+sqlite;sqlite_type:TEXT;generator:scripts/build_static_web_mvp.py;DOCS1R_reuse=bounded,"definition_evidence=high; column semantics are code/header confirmed when explicit, otherwise value-inferred and not authoritative"
evidence_measurement,uniprot_id,identifier_or_cross_reference,identifier_or_identifier_list,not_applicable_or_embedded_in_raw_value,preserve_verbatim_no_overwrite,,blank_only,VAL_SCHEMA_COMPLETE;VAL_MISSING_EXPLICIT;VAL_IDENTIFIER_FORMAT,downloads_csv+release_zip_csv+sqlite,public_header:downloads_csv+release_zip_csv+sqlite;sqlite_type:TEXT;generator:scripts/build_static_web_mvp.py;DOCS1R_reuse=bounded,"definition_evidence=high; column semantics are code/header confirmed when explicit, otherwise value-inferred and not authoritative"
evidence_measurement,unit_conversion_factor,descriptive_attribute,enum_candidate,not_applicable_or_embedded_in_raw_value,preserve_verbatim_no_overwrite,VOC_EVIDENCE_MEASUREMENT_UNIT_CONVERSION_FACTOR,blank_or_explicit_sentinel,VAL_SCHEMA_COMPLETE;VAL_MISSING_EXPLICIT;VAL_ENUM_MEMBERSHIP,downloads_csv+release_zip_csv+sqlite,public_header:downloads_csv+release_zip_csv+sqlite;sqlite_type:TEXT;generator:scripts/build_static_web_mvp.py;DOCS1R_reuse=bounded,"definition_evidence=high; column semantics are code/header confirmed when explicit, otherwise value-inferred and not authoritative"
evidence_measurement,value_uncertainty_pp,descriptive_attribute,enum_candidate,not_applicable_or_embedded_in_raw_value,preserve_verbatim_no_overwrite,VOC_EVIDENCE_MEASUREMENT_VALUE_UNCERTAINTY_PP,blank_or_explicit_sentinel,VAL_SCHEMA_COMPLETE;VAL_MISSING_EXPLICIT;VAL_ENUM_MEMBERSHIP,downloads_csv+release_zip_csv+sqlite,public_header:downloads_csv+release_zip_csv+sqlite;sqlite_type:TEXT;generator:scripts/build_static_web_mvp.py;DOCS1R_reuse=bounded,"definition_evidence=high; column semantics are code/header confirmed when explicit, otherwise value-inferred and not authoritative"
global_search_index,datasette_path,public_display_or_internal_archive,path,not_applicable_or_embedded_in_raw_value,preserve_verbatim_no_overwrite,,blank_or_explicit_sentinel,VAL_SCHEMA_COMPLETE;VAL_MISSING_EXPLICIT,sqlite,public_header:sqlite;sqlite_type:TEXT;generator:scripts/build_static_web_mvp.py;DOCS1R_reuse=bounded,"definition_evidence=high; column semantics are code/header confirmed when explicit, otherwise value-inferred and not authoritative"
global_search_index,entity_id,identifier_or_cross_reference,identifier_or_identifier_list,not_applicable_or_embedded_in_raw_value,preserve_verbatim_no_overwrite,,blank_only,VAL_SCHEMA_COMPLETE;VAL_MISSING_EXPLICIT;VAL_IDENTIFIER_FORMAT,sqlite,public_header:sqlite;sqlite_type:TEXT;generator:scripts/build_static_web_mvp.py;DOCS1R_reuse=bounded,"definition_evidence=high; column semantics are code/header confirmed when explicit, otherwise value-inferred and not authoritative"
global_search_index,entity_type,public_display_or_internal_archive,enum_candidate,not_applicable_or_embedded_in_raw_value,preserve_verbatim_no_overwrite,VOC_GLOBAL_SEARCH_INDEX_ENTITY_TYPE,blank_or_explicit_sentinel,VAL_SCHEMA_COMPLETE;VAL_MISSING_EXPLICIT;VAL_ENUM_MEMBERSHIP,sqlite,public_header:sqlite;sqlite_type:TEXT;generator:scripts/build_static_web_mvp.py;DOCS1R_reuse=bounded,"definition_evidence=high; column semantics are code/header confirmed when explicit, otherwise value-inferred and not authoritative"
global_search_index,label,public_display_or_internal_archive,text,not_applicable_or_embedded_in_raw_value,preserve_verbatim_no_overwrite,,blank_or_explicit_sentinel,VAL_SCHEMA_COMPLETE;VAL_MISSING_EXPLICIT,sqlite,public_header:sqlite;sqlite_type:TEXT;generator:scripts/build_static_web_mvp.py;DOCS1R_reuse=bounded,"definition_evidence=high; column semantics are code/header confirmed when explicit, otherwise value-inferred and not authoritative"
global_search_index,page_id,identifier_or_cross_reference,identifier_or_identifier_list,not_applicable_or_embedded_in_raw_value,preserve_verbatim_no_overwrite,,blank_only,VAL_SCHEMA_COMPLETE;VAL_MISSING_EXPLICIT;VAL_IDENTIFIER_FORMAT,sqlite,public_header:sqlite;sqlite_type:TEXT;generator:scripts/build_static_web_mvp.py;DOCS1R_reuse=bounded,"definition_evidence=high; column semantics are code/header confirmed when explicit, otherwise value-inferred and not authoritative"
global_search_index,search_text,public_display_or_internal_archive,delimited_list_or_text,not_applicable_or_embedded_in_raw_value,preserve_verbatim_no_overwrite,,blank_or_explicit_sentinel,VAL_SCHEMA_COMPLETE;VAL_MISSING_EXPLICIT,sqlite,public_header:sqlite;sqlite_type:TEXT;generator:scripts/build_static_web_mvp.py;DOCS1R_reuse=bounded,"definition_evidence=high; column semantics are code/header confirmed when explicit, otherwise value-inferred and not authoritative"
global_search_index,static_path,public_display_or_internal_archive,path,not_applicable_or_embedded_in_raw_value,preserve_verbatim_no_overwrite,,blank_or_explicit_sentinel,VAL_SCHEMA_COMPLETE;VAL_MISSING_EXPLICIT,sqlite,public_header:sqlite;sqlite_type:TEXT;generator:scripts/build_static_web_mvp.py;DOCS1R_reuse=bounded,"definition_evidence=high; column semantics are code/header confirmed when explicit, otherwise value-inferred and not authoritative"
global_search_index,subtitle,public_display_or_internal_archive,text,not_applicable_or_embedded_in_raw_value,preserve_verbatim_no_overwrite,,blank_or_explicit_sentinel,VAL_SCHEMA_COMPLETE;VAL_MISSING_EXPLICIT,sqlite,public_header:sqlite;sqlite_type:TEXT;generator:scripts/build_static_web_mvp.py;DOCS1R_reuse=bounded,"definition_evidence=high; column semantics are code/header confirmed when explicit, otherwise value-inferred and not authoritative"
homepage_stats,canonical_enzyme_count,normalized_or_derived,integer,count,derived_value_must_retain_source_field_rule_version_and_provenance,,blank_only,VAL_SCHEMA_COMPLETE;VAL_MISSING_EXPLICIT;VAL_NUMERIC_OR_UNIT,sqlite,public_header:sqlite;sqlite_type:INTEGER;generator:scripts/build_static_web_mvp.py;DOCS1R_reuse=bounded,"definition_evidence=high; column semantics are code/header confirmed when explicit, otherwise value-inferred and not authoritative"
homepage_stats,condition_response_construct_count,normalized_or_derived,integer,count,derived_value_must_retain_source_field_rule_version_and_provenance,,blank_only,VAL_SCHEMA_COMPLETE;VAL_MISSING_EXPLICIT;VAL_NUMERIC_OR_UNIT,sqlite,public_header:sqlite;sqlite_type:INTEGER;generator:scripts/build_static_web_mvp.py;DOCS1R_reuse=bounded,"definition_evidence=high; column semantics are code/header confirmed when explicit, otherwise value-inferred and not authoritative"
homepage_stats,condition_response_count,normalized_or_derived,integer,count,derived_value_must_retain_source_field_rule_version_and_provenance,,blank_only,VAL_SCHEMA_COMPLETE;VAL_MISSING_EXPLICIT;VAL_NUMERIC_OR_UNIT,sqlite,public_header:sqlite;sqlite_type:INTEGER;generator:scripts/build_static_web_mvp.py;DOCS1R_reuse=bounded,"definition_evidence=high; column semantics are code/header confirmed when explicit, otherwise value-inferred and not authoritative"
homepage_stats,condition_response_point_count,normalized_or_derived,integer,count,derived_value_must_retain_source_field_rule_version_and_provenance,,blank_only,VAL_SCHEMA_COMPLETE;VAL_MISSING_EXPLICIT;VAL_NUMERIC_OR_UNIT,sqlite,public_header:sqlite;sqlite_type:INTEGER;generator:scripts/build_static_web_mvp.py;DOCS1R_reuse=bounded,"definition_evidence=high; column semantics are code/header confirmed when explicit, otherwise value-inferred and not authoritative"
homepage_stats,condition_response_source_count,provenance,integer,count,preserve_verbatim_no_overwrite,,blank_only,VAL_SCHEMA_COMPLETE;VAL_MISSING_EXPLICIT;VAL_NUMERIC_OR_UNIT,sqlite,public_header:sqlite;sqlite_type:INTEGER;generator:scripts/build_static_web_mvp.py;DOCS1R_reuse=bounded,"definition_evidence=high; column semantics are code/header confirmed when explicit, otherwise value-inferred and not authoritative"
homepage_stats,cross_source_groups_over_30_count,provenance,integer,count,preserve_verbatim_no_overwrite,,blank_only,VAL_SCHEMA_COMPLETE;VAL_MISSING_EXPLICIT;VAL_NUMERIC_OR_UNIT,sqlite,public_header:sqlite;sqlite_type:INTEGER;generator:scripts/build_static_web_mvp.py;DOCS1R_reuse=bounded,"definition_evidence=high; column semantics are code/header confirmed when explicit, otherwise value-inferred and not authoritative"
homepage_stats,cross_source_matched_group_count,provenance,integer,count,preserve_verbatim_no_overwrite,,blank_only,VAL_SCHEMA_COMPLETE;VAL_MISSING_EXPLICIT;VAL_NUMERIC_OR_UNIT,sqlite,public_header:sqlite;sqlite_type:INTEGER;generator:scripts/build_static_web_mvp.py;DOCS1R_reuse=bounded,"definition_evidence=high; column semantics are code/header confirmed when explicit, otherwise value-inferred and not authoritative"
homepage_stats,cross_source_max_spread_context,provenance,enum_candidate,not_applicable_or_embedded_in_raw_value,preserve_verbatim_no_overwrite,VOC_HOMEPAGE_STATS_CROSS_SOURCE_MAX_SPREAD_CONTEXT,blank_or_explicit_sentinel,VAL_SCHEMA_COMPLETE;VAL_MISSING_EXPLICIT;VAL_ENUM_MEMBERSHIP,sqlite,public_header:sqlite;sqlite_type:TEXT;generator:scripts/build_static_web_mvp.py;DOCS1R_reuse=bounded,"definition_evidence=high; column semantics are code/header confirmed when explicit, otherwise value-inferred and not authoritative"
homepage_stats,cross_source_max_spread_display,provenance,integer,not_applicable_or_embedded_in_raw_value,preserve_verbatim_no_overwrite,,blank_only,VAL_SCHEMA_COMPLETE;VAL_MISSING_EXPLICIT;VAL_NUMERIC_OR_UNIT,sqlite,public_header:sqlite;sqlite_type:INTEGER;generator:scripts/build_static_web_mvp.py;DOCS1R_reuse=bounded,"definition_evidence=high; column semantics are code/header confirmed when explicit, otherwise value-inferred and not authoritative"
homepage_stats,cross_source_max_spread_pp,provenance,integer,not_applicable_or_embedded_in_raw_value,preserve_verbatim_no_overwrite,,blank_only,VAL_SCHEMA_COMPLETE;VAL_MISSING_EXPLICIT;VAL_NUMERIC_OR_UNIT,sqlite,public_header:sqlite;sqlite_type:INTEGER;generator:scripts/build_static_web_mvp.py;DOCS1R_reuse=bounded,"definition_evidence=high; column semantics are code/header confirmed when explicit, otherwise value-inferred and not authoritative"
homepage_stats,data_version,public_display_or_internal_archive,enum_candidate,not_applicable_or_embedded_in_raw_value,preserve_verbatim_no_overwrite,VOC_HOMEPAGE_STATS_DATA_VERSION,blank_or_explicit_sentinel,VAL_SCHEMA_COMPLETE;VAL_MISSING_EXPLICIT;VAL_ENUM_MEMBERSHIP,sqlite,public_header:sqlite;sqlite_type:TEXT;generator:scripts/build_static_web_mvp.py;DOCS1R_reuse=bounded,"definition_evidence=high; column semantics are code/header confirmed when explicit, otherwise value-inferred and not authoritative"
homepage_stats,direct_intrinsic_source_count,provenance,integer,count,preserve_verbatim_no_overwrite,,blank_only,VAL_SCHEMA_COMPLETE;VAL_MISSING_EXPLICIT;VAL_NUMERIC_OR_UNIT,sqlite,public_header:sqlite;sqlite_type:INTEGER;generator:scripts/build_static_web_mvp.py;DOCS1R_reuse=bounded,"definition_evidence=high; column semantics are code/header confirmed when explicit, otherwise value-inferred and not authoritative"
homepage_stats,evidence_row_count,normalized_or_derived,integer,count,derived_value_must_retain_source_field_rule_version_and_provenance,,blank_only,VAL_SCHEMA_COMPLETE;VAL_MISSING_EXPLICIT;VAL_NUMERIC_OR_UNIT,sqlite,public_header:sqlite;sqlite_type:INTEGER;generator:scripts/build_static_web_mvp.py;DOCS1R_reuse=bounded,"definition_evidence=high; column semantics are code/header confirmed when explicit, otherwise value-inferred and not authoritative"
homepage_stats,f9_tier_counts,status_or_classification,enum_candidate,count,preserve_verbatim_no_overwrite,VOC_HOMEPAGE_STATS_F9_TIER_COUNTS,blank_or_explicit_sentinel,VAL_SCHEMA_COMPLETE;VAL_MISSING_EXPLICIT;VAL_NUMERIC_OR_UNIT;VAL_ENUM_MEMBERSHIP,sqlite,public_header:sqlite;sqlite_type:TEXT;generator:scripts/build_static_web_mvp.py;DOCS1R_reuse=bounded,"definition_evidence=high; column semantics are code/header confirmed when explicit, otherwise value-inferred and not authoritative"
homepage_stats,f9_tier_evidence_absent_count,status_or_classification,integer,count,preserve_verbatim_no_overwrite,,blank_only,VAL_SCHEMA_COMPLETE;VAL_MISSING_EXPLICIT;VAL_NUMERIC_OR_UNIT,sqlite,public_header:sqlite;sqlite_type:INTEGER;generator:scripts/build_static_web_mvp.py;DOCS1R_reuse=bounded,"definition_evidence=high; column semantics are code/header confirmed when explicit, otherwise value-inferred and not authoritative"
homepage_stats,f9_tier_evidence_moderate_count,status_or_classification,integer,count,preserve_verbatim_no_overwrite,,blank_only,VAL_SCHEMA_COMPLETE;VAL_MISSING_EXPLICIT;VAL_NUMERIC_OR_UNIT,sqlite,public_header:sqlite;sqlite_type:INTEGER;generator:scripts/build_static_web_mvp.py;DOCS1R_reuse=bounded,"definition_evidence=high; column semantics are code/header confirmed when explicit, otherwise value-inferred and not authoritative"
homepage_stats,f9_tier_evidence_rich_count,status_or_classification,integer,count,preserve_verbatim_no_overwrite,,blank_only,VAL_SCHEMA_COMPLETE;VAL_MISSING_EXPLICIT;VAL_NUMERIC_OR_UNIT,sqlite,public_header:sqlite;sqlite_type:INTEGER;generator:scripts/build_static_web_mvp.py;DOCS1R_reuse=bounded,"definition_evidence=high; column semantics are code/header confirmed when explicit, otherwise value-inferred and not authoritative"
homepage_stats,f9_tier_evidence_sparse_count,status_or_classification,integer,count,preserve_verbatim_no_overwrite,,blank_only,VAL_SCHEMA_COMPLETE;VAL_MISSING_EXPLICIT;VAL_NUMERIC_OR_UNIT,sqlite,public_header:sqlite;sqlite_type:INTEGER;generator:scripts/build_static_web_mvp.py;DOCS1R_reuse=bounded,"definition_evidence=high; column semantics are code/header confirmed when explicit, otherwise value-inferred and not authoritative"
homepage_stats,linked_without_reliable_observation_count,normalized_or_derived,integer,count,derived_value_must_retain_source_field_rule_version_and_provenance,,blank_only,VAL_SCHEMA_COMPLETE;VAL_MISSING_EXPLICIT;VAL_NUMERIC_OR_UNIT,sqlite,public_header:sqlite;sqlite_type:INTEGER;generator:scripts/build_static_web_mvp.py;DOCS1R_reuse=bounded,"definition_evidence=high; column semantics are code/header confirmed when explicit, otherwise value-inferred and not authoritative"
homepage_stats,literature_source_count,provenance,integer,count,preserve_verbatim_no_overwrite,,blank_only,VAL_SCHEMA_COMPLETE;VAL_MISSING_EXPLICIT;VAL_NUMERIC_OR_UNIT,sqlite,public_header:sqlite;sqlite_type:INTEGER;generator:scripts/build_static_web_mvp.py;DOCS1R_reuse=bounded,"definition_evidence=high; column semantics are code/header confirmed when explicit, otherwise value-inferred and not authoritative"
homepage_stats,no_public_governance_record_count,normalized_or_derived,integer,count,derived_value_must_retain_source_field_rule_version_and_provenance,,blank_only,VAL_SCHEMA_COMPLETE;VAL_MISSING_EXPLICIT;VAL_NUMERIC_OR_UNIT,sqlite,public_header:sqlite;sqlite_type:INTEGER;generator:scripts/build_static_web_mvp.py;DOCS1R_reuse=bounded,"definition_evidence=high; column semantics are code/header confirmed when explicit, otherwise value-inferred and not authoritative"
homepage_stats,p4a_family_headline,public_display_or_internal_archive,enum_candidate,not_applicable_or_embedded_in_raw_value,preserve_verbatim_no_overwrite,VOC_HOMEPAGE_STATS_P4A_FAMILY_HEADLINE,blank_or_explicit_sentinel,VAL_SCHEMA_COMPLETE;VAL_MISSING_EXPLICIT;VAL_ENUM_MEMBERSHIP,sqlite,public_header:sqlite;sqlite_type:TEXT;generator:scripts/build_static_web_mvp.py;DOCS1R_reuse=bounded,"definition_evidence=high; column semantics are code/header confirmed when explicit, otherwise value-inferred and not authoritative"
homepage_stats,patent_family_count,normalized_or_derived,integer,count,derived_value_must_retain_source_field_rule_version_and_provenance,,blank_only,VAL_SCHEMA_COMPLETE;VAL_MISSING_EXPLICIT;VAL_NUMERIC_OR_UNIT,sqlite,public_header:sqlite;sqlite_type:INTEGER;generator:scripts/build_static_web_mvp.py;DOCS1R_reuse=bounded,"definition_evidence=high; column semantics are code/header confirmed when explicit, otherwise value-inferred and not authoritative"
homepage_stats,protocol_unit_count,normalized_or_derived,integer,count,derived_value_must_retain_source_field_rule_version_and_provenance,,blank_only,VAL_SCHEMA_COMPLETE;VAL_MISSING_EXPLICIT;VAL_NUMERIC_OR_UNIT,sqlite,public_header:sqlite;sqlite_type:INTEGER;generator:scripts/build_static_web_mvp.py;DOCS1R_reuse=bounded,"definition_evidence=high; column semantics are code/header confirmed when explicit, otherwise value-inferred and not authoritative"
homepage_stats,registry_literature_breadth,public_display_or_internal_archive,integer,not_applicable_or_embedded_in_raw_value,preserve_verbatim_no_overwrite,,blank_only,VAL_SCHEMA_COMPLETE;VAL_MISSING_EXPLICIT;VAL_NUMERIC_OR_UNIT,sqlite,public_header:sqlite;sqlite_type:INTEGER;generator:scripts/build_static_web_mvp.py;DOCS1R_reuse=bounded,"definition_evidence=high; column semantics are code/header confirmed when explicit, otherwise value-inferred and not authoritative"
homepage_stats,reliable_public_observation_count,normalized_or_derived,integer,count,derived_value_must_retain_source_field_rule_version_and_provenance,,blank_only,VAL_SCHEMA_COMPLETE;VAL_MISSING_EXPLICIT;VAL_NUMERIC_OR_UNIT,sqlite,public_header:sqlite;sqlite_type:INTEGER;generator:scripts/build_static_web_mvp.py;DOCS1R_reuse=bounded,"definition_evidence=high; column semantics are code/header confirmed when explicit, otherwise value-inferred and not authoritative"
homepage_stats,representative_page_count,normalized_or_derived,integer,count,derived_value_must_retain_source_field_rule_version_and_provenance,,blank_only,VAL_SCHEMA_COMPLETE;VAL_MISSING_EXPLICIT;VAL_NUMERIC_OR_UNIT,sqlite,public_header:sqlite;sqlite_type:INTEGER;generator:scripts/build_static_web_mvp.py;DOCS1R_reuse=bounded,"definition_evidence=high; column semantics are code/header confirmed when explicit, otherwise value-inferred and not authoritative"
homepage_stats,source_reference_count,provenance,integer,count,preserve_verbatim_no_overwrite,,blank_only,VAL_SCHEMA_COMPLETE;VAL_MISSING_EXPLICIT;VAL_NUMERIC_OR_UNIT,sqlite,public_header:sqlite;sqlite_type:INTEGER;generator:scripts/build_static_web_mvp.py;DOCS1R_reuse=bounded,"definition_evidence=high; column semantics are code/header confirmed when explicit, otherwise value-inferred and not authoritative"
homepage_stats,species_tendency_rows,public_display_or_internal_archive,delimited_list_or_text,not_applicable_or_embedded_in_raw_value,preserve_verbatim_no_overwrite,,blank_or_explicit_sentinel,VAL_SCHEMA_COMPLETE;VAL_MISSING_EXPLICIT,sqlite,public_header:sqlite;sqlite_type:TEXT;generator:scripts/build_static_web_mvp.py;DOCS1R_reuse=bounded,"definition_evidence=high; column semantics are code/header confirmed when explicit, otherwise value-inferred and not authoritative"
homepage_stats,structure_ready_count,normalized_or_derived,integer,count,derived_value_must_retain_source_field_rule_version_and_provenance,,blank_only,VAL_SCHEMA_COMPLETE;VAL_MISSING_EXPLICIT;VAL_NUMERIC_OR_UNIT,sqlite,public_header:sqlite;sqlite_type:INTEGER;generator:scripts/build_static_web_mvp.py;DOCS1R_reuse=bounded,"definition_evidence=high; column semantics are code/header confirmed when explicit, otherwise value-inferred and not authoritative"
homepage_stats,variant_count,normalized_or_derived,integer,count,derived_value_must_retain_source_field_rule_version_and_provenance,,blank_only,VAL_SCHEMA_COMPLETE;VAL_MISSING_EXPLICIT;VAL_NUMERIC_OR_UNIT,sqlite,public_header:sqlite;sqlite_type:INTEGER;generator:scripts/build_static_web_mvp.py;DOCS1R_reuse=bounded,"definition_evidence=high; column semantics are code/header confirmed when explicit, otherwise value-inferred and not authoritative"
measurement_evidence,A0_condition_matched_to_readout,descriptive_attribute,enum_candidate,not_applicable_or_embedded_in_raw_value,preserve_verbatim_no_overwrite,VOC_MEASUREMENT_EVIDENCE_A0_CONDITION_MATCHED_TO_READOUT,blank_or_explicit_sentinel,VAL_SCHEMA_COMPLETE;VAL_MISSING_EXPLICIT;VAL_ENUM_MEMBERSHIP,sqlite,public_header:sqlite;sqlite_type:TEXT;generator:scripts/build_static_web_mvp.py;DOCS1R_reuse=bounded,"definition_evidence=high; column semantics are code/header confirmed when explicit, otherwise value-inferred and not authoritative"
measurement_evidence,A0_cv_percent,descriptive_attribute,enum_candidate,percent,preserve_verbatim_no_overwrite,VOC_MEASUREMENT_EVIDENCE_A0_CV_PERCENT,blank_or_explicit_sentinel,VAL_SCHEMA_COMPLETE;VAL_MISSING_EXPLICIT;VAL_NUMERIC_OR_UNIT;VAL_ENUM_MEMBERSHIP,sqlite,public_header:sqlite;sqlite_type:TEXT;generator:scripts/build_static_web_mvp.py;DOCS1R_reuse=bounded,"definition_evidence=high; column semantics are code/header confirmed when explicit, otherwise value-inferred and not authoritative"
measurement_evidence,A0_replicate_n,descriptive_attribute,integer,not_applicable_or_embedded_in_raw_value,preserve_verbatim_no_overwrite,,blank_only,VAL_SCHEMA_COMPLETE;VAL_MISSING_EXPLICIT;VAL_NUMERIC_OR_UNIT,sqlite,public_header:sqlite;sqlite_type:INTEGER;generator:scripts/build_static_web_mvp.py;DOCS1R_reuse=bounded,"definition_evidence=high; column semantics are code/header confirmed when explicit, otherwise value-inferred and not authoritative"
measurement_evidence,A0_same_batch_as_challenge,descriptive_attribute,boolean_token,not_applicable_or_embedded_in_raw_value,preserve_verbatim_no_overwrite,VOC_MEASUREMENT_EVIDENCE_A0_SAME_BATCH_AS_CHALLENGE,blank_only,VAL_SCHEMA_COMPLETE;VAL_MISSING_EXPLICIT;VAL_ENUM_MEMBERSHIP,sqlite,public_header:sqlite;sqlite_type:TEXT;generator:scripts/build_static_web_mvp.py;DOCS1R_reuse=bounded,"definition_evidence=high; column semantics are code/header confirmed when explicit, otherwise value-inferred and not authoritative"
measurement_evidence,A0_source,descriptive_attribute,text,not_applicable_or_embedded_in_raw_value,preserve_verbatim_no_overwrite,,blank_or_explicit_sentinel,VAL_SCHEMA_COMPLETE;VAL_MISSING_EXPLICIT,sqlite,public_header:sqlite;sqlite_type:TEXT;generator:scripts/build_static_web_mvp.py;DOCS1R_reuse=bounded,"definition_evidence=high; column semantics are code/header confirmed when explicit, otherwise value-inferred and not authoritative"
measurement_evidence,D_obs_unreliable,descriptive_attribute,boolean_token,not_applicable_or_embedded_in_raw_value,preserve_verbatim_no_overwrite,VOC_MEASUREMENT_EVIDENCE_D_OBS_UNRELIABLE,blank_only,VAL_SCHEMA_COMPLETE;VAL_MISSING_EXPLICIT;VAL_ENUM_MEMBERSHIP,sqlite,public_header:sqlite;sqlite_type:TEXT;generator:scripts/build_static_web_mvp.py;DOCS1R_reuse=bounded,"definition_evidence=high; column semantics are code/header confirmed when explicit, otherwise value-inferred and not authoritative"
measurement_evidence,activity_assay_method,descriptive_attribute,text,not_applicable_or_embedded_in_raw_value,preserve_verbatim_no_overwrite,,blank_or_explicit_sentinel,VAL_SCHEMA_COMPLETE;VAL_MISSING_EXPLICIT,sqlite,public_header:sqlite;sqlite_type:TEXT;generator:scripts/build_static_web_mvp.py;DOCS1R_reuse=bounded,"definition_evidence=high; column semantics are code/header confirmed when explicit, otherwise value-inferred and not authoritative"
measurement_evidence,assay_buffer_system,descriptive_attribute,text,not_applicable_or_embedded_in_raw_value,preserve_verbatim_no_overwrite,,blank_or_explicit_sentinel,VAL_SCHEMA_COMPLETE;VAL_MISSING_EXPLICIT,sqlite,public_header:sqlite;sqlite_type:TEXT;generator:scripts/build_static_web_mvp.py;DOCS1R_reuse=bounded,"definition_evidence=high; column semantics are code/header confirmed when explicit, otherwise value-inferred and not authoritative"
measurement_evidence,assay_comparability_flag,status_or_classification,enum_candidate,not_applicable_or_embedded_in_raw_value,preserve_verbatim_no_overwrite,VOC_MEASUREMENT_EVIDENCE_ASSAY_COMPARABILITY_FLAG,blank_or_explicit_sentinel,VAL_SCHEMA_COMPLETE;VAL_MISSING_EXPLICIT;VAL_ENUM_MEMBERSHIP,sqlite,public_header:sqlite;sqlite_type:TEXT;generator:scripts/build_static_web_mvp.py;DOCS1R_reuse=bounded,"definition_evidence=high; column semantics are code/header confirmed when explicit, otherwise value-inferred and not authoritative"
measurement_evidence,assay_contains_challenge_solvent,descriptive_attribute,enum_candidate,not_applicable_or_embedded_in_raw_value,preserve_verbatim_no_overwrite,VOC_MEASUREMENT_EVIDENCE_ASSAY_CONTAINS_CHALLENGE_SOLVENT,blank_or_explicit_sentinel,VAL_SCHEMA_COMPLETE;VAL_MISSING_EXPLICIT;VAL_ENUM_MEMBERSHIP,sqlite,public_header:sqlite;sqlite_type:TEXT;generator:scripts/build_static_web_mvp.py;DOCS1R_reuse=bounded,"definition_evidence=high; column semantics are code/header confirmed when explicit, otherwise value-inferred and not authoritative"
measurement_evidence,assay_id,identifier_or_cross_reference,identifier_or_identifier_list,not_applicable_or_embedded_in_raw_value,preserve_verbatim_no_overwrite,,blank_only,VAL_SCHEMA_COMPLETE;VAL_MISSING_EXPLICIT;VAL_IDENTIFIER_FORMAT,sqlite,public_header:sqlite;sqlite_type:TEXT;generator:scripts/build_static_web_mvp.py;DOCS1R_reuse=bounded,"definition_evidence=high; column semantics are code/header confirmed when explicit, otherwise value-inferred and not authoritative"
measurement_evidence,assay_offset_term,descriptive_attribute,enum_candidate,not_applicable_or_embedded_in_raw_value,preserve_verbatim_no_overwrite,VOC_MEASUREMENT_EVIDENCE_ASSAY_OFFSET_TERM,blank_or_explicit_sentinel,VAL_SCHEMA_COMPLETE;VAL_MISSING_EXPLICIT;VAL_ENUM_MEMBERSHIP,sqlite,public_header:sqlite;sqlite_type:TEXT;generator:scripts/build_static_web_mvp.py;DOCS1R_reuse=bounded,"definition_evidence=high; column semantics are code/header confirmed when explicit, otherwise value-inferred and not authoritative"
measurement_evidence,assay_pH,descriptive_attribute,enum_candidate,not_applicable_or_embedded_in_raw_value,preserve_verbatim_no_overwrite,VOC_MEASUREMENT_EVIDENCE_ASSAY_PH,blank_or_explicit_sentinel,VAL_SCHEMA_COMPLETE;VAL_MISSING_EXPLICIT;VAL_ENUM_MEMBERSHIP,sqlite,public_header:sqlite;sqlite_type:TEXT;generator:scripts/build_static_web_mvp.py;DOCS1R_reuse=bounded,"definition_evidence=high; column semantics are code/header confirmed when explicit, otherwise value-inferred and not authoritative"
measurement_evidence,assay_reaction_time_min,descriptive_attribute,enum_candidate,minute,preserve_verbatim_no_overwrite,VOC_MEASUREMENT_EVIDENCE_ASSAY_REACTION_TIME_MIN,blank_or_explicit_sentinel,VAL_SCHEMA_COMPLETE;VAL_MISSING_EXPLICIT;VAL_NUMERIC_OR_UNIT;VAL_ENUM_MEMBERSHIP,sqlite,public_header:sqlite;sqlite_type:TEXT;generator:scripts/build_static_web_mvp.py;DOCS1R_reuse=bounded,"definition_evidence=high; column semantics are code/header confirmed when explicit, otherwise value-inferred and not authoritative"
measurement_evidence,assay_substrate,descriptive_attribute,text,not_applicable_or_embedded_in_raw_value,preserve_verbatim_no_overwrite,,blank_or_explicit_sentinel,VAL_SCHEMA_COMPLETE;VAL_MISSING_EXPLICIT,sqlite,public_header:sqlite;sqlite_type:TEXT;generator:scripts/build_static_web_mvp.py;DOCS1R_reuse=bounded,"definition_evidence=high; column semantics are code/header confirmed when explicit, otherwise value-inferred and not authoritative"
measurement_evidence,assay_total_volume_mL,descriptive_attribute,number,millilitre,preserve_verbatim_no_overwrite,,blank_only,VAL_SCHEMA_COMPLETE;VAL_MISSING_EXPLICIT;VAL_NUMERIC_OR_UNIT,sqlite,public_header:sqlite;sqlite_type:REAL;generator:scripts/build_static_web_mvp.py;DOCS1R_reuse=bounded,"definition_evidence=high; column semantics are code/header confirmed when explicit, otherwise value-inferred and not authoritative"
measurement_evidence,assignee,provenance,delimited_list_or_text,not_applicable_or_embedded_in_raw_value,preserve_verbatim_no_overwrite,,blank_or_explicit_sentinel,VAL_SCHEMA_COMPLETE;VAL_MISSING_EXPLICIT,sqlite,public_header:sqlite;sqlite_type:TEXT;generator:scripts/build_static_web_mvp.py;DOCS1R_reuse=bounded,"definition_evidence=high; column semantics are code/header confirmed when explicit, otherwise value-inferred and not authoritative"
measurement_evidence,baseline_activity_A0,descriptive_attribute,enum_candidate,not_applicable_or_embedded_in_raw_value,preserve_verbatim_no_overwrite,VOC_MEASUREMENT_EVIDENCE_BASELINE_ACTIVITY_A0,blank_or_explicit_sentinel,VAL_SCHEMA_COMPLETE;VAL_MISSING_EXPLICIT;VAL_ENUM_MEMBERSHIP,sqlite,public_header:sqlite;sqlite_type:TEXT;generator:scripts/build_static_web_mvp.py;DOCS1R_reuse=bounded,"definition_evidence=high; column semantics are code/header confirmed when explicit, otherwise value-inferred and not authoritative"
measurement_evidence,biphasic_deactivation_observed,descriptive_attribute,enum_candidate,not_applicable_or_embedded_in_raw_value,preserve_verbatim_no_overwrite,VOC_MEASUREMENT_EVIDENCE_BIPHASIC_DEACTIVATION_OBSERVED,blank_or_explicit_sentinel,VAL_SCHEMA_COMPLETE;VAL_MISSING_EXPLICIT;VAL_ENUM_MEMBERSHIP,sqlite,public_header:sqlite;sqlite_type:TEXT;generator:scripts/build_static_web_mvp.py;DOCS1R_reuse=bounded,"definition_evidence=high; column semantics are code/header confirmed when explicit, otherwise value-inferred and not authoritative"
measurement_evidence,canonical_enzyme_id,identifier_foreign_key,identifier_or_identifier_list,not_applicable_or_embedded_in_raw_value,preserve_verbatim_no_overwrite,,blank_only,VAL_SCHEMA_COMPLETE;VAL_MISSING_EXPLICIT;VAL_IDENTIFIER_FORMAT;VAL_CANONICAL_FK,sqlite,public_header:sqlite;sqlite_type:TEXT;generator:scripts/build_static_web_mvp.py;DOCS1R_reuse=bounded,"definition_evidence=high; column semantics are code/header confirmed when explicit, otherwise value-inferred and not authoritative"
measurement_evidence,canonical_species,descriptive_attribute,text,not_applicable_or_embedded_in_raw_value,preserve_verbatim_no_overwrite,,blank_or_explicit_sentinel,VAL_SCHEMA_COMPLETE;VAL_MISSING_EXPLICIT,sqlite,public_header:sqlite;sqlite_type:TEXT;generator:scripts/build_static_web_mvp.py;DOCS1R_reuse=bounded,"definition_evidence=high; column semantics are code/header confirmed when explicit, otherwise value-inferred and not authoritative"
measurement_evidence,cluster_basis,descriptive_attribute,enum_candidate,not_applicable_or_embedded_in_raw_value,preserve_verbatim_no_overwrite,VOC_MEASUREMENT_EVIDENCE_CLUSTER_BASIS,blank_or_explicit_sentinel,VAL_SCHEMA_COMPLETE;VAL_MISSING_EXPLICIT;VAL_ENUM_MEMBERSHIP,sqlite,public_header:sqlite;sqlite_type:TEXT;generator:scripts/build_static_web_mvp.py;DOCS1R_reuse=bounded,"definition_evidence=high; column semantics are code/header confirmed when explicit, otherwise value-inferred and not authoritative"
measurement_evidence,cluster_id,identifier_or_cross_reference,identifier_or_identifier_list,not_applicable_or_embedded_in_raw_value,preserve_verbatim_no_overwrite,,blank_only,VAL_SCHEMA_COMPLETE;VAL_MISSING_EXPLICIT;VAL_IDENTIFIER_FORMAT,sqlite,public_header:sqlite;sqlite_type:TEXT;generator:scripts/build_static_web_mvp.py;DOCS1R_reuse=bounded,"definition_evidence=high; column semantics are code/header confirmed when explicit, otherwise value-inferred and not authoritative"
measurement_evidence,completeness_fraction,normalized_or_derived,number,fraction_0_to_1,derived_value_must_retain_source_field_rule_version_and_provenance,,blank_only,VAL_SCHEMA_COMPLETE;VAL_MISSING_EXPLICIT;VAL_NUMERIC_OR_UNIT,sqlite,public_header:sqlite;sqlite_type:REAL;generator:scripts/build_static_web_mvp.py;DOCS1R_reuse=bounded,"definition_evidence=high; column semantics are code/header confirmed when explicit, otherwise value-inferred and not authoritative"
measurement_evidence,construct_display_name,descriptive_attribute,text,not_applicable_or_embedded_in_raw_value,preserve_verbatim_no_overwrite,,blank_or_explicit_sentinel,VAL_SCHEMA_COMPLETE;VAL_MISSING_EXPLICIT,sqlite,public_header:sqlite;sqlite_type:TEXT;generator:scripts/build_static_web_mvp.py;DOCS1R_reuse=bounded,"definition_evidence=high; column semantics are code/header confirmed when explicit, otherwise value-inferred and not authoritative"
measurement_evidence,construct_match_status,status_or_classification,enum_candidate,not_applicable_or_embedded_in_raw_value,preserve_verbatim_no_overwrite,VOC_MEASUREMENT_EVIDENCE_CONSTRUCT_MATCH_STATUS,blank_or_explicit_sentinel,VAL_SCHEMA_COMPLETE;VAL_MISSING_EXPLICIT;VAL_ENUM_MEMBERSHIP,sqlite,public_header:sqlite;sqlite_type:TEXT;generator:scripts/build_static_web_mvp.py;DOCS1R_reuse=bounded,"definition_evidence=high; column semantics are code/header confirmed when explicit, otherwise value-inferred and not authoritative"
measurement_evidence,data_extraction_method,descriptive_attribute,enum_candidate,not_applicable_or_embedded_in_raw_value,preserve_verbatim_no_overwrite,VOC_MEASUREMENT_EVIDENCE_DATA_EXTRACTION_METHOD,blank_or_explicit_sentinel,VAL_SCHEMA_COMPLETE;VAL_MISSING_EXPLICIT;VAL_ENUM_MEMBERSHIP,sqlite,public_header:sqlite;sqlite_type:TEXT;generator:scripts/build_static_web_mvp.py;DOCS1R_reuse=bounded,"definition_evidence=high; column semantics are code/header confirmed when explicit, otherwise value-inferred and not authoritative"
measurement_evidence,display_canonical_id,identifier_foreign_key,identifier_or_identifier_list,not_applicable_or_embedded_in_raw_value,preserve_verbatim_no_overwrite,,blank_only,VAL_SCHEMA_COMPLETE;VAL_MISSING_EXPLICIT;VAL_IDENTIFIER_FORMAT,sqlite,public_header:sqlite;sqlite_type:TEXT;generator:scripts/build_static_web_mvp.py;DOCS1R_reuse=bounded,"definition_evidence=high; column semantics are code/header confirmed when explicit, otherwise value-inferred and not authoritative"
measurement_evidence,doi,identifier_or_cross_reference,identifier_or_identifier_list,not_applicable_or_embedded_in_raw_value,preserve_verbatim_no_overwrite,,blank_only,VAL_SCHEMA_COMPLETE;VAL_MISSING_EXPLICIT;VAL_IDENTIFIER_FORMAT,sqlite,public_header:sqlite;sqlite_type:TEXT;generator:scripts/build_static_web_mvp.py;DOCS1R_reuse=bounded,"definition_evidence=high; column semantics are code/header confirmed when explicit, otherwise value-inferred and not authoritative"
measurement_evidence,doi_or_patent_number,provenance,text,not_applicable_or_embedded_in_raw_value,preserve_verbatim_no_overwrite,,blank_or_explicit_sentinel,VAL_SCHEMA_COMPLETE;VAL_MISSING_EXPLICIT,sqlite,public_header:sqlite;sqlite_type:TEXT;generator:scripts/build_static_web_mvp.py;DOCS1R_reuse=bounded,"definition_evidence=high; column semantics are code/header confirmed when explicit, otherwise value-inferred and not authoritative"
measurement_evidence,duplicate_group_id,identifier_or_cross_reference,identifier_or_identifier_list,not_applicable_or_embedded_in_raw_value,preserve_verbatim_no_overwrite,,blank_only,VAL_SCHEMA_COMPLETE;VAL_MISSING_EXPLICIT;VAL_IDENTIFIER_FORMAT,sqlite,public_header:sqlite;sqlite_type:TEXT;generator:scripts/build_static_web_mvp.py;DOCS1R_reuse=bounded,"definition_evidence=high; column semantics are code/header confirmed when explicit, otherwise value-inferred and not authoritative"
measurement_evidence,enzyme_conc,raw_measurement_or_source_reported_attribute,enum_candidate,source_reported_unit_string,preserve_numeric_plus_unit_string;no_forced_mg_ml,VOC_MEASUREMENT_EVIDENCE_ENZYME_CONC,blank_or_explicit_sentinel,VAL_SCHEMA_COMPLETE;VAL_MISSING_EXPLICIT;VAL_ENUM_MEMBERSHIP;VAL_PRESERVE_ENZYME_CONC,sqlite,public_header:sqlite;sqlite_type:TEXT;generator:scripts/build_static_web_mvp.py;DOCS1R_reuse=bounded,"definition_evidence=high; column semantics are code/header confirmed when explicit, otherwise value-inferred and not authoritative"
measurement_evidence,enzyme_ec_number,descriptive_attribute,enum_candidate,not_applicable_or_embedded_in_raw_value,preserve_verbatim_no_overwrite,VOC_MEASUREMENT_EVIDENCE_ENZYME_EC_NUMBER,blank_or_explicit_sentinel,VAL_SCHEMA_COMPLETE;VAL_MISSING_EXPLICIT;VAL_ENUM_MEMBERSHIP,sqlite,public_header:sqlite;sqlite_type:TEXT;generator:scripts/build_static_web_mvp.py;DOCS1R_reuse=bounded,"definition_evidence=high; column semantics are code/header confirmed when explicit, otherwise value-inferred and not authoritative"
measurement_evidence,enzyme_form,descriptive_attribute,enum_candidate,not_applicable_or_embedded_in_raw_value,preserve_verbatim_no_overwrite,VOC_MEASUREMENT_EVIDENCE_ENZYME_FORM,blank_or_explicit_sentinel,VAL_SCHEMA_COMPLETE;VAL_MISSING_EXPLICIT;VAL_ENUM_MEMBERSHIP,sqlite,public_header:sqlite;sqlite_type:TEXT;generator:scripts/build_static_web_mvp.py;DOCS1R_reuse=bounded,"definition_evidence=high; column semantics are code/header confirmed when explicit, otherwise value-inferred and not authoritative"
measurement_evidence,enzyme_id,identifier_or_cross_reference,identifier_or_identifier_list,not_applicable_or_embedded_in_raw_value,preserve_verbatim_no_overwrite,,blank_only,VAL_SCHEMA_COMPLETE;VAL_MISSING_EXPLICIT;VAL_IDENTIFIER_FORMAT,sqlite,public_header:sqlite;sqlite_type:TEXT;generator:scripts/build_static_web_mvp.py;DOCS1R_reuse=bounded,"definition_evidence=high; column semantics are code/header confirmed when explicit, otherwise value-inferred and not authoritative"
measurement_evidence,enzyme_identifier_source,descriptive_attribute,delimited_list_or_text,not_applicable_or_embedded_in_raw_value,preserve_verbatim_no_overwrite,,blank_or_explicit_sentinel,VAL_SCHEMA_COMPLETE;VAL_MISSING_EXPLICIT,sqlite,public_header:sqlite;sqlite_type:TEXT;generator:scripts/build_static_web_mvp.py;DOCS1R_reuse=bounded,"definition_evidence=high; column semantics are code/header confirmed when explicit, otherwise value-inferred and not authoritative"
measurement_evidence,enzyme_name,descriptive_attribute,text,not_applicable_or_embedded_in_raw_value,preserve_verbatim_no_overwrite,,blank_or_explicit_sentinel,VAL_SCHEMA_COMPLETE;VAL_MISSING_EXPLICIT,sqlite,public_header:sqlite;sqlite_type:TEXT;generator:scripts/build_static_web_mvp.py;DOCS1R_reuse=bounded,"definition_evidence=high; column semantics are code/header confirmed when explicit, otherwise value-inferred and not authoritative"
measurement_evidence,enzyme_ncbi_ids,identifier_or_cross_reference,identifier_or_identifier_list,not_applicable_or_embedded_in_raw_value,preserve_verbatim_no_overwrite,,blank_only,VAL_SCHEMA_COMPLETE;VAL_MISSING_EXPLICIT;VAL_IDENTIFIER_FORMAT,sqlite,public_header:sqlite;sqlite_type:TEXT;generator:scripts/build_static_web_mvp.py;DOCS1R_reuse=bounded,"definition_evidence=high; column semantics are code/header confirmed when explicit, otherwise value-inferred and not authoritative"
measurement_evidence,enzyme_pdb_ids,identifier_or_cross_reference,identifier_or_identifier_list,not_applicable_or_embedded_in_raw_value,preserve_verbatim_no_overwrite,,blank_only,VAL_SCHEMA_COMPLETE;VAL_MISSING_EXPLICIT;VAL_IDENTIFIER_FORMAT,sqlite,public_header:sqlite;sqlite_type:TEXT;generator:scripts/build_static_web_mvp.py;DOCS1R_reuse=bounded,"definition_evidence=high; column semantics are code/header confirmed when explicit, otherwise value-inferred and not authoritative"
measurement_evidence,enzyme_purity_percent,descriptive_attribute,delimited_list_or_text,percent,preserve_verbatim_no_overwrite,,blank_or_explicit_sentinel,VAL_SCHEMA_COMPLETE;VAL_MISSING_EXPLICIT;VAL_NUMERIC_OR_UNIT,sqlite,public_header:sqlite;sqlite_type:TEXT;generator:scripts/build_static_web_mvp.py;DOCS1R_reuse=bounded,"definition_evidence=high; column semantics are code/header confirmed when explicit, otherwise value-inferred and not authoritative"
measurement_evidence,enzyme_uniprot_ids,identifier_or_cross_reference,identifier_or_identifier_list,not_applicable_or_embedded_in_raw_value,preserve_verbatim_no_overwrite,,blank_only,VAL_SCHEMA_COMPLETE;VAL_MISSING_EXPLICIT;VAL_IDENTIFIER_FORMAT,sqlite,public_header:sqlite;sqlite_type:TEXT;generator:scripts/build_static_web_mvp.py;DOCS1R_reuse=bounded,"definition_evidence=high; column semantics are code/header confirmed when explicit, otherwise value-inferred and not authoritative"
measurement_evidence,evidence_confidence_tier,status_or_classification,enum_candidate,not_applicable_or_embedded_in_raw_value,preserve_verbatim_no_overwrite,VOC_MEASUREMENT_EVIDENCE_EVIDENCE_CONFIDENCE_TIER,blank_or_explicit_sentinel,VAL_SCHEMA_COMPLETE;VAL_MISSING_EXPLICIT;VAL_ENUM_MEMBERSHIP,sqlite,public_header:sqlite;sqlite_type:TEXT;generator:scripts/build_static_web_mvp.py;DOCS1R_reuse=bounded,"definition_evidence=high; column semantics are code/header confirmed when explicit, otherwise value-inferred and not authoritative"
measurement_evidence,evidence_eligibility,status_or_classification,enum_candidate,not_applicable_or_embedded_in_raw_value,preserve_verbatim_no_overwrite,VOC_MEASUREMENT_EVIDENCE_EVIDENCE_ELIGIBILITY,blank_or_explicit_sentinel,VAL_SCHEMA_COMPLETE;VAL_MISSING_EXPLICIT;VAL_ENUM_MEMBERSHIP,sqlite,public_header:sqlite;sqlite_type:TEXT;generator:scripts/build_static_web_mvp.py;DOCS1R_reuse=bounded,"definition_evidence=high; column semantics are code/header confirmed when explicit, otherwise value-inferred and not authoritative"
measurement_evidence,evidence_id,identifier_or_cross_reference,identifier_or_identifier_list,not_applicable_or_embedded_in_raw_value,preserve_verbatim_no_overwrite,,blank_only,VAL_SCHEMA_COMPLETE;VAL_MISSING_EXPLICIT;VAL_IDENTIFIER_FORMAT,sqlite,public_header:sqlite;sqlite_type:TEXT;generator:scripts/build_static_web_mvp.py;DOCS1R_reuse=bounded,"definition_evidence=high; column semantics are code/header confirmed when explicit, otherwise value-inferred and not authoritative"
measurement_evidence,export_accession,identifier_primary_or_stable_key,text,not_applicable_or_embedded_in_raw_value,preserve_verbatim_no_overwrite,,blank_or_explicit_sentinel,VAL_SCHEMA_COMPLETE;VAL_MISSING_EXPLICIT,sqlite,public_header:sqlite;sqlite_type:TEXT;generator:scripts/build_static_web_mvp.py;DOCS1R_reuse=bounded,"definition_evidence=high; column semantics are code/header confirmed when explicit, otherwise value-inferred and not authoritative"
measurement_evidence,exposure_phase,descriptive_attribute,enum_candidate,not_applicable_or_embedded_in_raw_value,preserve_verbatim_no_overwrite,VOC_MEASUREMENT_EVIDENCE_EXPOSURE_PHASE,blank_or_explicit_sentinel,VAL_SCHEMA_COMPLETE;VAL_MISSING_EXPLICIT;VAL_ENUM_MEMBERSHIP,sqlite,public_header:sqlite;sqlite_type:TEXT;generator:scripts/build_static_web_mvp.py;DOCS1R_reuse=bounded,"definition_evidence=high; column semantics are code/header confirmed when explicit, otherwise value-inferred and not authoritative"
measurement_evidence,immobilization_support,descriptive_attribute,enum_candidate,not_applicable_or_embedded_in_raw_value,preserve_verbatim_no_overwrite,VOC_MEASUREMENT_EVIDENCE_IMMOBILIZATION_SUPPORT,blank_or_explicit_sentinel,VAL_SCHEMA_COMPLETE;VAL_MISSING_EXPLICIT;VAL_ENUM_MEMBERSHIP,sqlite,public_header:sqlite;sqlite_type:TEXT;generator:scripts/build_static_web_mvp.py;DOCS1R_reuse=bounded,"definition_evidence=high; column semantics are code/header confirmed when explicit, otherwise value-inferred and not authoritative"
measurement_evidence,incubation_atmosphere,descriptive_attribute,enum_candidate,not_applicable_or_embedded_in_raw_value,preserve_verbatim_no_overwrite,VOC_MEASUREMENT_EVIDENCE_INCUBATION_ATMOSPHERE,blank_or_explicit_sentinel,VAL_SCHEMA_COMPLETE;VAL_MISSING_EXPLICIT;VAL_ENUM_MEMBERSHIP,sqlite,public_header:sqlite;sqlite_type:TEXT;generator:scripts/build_static_web_mvp.py;DOCS1R_reuse=bounded,"definition_evidence=high; column semantics are code/header confirmed when explicit, otherwise value-inferred and not authoritative"
measurement_evidence,incubation_buffer_system,descriptive_attribute,text,not_applicable_or_embedded_in_raw_value,preserve_verbatim_no_overwrite,,blank_or_explicit_sentinel,VAL_SCHEMA_COMPLETE;VAL_MISSING_EXPLICIT,sqlite,public_header:sqlite;sqlite_type:TEXT;generator:scripts/build_static_web_mvp.py;DOCS1R_reuse=bounded,"definition_evidence=high; column semantics are code/header confirmed when explicit, otherwise value-inferred and not authoritative"
measurement_evidence,incubation_pH,descriptive_attribute,enum_candidate,not_applicable_or_embedded_in_raw_value,preserve_verbatim_no_overwrite,VOC_MEASUREMENT_EVIDENCE_INCUBATION_PH,blank_or_explicit_sentinel,VAL_SCHEMA_COMPLETE;VAL_MISSING_EXPLICIT;VAL_ENUM_MEMBERSHIP,sqlite,public_header:sqlite;sqlite_type:TEXT;generator:scripts/build_static_web_mvp.py;DOCS1R_reuse=bounded,"definition_evidence=high; column semantics are code/header confirmed when explicit, otherwise value-inferred and not authoritative"
measurement_evidence,incubation_temp_C,raw_measurement_or_source_reported_attribute,enum_candidate,degree_Celsius,preserve_verbatim_no_overwrite,VOC_MEASUREMENT_EVIDENCE_INCUBATION_TEMP_C,blank_or_explicit_sentinel,VAL_SCHEMA_COMPLETE;VAL_MISSING_EXPLICIT;VAL_NUMERIC_OR_UNIT;VAL_ENUM_MEMBERSHIP,sqlite,public_header:sqlite;sqlite_type:TEXT;generator:scripts/build_static_web_mvp.py;DOCS1R_reuse=bounded,"definition_evidence=high; column semantics are code/header confirmed when explicit, otherwise value-inferred and not authoritative"
measurement_evidence,incubation_temp_note,free_text_note,delimited_list_or_text,not_applicable_or_embedded_in_raw_value,preserve_verbatim_no_overwrite,,blank_or_explicit_sentinel,VAL_SCHEMA_COMPLETE;VAL_MISSING_EXPLICIT,sqlite,public_header:sqlite;sqlite_type:TEXT;generator:scripts/build_static_web_mvp.py;DOCS1R_reuse=bounded,"definition_evidence=high; column semantics are code/header confirmed when explicit, otherwise value-inferred and not authoritative"
measurement_evidence,incubation_time_h,raw_measurement_or_source_reported_attribute,number,hour,preserve_verbatim_no_overwrite,,blank_only,VAL_SCHEMA_COMPLETE;VAL_MISSING_EXPLICIT;VAL_NUMERIC_OR_UNIT,sqlite,public_header:sqlite;sqlite_type:REAL;generator:scripts/build_static_web_mvp.py;DOCS1R_reuse=bounded,"definition_evidence=high; column semantics are code/header confirmed when explicit, otherwise value-inferred and not authoritative"
measurement_evidence,inventors,provenance,delimited_list_or_text,not_applicable_or_embedded_in_raw_value,preserve_verbatim_no_overwrite,,blank_or_explicit_sentinel,VAL_SCHEMA_COMPLETE;VAL_MISSING_EXPLICIT,sqlite,public_header:sqlite;sqlite_type:TEXT;generator:scripts/build_static_web_mvp.py;DOCS1R_reuse=bounded,"definition_evidence=high; column semantics are code/header confirmed when explicit, otherwise value-inferred and not authoritative"
measurement_evidence,ionic_strength_mM,descriptive_attribute,enum_candidate,millimolar,preserve_verbatim_no_overwrite,VOC_MEASUREMENT_EVIDENCE_IONIC_STRENGTH_MM,blank_or_explicit_sentinel,VAL_SCHEMA_COMPLETE;VAL_MISSING_EXPLICIT;VAL_NUMERIC_OR_UNIT;VAL_ENUM_MEMBERSHIP,sqlite,public_header:sqlite;sqlite_type:TEXT;generator:scripts/build_static_web_mvp.py;DOCS1R_reuse=bounded,"definition_evidence=high; column semantics are code/header confirmed when explicit, otherwise value-inferred and not authoritative"
measurement_evidence,journal,provenance,text,not_applicable_or_embedded_in_raw_value,preserve_verbatim_no_overwrite,,blank_or_explicit_sentinel,VAL_SCHEMA_COMPLETE;VAL_MISSING_EXPLICIT,sqlite,public_header:sqlite;sqlite_type:TEXT;generator:scripts/build_static_web_mvp.py;DOCS1R_reuse=bounded,"definition_evidence=high; column semantics are code/header confirmed when explicit, otherwise value-inferred and not authoritative"
measurement_evidence,journal_or_assignee,provenance,text,not_applicable_or_embedded_in_raw_value,preserve_verbatim_no_overwrite,,blank_or_explicit_sentinel,VAL_SCHEMA_COMPLETE;VAL_MISSING_EXPLICIT,sqlite,public_header:sqlite;sqlite_type:TEXT;generator:scripts/build_static_web_mvp.py;DOCS1R_reuse=bounded,"definition_evidence=high; column semantics are code/header confirmed when explicit, otherwise value-inferred and not authoritative"
measurement_evidence,jurisdiction,descriptive_attribute,enum_candidate,not_applicable_or_embedded_in_raw_value,preserve_verbatim_no_overwrite,VOC_MEASUREMENT_EVIDENCE_JURISDICTION,blank_or_explicit_sentinel,VAL_SCHEMA_COMPLETE;VAL_MISSING_EXPLICIT;VAL_ENUM_MEMBERSHIP,sqlite,public_header:sqlite;sqlite_type:TEXT;generator:scripts/build_static_web_mvp.py;DOCS1R_reuse=bounded,"definition_evidence=high; column semantics are code/header confirmed when explicit, otherwise value-inferred and not authoritative"
measurement_evidence,label_ready,descriptive_attribute,boolean_token,not_applicable_or_embedded_in_raw_value,preserve_verbatim_no_overwrite,VOC_MEASUREMENT_EVIDENCE_LABEL_READY,blank_only,VAL_SCHEMA_COMPLETE;VAL_MISSING_EXPLICIT;VAL_ENUM_MEMBERSHIP,sqlite,public_header:sqlite;sqlite_type:TEXT;generator:scripts/build_static_web_mvp.py;DOCS1R_reuse=bounded,"definition_evidence=high; column semantics are code/header confirmed when explicit, otherwise value-inferred and not authoritative"
measurement_evidence,,provenance,path,not_applicable_or_embedded_in_raw_value,preserve_verbatim_no_overwrite,,blank_or_explicit_sentinel,VAL_SCHEMA_COMPLETE;VAL_MISSING_EXPLICIT,sqlite,public_header:sqlite;sqlite_type:TEXT;generator:scripts/build_static_web_mvp.py;DOCS1R_reuse=bounded,"definition_evidence=high; column semantics are code/header confirmed when explicit, otherwise value-inferred and not authoritative"
measurement_evidence,low_meoh_activation_observed,descriptive_attribute,boolean_token,not_applicable_or_embedded_in_raw_value,preserve_verbatim_no_overwrite,VOC_MEASUREMENT_EVIDENCE_LOW_MEOH_ACTIVATION_OBSERVED,blank_only,VAL_SCHEMA_COMPLETE;VAL_MISSING_EXPLICIT;VAL_ENUM_MEMBERSHIP,sqlite,public_header:sqlite;sqlite_type:TEXT;generator:scripts/build_static_web_mvp.py;DOCS1R_reuse=bounded,"definition_evidence=high; column semantics are code/header confirmed when explicit, otherwise value-inferred and not authoritative"
measurement_evidence,low_stress_band_5pct,descriptive_attribute,enum_candidate,not_applicable_or_embedded_in_raw_value,preserve_verbatim_no_overwrite,VOC_MEASUREMENT_EVIDENCE_LOW_STRESS_BAND_5PCT,blank_or_explicit_sentinel,VAL_SCHEMA_COMPLETE;VAL_MISSING_EXPLICIT;VAL_ENUM_MEMBERSHIP,sqlite,public_header:sqlite;sqlite_type:TEXT;generator:scripts/build_static_web_mvp.py;DOCS1R_reuse=bounded,"definition_evidence=high; column semantics are code/header confirmed when explicit, otherwise value-inferred and not authoritative"
measurement_evidence,matrix_check_status,status_or_classification,enum_candidate,not_applicable_or_embedded_in_raw_value,preserve_verbatim_no_overwrite,VOC_MEASUREMENT_EVIDENCE_MATRIX_CHECK_STATUS,blank_or_explicit_sentinel,VAL_SCHEMA_COMPLETE;VAL_MISSING_EXPLICIT;VAL_ENUM_MEMBERSHIP,sqlite,public_header:sqlite;sqlite_type:TEXT;generator:scripts/build_static_web_mvp.py;DOCS1R_reuse=bounded,"definition_evidence=high; column semantics are code/header confirmed when explicit, otherwise value-inferred and not authoritative"
measurement_evidence,matrix_expected_rows,descriptive_attribute,integer,not_applicable_or_embedded_in_raw_value,preserve_verbatim_no_overwrite,,blank_only,VAL_SCHEMA_COMPLETE;VAL_MISSING_EXPLICIT;VAL_NUMERIC_OR_UNIT,sqlite,public_header:sqlite;sqlite_type:INTEGER;generator:scripts/build_static_web_mvp.py;DOCS1R_reuse=bounded,"definition_evidence=high; column semantics are code/header confirmed when explicit, otherwise value-inferred and not authoritative"
measurement_evidence,matrix_missing_combinations,descriptive_attribute,enum_candidate,not_applicable_or_embedded_in_raw_value,preserve_verbatim_no_overwrite,VOC_MEASUREMENT_EVIDENCE_MATRIX_MISSING_COMBINATIONS,blank_or_explicit_sentinel,VAL_SCHEMA_COMPLETE;VAL_MISSING_EXPLICIT;VAL_ENUM_MEMBERSHIP,sqlite,public_header:sqlite;sqlite_type:TEXT;generator:scripts/build_static_web_mvp.py;DOCS1R_reuse=bounded,"definition_evidence=high; column semantics are code/header confirmed when explicit, otherwise value-inferred and not authoritative"
measurement_evidence,matrix_observed_rows,descriptive_attribute,integer,not_applicable_or_embedded_in_raw_value,preserve_verbatim_no_overwrite,,blank_only,VAL_SCHEMA_COMPLETE;VAL_MISSING_EXPLICIT;VAL_NUMERIC_OR_UNIT,sqlite,public_header:sqlite;sqlite_type:INTEGER;generator:scripts/build_static_web_mvp.py;DOCS1R_reuse=bounded,"definition_evidence=high; column semantics are code/header confirmed when explicit, otherwise value-inferred and not authoritative"
measurement_evidence,methanol_addition_mode,descriptive_attribute,enum_candidate,not_applicable_or_embedded_in_raw_value,preserve_verbatim_no_overwrite,VOC_MEASUREMENT_EVIDENCE_METHANOL_ADDITION_MODE,blank_or_explicit_sentinel,VAL_SCHEMA_COMPLETE;VAL_MISSING_EXPLICIT;VAL_ENUM_MEMBERSHIP,sqlite,public_header:sqlite;sqlite_type:TEXT;generator:scripts/build_static_web_mvp.py;DOCS1R_reuse=bounded,"definition_evidence=high; column semantics are code/header confirmed when explicit, otherwise value-inferred and not authoritative"
measurement_evidence,methanol_conc_percent,raw_measurement_or_source_reported_attribute,text,percent_source_basis_unknown,preserve_source_percent_and_unknown_basis;no_auto_v_v,,blank_or_explicit_sentinel,VAL_SCHEMA_COMPLETE;VAL_MISSING_EXPLICIT;VAL_NUMERIC_OR_UNIT;VAL_NO_BASIS_CONVERSION,sqlite,public_header:sqlite;sqlite_type:TEXT;generator:scripts/build_static_web_mvp.py;DOCS1R_reuse=bounded,"definition_evidence=high; column semantics are code/header confirmed when explicit, otherwise value-inferred and not authoritative"
measurement_evidence,missing_items,descriptive_attribute,delimited_list_or_text,not_applicable_or_embedded_in_raw_value,preserve_verbatim_no_overwrite,,blank_or_explicit_sentinel,VAL_SCHEMA_COMPLETE;VAL_MISSING_EXPLICIT,sqlite,public_header:sqlite;sqlite_type:TEXT;generator:scripts/build_static_web_mvp.py;DOCS1R_reuse=bounded,"definition_evidence=high; column semantics are code/header confirmed when explicit, otherwise value-inferred and not authoritative"
measurement_evidence,missing_state,status_or_classification,delimited_list_or_text,not_applicable_or_embedded_in_raw_value,preserve_verbatim_no_overwrite,,blank_or_explicit_sentinel,VAL_SCHEMA_COMPLETE;VAL_MISSING_EXPLICIT,sqlite,public_header:sqlite;sqlite_type:TEXT;generator:scripts/build_static_web_mvp.py;DOCS1R_reuse=bounded,"definition_evidence=high; column semantics are code/header confirmed when explicit, otherwise value-inferred and not authoritative"
measurement_evidence,missingness_profile,descriptive_attribute,delimited_list_or_text,not_applicable_or_embedded_in_raw_value,preserve_verbatim_no_overwrite,,blank_or_explicit_sentinel,VAL_SCHEMA_COMPLETE;VAL_MISSING_EXPLICIT,sqlite,public_header:sqlite;sqlite_type:TEXT;generator:scripts/build_static_web_mvp.py;DOCS1R_reuse=bounded,"definition_evidence=high; column semantics are code/header confirmed when explicit, otherwise value-inferred and not authoritative"
measurement_evidence,official_record_checked,descriptive_attribute,delimited_list_or_text,not_applicable_or_embedded_in_raw_value,preserve_verbatim_no_overwrite,,blank_or_explicit_sentinel,VAL_SCHEMA_COMPLETE;VAL_MISSING_EXPLICIT,sqlite,public_header:sqlite;sqlite_type:TEXT;generator:scripts/build_static_web_mvp.py;DOCS1R_reuse=bounded,"definition_evidence=high; column semantics are code/header confirmed when explicit, otherwise value-inferred and not authoritative"
measurement_evidence,original_activity_unit,descriptive_attribute,delimited_list_or_text,not_applicable_or_embedded_in_raw_value,preserve_verbatim_no_overwrite,,blank_or_explicit_sentinel,VAL_SCHEMA_COMPLETE;VAL_MISSING_EXPLICIT,sqlite,public_header:sqlite;sqlite_type:TEXT;generator:scripts/build_static_web_mvp.py;DOCS1R_reuse=bounded,"definition_evidence=high; column semantics are code/header confirmed when explicit, otherwise value-inferred and not authoritative"
measurement_evidence,page_or_figure_anchor,provenance,delimited_list_or_text,not_applicable_or_embedded_in_raw_value,preserve_verbatim_no_overwrite,,blank_or_explicit_sentinel,VAL_SCHEMA_COMPLETE;VAL_MISSING_EXPLICIT,sqlite,public_header:sqlite;sqlite_type:TEXT;generator:scripts/build_static_web_mvp.py;DOCS1R_reuse=bounded,"definition_evidence=high; column semantics are code/header confirmed when explicit, otherwise value-inferred and not authoritative"
measurement_evidence,paper_level_batch_id,identifier_or_cross_reference,identifier_or_identifier_list,not_applicable_or_embedded_in_raw_value,preserve_verbatim_no_overwrite,,blank_only,VAL_SCHEMA_COMPLETE;VAL_MISSING_EXPLICIT;VAL_IDENTIFIER_FORMAT,sqlite,public_header:sqlite;sqlite_type:TEXT;generator:scripts/build_static_web_mvp.py;DOCS1R_reuse=bounded,"definition_evidence=high; column semantics are code/header confirmed when explicit, otherwise value-inferred and not authoritative"
measurement_evidence,patent_application_number,descriptive_attribute,enum_candidate,not_applicable_or_embedded_in_raw_value,preserve_verbatim_no_overwrite,VOC_MEASUREMENT_EVIDENCE_PATENT_APPLICATION_NUMBER,blank_or_explicit_sentinel,VAL_SCHEMA_COMPLETE;VAL_MISSING_EXPLICIT;VAL_ENUM_MEMBERSHIP,sqlite,public_header:sqlite;sqlite_type:TEXT;generator:scripts/build_static_web_mvp.py;DOCS1R_reuse=bounded,"definition_evidence=high; column semantics are code/header confirmed when explicit, otherwise value-inferred and not authoritative"
measurement_evidence,patent_claim_id,identifier_or_cross_reference,identifier_or_identifier_list,not_applicable_or_embedded_in_raw_value,preserve_verbatim_no_overwrite,,blank_only,VAL_SCHEMA_COMPLETE;VAL_MISSING_EXPLICIT;VAL_IDENTIFIER_FORMAT,sqlite,public_header:sqlite;sqlite_type:TEXT;generator:scripts/build_static_web_mvp.py;DOCS1R_reuse=bounded,"definition_evidence=high; column semantics are code/header confirmed when explicit, otherwise value-inferred and not authoritative"
measurement_evidence,patent_claim_scope,descriptive_attribute,enum_candidate,not_applicable_or_embedded_in_raw_value,preserve_verbatim_no_overwrite,VOC_MEASUREMENT_EVIDENCE_PATENT_CLAIM_SCOPE,blank_or_explicit_sentinel,VAL_SCHEMA_COMPLETE;VAL_MISSING_EXPLICIT;VAL_ENUM_MEMBERSHIP,sqlite,public_header:sqlite;sqlite_type:TEXT;generator:scripts/build_static_web_mvp.py;DOCS1R_reuse=bounded,"definition_evidence=high; column semantics are code/header confirmed when explicit, otherwise value-inferred and not authoritative"
measurement_evidence,patent_claimed_uniprot_id,identifier_or_cross_reference,identifier_or_identifier_list,not_applicable_or_embedded_in_raw_value,preserve_verbatim_no_overwrite,,blank_only,VAL_SCHEMA_COMPLETE;VAL_MISSING_EXPLICIT;VAL_IDENTIFIER_FORMAT,sqlite,public_header:sqlite;sqlite_type:TEXT;generator:scripts/build_static_web_mvp.py;DOCS1R_reuse=bounded,"definition_evidence=high; column semantics are code/header confirmed when explicit, otherwise value-inferred and not authoritative"
measurement_evidence,patent_confidence_tier,status_or_classification,enum_candidate,not_applicable_or_embedded_in_raw_value,preserve_verbatim_no_overwrite,VOC_MEASUREMENT_EVIDENCE_PATENT_CONFIDENCE_TIER,blank_or_explicit_sentinel,VAL_SCHEMA_COMPLETE;VAL_MISSING_EXPLICIT;VAL_ENUM_MEMBERSHIP,sqlite,public_header:sqlite;sqlite_type:TEXT;generator:scripts/build_static_web_mvp.py;DOCS1R_reuse=bounded,"definition_evidence=high; column semantics are code/header confirmed when explicit, otherwise value-inferred and not authoritative"
measurement_evidence,patent_evidence_layer,descriptive_attribute,enum_candidate,not_applicable_or_embedded_in_raw_value,preserve_verbatim_no_overwrite,VOC_MEASUREMENT_EVIDENCE_PATENT_EVIDENCE_LAYER,blank_or_explicit_sentinel,VAL_SCHEMA_COMPLETE;VAL_MISSING_EXPLICIT;VAL_ENUM_MEMBERSHIP,sqlite,public_header:sqlite;sqlite_type:TEXT;generator:scripts/build_static_web_mvp.py;DOCS1R_reuse=bounded,"definition_evidence=high; column semantics are code/header confirmed when explicit, otherwise value-inferred and not authoritative"
measurement_evidence,patent_evidence_type,descriptive_attribute,enum_candidate,not_applicable_or_embedded_in_raw_value,preserve_verbatim_no_overwrite,VOC_MEASUREMENT_EVIDENCE_PATENT_EVIDENCE_TYPE,blank_or_explicit_sentinel,VAL_SCHEMA_COMPLETE;VAL_MISSING_EXPLICIT;VAL_ENUM_MEMBERSHIP,sqlite,public_header:sqlite;sqlite_type:TEXT;generator:scripts/build_static_web_mvp.py;DOCS1R_reuse=bounded,"definition_evidence=high; column semantics are code/header confirmed when explicit, otherwise value-inferred and not authoritative"
measurement_evidence,patent_example_id,identifier_or_cross_reference,identifier_or_identifier_list,not_applicable_or_embedded_in_raw_value,preserve_verbatim_no_overwrite,,blank_only,VAL_SCHEMA_COMPLETE;VAL_MISSING_EXPLICIT;VAL_IDENTIFIER_FORMAT,sqlite,public_header:sqlite;sqlite_type:TEXT;generator:scripts/build_static_web_mvp.py;DOCS1R_reuse=bounded,"definition_evidence=high; column semantics are code/header confirmed when explicit, otherwise value-inferred and not authoritative"
measurement_evidence,patent_family_duplicate_status,status_or_classification,delimited_list_or_text,not_applicable_or_embedded_in_raw_value,preserve_verbatim_no_overwrite,,blank_or_explicit_sentinel,VAL_SCHEMA_COMPLETE;VAL_MISSING_EXPLICIT,sqlite,public_header:sqlite;sqlite_type:TEXT;generator:scripts/build_static_web_mvp.py;DOCS1R_reuse=bounded,"definition_evidence=high; column semantics are code/header confirmed when explicit, otherwise value-inferred and not authoritative"
measurement_evidence,patent_family_id,identifier_or_cross_reference,identifier_or_identifier_list,not_applicable_or_embedded_in_raw_value,preserve_verbatim_no_overwrite,,blank_only,VAL_SCHEMA_COMPLETE;VAL_MISSING_EXPLICIT;VAL_IDENTIFIER_FORMAT,sqlite,public_header:sqlite;sqlite_type:TEXT;generator:scripts/build_static_web_mvp.py;DOCS1R_reuse=bounded,"definition_evidence=high; column semantics are code/header confirmed when explicit, otherwise value-inferred and not authoritative"
measurement_evidence,patent_family_role,status_or_classification,enum_candidate,not_applicable_or_embedded_in_raw_value,preserve_verbatim_no_overwrite,VOC_MEASUREMENT_EVIDENCE_PATENT_FAMILY_ROLE,blank_or_explicit_sentinel,VAL_SCHEMA_COMPLETE;VAL_MISSING_EXPLICIT;VAL_ENUM_MEMBERSHIP,sqlite,public_header:sqlite;sqlite_type:TEXT;generator:scripts/build_static_web_mvp.py;DOCS1R_reuse=bounded,"definition_evidence=high; column semantics are code/header confirmed when explicit, otherwise value-inferred and not authoritative"
measurement_evidence,patent_language,descriptive_attribute,enum_candidate,not_applicable_or_embedded_in_raw_value,preserve_verbatim_no_overwrite,VOC_MEASUREMENT_EVIDENCE_PATENT_LANGUAGE,blank_or_explicit_sentinel,VAL_SCHEMA_COMPLETE;VAL_MISSING_EXPLICIT;VAL_ENUM_MEMBERSHIP,sqlite,public_header:sqlite;sqlite_type:TEXT;generator:scripts/build_static_web_mvp.py;DOCS1R_reuse=bounded,"definition_evidence=high; column semantics are code/header confirmed when explicit, otherwise value-inferred and not authoritative"
measurement_evidence,patent_notes,free_text_note,delimited_list_or_text,not_applicable_or_embedded_in_raw_value,preserve_verbatim_no_overwrite,,blank_or_explicit_sentinel,VAL_SCHEMA_COMPLETE;VAL_MISSING_EXPLICIT,sqlite,public_header:sqlite;sqlite_type:TEXT;generator:scripts/build_static_web_mvp.py;DOCS1R_reuse=bounded,"definition_evidence=high; column semantics are code/header confirmed when explicit, otherwise value-inferred and not authoritative"
measurement_evidence,patent_publication_number,descriptive_attribute,enum_candidate,not_applicable_or_embedded_in_raw_value,preserve_verbatim_no_overwrite,VOC_MEASUREMENT_EVIDENCE_PATENT_PUBLICATION_NUMBER,blank_or_explicit_sentinel,VAL_SCHEMA_COMPLETE;VAL_MISSING_EXPLICIT;VAL_ENUM_MEMBERSHIP,sqlite,public_header:sqlite;sqlite_type:TEXT;generator:scripts/build_static_web_mvp.py;DOCS1R_reuse=bounded,"definition_evidence=high; column semantics are code/header confirmed when explicit, otherwise value-inferred and not authoritative"
measurement_evidence,patent_search_query_id,identifier_or_cross_reference,identifier_or_identifier_list,not_applicable_or_embedded_in_raw_value,preserve_verbatim_no_overwrite,,blank_only,VAL_SCHEMA_COMPLETE;VAL_MISSING_EXPLICIT;VAL_IDENTIFIER_FORMAT,sqlite,public_header:sqlite;sqlite_type:TEXT;generator:scripts/build_static_web_mvp.py;DOCS1R_reuse=bounded,"definition_evidence=high; column semantics are code/header confirmed when explicit, otherwise value-inferred and not authoritative"
measurement_evidence,patent_section_id,identifier_or_cross_reference,identifier_or_identifier_list,not_applicable_or_embedded_in_raw_value,preserve_verbatim_no_overwrite,,blank_only,VAL_SCHEMA_COMPLETE;VAL_MISSING_EXPLICIT;VAL_IDENTIFIER_FORMAT,sqlite,public_header:sqlite;sqlite_type:TEXT;generator:scripts/build_static_web_mvp.py;DOCS1R_reuse=bounded,"definition_evidence=high; column semantics are code/header confirmed when explicit, otherwise value-inferred and not authoritative"
measurement_evidence,patent_title,descriptive_attribute,enum_candidate,not_applicable_or_embedded_in_raw_value,preserve_verbatim_no_overwrite,VOC_MEASUREMENT_EVIDENCE_PATENT_TITLE,blank_or_explicit_sentinel,VAL_SCHEMA_COMPLETE;VAL_MISSING_EXPLICIT;VAL_ENUM_MEMBERSHIP,sqlite,public_header:sqlite;sqlite_type:TEXT;generator:scripts/build_static_web_mvp.py;DOCS1R_reuse=bounded,"definition_evidence=high; column semantics are code/header confirmed when explicit, otherwise value-inferred and not authoritative"
measurement_evidence,pdb_error_type,descriptive_attribute,enum_candidate,not_applicable_or_embedded_in_raw_value,preserve_verbatim_no_overwrite,VOC_MEASUREMENT_EVIDENCE_PDB_ERROR_TYPE,blank_or_explicit_sentinel,VAL_SCHEMA_COMPLETE;VAL_MISSING_EXPLICIT;VAL_ENUM_MEMBERSHIP,sqlite,public_header:sqlite;sqlite_type:TEXT;generator:scripts/build_static_web_mvp.py;DOCS1R_reuse=bounded,"definition_evidence=high; column semantics are code/header confirmed when explicit, otherwise value-inferred and not authoritative"
measurement_evidence,pdb_ids,identifier_or_cross_reference,identifier_or_identifier_list,not_applicable_or_embedded_in_raw_value,preserve_verbatim_no_overwrite,,blank_only,VAL_SCHEMA_COMPLETE;VAL_MISSING_EXPLICIT;VAL_IDENTIFIER_FORMAT,sqlite,public_header:sqlite;sqlite_type:TEXT;generator:scripts/build_static_web_mvp.py;DOCS1R_reuse=bounded,"definition_evidence=high; column semantics are code/header confirmed when explicit, otherwise value-inferred and not authoritative"
measurement_evidence,preincubation_condition,descriptive_attribute,delimited_list_or_text,not_applicable_or_embedded_in_raw_value,preserve_verbatim_no_overwrite,,blank_or_explicit_sentinel,VAL_SCHEMA_COMPLETE;VAL_MISSING_EXPLICIT,sqlite,public_header:sqlite;sqlite_type:TEXT;generator:scripts/build_static_web_mvp.py;DOCS1R_reuse=bounded,"definition_evidence=high; column semantics are code/header confirmed when explicit, otherwise value-inferred and not authoritative"
measurement_evidence,priority_date,descriptive_attribute,date_or_year,not_applicable_or_embedded_in_raw_value,preserve_verbatim_no_overwrite,,blank_or_explicit_sentinel,VAL_SCHEMA_COMPLETE;VAL_MISSING_EXPLICIT,sqlite,public_header:sqlite;sqlite_type:TEXT;generator:scripts/build_static_web_mvp.py;DOCS1R_reuse=bounded,"definition_evidence=high; column semantics are code/header confirmed when explicit, otherwise value-inferred and not authoritative"
measurement_evidence,priority_number,descriptive_attribute,delimited_list_or_text,not_applicable_or_embedded_in_raw_value,preserve_verbatim_no_overwrite,,blank_or_explicit_sentinel,VAL_SCHEMA_COMPLETE;VAL_MISSING_EXPLICIT,sqlite,public_header:sqlite;sqlite_type:TEXT;generator:scripts/build_static_web_mvp.py;DOCS1R_reuse=bounded,"definition_evidence=high; column semantics are code/header confirmed when explicit, otherwise value-inferred and not authoritative"
measurement_evidence,protocol_id,identifier_or_cross_reference,identifier_or_identifier_list,not_applicable_or_embedded_in_raw_value,preserve_verbatim_no_overwrite,,blank_only,VAL_SCHEMA_COMPLETE;VAL_MISSING_EXPLICIT;VAL_IDENTIFIER_FORMAT,sqlite,public_header:sqlite;sqlite_type:TEXT;generator:scripts/build_static_web_mvp.py;DOCS1R_reuse=bounded,"definition_evidence=high; column semantics are code/header confirmed when explicit, otherwise value-inferred and not authoritative"
measurement_evidence,protocol_type,descriptive_attribute,enum_candidate,not_applicable_or_embedded_in_raw_value,preserve_verbatim_no_overwrite,VOC_MEASUREMENT_EVIDENCE_PROTOCOL_TYPE,blank_or_explicit_sentinel,VAL_SCHEMA_COMPLETE;VAL_MISSING_EXPLICIT;VAL_ENUM_MEMBERSHIP,sqlite,public_header:sqlite;sqlite_type:TEXT;generator:scripts/build_static_web_mvp.py;DOCS1R_reuse=bounded,"definition_evidence=high; column semantics are code/header confirmed when explicit, otherwise value-inferred and not authoritative"
measurement_evidence,provenance_anchor,provenance,delimited_list_or_text,not_applicable_or_embedded_in_raw_value,preserve_verbatim_no_overwrite,,blank_or_explicit_sentinel,VAL_SCHEMA_COMPLETE;VAL_MISSING_EXPLICIT,sqlite,public_header:sqlite;sqlite_type:TEXT;generator:scripts/build_static_web_mvp.py;DOCS1R_reuse=bounded,"definition_evidence=high; column semantics are code/header confirmed when explicit, otherwise value-inferred and not authoritative"
measurement_evidence,publication_date,descriptive_attribute,date_or_year,not_applicable_or_embedded_in_raw_value,preserve_verbatim_no_overwrite,,blank_or_explicit_sentinel,VAL_SCHEMA_COMPLETE;VAL_MISSING_EXPLICIT,sqlite,public_header:sqlite;sqlite_type:TEXT;generator:scripts/build_static_web_mvp.py;DOCS1R_reuse=bounded,"definition_evidence=high; column semantics are code/header confirmed when explicit, otherwise value-inferred and not authoritative"
measurement_evidence,publication_year,descriptive_attribute,date_or_year,not_applicable_or_embedded_in_raw_value,preserve_verbatim_no_overwrite,,blank_or_explicit_sentinel,VAL_SCHEMA_COMPLETE;VAL_MISSING_EXPLICIT,sqlite,public_header:sqlite;sqlite_type:INTEGER;generator:scripts/build_static_web_mvp.py;DOCS1R_reuse=bounded,"definition_evidence=high; column semantics are code/header confirmed when explicit, otherwise value-inferred and not authoritative"
measurement_evidence,raw_assay_metadata,raw_measurement_or_source_reported_attribute,delimited_list_or_text,not_applicable_or_embedded_in_raw_value,preserve_verbatim_no_overwrite,,blank_or_explicit_sentinel,VAL_SCHEMA_COMPLETE;VAL_MISSING_EXPLICIT,sqlite,public_header:sqlite;sqlite_type:TEXT;generator:scripts/build_static_web_mvp.py;DOCS1R_reuse=bounded,"definition_evidence=high; column semantics are code/header confirmed when explicit, otherwise value-inferred and not authoritative"
measurement_evidence,readout_defined,descriptive_attribute,boolean_token,not_applicable_or_embedded_in_raw_value,preserve_verbatim_no_overwrite,VOC_MEASUREMENT_EVIDENCE_READOUT_DEFINED,blank_only,VAL_SCHEMA_COMPLETE;VAL_MISSING_EXPLICIT;VAL_ENUM_MEMBERSHIP,sqlite,public_header:sqlite;sqlite_type:TEXT;generator:scripts/build_static_web_mvp.py;DOCS1R_reuse=bounded,"definition_evidence=high; column semantics are code/header confirmed when explicit, otherwise value-inferred and not authoritative"
measurement_evidence,ref_id,identifier_or_cross_reference,identifier_or_identifier_list,not_applicable_or_embedded_in_raw_value,preserve_verbatim_no_overwrite,,blank_only,VAL_SCHEMA_COMPLETE;VAL_MISSING_EXPLICIT;VAL_IDENTIFIER_FORMAT,sqlite,public_header:sqlite;sqlite_type:TEXT;generator:scripts/build_static_web_mvp.py;DOCS1R_reuse=bounded,"definition_evidence=high; column semantics are code/header confirmed when explicit, otherwise value-inferred and not authoritative"
measurement_evidence,reported_item_count,normalized_or_derived,integer,count,derived_value_must_retain_source_field_rule_version_and_provenance,,blank_only,VAL_SCHEMA_COMPLETE;VAL_MISSING_EXPLICIT;VAL_NUMERIC_OR_UNIT,sqlite,public_header:sqlite;sqlite_type:INTEGER;generator:scripts/build_static_web_mvp.py;DOCS1R_reuse=bounded,"definition_evidence=high; column semantics are code/header confirmed when explicit, otherwise value-inferred and not authoritative"
measurement_evidence,reporting_item_states,status_or_classification,delimited_list_or_text,not_applicable_or_embedded_in_raw_value,preserve_verbatim_no_overwrite,,blank_or_explicit_sentinel,VAL_SCHEMA_COMPLETE;VAL_MISSING_EXPLICIT,sqlite,public_header:sqlite;sqlite_type:TEXT;generator:scripts/build_static_web_mvp.py;DOCS1R_reuse=bounded,"definition_evidence=high; column semantics are code/header confirmed when explicit, otherwise value-inferred and not authoritative"
measurement_evidence,required_item_count,normalized_or_derived,integer,count,derived_value_must_retain_source_field_rule_version_and_provenance,,blank_only,VAL_SCHEMA_COMPLETE;VAL_MISSING_EXPLICIT;VAL_NUMERIC_OR_UNIT,sqlite,public_header:sqlite;sqlite_type:INTEGER;generator:scripts/build_static_web_mvp.py;DOCS1R_reuse=bounded,"definition_evidence=high; column semantics are code/header confirmed when explicit, otherwise value-inferred and not authoritative"
measurement_evidence,residual_activity_percent,raw_measurement_or_source_reported_attribute,text,percent,preserve_verbatim_no_overwrite,,blank_or_explicit_sentinel,VAL_SCHEMA_COMPLETE;VAL_MISSING_EXPLICIT;VAL_NUMERIC_OR_UNIT;VAL_ZERO_001;VAL_RANGE_RESIDUAL_ACTIVITY_PERCENT,sqlite,public_header:sqlite;sqlite_type:TEXT;generator:scripts/build_static_web_mvp.py;DOCS1R_reuse=bounded,"definition_evidence=high; column semantics are code/header confirmed when explicit, otherwise value-inferred and not authoritative"
measurement_evidence,seq_id_no,descriptive_attribute,delimited_list_or_text,not_applicable_or_embedded_in_raw_value,preserve_verbatim_no_overwrite,,blank_or_explicit_sentinel,VAL_SCHEMA_COMPLETE;VAL_MISSING_EXPLICIT,sqlite,public_header:sqlite;sqlite_type:TEXT;generator:scripts/build_static_web_mvp.py;DOCS1R_reuse=bounded,"definition_evidence=high; column semantics are code/header confirmed when explicit, otherwise value-inferred and not authoritative"
measurement_evidence,sequence_length_aa,descriptive_attribute,text,amino_acid_count,preserve_verbatim_no_overwrite,,blank_or_explicit_sentinel,VAL_SCHEMA_COMPLETE;VAL_MISSING_EXPLICIT;VAL_NUMERIC_OR_UNIT,sqlite,public_header:sqlite;sqlite_type:TEXT;generator:scripts/build_static_web_mvp.py;DOCS1R_reuse=bounded,"definition_evidence=high; column semantics are code/header confirmed when explicit, otherwise value-inferred and not authoritative"
measurement_evidence,sequence_listing_id,identifier_or_cross_reference,sequence_or_sequence_reference,not_applicable_or_embedded_in_raw_value,preserve_verbatim_no_overwrite,,blank_or_explicit_sentinel,VAL_SCHEMA_COMPLETE;VAL_MISSING_EXPLICIT,sqlite,public_header:sqlite;sqlite_type:TEXT;generator:scripts/build_static_web_mvp.py;DOCS1R_reuse=bounded,"definition_evidence=high; column semantics are code/header confirmed when explicit, otherwise value-inferred and not authoritative"
measurement_evidence,sequence_md5,descriptive_attribute,text,not_applicable_or_embedded_in_raw_value,preserve_verbatim_no_overwrite,,blank_or_explicit_sentinel,VAL_SCHEMA_COMPLETE;VAL_MISSING_EXPLICIT,sqlite,public_header:sqlite;sqlite_type:TEXT;generator:scripts/build_static_web_mvp.py;DOCS1R_reuse=bounded,"definition_evidence=high; column semantics are code/header confirmed when explicit, otherwise value-inferred and not authoritative"
measurement_evidence,shaking_rpm,descriptive_attribute,enum_candidate,not_applicable_or_embedded_in_raw_value,preserve_verbatim_no_overwrite,VOC_MEASUREMENT_EVIDENCE_SHAKING_RPM,blank_or_explicit_sentinel,VAL_SCHEMA_COMPLETE;VAL_MISSING_EXPLICIT;VAL_ENUM_MEMBERSHIP,sqlite,public_header:sqlite;sqlite_type:TEXT;generator:scripts/build_static_web_mvp.py;DOCS1R_reuse=bounded,"definition_evidence=high; column semantics are code/header confirmed when explicit, otherwise value-inferred and not authoritative"
measurement_evidence,source_canonical_id,identifier_foreign_key,identifier_or_identifier_list,not_applicable_or_embedded_in_raw_value,preserve_verbatim_no_overwrite,,blank_only,VAL_SCHEMA_COMPLETE;VAL_MISSING_EXPLICIT;VAL_IDENTIFIER_FORMAT,sqlite,public_header:sqlite;sqlite_type:TEXT;generator:scripts/build_static_web_mvp.py;DOCS1R_reuse=bounded,"definition_evidence=high; column semantics are code/header confirmed when explicit, otherwise value-inferred and not authoritative"
measurement_evidence,source_database,provenance,delimited_list_or_text,not_applicable_or_embedded_in_raw_value,preserve_verbatim_no_overwrite,,blank_or_explicit_sentinel,VAL_SCHEMA_COMPLETE;VAL_MISSING_EXPLICIT,sqlite,public_header:sqlite;sqlite_type:TEXT;generator:scripts/build_static_web_mvp.py;DOCS1R_reuse=bounded,"definition_evidence=high; column semantics are code/header confirmed when explicit, otherwise value-inferred and not authoritative"
measurement_evidence,source_figure_table_id,identifier_or_cross_reference,identifier_or_identifier_list,not_applicable_or_embedded_in_raw_value,preserve_verbatim_no_overwrite,,blank_only,VAL_SCHEMA_COMPLETE;VAL_MISSING_EXPLICIT;VAL_IDENTIFIER_FORMAT,sqlite,public_header:sqlite;sqlite_type:TEXT;generator:scripts/build_static_web_mvp.py;DOCS1R_reuse=bounded,"definition_evidence=high; column semantics are code/header confirmed when explicit, otherwise value-inferred and not authoritative"
measurement_evidence,source_key,provenance,text,not_applicable_or_embedded_in_raw_value,preserve_verbatim_no_overwrite,,blank_or_explicit_sentinel,VAL_SCHEMA_COMPLETE;VAL_MISSING_EXPLICIT,sqlite,public_header:sqlite;sqlite_type:TEXT;generator:scripts/build_static_web_mvp.py;DOCS1R_reuse=bounded,"definition_evidence=high; column semantics are code/header confirmed when explicit, otherwise value-inferred and not authoritative"
measurement_evidence,source_layer,provenance,enum_candidate,not_applicable_or_embedded_in_raw_value,preserve_verbatim_no_overwrite,VOC_MEASUREMENT_EVIDENCE_SOURCE_LAYER,blank_or_explicit_sentinel,VAL_SCHEMA_COMPLETE;VAL_MISSING_EXPLICIT;VAL_ENUM_MEMBERSHIP,sqlite,public_header:sqlite;sqlite_type:TEXT;generator:scripts/build_static_web_mvp.py;DOCS1R_reuse=bounded,"definition_evidence=high; column semantics are code/header confirmed when explicit, otherwise value-inferred and not authoritative"
measurement_evidence,source_species,provenance,text,not_applicable_or_embedded_in_raw_value,preserve_verbatim_no_overwrite,,blank_or_explicit_sentinel,VAL_SCHEMA_COMPLETE;VAL_MISSING_EXPLICIT,sqlite,public_header:sqlite;sqlite_type:TEXT;generator:scripts/build_static_web_mvp.py;DOCS1R_reuse=bounded,"definition_evidence=high; column semantics are code/header confirmed when explicit, otherwise value-inferred and not authoritative"
measurement_evidence,source_type,provenance,enum_candidate,not_applicable_or_embedded_in_raw_value,preserve_verbatim_no_overwrite,VOC_MEASUREMENT_EVIDENCE_SOURCE_TYPE,blank_or_explicit_sentinel,VAL_SCHEMA_COMPLETE;VAL_MISSING_EXPLICIT;VAL_ENUM_MEMBERSHIP,sqlite,public_header:sqlite;sqlite_type:TEXT;generator:scripts/build_static_web_mvp.py;DOCS1R_reuse=bounded,"definition_evidence=high; column semantics are code/header confirmed when explicit, otherwise value-inferred and not authoritative"
measurement_evidence,source_url,provenance,url,not_applicable_or_embedded_in_raw_value,preserve_verbatim_no_overwrite,,blank_or_explicit_sentinel,VAL_SCHEMA_COMPLETE;VAL_MISSING_EXPLICIT,sqlite,public_header:sqlite;sqlite_type:TEXT;generator:scripts/build_static_web_mvp.py;DOCS1R_reuse=bounded,"definition_evidence=high; column semantics are code/header confirmed when explicit, otherwise value-inferred and not authoritative"
measurement_evidence,structure_modeling_readiness,descriptive_attribute,enum_candidate,not_applicable_or_embedded_in_raw_value,preserve_verbatim_no_overwrite,VOC_MEASUREMENT_EVIDENCE_STRUCTURE_MODELING_READINESS,blank_or_explicit_sentinel,VAL_SCHEMA_COMPLETE;VAL_MISSING_EXPLICIT;VAL_ENUM_MEMBERSHIP,sqlite,public_header:sqlite;sqlite_type:TEXT;generator:scripts/build_static_web_mvp.py;DOCS1R_reuse=bounded,"definition_evidence=high; column semantics are code/header confirmed when explicit, otherwise value-inferred and not authoritative"
measurement_evidence,substrate_conc_unit,descriptive_attribute,text,not_applicable_or_embedded_in_raw_value,preserve_verbatim_no_overwrite,,blank_or_explicit_sentinel,VAL_SCHEMA_COMPLETE;VAL_MISSING_EXPLICIT,sqlite,public_header:sqlite;sqlite_type:TEXT;generator:scripts/build_static_web_mvp.py;DOCS1R_reuse=bounded,"definition_evidence=high; column semantics are code/header confirmed when explicit, otherwise value-inferred and not authoritative"
measurement_evidence,substrate_conc_value,descriptive_attribute,text,not_applicable_or_embedded_in_raw_value,preserve_verbatim_no_overwrite,,blank_or_explicit_sentinel,VAL_SCHEMA_COMPLETE;VAL_MISSING_EXPLICIT,sqlite,public_header:sqlite;sqlite_type:TEXT;generator:scripts/build_static_web_mvp.py;DOCS1R_reuse=bounded,"definition_evidence=high; column semantics are code/header confirmed when explicit, otherwise value-inferred and not authoritative"
measurement_evidence,tier_2b,status_or_classification,enum_candidate,not_applicable_or_embedded_in_raw_value,preserve_verbatim_no_overwrite,VOC_MEASUREMENT_EVIDENCE_TIER_2B,blank_or_explicit_sentinel,VAL_SCHEMA_COMPLETE;VAL_MISSING_EXPLICIT;VAL_ENUM_MEMBERSHIP,sqlite,public_header:sqlite;sqlite_type:TEXT;generator:scripts/build_static_web_mvp.py;DOCS1R_reuse=bounded,"definition_evidence=high; column semantics are code/header confirmed when explicit, otherwise value-inferred and not authoritative"
measurement_evidence,time_series_available,descriptive_attribute,boolean_token,not_applicable_or_embedded_in_raw_value,preserve_verbatim_no_overwrite,VOC_MEASUREMENT_EVIDENCE_TIME_SERIES_AVAILABLE,blank_only,VAL_SCHEMA_COMPLETE;VAL_MISSING_EXPLICIT;VAL_ENUM_MEMBERSHIP,sqlite,public_header:sqlite;sqlite_type:TEXT;generator:scripts/build_static_web_mvp.py;DOCS1R_reuse=bounded,"definition_evidence=high; column semantics are code/header confirmed when explicit, otherwise value-inferred and not authoritative"
measurement_evidence,uncertainty_basis,descriptive_attribute,enum_candidate,not_applicable_or_embedded_in_raw_value,preserve_verbatim_no_overwrite,VOC_MEASUREMENT_EVIDENCE_UNCERTAINTY_BASIS,blank_or_explicit_sentinel,VAL_SCHEMA_COMPLETE;VAL_MISSING_EXPLICIT;VAL_ENUM_MEMBERSHIP,sqlite,public_header:sqlite;sqlite_type:TEXT;generator:scripts/build_static_web_mvp.py;DOCS1R_reuse=bounded,"definition_evidence=high; column semantics are code/header confirmed when explicit, otherwise value-inferred and not authoritative"
measurement_evidence,uniprot_id,identifier_or_cross_reference,identifier_or_identifier_list,not_applicable_or_embedded_in_raw_value,preserve_verbatim_no_overwrite,,blank_only,VAL_SCHEMA_COMPLETE;VAL_MISSING_EXPLICIT;VAL_IDENTIFIER_FORMAT,sqlite,public_header:sqlite;sqlite_type:TEXT;generator:scripts/build_static_web_mvp.py;DOCS1R_reuse=bounded,"definition_evidence=high; column semantics are code/header confirmed when explicit, otherwise value-inferred and not authoritative"
measurement_evidence,unit_conversion_factor,descriptive_attribute,enum_candidate,not_applicable_or_embedded_in_raw_value,preserve_verbatim_no_overwrite,VOC_MEASUREMENT_EVIDENCE_UNIT_CONVERSION_FACTOR,blank_or_explicit_sentinel,VAL_SCHEMA_COMPLETE;VAL_MISSING_EXPLICIT;VAL_ENUM_MEMBERSHIP,sqlite,public_header:sqlite;sqlite_type:TEXT;generator:scripts/build_static_web_mvp.py;DOCS1R_reuse=bounded,"definition_evidence=high; column semantics are code/header confirmed when explicit, otherwise value-inferred and not authoritative"
measurement_evidence,value_uncertainty_pp,descriptive_attribute,enum_candidate,not_applicable_or_embedded_in_raw_value,preserve_verbatim_no_overwrite,VOC_MEASUREMENT_EVIDENCE_VALUE_UNCERTAINTY_PP,blank_or_explicit_sentinel,VAL_SCHEMA_COMPLETE;VAL_MISSING_EXPLICIT;VAL_ENUM_MEMBERSHIP,sqlite,public_header:sqlite;sqlite_type:TEXT;generator:scripts/build_static_web_mvp.py;DOCS1R_reuse=bounded,"definition_evidence=high; column semantics are code/header confirmed when explicit, otherwise value-inferred and not authoritative"
patent_evidence,A0_condition_matched_to_readout,descriptive_attribute,enum_candidate,not_applicable_or_embedded_in_raw_value,preserve_verbatim_no_overwrite,VOC_PATENT_EVIDENCE_A0_CONDITION_MATCHED_TO_READOUT,blank_or_explicit_sentinel,VAL_SCHEMA_COMPLETE;VAL_MISSING_EXPLICIT;VAL_ENUM_MEMBERSHIP,sqlite,public_header:sqlite;sqlite_type:TEXT;generator:scripts/build_static_web_mvp.py;DOCS1R_reuse=bounded,"definition_evidence=high; column semantics are code/header confirmed when explicit, otherwise value-inferred and not authoritative"
patent_evidence,A0_cv_percent,descriptive_attribute,enum_candidate,percent,preserve_verbatim_no_overwrite,VOC_PATENT_EVIDENCE_A0_CV_PERCENT,blank_or_explicit_sentinel,VAL_SCHEMA_COMPLETE;VAL_MISSING_EXPLICIT;VAL_NUMERIC_OR_UNIT;VAL_ENUM_MEMBERSHIP,sqlite,public_header:sqlite;sqlite_type:TEXT;generator:scripts/build_static_web_mvp.py;DOCS1R_reuse=bounded,"definition_evidence=high; column semantics are code/header confirmed when explicit, otherwise value-inferred and not authoritative"
patent_evidence,A0_replicate_n,descriptive_attribute,integer,not_applicable_or_embedded_in_raw_value,preserve_verbatim_no_overwrite,,blank_only,VAL_SCHEMA_COMPLETE;VAL_MISSING_EXPLICIT;VAL_NUMERIC_OR_UNIT,sqlite,public_header:sqlite;sqlite_type:INTEGER;generator:scripts/build_static_web_mvp.py;DOCS1R_reuse=bounded,"definition_evidence=high; column semantics are code/header confirmed when explicit, otherwise value-inferred and not authoritative"
patent_evidence,A0_same_batch_as_challenge,descriptive_attribute,boolean_token,not_applicable_or_embedded_in_raw_value,preserve_verbatim_no_overwrite,VOC_PATENT_EVIDENCE_A0_SAME_BATCH_AS_CHALLENGE,blank_only,VAL_SCHEMA_COMPLETE;VAL_MISSING_EXPLICIT;VAL_ENUM_MEMBERSHIP,sqlite,public_header:sqlite;sqlite_type:TEXT;generator:scripts/build_static_web_mvp.py;DOCS1R_reuse=bounded,"definition_evidence=high; column semantics are code/header confirmed when explicit, otherwise value-inferred and not authoritative"
patent_evidence,A0_source,descriptive_attribute,enum_candidate,not_applicable_or_embedded_in_raw_value,preserve_verbatim_no_overwrite,VOC_PATENT_EVIDENCE_A0_SOURCE,blank_or_explicit_sentinel,VAL_SCHEMA_COMPLETE;VAL_MISSING_EXPLICIT;VAL_ENUM_MEMBERSHIP,sqlite,public_header:sqlite;sqlite_type:TEXT;generator:scripts/build_static_web_mvp.py;DOCS1R_reuse=bounded,"definition_evidence=high; column semantics are code/header confirmed when explicit, otherwise value-inferred and not authoritative"
patent_evidence,D_obs_unreliable,descriptive_attribute,boolean_token,not_applicable_or_embedded_in_raw_value,preserve_verbatim_no_overwrite,VOC_PATENT_EVIDENCE_D_OBS_UNRELIABLE,blank_only,VAL_SCHEMA_COMPLETE;VAL_MISSING_EXPLICIT;VAL_ENUM_MEMBERSHIP,sqlite,public_header:sqlite;sqlite_type:TEXT;generator:scripts/build_static_web_mvp.py;DOCS1R_reuse=bounded,"definition_evidence=high; column semantics are code/header confirmed when explicit, otherwise value-inferred and not authoritative"
patent_evidence,activity_assay_method,descriptive_attribute,enum_candidate,not_applicable_or_embedded_in_raw_value,preserve_verbatim_no_overwrite,VOC_PATENT_EVIDENCE_ACTIVITY_ASSAY_METHOD,blank_or_explicit_sentinel,VAL_SCHEMA_COMPLETE;VAL_MISSING_EXPLICIT;VAL_ENUM_MEMBERSHIP,sqlite,public_header:sqlite;sqlite_type:TEXT;generator:scripts/build_static_web_mvp.py;DOCS1R_reuse=bounded,"definition_evidence=high; column semantics are code/header confirmed when explicit, otherwise value-inferred and not authoritative"
patent_evidence,assay_buffer_system,descriptive_attribute,enum_candidate,not_applicable_or_embedded_in_raw_value,preserve_verbatim_no_overwrite,VOC_PATENT_EVIDENCE_ASSAY_BUFFER_SYSTEM,blank_or_explicit_sentinel,VAL_SCHEMA_COMPLETE;VAL_MISSING_EXPLICIT;VAL_ENUM_MEMBERSHIP,sqlite,public_header:sqlite;sqlite_type:TEXT;generator:scripts/build_static_web_mvp.py;DOCS1R_reuse=bounded,"definition_evidence=high; column semantics are code/header confirmed when explicit, otherwise value-inferred and not authoritative"
patent_evidence,assay_comparability_flag,status_or_classification,enum_candidate,not_applicable_or_embedded_in_raw_value,preserve_verbatim_no_overwrite,VOC_PATENT_EVIDENCE_ASSAY_COMPARABILITY_FLAG,blank_or_explicit_sentinel,VAL_SCHEMA_COMPLETE;VAL_MISSING_EXPLICIT;VAL_ENUM_MEMBERSHIP,sqlite,public_header:sqlite;sqlite_type:TEXT;generator:scripts/build_static_web_mvp.py;DOCS1R_reuse=bounded,"definition_evidence=high; column semantics are code/header confirmed when explicit, otherwise value-inferred and not authoritative"
patent_evidence,assay_id,identifier_or_cross_reference,identifier_or_identifier_list,not_applicable_or_embedded_in_raw_value,preserve_verbatim_no_overwrite,,blank_only,VAL_SCHEMA_COMPLETE;VAL_MISSING_EXPLICIT;VAL_IDENTIFIER_FORMAT,sqlite,public_header:sqlite;sqlite_type:TEXT;generator:scripts/build_static_web_mvp.py;DOCS1R_reuse=bounded,"definition_evidence=high; column semantics are code/header confirmed when explicit, otherwise value-inferred and not authoritative"
patent_evidence,assay_offset_term,descriptive_attribute,text,not_applicable_or_embedded_in_raw_value,preserve_verbatim_no_overwrite,,blank_or_explicit_sentinel,VAL_SCHEMA_COMPLETE;VAL_MISSING_EXPLICIT,sqlite,public_header:sqlite;sqlite_type:TEXT;generator:scripts/build_static_web_mvp.py;DOCS1R_reuse=bounded,"definition_evidence=high; column semantics are code/header confirmed when explicit, otherwise value-inferred and not authoritative"
patent_evidence,assay_pH,descriptive_attribute,number,not_applicable_or_embedded_in_raw_value,preserve_verbatim_no_overwrite,,blank_only,VAL_SCHEMA_COMPLETE;VAL_MISSING_EXPLICIT;VAL_NUMERIC_OR_UNIT,sqlite,public_header:sqlite;sqlite_type:REAL;generator:scripts/build_static_web_mvp.py;DOCS1R_reuse=bounded,"definition_evidence=high; column semantics are code/header confirmed when explicit, otherwise value-inferred and not authoritative"
patent_evidence,assay_reaction_time_min,descriptive_attribute,integer,minute,preserve_verbatim_no_overwrite,,blank_only,VAL_SCHEMA_COMPLETE;VAL_MISSING_EXPLICIT;VAL_NUMERIC_OR_UNIT,sqlite,public_header:sqlite;sqlite_type:INTEGER;generator:scripts/build_static_web_mvp.py;DOCS1R_reuse=bounded,"definition_evidence=high; column semantics are code/header confirmed when explicit, otherwise value-inferred and not authoritative"
patent_evidence,assay_substrate,descriptive_attribute,enum_candidate,not_applicable_or_embedded_in_raw_value,preserve_verbatim_no_overwrite,VOC_PATENT_EVIDENCE_ASSAY_SUBSTRATE,blank_or_explicit_sentinel,VAL_SCHEMA_COMPLETE;VAL_MISSING_EXPLICIT;VAL_ENUM_MEMBERSHIP,sqlite,public_header:sqlite;sqlite_type:TEXT;generator:scripts/build_static_web_mvp.py;DOCS1R_reuse=bounded,"definition_evidence=high; column semantics are code/header confirmed when explicit, otherwise value-inferred and not authoritative"
patent_evidence,assay_total_volume_mL,descriptive_attribute,number,millilitre,preserve_verbatim_no_overwrite,,blank_only,VAL_SCHEMA_COMPLETE;VAL_MISSING_EXPLICIT;VAL_NUMERIC_OR_UNIT,sqlite,public_header:sqlite;sqlite_type:REAL;generator:scripts/build_static_web_mvp.py;DOCS1R_reuse=bounded,"definition_evidence=high; column semantics are code/header confirmed when explicit, otherwise value-inferred and not authoritative"
patent_evidence,assignee,provenance,delimited_list_or_text,not_applicable_or_embedded_in_raw_value,preserve_verbatim_no_overwrite,,blank_or_explicit_sentinel,VAL_SCHEMA_COMPLETE;VAL_MISSING_EXPLICIT,sqlite,public_header:sqlite;sqlite_type:TEXT;generator:scripts/build_static_web_mvp.py;DOCS1R_reuse=bounded,"definition_evidence=high; column semantics are code/header confirmed when explicit, otherwise value-inferred and not authoritative"
patent_evidence,baseline_activity_A0,descriptive_attribute,integer,not_applicable_or_embedded_in_raw_value,preserve_verbatim_no_overwrite,,blank_only,VAL_SCHEMA_COMPLETE;VAL_MISSING_EXPLICIT;VAL_NUMERIC_OR_UNIT,sqlite,public_header:sqlite;sqlite_type:INTEGER;generator:scripts/build_static_web_mvp.py;DOCS1R_reuse=bounded,"definition_evidence=high; column semantics are code/header confirmed when explicit, otherwise value-inferred and not authoritative"
patent_evidence,biphasic_deactivation_observed,descriptive_attribute,enum_candidate,not_applicable_or_embedded_in_raw_value,preserve_verbatim_no_overwrite,VOC_PATENT_EVIDENCE_BIPHASIC_DEACTIVATION_OBSERVED,blank_or_explicit_sentinel,VAL_SCHEMA_COMPLETE;VAL_MISSING_EXPLICIT;VAL_ENUM_MEMBERSHIP,sqlite,public_header:sqlite;sqlite_type:TEXT;generator:scripts/build_static_web_mvp.py;DOCS1R_reuse=bounded,"definition_evidence=high; column semantics are code/header confirmed when explicit, otherwise value-inferred and not authoritative"
patent_evidence,canonical_enzyme_id,identifier_foreign_key,identifier_or_identifier_list,not_applicable_or_embedded_in_raw_value,preserve_verbatim_no_overwrite,,blank_only,VAL_SCHEMA_COMPLETE;VAL_MISSING_EXPLICIT;VAL_IDENTIFIER_FORMAT;VAL_CANONICAL_FK,sqlite,public_header:sqlite;sqlite_type:TEXT;generator:scripts/build_static_web_mvp.py;DOCS1R_reuse=bounded,"definition_evidence=high; column semantics are code/header confirmed when explicit, otherwise value-inferred and not authoritative"
patent_evidence,construct_match_status,status_or_classification,enum_candidate,not_applicable_or_embedded_in_raw_value,preserve_verbatim_no_overwrite,VOC_PATENT_EVIDENCE_CONSTRUCT_MATCH_STATUS,blank_or_explicit_sentinel,VAL_SCHEMA_COMPLETE;VAL_MISSING_EXPLICIT;VAL_ENUM_MEMBERSHIP,sqlite,public_header:sqlite;sqlite_type:TEXT;generator:scripts/build_static_web_mvp.py;DOCS1R_reuse=bounded,"definition_evidence=high; column semantics are code/header confirmed when explicit, otherwise value-inferred and not authoritative"
patent_evidence,data_extraction_method,descriptive_attribute,enum_candidate,not_applicable_or_embedded_in_raw_value,preserve_verbatim_no_overwrite,VOC_PATENT_EVIDENCE_DATA_EXTRACTION_METHOD,blank_or_explicit_sentinel,VAL_SCHEMA_COMPLETE;VAL_MISSING_EXPLICIT;VAL_ENUM_MEMBERSHIP,sqlite,public_header:sqlite;sqlite_type:TEXT;generator:scripts/build_static_web_mvp.py;DOCS1R_reuse=bounded,"definition_evidence=high; column semantics are code/header confirmed when explicit, otherwise value-inferred and not authoritative"
patent_evidence,doi,identifier_or_cross_reference,identifier_or_identifier_list,not_applicable_or_embedded_in_raw_value,preserve_verbatim_no_overwrite,,blank_only,VAL_SCHEMA_COMPLETE;VAL_MISSING_EXPLICIT;VAL_IDENTIFIER_FORMAT,sqlite,public_header:sqlite;sqlite_type:TEXT;generator:scripts/build_static_web_mvp.py;DOCS1R_reuse=bounded,"definition_evidence=high; column semantics are code/header confirmed when explicit, otherwise value-inferred and not authoritative"
patent_evidence,duplicate_group_id,identifier_or_cross_reference,identifier_or_identifier_list,not_applicable_or_embedded_in_raw_value,preserve_verbatim_no_overwrite,,blank_only,VAL_SCHEMA_COMPLETE;VAL_MISSING_EXPLICIT;VAL_IDENTIFIER_FORMAT,sqlite,public_header:sqlite;sqlite_type:TEXT;generator:scripts/build_static_web_mvp.py;DOCS1R_reuse=bounded,"definition_evidence=high; column semantics are code/header confirmed when explicit, otherwise value-inferred and not authoritative"
patent_evidence,enzyme_conc,raw_measurement_or_source_reported_attribute,enum_candidate,source_reported_unit_string,preserve_numeric_plus_unit_string;no_forced_mg_ml,VOC_PATENT_EVIDENCE_ENZYME_CONC,blank_or_explicit_sentinel,VAL_SCHEMA_COMPLETE;VAL_MISSING_EXPLICIT;VAL_ENUM_MEMBERSHIP;VAL_PRESERVE_ENZYME_CONC,sqlite,public_header:sqlite;sqlite_type:TEXT;generator:scripts/build_static_web_mvp.py;DOCS1R_reuse=bounded,"definition_evidence=high; column semantics are code/header confirmed when explicit, otherwise value-inferred and not authoritative"
patent_evidence,enzyme_ec_number,descriptive_attribute,enum_candidate,not_applicable_or_embedded_in_raw_value,preserve_verbatim_no_overwrite,VOC_PATENT_EVIDENCE_ENZYME_EC_NUMBER,blank_or_explicit_sentinel,VAL_SCHEMA_COMPLETE;VAL_MISSING_EXPLICIT;VAL_ENUM_MEMBERSHIP,sqlite,public_header:sqlite;sqlite_type:TEXT;generator:scripts/build_static_web_mvp.py;DOCS1R_reuse=bounded,"definition_evidence=high; column semantics are code/header confirmed when explicit, otherwise value-inferred and not authoritative"
patent_evidence,enzyme_form,descriptive_attribute,enum_candidate,not_applicable_or_embedded_in_raw_value,preserve_verbatim_no_overwrite,VOC_PATENT_EVIDENCE_ENZYME_FORM,blank_or_explicit_sentinel,VAL_SCHEMA_COMPLETE;VAL_MISSING_EXPLICIT;VAL_ENUM_MEMBERSHIP,sqlite,public_header:sqlite;sqlite_type:TEXT;generator:scripts/build_static_web_mvp.py;DOCS1R_reuse=bounded,"definition_evidence=high; column semantics are code/header confirmed when explicit, otherwise value-inferred and not authoritative"
patent_evidence,enzyme_id,identifier_or_cross_reference,identifier_or_identifier_list,not_applicable_or_embedded_in_raw_value,preserve_verbatim_no_overwrite,,blank_only,VAL_SCHEMA_COMPLETE;VAL_MISSING_EXPLICIT;VAL_IDENTIFIER_FORMAT,sqlite,public_header:sqlite;sqlite_type:TEXT;generator:scripts/build_static_web_mvp.py;DOCS1R_reuse=bounded,"definition_evidence=high; column semantics are code/header confirmed when explicit, otherwise value-inferred and not authoritative"
patent_evidence,enzyme_identifier_source,descriptive_attribute,delimited_list_or_text,not_applicable_or_embedded_in_raw_value,preserve_verbatim_no_overwrite,,blank_or_explicit_sentinel,VAL_SCHEMA_COMPLETE;VAL_MISSING_EXPLICIT,sqlite,public_header:sqlite;sqlite_type:TEXT;generator:scripts/build_static_web_mvp.py;DOCS1R_reuse=bounded,"definition_evidence=high; column semantics are code/header confirmed when explicit, otherwise value-inferred and not authoritative"
patent_evidence,enzyme_name,descriptive_attribute,text,not_applicable_or_embedded_in_raw_value,preserve_verbatim_no_overwrite,,blank_or_explicit_sentinel,VAL_SCHEMA_COMPLETE;VAL_MISSING_EXPLICIT,sqlite,public_header:sqlite;sqlite_type:TEXT;generator:scripts/build_static_web_mvp.py;DOCS1R_reuse=bounded,"definition_evidence=high; column semantics are code/header confirmed when explicit, otherwise value-inferred and not authoritative"
patent_evidence,enzyme_ncbi_ids,identifier_or_cross_reference,identifier_or_identifier_list,not_applicable_or_embedded_in_raw_value,preserve_verbatim_no_overwrite,,blank_only,VAL_SCHEMA_COMPLETE;VAL_MISSING_EXPLICIT;VAL_IDENTIFIER_FORMAT,sqlite,public_header:sqlite;sqlite_type:TEXT;generator:scripts/build_static_web_mvp.py;DOCS1R_reuse=bounded,"definition_evidence=high; column semantics are code/header confirmed when explicit, otherwise value-inferred and not authoritative"
patent_evidence,enzyme_pdb_ids,identifier_or_cross_reference,identifier_or_identifier_list,not_applicable_or_embedded_in_raw_value,preserve_verbatim_no_overwrite,,blank_only,VAL_SCHEMA_COMPLETE;VAL_MISSING_EXPLICIT;VAL_IDENTIFIER_FORMAT,sqlite,public_header:sqlite;sqlite_type:TEXT;generator:scripts/build_static_web_mvp.py;DOCS1R_reuse=bounded,"definition_evidence=high; column semantics are code/header confirmed when explicit, otherwise value-inferred and not authoritative"
patent_evidence,enzyme_purity_percent,descriptive_attribute,text,percent,preserve_verbatim_no_overwrite,,blank_or_explicit_sentinel,VAL_SCHEMA_COMPLETE;VAL_MISSING_EXPLICIT;VAL_NUMERIC_OR_UNIT,sqlite,public_header:sqlite;sqlite_type:TEXT;generator:scripts/build_static_web_mvp.py;DOCS1R_reuse=bounded,"definition_evidence=high; column semantics are code/header confirmed when explicit, otherwise value-inferred and not authoritative"
patent_evidence,enzyme_uniprot_ids,identifier_or_cross_reference,identifier_or_identifier_list,not_applicable_or_embedded_in_raw_value,preserve_verbatim_no_overwrite,,blank_only,VAL_SCHEMA_COMPLETE;VAL_MISSING_EXPLICIT;VAL_IDENTIFIER_FORMAT,sqlite,public_header:sqlite;sqlite_type:TEXT;generator:scripts/build_static_web_mvp.py;DOCS1R_reuse=bounded,"definition_evidence=high; column semantics are code/header confirmed when explicit, otherwise value-inferred and not authoritative"
patent_evidence,evidence_confidence_tier,status_or_classification,enum_candidate,not_applicable_or_embedded_in_raw_value,preserve_verbatim_no_overwrite,VOC_PATENT_EVIDENCE_EVIDENCE_CONFIDENCE_TIER,blank_or_explicit_sentinel,VAL_SCHEMA_COMPLETE;VAL_MISSING_EXPLICIT;VAL_ENUM_MEMBERSHIP,sqlite,public_header:sqlite;sqlite_type:TEXT;generator:scripts/build_static_web_mvp.py;DOCS1R_reuse=bounded,"definition_evidence=high; column semantics are code/header confirmed when explicit, otherwise value-inferred and not authoritative"
patent_evidence,evidence_eligibility,status_or_classification,enum_candidate,not_applicable_or_embedded_in_raw_value,preserve_verbatim_no_overwrite,VOC_PATENT_EVIDENCE_EVIDENCE_ELIGIBILITY,blank_or_explicit_sentinel,VAL_SCHEMA_COMPLETE;VAL_MISSING_EXPLICIT;VAL_ENUM_MEMBERSHIP,sqlite,public_header:sqlite;sqlite_type:TEXT;generator:scripts/build_static_web_mvp.py;DOCS1R_reuse=bounded,"definition_evidence=high; column semantics are code/header confirmed when explicit, otherwise value-inferred and not authoritative"
patent_evidence,evidence_id,identifier_or_cross_reference,identifier_or_identifier_list,not_applicable_or_embedded_in_raw_value,preserve_verbatim_no_overwrite,,blank_only,VAL_SCHEMA_COMPLETE;VAL_MISSING_EXPLICIT;VAL_IDENTIFIER_FORMAT,sqlite,public_header:sqlite;sqlite_type:TEXT;generator:scripts/build_static_web_mvp.py;DOCS1R_reuse=bounded,"definition_evidence=high; column semantics are code/header confirmed when explicit, otherwise value-inferred and not authoritative"
patent_evidence,immobilization_support,descriptive_attribute,enum_candidate,not_applicable_or_embedded_in_raw_value,preserve_verbatim_no_overwrite,VOC_PATENT_EVIDENCE_IMMOBILIZATION_SUPPORT,blank_or_explicit_sentinel,VAL_SCHEMA_COMPLETE;VAL_MISSING_EXPLICIT;VAL_ENUM_MEMBERSHIP,sqlite,public_header:sqlite;sqlite_type:TEXT;generator:scripts/build_static_web_mvp.py;DOCS1R_reuse=bounded,"definition_evidence=high; column semantics are code/header confirmed when explicit, otherwise value-inferred and not authoritative"
patent_evidence,incubation_atmosphere,descriptive_attribute,text,not_applicable_or_embedded_in_raw_value,preserve_verbatim_no_overwrite,,blank_or_explicit_sentinel,VAL_SCHEMA_COMPLETE;VAL_MISSING_EXPLICIT,sqlite,public_header:sqlite;sqlite_type:TEXT;generator:scripts/build_static_web_mvp.py;DOCS1R_reuse=bounded,"definition_evidence=high; column semantics are code/header confirmed when explicit, otherwise value-inferred and not authoritative"
patent_evidence,incubation_buffer_system,descriptive_attribute,delimited_list_or_text,not_applicable_or_embedded_in_raw_value,preserve_verbatim_no_overwrite,,blank_or_explicit_sentinel,VAL_SCHEMA_COMPLETE;VAL_MISSING_EXPLICIT,sqlite,public_header:sqlite;sqlite_type:TEXT;generator:scripts/build_static_web_mvp.py;DOCS1R_reuse=bounded,"definition_evidence=high; column semantics are code/header confirmed when explicit, otherwise value-inferred and not authoritative"
patent_evidence,incubation_pH,descriptive_attribute,enum_candidate,not_applicable_or_embedded_in_raw_value,preserve_verbatim_no_overwrite,VOC_PATENT_EVIDENCE_INCUBATION_PH,blank_or_explicit_sentinel,VAL_SCHEMA_COMPLETE;VAL_MISSING_EXPLICIT;VAL_ENUM_MEMBERSHIP,sqlite,public_header:sqlite;sqlite_type:TEXT;generator:scripts/build_static_web_mvp.py;DOCS1R_reuse=bounded,"definition_evidence=high; column semantics are code/header confirmed when explicit, otherwise value-inferred and not authoritative"
patent_evidence,incubation_temp_C,raw_measurement_or_source_reported_attribute,enum_candidate,degree_Celsius,preserve_verbatim_no_overwrite,VOC_PATENT_EVIDENCE_INCUBATION_TEMP_C,blank_or_explicit_sentinel,VAL_SCHEMA_COMPLETE;VAL_MISSING_EXPLICIT;VAL_NUMERIC_OR_UNIT;VAL_ENUM_MEMBERSHIP,sqlite,public_header:sqlite;sqlite_type:TEXT;generator:scripts/build_static_web_mvp.py;DOCS1R_reuse=bounded,"definition_evidence=high; column semantics are code/header confirmed when explicit, otherwise value-inferred and not authoritative"
patent_evidence,incubation_time_h,raw_measurement_or_source_reported_attribute,number,hour,preserve_verbatim_no_overwrite,,blank_only,VAL_SCHEMA_COMPLETE;VAL_MISSING_EXPLICIT;VAL_NUMERIC_OR_UNIT,sqlite,public_header:sqlite;sqlite_type:REAL;generator:scripts/build_static_web_mvp.py;DOCS1R_reuse=bounded,"definition_evidence=high; column semantics are code/header confirmed when explicit, otherwise value-inferred and not authoritative"
patent_evidence,inventors,provenance,delimited_list_or_text,not_applicable_or_embedded_in_raw_value,preserve_verbatim_no_overwrite,,blank_or_explicit_sentinel,VAL_SCHEMA_COMPLETE;VAL_MISSING_EXPLICIT,sqlite,public_header:sqlite;sqlite_type:TEXT;generator:scripts/build_static_web_mvp.py;DOCS1R_reuse=bounded,"definition_evidence=high; column semantics are code/header confirmed when explicit, otherwise value-inferred and not authoritative"
patent_evidence,ionic_strength_mM,descriptive_attribute,integer,millimolar,preserve_verbatim_no_overwrite,,blank_only,VAL_SCHEMA_COMPLETE;VAL_MISSING_EXPLICIT;VAL_NUMERIC_OR_UNIT,sqlite,public_header:sqlite;sqlite_type:INTEGER;generator:scripts/build_static_web_mvp.py;DOCS1R_reuse=bounded,"definition_evidence=high; column semantics are code/header confirmed when explicit, otherwise value-inferred and not authoritative"
patent_evidence,journal,provenance,enum_candidate,not_applicable_or_embedded_in_raw_value,preserve_verbatim_no_overwrite,VOC_PATENT_EVIDENCE_JOURNAL,blank_or_explicit_sentinel,VAL_SCHEMA_COMPLETE;VAL_MISSING_EXPLICIT;VAL_ENUM_MEMBERSHIP,sqlite,public_header:sqlite;sqlite_type:TEXT;generator:scripts/build_static_web_mvp.py;DOCS1R_reuse=bounded,"definition_evidence=high; column semantics are code/header confirmed when explicit, otherwise value-inferred and not authoritative"
patent_evidence,jurisdiction,descriptive_attribute,enum_candidate,not_applicable_or_embedded_in_raw_value,preserve_verbatim_no_overwrite,VOC_PATENT_EVIDENCE_JURISDICTION,blank_or_explicit_sentinel,VAL_SCHEMA_COMPLETE;VAL_MISSING_EXPLICIT;VAL_ENUM_MEMBERSHIP,sqlite,public_header:sqlite;sqlite_type:TEXT;generator:scripts/build_static_web_mvp.py;DOCS1R_reuse=bounded,"definition_evidence=high; column semantics are code/header confirmed when explicit, otherwise value-inferred and not authoritative"
patent_evidence,label_ready,descriptive_attribute,boolean_token,not_applicable_or_embedded_in_raw_value,preserve_verbatim_no_overwrite,VOC_PATENT_EVIDENCE_LABEL_READY,blank_only,VAL_SCHEMA_COMPLETE;VAL_MISSING_EXPLICIT;VAL_ENUM_MEMBERSHIP,sqlite,public_header:sqlite;sqlite_type:TEXT;generator:scripts/build_static_web_mvp.py;DOCS1R_reuse=bounded,"definition_evidence=high; column semantics are code/header confirmed when explicit, otherwise value-inferred and not authoritative"
patent_evidence,,provenance,path,not_applicable_or_embedded_in_raw_value,preserve_verbatim_no_overwrite,,blank_or_explicit_sentinel,VAL_SCHEMA_COMPLETE;VAL_MISSING_EXPLICIT,sqlite,public_header:sqlite;sqlite_type:TEXT;generator:scripts/build_static_web_mvp.py;DOCS1R_reuse=bounded,"definition_evidence=high; column semantics are code/header confirmed when explicit, otherwise value-inferred and not authoritative"
patent_evidence,low_meoh_activation_observed,descriptive_attribute,boolean_token,not_applicable_or_embedded_in_raw_value,preserve_verbatim_no_overwrite,VOC_PATENT_EVIDENCE_LOW_MEOH_ACTIVATION_OBSERVED,blank_only,VAL_SCHEMA_COMPLETE;VAL_MISSING_EXPLICIT;VAL_ENUM_MEMBERSHIP,sqlite,public_header:sqlite;sqlite_type:TEXT;generator:scripts/build_static_web_mvp.py;DOCS1R_reuse=bounded,"definition_evidence=high; column semantics are code/header confirmed when explicit, otherwise value-inferred and not authoritative"
patent_evidence,matrix_check_status,status_or_classification,enum_candidate,not_applicable_or_embedded_in_raw_value,preserve_verbatim_no_overwrite,VOC_PATENT_EVIDENCE_MATRIX_CHECK_STATUS,blank_or_explicit_sentinel,VAL_SCHEMA_COMPLETE;VAL_MISSING_EXPLICIT;VAL_ENUM_MEMBERSHIP,sqlite,public_header:sqlite;sqlite_type:TEXT;generator:scripts/build_static_web_mvp.py;DOCS1R_reuse=bounded,"definition_evidence=high; column semantics are code/header confirmed when explicit, otherwise value-inferred and not authoritative"
patent_evidence,matrix_expected_rows,descriptive_attribute,integer,not_applicable_or_embedded_in_raw_value,preserve_verbatim_no_overwrite,,blank_only,VAL_SCHEMA_COMPLETE;VAL_MISSING_EXPLICIT;VAL_NUMERIC_OR_UNIT,sqlite,public_header:sqlite;sqlite_type:INTEGER;generator:scripts/build_static_web_mvp.py;DOCS1R_reuse=bounded,"definition_evidence=high; column semantics are code/header confirmed when explicit, otherwise value-inferred and not authoritative"
patent_evidence,matrix_missing_combinations,descriptive_attribute,enum_candidate,not_applicable_or_embedded_in_raw_value,preserve_verbatim_no_overwrite,VOC_PATENT_EVIDENCE_MATRIX_MISSING_COMBINATIONS,blank_or_explicit_sentinel,VAL_SCHEMA_COMPLETE;VAL_MISSING_EXPLICIT;VAL_ENUM_MEMBERSHIP,sqlite,public_header:sqlite;sqlite_type:TEXT;generator:scripts/build_static_web_mvp.py;DOCS1R_reuse=bounded,"definition_evidence=high; column semantics are code/header confirmed when explicit, otherwise value-inferred and not authoritative"
patent_evidence,matrix_observed_rows,descriptive_attribute,integer,not_applicable_or_embedded_in_raw_value,preserve_verbatim_no_overwrite,,blank_only,VAL_SCHEMA_COMPLETE;VAL_MISSING_EXPLICIT;VAL_NUMERIC_OR_UNIT,sqlite,public_header:sqlite;sqlite_type:INTEGER;generator:scripts/build_static_web_mvp.py;DOCS1R_reuse=bounded,"definition_evidence=high; column semantics are code/header confirmed when explicit, otherwise value-inferred and not authoritative"
patent_evidence,methanol_addition_mode,descriptive_attribute,enum_candidate,not_applicable_or_embedded_in_raw_value,preserve_verbatim_no_overwrite,VOC_PATENT_EVIDENCE_METHANOL_ADDITION_MODE,blank_or_explicit_sentinel,VAL_SCHEMA_COMPLETE;VAL_MISSING_EXPLICIT;VAL_ENUM_MEMBERSHIP,sqlite,public_header:sqlite;sqlite_type:TEXT;generator:scripts/build_static_web_mvp.py;DOCS1R_reuse=bounded,"definition_evidence=high; column semantics are code/header confirmed when explicit, otherwise value-inferred and not authoritative"
patent_evidence,methanol_conc_percent,raw_measurement_or_source_reported_attribute,enum_candidate,percent_source_basis_unknown,preserve_source_percent_and_unknown_basis;no_auto_v_v,VOC_PATENT_EVIDENCE_METHANOL_CONC_PERCENT,blank_or_explicit_sentinel,VAL_SCHEMA_COMPLETE;VAL_MISSING_EXPLICIT;VAL_NUMERIC_OR_UNIT;VAL_ENUM_MEMBERSHIP;VAL_NO_BASIS_CONVERSION,sqlite,public_header:sqlite;sqlite_type:TEXT;generator:scripts/build_static_web_mvp.py;DOCS1R_reuse=bounded,"definition_evidence=high; column semantics are code/header confirmed when explicit, otherwise value-inferred and not authoritative"
patent_evidence,missingness_profile,descriptive_attribute,delimited_list_or_text,not_applicable_or_embedded_in_raw_value,preserve_verbatim_no_overwrite,,blank_or_explicit_sentinel,VAL_SCHEMA_COMPLETE;VAL_MISSING_EXPLICIT,sqlite,public_header:sqlite;sqlite_type:TEXT;generator:scripts/build_static_web_mvp.py;DOCS1R_reuse=bounded,"definition_evidence=high; column semantics are code/header confirmed when explicit, otherwise value-inferred and not authoritative"
patent_evidence,official_record_checked,descriptive_attribute,delimited_list_or_text,not_applicable_or_embedded_in_raw_value,preserve_verbatim_no_overwrite,,blank_or_explicit_sentinel,VAL_SCHEMA_COMPLETE;VAL_MISSING_EXPLICIT,sqlite,public_header:sqlite;sqlite_type:TEXT;generator:scripts/build_static_web_mvp.py;DOCS1R_reuse=bounded,"definition_evidence=high; column semantics are code/header confirmed when explicit, otherwise value-inferred and not authoritative"
patent_evidence,original_activity_unit,descriptive_attribute,enum_candidate,not_applicable_or_embedded_in_raw_value,preserve_verbatim_no_overwrite,VOC_PATENT_EVIDENCE_ORIGINAL_ACTIVITY_UNIT,blank_or_explicit_sentinel,VAL_SCHEMA_COMPLETE;VAL_MISSING_EXPLICIT;VAL_ENUM_MEMBERSHIP,sqlite,public_header:sqlite;sqlite_type:TEXT;generator:scripts/build_static_web_mvp.py;DOCS1R_reuse=bounded,"definition_evidence=high; column semantics are code/header confirmed when explicit, otherwise value-inferred and not authoritative"
patent_evidence,page_or_figure_anchor,provenance,delimited_list_or_text,not_applicable_or_embedded_in_raw_value,preserve_verbatim_no_overwrite,,blank_or_explicit_sentinel,VAL_SCHEMA_COMPLETE;VAL_MISSING_EXPLICIT,sqlite,public_header:sqlite;sqlite_type:TEXT;generator:scripts/build_static_web_mvp.py;DOCS1R_reuse=bounded,"definition_evidence=high; column semantics are code/header confirmed when explicit, otherwise value-inferred and not authoritative"
patent_evidence,paper_level_batch_id,identifier_or_cross_reference,identifier_or_identifier_list,not_applicable_or_embedded_in_raw_value,preserve_verbatim_no_overwrite,,blank_only,VAL_SCHEMA_COMPLETE;VAL_MISSING_EXPLICIT;VAL_IDENTIFIER_FORMAT,sqlite,public_header:sqlite;sqlite_type:TEXT;generator:scripts/build_static_web_mvp.py;DOCS1R_reuse=bounded,"definition_evidence=high; column semantics are code/header confirmed when explicit, otherwise value-inferred and not authoritative"
patent_evidence,patent_application_number,descriptive_attribute,enum_candidate,not_applicable_or_embedded_in_raw_value,preserve_verbatim_no_overwrite,VOC_PATENT_EVIDENCE_PATENT_APPLICATION_NUMBER,blank_or_explicit_sentinel,VAL_SCHEMA_COMPLETE;VAL_MISSING_EXPLICIT;VAL_ENUM_MEMBERSHIP,sqlite,public_header:sqlite;sqlite_type:TEXT;generator:scripts/build_static_web_mvp.py;DOCS1R_reuse=bounded,"definition_evidence=high; column semantics are code/header confirmed when explicit, otherwise value-inferred and not authoritative"
patent_evidence,patent_claim_id,identifier_or_cross_reference,identifier_or_identifier_list,not_applicable_or_embedded_in_raw_value,preserve_verbatim_no_overwrite,,blank_only,VAL_SCHEMA_COMPLETE;VAL_MISSING_EXPLICIT;VAL_IDENTIFIER_FORMAT,sqlite,public_header:sqlite;sqlite_type:TEXT;generator:scripts/build_static_web_mvp.py;DOCS1R_reuse=bounded,"definition_evidence=high; column semantics are code/header confirmed when explicit, otherwise value-inferred and not authoritative"
patent_evidence,patent_claim_scope,descriptive_attribute,enum_candidate,not_applicable_or_embedded_in_raw_value,preserve_verbatim_no_overwrite,VOC_PATENT_EVIDENCE_PATENT_CLAIM_SCOPE,blank_or_explicit_sentinel,VAL_SCHEMA_COMPLETE;VAL_MISSING_EXPLICIT;VAL_ENUM_MEMBERSHIP,sqlite,public_header:sqlite;sqlite_type:TEXT;generator:scripts/build_static_web_mvp.py;DOCS1R_reuse=bounded,"definition_evidence=high; column semantics are code/header confirmed when explicit, otherwise value-inferred and not authoritative"
patent_evidence,patent_claimed_uniprot_id,identifier_or_cross_reference,identifier_or_identifier_list,not_applicable_or_embedded_in_raw_value,preserve_verbatim_no_overwrite,,blank_only,VAL_SCHEMA_COMPLETE;VAL_MISSING_EXPLICIT;VAL_IDENTIFIER_FORMAT,sqlite,public_header:sqlite;sqlite_type:TEXT;generator:scripts/build_static_web_mvp.py;DOCS1R_reuse=bounded,"definition_evidence=high; column semantics are code/header confirmed when explicit, otherwise value-inferred and not authoritative"
patent_evidence,patent_confidence_tier,status_or_classification,enum_candidate,not_applicable_or_embedded_in_raw_value,preserve_verbatim_no_overwrite,VOC_PATENT_EVIDENCE_PATENT_CONFIDENCE_TIER,blank_or_explicit_sentinel,VAL_SCHEMA_COMPLETE;VAL_MISSING_EXPLICIT;VAL_ENUM_MEMBERSHIP,sqlite,public_header:sqlite;sqlite_type:TEXT;generator:scripts/build_static_web_mvp.py;DOCS1R_reuse=bounded,"definition_evidence=high; column semantics are code/header confirmed when explicit, otherwise value-inferred and not authoritative"
patent_evidence,patent_evidence_layer,descriptive_attribute,enum_candidate,not_applicable_or_embedded_in_raw_value,preserve_verbatim_no_overwrite,VOC_PATENT_EVIDENCE_PATENT_EVIDENCE_LAYER,blank_or_explicit_sentinel,VAL_SCHEMA_COMPLETE;VAL_MISSING_EXPLICIT;VAL_ENUM_MEMBERSHIP,sqlite,public_header:sqlite;sqlite_type:TEXT;generator:scripts/build_static_web_mvp.py;DOCS1R_reuse=bounded,"definition_evidence=high; column semantics are code/header confirmed when explicit, otherwise value-inferred and not authoritative"
patent_evidence,patent_evidence_type,descriptive_attribute,enum_candidate,not_applicable_or_embedded_in_raw_value,preserve_verbatim_no_overwrite,VOC_PATENT_EVIDENCE_PATENT_EVIDENCE_TYPE,blank_or_explicit_sentinel,VAL_SCHEMA_COMPLETE;VAL_MISSING_EXPLICIT;VAL_ENUM_MEMBERSHIP,sqlite,public_header:sqlite;sqlite_type:TEXT;generator:scripts/build_static_web_mvp.py;DOCS1R_reuse=bounded,"definition_evidence=high; column semantics are code/header confirmed when explicit, otherwise value-inferred and not authoritative"
patent_evidence,patent_example_id,identifier_or_cross_reference,identifier_or_identifier_list,not_applicable_or_embedded_in_raw_value,preserve_verbatim_no_overwrite,,blank_only,VAL_SCHEMA_COMPLETE;VAL_MISSING_EXPLICIT;VAL_IDENTIFIER_FORMAT,sqlite,public_header:sqlite;sqlite_type:TEXT;generator:scripts/build_static_web_mvp.py;DOCS1R_reuse=bounded,"definition_evidence=high; column semantics are code/header confirmed when explicit, otherwise value-inferred and not authoritative"
patent_evidence,patent_family_duplicate_status,status_or_classification,delimited_list_or_text,not_applicable_or_embedded_in_raw_value,preserve_verbatim_no_overwrite,,blank_or_explicit_sentinel,VAL_SCHEMA_COMPLETE;VAL_MISSING_EXPLICIT,sqlite,public_header:sqlite;sqlite_type:TEXT;generator:scripts/build_static_web_mvp.py;DOCS1R_reuse=bounded,"definition_evidence=high; column semantics are code/header confirmed when explicit, otherwise value-inferred and not authoritative"
patent_evidence,patent_family_id,identifier_or_cross_reference,identifier_or_identifier_list,not_applicable_or_embedded_in_raw_value,preserve_verbatim_no_overwrite,,blank_only,VAL_SCHEMA_COMPLETE;VAL_MISSING_EXPLICIT;VAL_IDENTIFIER_FORMAT,sqlite,public_header:sqlite;sqlite_type:TEXT;generator:scripts/build_static_web_mvp.py;DOCS1R_reuse=bounded,"definition_evidence=high; column semantics are code/header confirmed when explicit, otherwise value-inferred and not authoritative"
patent_evidence,patent_family_role,status_or_classification,enum_candidate,not_applicable_or_embedded_in_raw_value,preserve_verbatim_no_overwrite,VOC_PATENT_EVIDENCE_PATENT_FAMILY_ROLE,blank_or_explicit_sentinel,VAL_SCHEMA_COMPLETE;VAL_MISSING_EXPLICIT;VAL_ENUM_MEMBERSHIP,sqlite,public_header:sqlite;sqlite_type:TEXT;generator:scripts/build_static_web_mvp.py;DOCS1R_reuse=bounded,"definition_evidence=high; column semantics are code/header confirmed when explicit, otherwise value-inferred and not authoritative"
patent_evidence,patent_language,descriptive_attribute,enum_candidate,not_applicable_or_embedded_in_raw_value,preserve_verbatim_no_overwrite,VOC_PATENT_EVIDENCE_PATENT_LANGUAGE,blank_or_explicit_sentinel,VAL_SCHEMA_COMPLETE;VAL_MISSING_EXPLICIT;VAL_ENUM_MEMBERSHIP,sqlite,public_header:sqlite;sqlite_type:TEXT;generator:scripts/build_static_web_mvp.py;DOCS1R_reuse=bounded,"definition_evidence=high; column semantics are code/header confirmed when explicit, otherwise value-inferred and not authoritative"
patent_evidence,patent_notes,free_text_note,delimited_list_or_text,not_applicable_or_embedded_in_raw_value,preserve_verbatim_no_overwrite,,blank_or_explicit_sentinel,VAL_SCHEMA_COMPLETE;VAL_MISSING_EXPLICIT,sqlite,public_header:sqlite;sqlite_type:TEXT;generator:scripts/build_static_web_mvp.py;DOCS1R_reuse=bounded,"definition_evidence=high; column semantics are code/header confirmed when explicit, otherwise value-inferred and not authoritative"
patent_evidence,patent_publication_number,descriptive_attribute,enum_candidate,not_applicable_or_embedded_in_raw_value,preserve_verbatim_no_overwrite,VOC_PATENT_EVIDENCE_PATENT_PUBLICATION_NUMBER,blank_or_explicit_sentinel,VAL_SCHEMA_COMPLETE;VAL_MISSING_EXPLICIT;VAL_ENUM_MEMBERSHIP,sqlite,public_header:sqlite;sqlite_type:TEXT;generator:scripts/build_static_web_mvp.py;DOCS1R_reuse=bounded,"definition_evidence=high; column semantics are code/header confirmed when explicit, otherwise value-inferred and not authoritative"
patent_evidence,patent_search_query_id,identifier_or_cross_reference,identifier_or_identifier_list,not_applicable_or_embedded_in_raw_value,preserve_verbatim_no_overwrite,,blank_only,VAL_SCHEMA_COMPLETE;VAL_MISSING_EXPLICIT;VAL_IDENTIFIER_FORMAT,sqlite,public_header:sqlite;sqlite_type:TEXT;generator:scripts/build_static_web_mvp.py;DOCS1R_reuse=bounded,"definition_evidence=high; column semantics are code/header confirmed when explicit, otherwise value-inferred and not authoritative"
patent_evidence,patent_section_id,identifier_or_cross_reference,identifier_or_identifier_list,not_applicable_or_embedded_in_raw_value,preserve_verbatim_no_overwrite,,blank_only,VAL_SCHEMA_COMPLETE;VAL_MISSING_EXPLICIT;VAL_IDENTIFIER_FORMAT,sqlite,public_header:sqlite;sqlite_type:TEXT;generator:scripts/build_static_web_mvp.py;DOCS1R_reuse=bounded,"definition_evidence=high; column semantics are code/header confirmed when explicit, otherwise value-inferred and not authoritative"
patent_evidence,patent_title,descriptive_attribute,enum_candidate,not_applicable_or_embedded_in_raw_value,preserve_verbatim_no_overwrite,VOC_PATENT_EVIDENCE_PATENT_TITLE,blank_or_explicit_sentinel,VAL_SCHEMA_COMPLETE;VAL_MISSING_EXPLICIT;VAL_ENUM_MEMBERSHIP,sqlite,public_header:sqlite;sqlite_type:TEXT;generator:scripts/build_static_web_mvp.py;DOCS1R_reuse=bounded,"definition_evidence=high; column semantics are code/header confirmed when explicit, otherwise value-inferred and not authoritative"
patent_evidence,pdb_error_type,descriptive_attribute,enum_candidate,not_applicable_or_embedded_in_raw_value,preserve_verbatim_no_overwrite,VOC_PATENT_EVIDENCE_PDB_ERROR_TYPE,blank_or_explicit_sentinel,VAL_SCHEMA_COMPLETE;VAL_MISSING_EXPLICIT;VAL_ENUM_MEMBERSHIP,sqlite,public_header:sqlite;sqlite_type:TEXT;generator:scripts/build_static_web_mvp.py;DOCS1R_reuse=bounded,"definition_evidence=high; column semantics are code/header confirmed when explicit, otherwise value-inferred and not authoritative"
patent_evidence,preincubation_condition,descriptive_attribute,delimited_list_or_text,not_applicable_or_embedded_in_raw_value,preserve_verbatim_no_overwrite,,blank_or_explicit_sentinel,VAL_SCHEMA_COMPLETE;VAL_MISSING_EXPLICIT,sqlite,public_header:sqlite;sqlite_type:TEXT;generator:scripts/build_static_web_mvp.py;DOCS1R_reuse=bounded,"definition_evidence=high; column semantics are code/header confirmed when explicit, otherwise value-inferred and not authoritative"
patent_evidence,priority_date,descriptive_attribute,date_or_year,not_applicable_or_embedded_in_raw_value,preserve_verbatim_no_overwrite,,blank_or_explicit_sentinel,VAL_SCHEMA_COMPLETE;VAL_MISSING_EXPLICIT,sqlite,public_header:sqlite;sqlite_type:TEXT;generator:scripts/build_static_web_mvp.py;DOCS1R_reuse=bounded,"definition_evidence=high; column semantics are code/header confirmed when explicit, otherwise value-inferred and not authoritative"
patent_evidence,priority_number,descriptive_attribute,delimited_list_or_text,not_applicable_or_embedded_in_raw_value,preserve_verbatim_no_overwrite,,blank_or_explicit_sentinel,VAL_SCHEMA_COMPLETE;VAL_MISSING_EXPLICIT,sqlite,public_header:sqlite;sqlite_type:TEXT;generator:scripts/build_static_web_mvp.py;DOCS1R_reuse=bounded,"definition_evidence=high; column semantics are code/header confirmed when explicit, otherwise value-inferred and not authoritative"
patent_evidence,publication_date,descriptive_attribute,date_or_year,not_applicable_or_embedded_in_raw_value,preserve_verbatim_no_overwrite,,blank_or_explicit_sentinel,VAL_SCHEMA_COMPLETE;VAL_MISSING_EXPLICIT,sqlite,public_header:sqlite;sqlite_type:TEXT;generator:scripts/build_static_web_mvp.py;DOCS1R_reuse=bounded,"definition_evidence=high; column semantics are code/header confirmed when explicit, otherwise value-inferred and not authoritative"
patent_evidence,publication_year,descriptive_attribute,date_or_year,not_applicable_or_embedded_in_raw_value,preserve_verbatim_no_overwrite,,blank_or_explicit_sentinel,VAL_SCHEMA_COMPLETE;VAL_MISSING_EXPLICIT,sqlite,public_header:sqlite;sqlite_type:INTEGER;generator:scripts/build_static_web_mvp.py;DOCS1R_reuse=bounded,"definition_evidence=high; column semantics are code/header confirmed when explicit, otherwise value-inferred and not authoritative"
patent_evidence,raw_assay_metadata,raw_measurement_or_source_reported_attribute,delimited_list_or_text,not_applicable_or_embedded_in_raw_value,preserve_verbatim_no_overwrite,,blank_or_explicit_sentinel,VAL_SCHEMA_COMPLETE;VAL_MISSING_EXPLICIT,sqlite,public_header:sqlite;sqlite_type:TEXT;generator:scripts/build_static_web_mvp.py;DOCS1R_reuse=bounded,"definition_evidence=high; column semantics are code/header confirmed when explicit, otherwise value-inferred and not authoritative"
patent_evidence,readout_defined,descriptive_attribute,boolean_token,not_applicable_or_embedded_in_raw_value,preserve_verbatim_no_overwrite,VOC_PATENT_EVIDENCE_READOUT_DEFINED,blank_only,VAL_SCHEMA_COMPLETE;VAL_MISSING_EXPLICIT;VAL_ENUM_MEMBERSHIP,sqlite,public_header:sqlite;sqlite_type:TEXT;generator:scripts/build_static_web_mvp.py;DOCS1R_reuse=bounded,"definition_evidence=high; column semantics are code/header confirmed when explicit, otherwise value-inferred and not authoritative"
patent_evidence,ref_id,identifier_or_cross_reference,identifier_or_identifier_list,not_applicable_or_embedded_in_raw_value,preserve_verbatim_no_overwrite,,blank_only,VAL_SCHEMA_COMPLETE;VAL_MISSING_EXPLICIT;VAL_IDENTIFIER_FORMAT,sqlite,public_header:sqlite;sqlite_type:TEXT;generator:scripts/build_static_web_mvp.py;DOCS1R_reuse=bounded,"definition_evidence=high; column semantics are code/header confirmed when explicit, otherwise value-inferred and not authoritative"
patent_evidence,residual_activity_percent,raw_measurement_or_source_reported_attribute,text,percent,preserve_verbatim_no_overwrite,,blank_or_explicit_sentinel,VAL_SCHEMA_COMPLETE;VAL_MISSING_EXPLICIT;VAL_NUMERIC_OR_UNIT;VAL_ZERO_001;VAL_RANGE_RESIDUAL_ACTIVITY_PERCENT,sqlite,public_header:sqlite;sqlite_type:TEXT;generator:scripts/build_static_web_mvp.py;DOCS1R_reuse=bounded,"definition_evidence=high; column semantics are code/header confirmed when explicit, otherwise value-inferred and not authoritative"
patent_evidence,seq_id_no,descriptive_attribute,delimited_list_or_text,not_applicable_or_embedded_in_raw_value,preserve_verbatim_no_overwrite,,blank_or_explicit_sentinel,VAL_SCHEMA_COMPLETE;VAL_MISSING_EXPLICIT,sqlite,public_header:sqlite;sqlite_type:TEXT;generator:scripts/build_static_web_mvp.py;DOCS1R_reuse=bounded,"definition_evidence=high; column semantics are code/header confirmed when explicit, otherwise value-inferred and not authoritative"
patent_evidence,sequence_length_aa,descriptive_attribute,text,amino_acid_count,preserve_verbatim_no_overwrite,,blank_or_explicit_sentinel,VAL_SCHEMA_COMPLETE;VAL_MISSING_EXPLICIT;VAL_NUMERIC_OR_UNIT,sqlite,public_header:sqlite;sqlite_type:TEXT;generator:scripts/build_static_web_mvp.py;DOCS1R_reuse=bounded,"definition_evidence=high; column semantics are code/header confirmed when explicit, otherwise value-inferred and not authoritative"
patent_evidence,sequence_listing_id,identifier_or_cross_reference,sequence_or_sequence_reference,not_applicable_or_embedded_in_raw_value,preserve_verbatim_no_overwrite,,blank_or_explicit_sentinel,VAL_SCHEMA_COMPLETE;VAL_MISSING_EXPLICIT,sqlite,public_header:sqlite;sqlite_type:TEXT;generator:scripts/build_static_web_mvp.py;DOCS1R_reuse=bounded,"definition_evidence=high; column semantics are code/header confirmed when explicit, otherwise value-inferred and not authoritative"
patent_evidence,sequence_md5,descriptive_attribute,text,not_applicable_or_embedded_in_raw_value,preserve_verbatim_no_overwrite,,blank_or_explicit_sentinel,VAL_SCHEMA_COMPLETE;VAL_MISSING_EXPLICIT,sqlite,public_header:sqlite;sqlite_type:TEXT;generator:scripts/build_static_web_mvp.py;DOCS1R_reuse=bounded,"definition_evidence=high; column semantics are code/header confirmed when explicit, otherwise value-inferred and not authoritative"
patent_evidence,shaking_rpm,descriptive_attribute,integer,not_applicable_or_embedded_in_raw_value,preserve_verbatim_no_overwrite,,blank_only,VAL_SCHEMA_COMPLETE;VAL_MISSING_EXPLICIT;VAL_NUMERIC_OR_UNIT,sqlite,public_header:sqlite;sqlite_type:INTEGER;generator:scripts/build_static_web_mvp.py;DOCS1R_reuse=bounded,"definition_evidence=high; column semantics are code/header confirmed when explicit, otherwise value-inferred and not authoritative"
patent_evidence,source_database,provenance,delimited_list_or_text,not_applicable_or_embedded_in_raw_value,preserve_verbatim_no_overwrite,,blank_or_explicit_sentinel,VAL_SCHEMA_COMPLETE;VAL_MISSING_EXPLICIT,sqlite,public_header:sqlite;sqlite_type:TEXT;generator:scripts/build_static_web_mvp.py;DOCS1R_reuse=bounded,"definition_evidence=high; column semantics are code/header confirmed when explicit, otherwise value-inferred and not authoritative"
patent_evidence,source_figure_table_id,identifier_or_cross_reference,identifier_or_identifier_list,not_applicable_or_embedded_in_raw_value,preserve_verbatim_no_overwrite,,blank_only,VAL_SCHEMA_COMPLETE;VAL_MISSING_EXPLICIT;VAL_IDENTIFIER_FORMAT,sqlite,public_header:sqlite;sqlite_type:TEXT;generator:scripts/build_static_web_mvp.py;DOCS1R_reuse=bounded,"definition_evidence=high; column semantics are code/header confirmed when explicit, otherwise value-inferred and not authoritative"
patent_evidence,source_species,provenance,text,not_applicable_or_embedded_in_raw_value,preserve_verbatim_no_overwrite,,blank_or_explicit_sentinel,VAL_SCHEMA_COMPLETE;VAL_MISSING_EXPLICIT,sqlite,public_header:sqlite;sqlite_type:TEXT;generator:scripts/build_static_web_mvp.py;DOCS1R_reuse=bounded,"definition_evidence=high; column semantics are code/header confirmed when explicit, otherwise value-inferred and not authoritative"
patent_evidence,source_type,provenance,enum_candidate,not_applicable_or_embedded_in_raw_value,preserve_verbatim_no_overwrite,VOC_PATENT_EVIDENCE_SOURCE_TYPE,blank_or_explicit_sentinel,VAL_SCHEMA_COMPLETE;VAL_MISSING_EXPLICIT;VAL_ENUM_MEMBERSHIP,sqlite,public_header:sqlite;sqlite_type:TEXT;generator:scripts/build_static_web_mvp.py;DOCS1R_reuse=bounded,"definition_evidence=high; column semantics are code/header confirmed when explicit, otherwise value-inferred and not authoritative"
patent_evidence,source_url,provenance,url,not_applicable_or_embedded_in_raw_value,preserve_verbatim_no_overwrite,,blank_or_explicit_sentinel,VAL_SCHEMA_COMPLETE;VAL_MISSING_EXPLICIT,sqlite,public_header:sqlite;sqlite_type:TEXT;generator:scripts/build_static_web_mvp.py;DOCS1R_reuse=bounded,"definition_evidence=high; column semantics are code/header confirmed when explicit, otherwise value-inferred and not authoritative"
patent_evidence,structure_modeling_readiness,descriptive_attribute,enum_candidate,not_applicable_or_embedded_in_raw_value,preserve_verbatim_no_overwrite,VOC_PATENT_EVIDENCE_STRUCTURE_MODELING_READINESS,blank_or_explicit_sentinel,VAL_SCHEMA_COMPLETE;VAL_MISSING_EXPLICIT;VAL_ENUM_MEMBERSHIP,sqlite,public_header:sqlite;sqlite_type:TEXT;generator:scripts/build_static_web_mvp.py;DOCS1R_reuse=bounded,"definition_evidence=high; column semantics are code/header confirmed when explicit, otherwise value-inferred and not authoritative"
patent_evidence,substrate_conc_unit,descriptive_attribute,enum_candidate,not_applicable_or_embedded_in_raw_value,preserve_verbatim_no_overwrite,VOC_PATENT_EVIDENCE_SUBSTRATE_CONC_UNIT,blank_or_explicit_sentinel,VAL_SCHEMA_COMPLETE;VAL_MISSING_EXPLICIT;VAL_ENUM_MEMBERSHIP,sqlite,public_header:sqlite;sqlite_type:TEXT;generator:scripts/build_static_web_mvp.py;DOCS1R_reuse=bounded,"definition_evidence=high; column semantics are code/header confirmed when explicit, otherwise value-inferred and not authoritative"
patent_evidence,substrate_conc_value,descriptive_attribute,number,not_applicable_or_embedded_in_raw_value,preserve_verbatim_no_overwrite,,blank_only,VAL_SCHEMA_COMPLETE;VAL_MISSING_EXPLICIT;VAL_NUMERIC_OR_UNIT,sqlite,public_header:sqlite;sqlite_type:REAL;generator:scripts/build_static_web_mvp.py;DOCS1R_reuse=bounded,"definition_evidence=high; column semantics are code/header confirmed when explicit, otherwise value-inferred and not authoritative"
patent_evidence,time_series_available,descriptive_attribute,boolean_token,not_applicable_or_embedded_in_raw_value,preserve_verbatim_no_overwrite,VOC_PATENT_EVIDENCE_TIME_SERIES_AVAILABLE,blank_only,VAL_SCHEMA_COMPLETE;VAL_MISSING_EXPLICIT;VAL_ENUM_MEMBERSHIP,sqlite,public_header:sqlite;sqlite_type:TEXT;generator:scripts/build_static_web_mvp.py;DOCS1R_reuse=bounded,"definition_evidence=high; column semantics are code/header confirmed when explicit, otherwise value-inferred and not authoritative"
patent_evidence,unit_conversion_factor,descriptive_attribute,integer,not_applicable_or_embedded_in_raw_value,preserve_verbatim_no_overwrite,,blank_only,VAL_SCHEMA_COMPLETE;VAL_MISSING_EXPLICIT;VAL_NUMERIC_OR_UNIT,sqlite,public_header:sqlite;sqlite_type:INTEGER;generator:scripts/build_static_web_mvp.py;DOCS1R_reuse=bounded,"definition_evidence=high; column semantics are code/header confirmed when explicit, otherwise value-inferred and not authoritative"
public_mts_governance,LTS_ref,normalized_or_derived,number,not_applicable_or_embedded_in_raw_value,derived_value_must_retain_source_field_rule_version_and_provenance,,blank_only,VAL_SCHEMA_COMPLETE;VAL_MISSING_EXPLICIT;VAL_NUMERIC_OR_UNIT,sqlite,public_header:sqlite;sqlite_type:REAL;generator:scripts/build_static_web_mvp.py;DOCS1R_reuse=bounded,"definition_evidence=high; column semantics are code/header confirmed when explicit, otherwise value-inferred and not authoritative"
public_mts_governance,LTS_ref_ci_high,normalized_or_derived,number,not_applicable_or_embedded_in_raw_value,derived_value_must_retain_source_field_rule_version_and_provenance,,blank_only,VAL_SCHEMA_COMPLETE;VAL_MISSING_EXPLICIT;VAL_NUMERIC_OR_UNIT,sqlite,public_header:sqlite;sqlite_type:REAL;generator:scripts/build_static_web_mvp.py;DOCS1R_reuse=bounded,"definition_evidence=high; column semantics are code/header confirmed when explicit, otherwise value-inferred and not authoritative"
public_mts_governance,LTS_ref_ci_low,normalized_or_derived,number,not_applicable_or_embedded_in_raw_value,derived_value_must_retain_source_field_rule_version_and_provenance,,blank_only,VAL_SCHEMA_COMPLETE;VAL_MISSING_EXPLICIT;VAL_NUMERIC_OR_UNIT,sqlite,public_header:sqlite;sqlite_type:REAL;generator:scripts/build_static_web_mvp.py;DOCS1R_reuse=bounded,"definition_evidence=high; column semantics are code/header confirmed when explicit, otherwise value-inferred and not authoritative"
public_mts_governance,canonical_enzyme_id,identifier_foreign_key,identifier_or_identifier_list,not_applicable_or_embedded_in_raw_value,preserve_verbatim_no_overwrite,,blank_only,VAL_SCHEMA_COMPLETE;VAL_MISSING_EXPLICIT;VAL_IDENTIFIER_FORMAT;VAL_CANONICAL_FK,sqlite,public_header:sqlite;sqlite_type:TEXT;generator:scripts/build_static_web_mvp.py;DOCS1R_reuse=bounded,"definition_evidence=high; column semantics are code/header confirmed when explicit, otherwise value-inferred and not authoritative"
public_mts_governance,construct_display_name,public_display_or_internal_archive,delimited_list_or_text,not_applicable_or_embedded_in_raw_value,preserve_verbatim_no_overwrite,,blank_or_explicit_sentinel,VAL_SCHEMA_COMPLETE;VAL_MISSING_EXPLICIT,sqlite,public_header:sqlite;sqlite_type:TEXT;generator:scripts/build_static_web_mvp.py;DOCS1R_reuse=bounded,"definition_evidence=high; column semantics are code/header confirmed when explicit, otherwise value-inferred and not authoritative"
public_mts_governance,display_id,identifier_or_cross_reference,identifier_or_identifier_list,not_applicable_or_embedded_in_raw_value,preserve_verbatim_no_overwrite,,blank_only,VAL_SCHEMA_COMPLETE;VAL_MISSING_EXPLICIT;VAL_IDENTIFIER_FORMAT,sqlite,public_header:sqlite;sqlite_type:TEXT;generator:scripts/build_static_web_mvp.py;DOCS1R_reuse=bounded,"definition_evidence=high; column semantics are code/header confirmed when explicit, otherwise value-inferred and not authoritative"
public_mts_governance,display_name,public_display_or_internal_archive,delimited_list_or_text,not_applicable_or_embedded_in_raw_value,preserve_verbatim_no_overwrite,,blank_or_explicit_sentinel,VAL_SCHEMA_COMPLETE;VAL_MISSING_EXPLICIT,sqlite,public_header:sqlite;sqlite_type:TEXT;generator:scripts/build_static_web_mvp.py;DOCS1R_reuse=bounded,"definition_evidence=high; column semantics are code/header confirmed when explicit, otherwise value-inferred and not authoritative"
public_mts_governance,display_state,status_or_classification,enum_candidate,not_applicable_or_embedded_in_raw_value,preserve_verbatim_no_overwrite,VOC_PUBLIC_MTS_GOVERNANCE_DISPLAY_STATE,blank_or_explicit_sentinel,VAL_SCHEMA_COMPLETE;VAL_MISSING_EXPLICIT;VAL_ENUM_MEMBERSHIP,sqlite,public_header:sqlite;sqlite_type:TEXT;generator:scripts/build_static_web_mvp.py;DOCS1R_reuse=bounded,"definition_evidence=high; column semantics are code/header confirmed when explicit, otherwise value-inferred and not authoritative"
public_mts_governance,entity_role,status_or_classification,enum_candidate,not_applicable_or_embedded_in_raw_value,preserve_verbatim_no_overwrite,VOC_PUBLIC_MTS_GOVERNANCE_ENTITY_ROLE,blank_or_explicit_sentinel,VAL_SCHEMA_COMPLETE;VAL_MISSING_EXPLICIT;VAL_ENUM_MEMBERSHIP,sqlite,public_header:sqlite;sqlite_type:TEXT;generator:scripts/build_static_web_mvp.py;DOCS1R_reuse=bounded,"definition_evidence=high; column semantics are code/header confirmed when explicit, otherwise value-inferred and not authoritative"
public_mts_governance,n_reliable_obs,public_display_or_internal_archive,integer,not_applicable_or_embedded_in_raw_value,preserve_verbatim_no_overwrite,,blank_only,VAL_SCHEMA_COMPLETE;VAL_MISSING_EXPLICIT;VAL_NUMERIC_OR_UNIT,sqlite,public_header:sqlite;sqlite_type:INTEGER;generator:scripts/build_static_web_mvp.py;DOCS1R_reuse=bounded,"definition_evidence=high; column semantics are code/header confirmed when explicit, otherwise value-inferred and not authoritative"
public_mts_governance,numeric_display_allowed,public_display_or_internal_archive,boolean_token,not_applicable_or_embedded_in_raw_value,preserve_verbatim_no_overwrite,VOC_PUBLIC_MTS_GOVERNANCE_NUMERIC_DISPLAY_ALLOWED,blank_only,VAL_SCHEMA_COMPLETE;VAL_MISSING_EXPLICIT;VAL_ENUM_MEMBERSHIP,sqlite,public_header:sqlite;sqlite_type:TEXT;generator:scripts/build_static_web_mvp.py;DOCS1R_reuse=bounded,"definition_evidence=high; column semantics are code/header confirmed when explicit, otherwise value-inferred and not authoritative"
public_mts_governance,parent_canonical_id,identifier_foreign_key,identifier_or_identifier_list,not_applicable_or_embedded_in_raw_value,preserve_verbatim_no_overwrite,,blank_only,VAL_SCHEMA_COMPLETE;VAL_MISSING_EXPLICIT;VAL_IDENTIFIER_FORMAT,sqlite,public_header:sqlite;sqlite_type:TEXT;generator:scripts/build_static_web_mvp.py;DOCS1R_reuse=bounded,"definition_evidence=high; column semantics are code/header confirmed when explicit, otherwise value-inferred and not authoritative"
public_mts_governance,public_LTS_ref,normalized_or_derived,number,not_applicable_or_embedded_in_raw_value,derived_value_must_retain_source_field_rule_version_and_provenance,,blank_only,VAL_SCHEMA_COMPLETE;VAL_MISSING_EXPLICIT;VAL_NUMERIC_OR_UNIT,sqlite,public_header:sqlite;sqlite_type:REAL;generator:scripts/build_static_web_mvp.py;DOCS1R_reuse=bounded,"definition_evidence=high; column semantics are code/header confirmed when explicit, otherwise value-inferred and not authoritative"
public_mts_governance,public_ci_high,public_display_or_internal_archive,number,not_applicable_or_embedded_in_raw_value,preserve_verbatim_no_overwrite,,blank_only,VAL_SCHEMA_COMPLETE;VAL_MISSING_EXPLICIT;VAL_NUMERIC_OR_UNIT,sqlite,public_header:sqlite;sqlite_type:REAL;generator:scripts/build_static_web_mvp.py;DOCS1R_reuse=bounded,"definition_evidence=high; column semantics are code/header confirmed when explicit, otherwise value-inferred and not authoritative"
public_mts_governance,public_ci_low,public_display_or_internal_archive,number,not_applicable_or_embedded_in_raw_value,preserve_verbatim_no_overwrite,,blank_only,VAL_SCHEMA_COMPLETE;VAL_MISSING_EXPLICIT;VAL_NUMERIC_OR_UNIT,sqlite,public_header:sqlite;sqlite_type:REAL;generator:scripts/build_static_web_mvp.py;DOCS1R_reuse=bounded,"definition_evidence=high; column semantics are code/header confirmed when explicit, otherwise value-inferred and not authoritative"
public_mts_governance,publication_record_allowed,public_display_or_internal_archive,boolean_token,not_applicable_or_embedded_in_raw_value,preserve_verbatim_no_overwrite,VOC_PUBLIC_MTS_GOVERNANCE_PUBLICATION_RECORD_ALLOWED,blank_only,VAL_SCHEMA_COMPLETE;VAL_MISSING_EXPLICIT;VAL_ENUM_MEMBERSHIP,sqlite,public_header:sqlite;sqlite_type:TEXT;generator:scripts/build_static_web_mvp.py;DOCS1R_reuse=bounded,"definition_evidence=high; column semantics are code/header confirmed when explicit, otherwise value-inferred and not authoritative"
public_mts_governance,rank_eligible,public_display_or_internal_archive,boolean_token,not_applicable_or_embedded_in_raw_value,preserve_verbatim_no_overwrite,VOC_PUBLIC_MTS_GOVERNANCE_RANK_ELIGIBLE,blank_only,VAL_SCHEMA_COMPLETE;VAL_MISSING_EXPLICIT;VAL_ENUM_MEMBERSHIP,sqlite,public_header:sqlite;sqlite_type:TEXT;generator:scripts/build_static_web_mvp.py;DOCS1R_reuse=bounded,"definition_evidence=high; column semantics are code/header confirmed when explicit, otherwise value-inferred and not authoritative"
public_mts_governance,tolerance_tier,status_or_classification,enum_candidate,not_applicable_or_embedded_in_raw_value,preserve_verbatim_no_overwrite,VOC_PUBLIC_MTS_GOVERNANCE_TOLERANCE_TIER,blank_or_explicit_sentinel,VAL_SCHEMA_COMPLETE;VAL_MISSING_EXPLICIT;VAL_ENUM_MEMBERSHIP,sqlite,public_header:sqlite;sqlite_type:TEXT;generator:scripts/build_static_web_mvp.py;DOCS1R_reuse=bounded,"definition_evidence=high; column semantics are code/header confirmed when explicit, otherwise value-inferred and not authoritative"
reporting_completeness,canonical_enzyme_id,identifier_foreign_key,identifier_or_identifier_list,not_applicable_or_embedded_in_raw_value,preserve_verbatim_no_overwrite,,blank_only,VAL_SCHEMA_COMPLETE;VAL_MISSING_EXPLICIT;VAL_IDENTIFIER_FORMAT;VAL_CANONICAL_FK,downloads_csv+release_zip_csv+sqlite,public_header:downloads_csv+release_zip_csv+sqlite;sqlite_type:TEXT;generator:scripts/build_static_web_mvp.py;DOCS1R_reuse=bounded,"definition_evidence=high; column semantics are code/header confirmed when explicit, otherwise value-inferred and not authoritative"
reporting_completeness,completeness_fraction,normalized_or_derived,number,fraction_0_to_1,derived_value_must_retain_source_field_rule_version_and_provenance,,blank_only,VAL_SCHEMA_COMPLETE;VAL_MISSING_EXPLICIT;VAL_NUMERIC_OR_UNIT,downloads_csv+release_zip_csv+sqlite,public_header:downloads_csv+release_zip_csv+sqlite;sqlite_type:REAL;generator:scripts/build_static_web_mvp.py;DOCS1R_reuse=bounded,"definition_evidence=high; column semantics are code/header confirmed when explicit, otherwise value-inferred and not authoritative"
reporting_completeness,missing_items,descriptive_attribute,delimited_list_or_text,not_applicable_or_embedded_in_raw_value,preserve_verbatim_no_overwrite,,blank_or_explicit_sentinel,VAL_SCHEMA_COMPLETE;VAL_MISSING_EXPLICIT,downloads_csv+release_zip_csv+sqlite,public_header:downloads_csv+release_zip_csv+sqlite;sqlite_type:TEXT;generator:scripts/build_static_web_mvp.py;DOCS1R_reuse=bounded,"definition_evidence=high; column semantics are code/header confirmed when explicit, otherwise value-inferred and not authoritative"
reporting_completeness,missing_state,status_or_classification,delimited_list_or_text,not_applicable_or_embedded_in_raw_value,preserve_verbatim_no_overwrite,,blank_or_explicit_sentinel,VAL_SCHEMA_COMPLETE;VAL_MISSING_EXPLICIT,downloads_csv+release_zip_csv+sqlite,public_header:downloads_csv+release_zip_csv+sqlite;sqlite_type:TEXT;generator:scripts/build_static_web_mvp.py;DOCS1R_reuse=bounded,"definition_evidence=high; column semantics are code/header confirmed when explicit, otherwise value-inferred and not authoritative"
reporting_completeness,note,free_text_note,delimited_list_or_text,not_applicable_or_embedded_in_raw_value,preserve_verbatim_no_overwrite,,blank_or_explicit_sentinel,VAL_SCHEMA_COMPLETE;VAL_MISSING_EXPLICIT,downloads_csv+release_zip_csv+sqlite,public_header:downloads_csv+release_zip_csv+sqlite;sqlite_type:TEXT;generator:scripts/build_static_web_mvp.py;DOCS1R_reuse=bounded,"definition_evidence=high; column semantics are code/header confirmed when explicit, otherwise value-inferred and not authoritative"
reporting_completeness,protocol_type,descriptive_attribute,enum_candidate,not_applicable_or_embedded_in_raw_value,preserve_verbatim_no_overwrite,VOC_REPORTING_COMPLETENESS_PROTOCOL_TYPE,blank_or_explicit_sentinel,VAL_SCHEMA_COMPLETE;VAL_MISSING_EXPLICIT;VAL_ENUM_MEMBERSHIP,downloads_csv+release_zip_csv+sqlite,public_header:downloads_csv+release_zip_csv+sqlite;sqlite_type:TEXT;generator:scripts/build_static_web_mvp.py;DOCS1R_reuse=bounded,"definition_evidence=high; column semantics are code/header confirmed when explicit, otherwise value-inferred and not authoritative"
reporting_completeness,public_measurement_key,identifier_primary_or_stable_key,text,not_applicable_or_embedded_in_raw_value,preserve_verbatim_no_overwrite,,blank_or_explicit_sentinel,VAL_SCHEMA_COMPLETE;VAL_MISSING_EXPLICIT,downloads_csv+release_zip_csv+sqlite,public_header:downloads_csv+release_zip_csv+sqlite;sqlite_type:TEXT;generator:scripts/build_static_web_mvp.py;DOCS1R_reuse=bounded,"definition_evidence=high; column semantics are code/header confirmed when explicit, otherwise value-inferred and not authoritative"
reporting_completeness,reported_item_count,normalized_or_derived,integer,count,derived_value_must_retain_source_field_rule_version_and_provenance,,blank_only,VAL_SCHEMA_COMPLETE;VAL_MISSING_EXPLICIT;VAL_NUMERIC_OR_UNIT,downloads_csv+release_zip_csv+sqlite,public_header:downloads_csv+release_zip_csv+sqlite;sqlite_type:INTEGER;generator:scripts/build_static_web_mvp.py;DOCS1R_reuse=bounded,"definition_evidence=high; column semantics are code/header confirmed when explicit, otherwise value-inferred and not authoritative"
reporting_completeness,reporting_item_states,status_or_classification,delimited_list_or_text,not_applicable_or_embedded_in_raw_value,preserve_verbatim_no_overwrite,,blank_or_explicit_sentinel,VAL_SCHEMA_COMPLETE;VAL_MISSING_EXPLICIT,downloads_csv+release_zip_csv+sqlite,public_header:downloads_csv+release_zip_csv+sqlite;sqlite_type:TEXT;generator:scripts/build_static_web_mvp.py;DOCS1R_reuse=bounded,"definition_evidence=high; column semantics are code/header confirmed when explicit, otherwise value-inferred and not authoritative"
reporting_completeness,required_item_count,normalized_or_derived,integer,count,derived_value_must_retain_source_field_rule_version_and_provenance,,blank_only,VAL_SCHEMA_COMPLETE;VAL_MISSING_EXPLICIT;VAL_NUMERIC_OR_UNIT,downloads_csv+release_zip_csv+sqlite,public_header:downloads_csv+release_zip_csv+sqlite;sqlite_type:INTEGER;generator:scripts/build_static_web_mvp.py;DOCS1R_reuse=bounded,"definition_evidence=high; column semantics are code/header confirmed when explicit, otherwise value-inferred and not authoritative"
reporting_completeness,source_row_ref,provenance,text,not_applicable_or_embedded_in_raw_value,preserve_verbatim_no_overwrite,,blank_or_explicit_sentinel,VAL_SCHEMA_COMPLETE;VAL_MISSING_EXPLICIT,downloads_csv+release_zip_csv+sqlite,public_header:downloads_csv+release_zip_csv+sqlite;sqlite_type:TEXT;generator:scripts/build_static_web_mvp.py;DOCS1R_reuse=bounded,"definition_evidence=high; column semantics are code/header confirmed when explicit, otherwise value-inferred and not authoritative"
reporting_completeness,source_type,provenance,enum_candidate,not_applicable_or_embedded_in_raw_value,preserve_verbatim_no_overwrite,VOC_REPORTING_COMPLETENESS_SOURCE_TYPE,blank_or_explicit_sentinel,VAL_SCHEMA_COMPLETE;VAL_MISSING_EXPLICIT;VAL_ENUM_MEMBERSHIP,downloads_csv+release_zip_csv+sqlite,public_header:downloads_csv+release_zip_csv+sqlite;sqlite_type:TEXT;generator:scripts/build_static_web_mvp.py;DOCS1R_reuse=bounded,"definition_evidence=high; column semantics are code/header confirmed when explicit, otherwise value-inferred and not authoritative"
reporting_completeness_contract,combination_rule,descriptive_attribute,enum_candidate,not_applicable_or_embedded_in_raw_value,preserve_verbatim_no_overwrite,VOC_REPORTING_COMPLETENESS_CONTRACT_COMBINATION_RULE,blank_or_explicit_sentinel,VAL_SCHEMA_COMPLETE;VAL_MISSING_EXPLICIT;VAL_ENUM_MEMBERSHIP,downloads_csv+release_zip_csv+sqlite,public_header:downloads_csv+release_zip_csv+sqlite;sqlite_type:TEXT;generator:scripts/build_static_web_mvp.py;DOCS1R_reuse=bounded,"definition_evidence=high; column semantics are code/header confirmed when explicit, otherwise value-inferred and not authoritative"
reporting_completeness_contract,item_name,identifier_primary_or_stable_key,enum_candidate,not_applicable_or_embedded_in_raw_value,preserve_verbatim_no_overwrite,VOC_REPORTING_COMPLETENESS_CONTRACT_ITEM_NAME,blank_or_explicit_sentinel,VAL_SCHEMA_COMPLETE;VAL_MISSING_EXPLICIT;VAL_ENUM_MEMBERSHIP,downloads_csv+release_zip_csv+sqlite,public_header:downloads_csv+release_zip_csv+sqlite;sqlite_type:TEXT;generator:scripts/build_static_web_mvp.py;DOCS1R_reuse=bounded,"definition_evidence=high; column semantics are code/header confirmed when explicit, otherwise value-inferred and not authoritative"
reporting_completeness_contract,missing_state_rule,status_or_classification,delimited_list_or_text,not_applicable_or_embedded_in_raw_value,preserve_verbatim_no_overwrite,,blank_or_explicit_sentinel,VAL_SCHEMA_COMPLETE;VAL_MISSING_EXPLICIT,downloads_csv+release_zip_csv+sqlite,public_header:downloads_csv+release_zip_csv+sqlite;sqlite_type:TEXT;generator:scripts/build_static_web_mvp.py;DOCS1R_reuse=bounded,"definition_evidence=high; column semantics are code/header confirmed when explicit, otherwise value-inferred and not authoritative"
reporting_completeness_contract,protocol_type_priority,descriptive_attribute,enum_candidate,not_applicable_or_embedded_in_raw_value,preserve_verbatim_no_overwrite,VOC_REPORTING_COMPLETENESS_CONTRACT_PROTOCOL_TYPE_PRIORITY,blank_or_explicit_sentinel,VAL_SCHEMA_COMPLETE;VAL_MISSING_EXPLICIT;VAL_ENUM_MEMBERSHIP,downloads_csv+release_zip_csv+sqlite,public_header:downloads_csv+release_zip_csv+sqlite;sqlite_type:TEXT;generator:scripts/build_static_web_mvp.py;DOCS1R_reuse=bounded,"definition_evidence=high; column semantics are code/header confirmed when explicit, otherwise value-inferred and not authoritative"
reporting_completeness_contract,source_columns,provenance,delimited_list_or_text,not_applicable_or_embedded_in_raw_value,preserve_verbatim_no_overwrite,,blank_or_explicit_sentinel,VAL_SCHEMA_COMPLETE;VAL_MISSING_EXPLICIT,downloads_csv+release_zip_csv+sqlite,public_header:downloads_csv+release_zip_csv+sqlite;sqlite_type:TEXT;generator:scripts/build_static_web_mvp.py;DOCS1R_reuse=bounded,"definition_evidence=high; column semantics are code/header confirmed when explicit, otherwise value-inferred and not authoritative"
reporting_completeness_contract,web_label,descriptive_attribute,enum_candidate,not_applicable_or_embedded_in_raw_value,preserve_verbatim_no_overwrite,VOC_REPORTING_COMPLETENESS_CONTRACT_WEB_LABEL,blank_or_explicit_sentinel,VAL_SCHEMA_COMPLETE;VAL_MISSING_EXPLICIT;VAL_ENUM_MEMBERSHIP,downloads_csv+release_zip_csv+sqlite,public_header:downloads_csv+release_zip_csv+sqlite;sqlite_type:TEXT;generator:scripts/build_static_web_mvp.py;DOCS1R_reuse=bounded,"definition_evidence=high; column semantics are code/header confirmed when explicit, otherwise value-inferred and not authoritative"
source_reference,doi,identifier_or_cross_reference,identifier_or_identifier_list,not_applicable_or_embedded_in_raw_value,preserve_verbatim_no_overwrite,,blank_only,VAL_SCHEMA_COMPLETE;VAL_MISSING_EXPLICIT;VAL_IDENTIFIER_FORMAT,downloads_csv+release_zip_csv+sqlite,public_header:downloads_csv+release_zip_csv+sqlite;sqlite_type:TEXT;generator:scripts/build_static_web_mvp.py;DOCS1R_reuse=bounded,"definition_evidence=high; column semantics are code/header confirmed when explicit, otherwise value-inferred and not authoritative"
source_reference,evidence_row_count,normalized_or_derived,integer,count,derived_value_must_retain_source_field_rule_version_and_provenance,,blank_only,VAL_SCHEMA_COMPLETE;VAL_MISSING_EXPLICIT;VAL_NUMERIC_OR_UNIT,downloads_csv+release_zip_csv+sqlite,public_header:downloads_csv+release_zip_csv+sqlite;sqlite_type:INTEGER;generator:scripts/build_static_web_mvp.py;DOCS1R_reuse=bounded,"definition_evidence=high; column semantics are code/header confirmed when explicit, otherwise value-inferred and not authoritative"
source_reference,journal_or_assignee,provenance,text,not_applicable_or_embedded_in_raw_value,preserve_verbatim_no_overwrite,,blank_or_explicit_sentinel,VAL_SCHEMA_COMPLETE;VAL_MISSING_EXPLICIT,downloads_csv+release_zip_csv+sqlite,public_header:downloads_csv+release_zip_csv+sqlite;sqlite_type:TEXT;generator:scripts/build_static_web_mvp.py;DOCS1R_reuse=bounded,"definition_evidence=high; column semantics are code/header confirmed when explicit, otherwise value-inferred and not authoritative"
source_reference,,provenance,path,not_applicable_or_embedded_in_raw_value,preserve_verbatim_no_overwrite,,blank_or_explicit_sentinel,VAL_SCHEMA_COMPLETE;VAL_MISSING_EXPLICIT,downloads_csv+release_zip_csv+sqlite,public_header:downloads_csv+release_zip_csv+sqlite;sqlite_type:TEXT;generator:scripts/build_static_web_mvp.py;DOCS1R_reuse=bounded,"definition_evidence=high; column semantics are code/header confirmed when explicit, otherwise value-inferred and not authoritative"
source_reference,patent_family_id,identifier_or_cross_reference,identifier_or_identifier_list,not_applicable_or_embedded_in_raw_value,preserve_verbatim_no_overwrite,,blank_only,VAL_SCHEMA_COMPLETE;VAL_MISSING_EXPLICIT;VAL_IDENTIFIER_FORMAT,downloads_csv+release_zip_csv+sqlite,public_header:downloads_csv+release_zip_csv+sqlite;sqlite_type:TEXT;generator:scripts/build_static_web_mvp.py;DOCS1R_reuse=bounded,"definition_evidence=high; column semantics are code/header confirmed when explicit, otherwise value-inferred and not authoritative"
source_reference,patent_publication_number,descriptive_attribute,enum_candidate,not_applicable_or_embedded_in_raw_value,preserve_verbatim_no_overwrite,VOC_SOURCE_REFERENCE_PATENT_PUBLICATION_NUMBER,blank_or_explicit_sentinel,VAL_SCHEMA_COMPLETE;VAL_MISSING_EXPLICIT;VAL_ENUM_MEMBERSHIP,downloads_csv+release_zip_csv+sqlite,public_header:downloads_csv+release_zip_csv+sqlite;sqlite_type:TEXT;generator:scripts/build_static_web_mvp.py;DOCS1R_reuse=bounded,"definition_evidence=high; column semantics are code/header confirmed when explicit, otherwise value-inferred and not authoritative"
source_reference,protocol_unit_count,normalized_or_derived,integer,count,derived_value_must_retain_source_field_rule_version_and_provenance,,blank_only,VAL_SCHEMA_COMPLETE;VAL_MISSING_EXPLICIT;VAL_NUMERIC_OR_UNIT,downloads_csv+release_zip_csv+sqlite,public_header:downloads_csv+release_zip_csv+sqlite;sqlite_type:INTEGER;generator:scripts/build_static_web_mvp.py;DOCS1R_reuse=bounded,"definition_evidence=high; column semantics are code/header confirmed when explicit, otherwise value-inferred and not authoritative"
source_reference,publication_year,descriptive_attribute,date_or_year,not_applicable_or_embedded_in_raw_value,preserve_verbatim_no_overwrite,,blank_or_explicit_sentinel,VAL_SCHEMA_COMPLETE;VAL_MISSING_EXPLICIT,downloads_csv+release_zip_csv+sqlite,public_header:downloads_csv+release_zip_csv+sqlite;sqlite_type:INTEGER;generator:scripts/build_static_web_mvp.py;DOCS1R_reuse=bounded,"definition_evidence=high; column semantics are code/header confirmed when explicit, otherwise value-inferred and not authoritative"
source_reference,representative_pages,descriptive_attribute,text,not_applicable_or_embedded_in_raw_value,preserve_verbatim_no_overwrite,,blank_or_explicit_sentinel,VAL_SCHEMA_COMPLETE;VAL_MISSING_EXPLICIT,downloads_csv+release_zip_csv+sqlite,public_header:downloads_csv+release_zip_csv+sqlite;sqlite_type:TEXT;generator:scripts/build_static_web_mvp.py;DOCS1R_reuse=bounded,"definition_evidence=high; column semantics are code/header confirmed when explicit, otherwise value-inferred and not authoritative"
source_reference,source_key,identifier_primary_or_stable_key,text,not_applicable_or_embedded_in_raw_value,preserve_verbatim_no_overwrite,,blank_or_explicit_sentinel,VAL_SCHEMA_COMPLETE;VAL_MISSING_EXPLICIT,downloads_csv+release_zip_csv+sqlite,public_header:downloads_csv+release_zip_csv+sqlite;sqlite_type:TEXT;generator:scripts/build_static_web_mvp.py;DOCS1R_reuse=bounded,"definition_evidence=high; column semantics are code/header confirmed when explicit, otherwise value-inferred and not authoritative"
source_reference,source_type,provenance,enum_candidate,not_applicable_or_embedded_in_raw_value,preserve_verbatim_no_overwrite,VOC_SOURCE_REFERENCE_SOURCE_TYPE,blank_or_explicit_sentinel,VAL_SCHEMA_COMPLETE;VAL_MISSING_EXPLICIT;VAL_ENUM_MEMBERSHIP,downloads_csv+release_zip_csv+sqlite,public_header:downloads_csv+release_zip_csv+sqlite;sqlite_type:TEXT;generator:scripts/build_static_web_mvp.py;DOCS1R_reuse=bounded,"definition_evidence=high; column semantics are code/header confirmed when explicit, otherwise value-inferred and not authoritative"
source_reference,source_url,provenance,url,not_applicable_or_embedded_in_raw_value,preserve_verbatim_no_overwrite,,blank_or_explicit_sentinel,VAL_SCHEMA_COMPLETE;VAL_MISSING_EXPLICIT,downloads_csv+release_zip_csv+sqlite,public_header:downloads_csv+release_zip_csv+sqlite;sqlite_type:TEXT;generator:scripts/build_static_web_mvp.py;DOCS1R_reuse=bounded,"definition_evidence=high; column semantics are code/header confirmed when explicit, otherwise value-inferred and not authoritative"
source_reference,variant_count,normalized_or_derived,integer,count,derived_value_must_retain_source_field_rule_version_and_provenance,,blank_only,VAL_SCHEMA_COMPLETE;VAL_MISSING_EXPLICIT;VAL_NUMERIC_OR_UNIT,downloads_csv+release_zip_csv+sqlite,public_header:downloads_csv+release_zip_csv+sqlite;sqlite_type:INTEGER;generator:scripts/build_static_web_mvp.py;DOCS1R_reuse=bounded,"definition_evidence=high; column semantics are code/header confirmed when explicit, otherwise value-inferred and not authoritative"
structure_model_index,canonical_enzyme_id,identifier_foreign_key,identifier_or_identifier_list,not_applicable_or_embedded_in_raw_value,preserve_verbatim_no_overwrite,,blank_only,VAL_SCHEMA_COMPLETE;VAL_MISSING_EXPLICIT;VAL_IDENTIFIER_FORMAT;VAL_CANONICAL_FK,sqlite,public_header:sqlite;sqlite_type:TEXT;generator:scripts/build_static_web_mvp.py;DOCS1R_reuse=bounded,"definition_evidence=high; column semantics are code/header confirmed when explicit, otherwise value-inferred and not authoritative"
structure_model_index,caveat_text,free_text_note,delimited_list_or_text,not_applicable_or_embedded_in_raw_value,preserve_verbatim_no_overwrite,,blank_or_explicit_sentinel,VAL_SCHEMA_COMPLETE;VAL_MISSING_EXPLICIT,sqlite,public_header:sqlite;sqlite_type:TEXT;generator:scripts/build_static_web_mvp.py;DOCS1R_reuse=bounded,"definition_evidence=high; column semantics are code/header confirmed when explicit, otherwise value-inferred and not authoritative"
structure_model_index,model_path_or_url,descriptive_attribute,url,not_applicable_or_embedded_in_raw_value,preserve_verbatim_no_overwrite,,blank_or_explicit_sentinel,VAL_SCHEMA_COMPLETE;VAL_MISSING_EXPLICIT,sqlite,public_header:sqlite;sqlite_type:TEXT;generator:scripts/build_static_web_mvp.py;DOCS1R_reuse=bounded,"definition_evidence=high; column semantics are code/header confirmed when explicit, otherwise value-inferred and not authoritative"
structure_model_index,model_source,descriptive_attribute,enum_candidate,not_applicable_or_embedded_in_raw_value,preserve_verbatim_no_overwrite,VOC_STRUCTURE_MODEL_INDEX_MODEL_SOURCE,blank_or_explicit_sentinel,VAL_SCHEMA_COMPLETE;VAL_MISSING_EXPLICIT;VAL_ENUM_MEMBERSHIP,sqlite,public_header:sqlite;sqlite_type:TEXT;generator:scripts/build_static_web_mvp.py;DOCS1R_reuse=bounded,"definition_evidence=high; column semantics are code/header confirmed when explicit, otherwise value-inferred and not authoritative"
structure_model_index,model_version,descriptive_attribute,enum_candidate,not_applicable_or_embedded_in_raw_value,preserve_verbatim_no_overwrite,VOC_STRUCTURE_MODEL_INDEX_MODEL_VERSION,blank_or_explicit_sentinel,VAL_SCHEMA_COMPLETE;VAL_MISSING_EXPLICIT;VAL_ENUM_MEMBERSHIP,sqlite,public_header:sqlite;sqlite_type:TEXT;generator:scripts/build_static_web_mvp.py;DOCS1R_reuse=bounded,"definition_evidence=high; column semantics are code/header confirmed when explicit, otherwise value-inferred and not authoritative"
structure_model_index,pLDDT_or_resolution,descriptive_attribute,text,not_applicable_or_embedded_in_raw_value,preserve_verbatim_no_overwrite,,blank_or_explicit_sentinel,VAL_SCHEMA_COMPLETE;VAL_MISSING_EXPLICIT,sqlite,public_header:sqlite;sqlite_type:TEXT;generator:scripts/build_static_web_mvp.py;DOCS1R_reuse=bounded,"definition_evidence=high; column semantics are code/header confirmed when explicit, otherwise value-inferred and not authoritative"
structure_model_index,structure_confidence_tier,status_or_classification,enum_candidate,not_applicable_or_embedded_in_raw_value,preserve_verbatim_no_overwrite,VOC_STRUCTURE_MODEL_INDEX_STRUCTURE_CONFIDENCE_TIER,blank_or_explicit_sentinel,VAL_SCHEMA_COMPLETE;VAL_MISSING_EXPLICIT;VAL_ENUM_MEMBERSHIP,sqlite,public_header:sqlite;sqlite_type:TEXT;generator:scripts/build_static_web_mvp.py;DOCS1R_reuse=bounded,"definition_evidence=high; column semantics are code/header confirmed when explicit, otherwise value-inferred and not authoritative"
structure_model_index,uses_msa,descriptive_attribute,boolean_token,not_applicable_or_embedded_in_raw_value,preserve_verbatim_no_overwrite,VOC_STRUCTURE_MODEL_INDEX_USES_MSA,blank_only,VAL_SCHEMA_COMPLETE;VAL_MISSING_EXPLICIT;VAL_ENUM_MEMBERSHIP,sqlite,public_header:sqlite;sqlite_type:TEXT;generator:scripts/build_static_web_mvp.py;DOCS1R_reuse=bounded,"definition_evidence=high; column semantics are code/header confirmed when explicit, otherwise value-inferred and not authoritative"
variant_summary,LTS_ref,normalized_or_derived,number,not_applicable_or_embedded_in_raw_value,derived_value_must_retain_source_field_rule_version_and_provenance,,blank_only,VAL_SCHEMA_COMPLETE;VAL_MISSING_EXPLICIT;VAL_NUMERIC_OR_UNIT,downloads_csv+release_zip_csv+sqlite,public_header:downloads_csv+release_zip_csv+sqlite;sqlite_type:REAL;generator:scripts/build_static_web_mvp.py;DOCS1R_reuse=bounded,"definition_evidence=high; column semantics are code/header confirmed when explicit, otherwise value-inferred and not authoritative"
variant_summary,LTS_ref_ci_high,normalized_or_derived,number,not_applicable_or_embedded_in_raw_value,derived_value_must_retain_source_field_rule_version_and_provenance,,blank_only,VAL_SCHEMA_COMPLETE;VAL_MISSING_EXPLICIT;VAL_NUMERIC_OR_UNIT,downloads_csv+release_zip_csv+sqlite,public_header:downloads_csv+release_zip_csv+sqlite;sqlite_type:REAL;generator:scripts/build_static_web_mvp.py;DOCS1R_reuse=bounded,"definition_evidence=high; column semantics are code/header confirmed when explicit, otherwise value-inferred and not authoritative"
variant_summary,LTS_ref_ci_low,normalized_or_derived,number,not_applicable_or_embedded_in_raw_value,derived_value_must_retain_source_field_rule_version_and_provenance,,blank_only,VAL_SCHEMA_COMPLETE;VAL_MISSING_EXPLICIT;VAL_NUMERIC_OR_UNIT,downloads_csv+release_zip_csv+sqlite,public_header:downloads_csv+release_zip_csv+sqlite;sqlite_type:REAL;generator:scripts/build_static_web_mvp.py;DOCS1R_reuse=bounded,"definition_evidence=high; column semantics are code/header confirmed when explicit, otherwise value-inferred and not authoritative"
variant_summary,activity_assay_method,descriptive_attribute,delimited_list_or_text,not_applicable_or_embedded_in_raw_value,preserve_verbatim_no_overwrite,,blank_or_explicit_sentinel,VAL_SCHEMA_COMPLETE;VAL_MISSING_EXPLICIT,downloads_csv+release_zip_csv+sqlite,public_header:downloads_csv+release_zip_csv+sqlite;sqlite_type:TEXT;generator:scripts/build_static_web_mvp.py;DOCS1R_reuse=bounded,"definition_evidence=high; column semantics are code/header confirmed when explicit, otherwise value-inferred and not authoritative"
variant_summary,alias_merge_note,free_text_note,text,not_applicable_or_embedded_in_raw_value,preserve_verbatim_no_overwrite,,blank_or_explicit_sentinel,VAL_SCHEMA_COMPLETE;VAL_MISSING_EXPLICIT,downloads_csv+release_zip_csv+sqlite,public_header:downloads_csv+release_zip_csv+sqlite;sqlite_type:TEXT;generator:scripts/build_static_web_mvp.py;DOCS1R_reuse=bounded,"definition_evidence=high; column semantics are code/header confirmed when explicit, otherwise value-inferred and not authoritative"
variant_summary,assay_id,identifier_or_cross_reference,identifier_or_identifier_list,not_applicable_or_embedded_in_raw_value,preserve_verbatim_no_overwrite,,blank_only,VAL_SCHEMA_COMPLETE;VAL_MISSING_EXPLICIT;VAL_IDENTIFIER_FORMAT,downloads_csv+release_zip_csv+sqlite,public_header:downloads_csv+release_zip_csv+sqlite;sqlite_type:TEXT;generator:scripts/build_static_web_mvp.py;DOCS1R_reuse=bounded,"definition_evidence=high; column semantics are code/header confirmed when explicit, otherwise value-inferred and not authoritative"
variant_summary,assay_substrate,descriptive_attribute,delimited_list_or_text,not_applicable_or_embedded_in_raw_value,preserve_verbatim_no_overwrite,,blank_or_explicit_sentinel,VAL_SCHEMA_COMPLETE;VAL_MISSING_EXPLICIT,downloads_csv+release_zip_csv+sqlite,public_header:downloads_csv+release_zip_csv+sqlite;sqlite_type:TEXT;generator:scripts/build_static_web_mvp.py;DOCS1R_reuse=bounded,"definition_evidence=high; column semantics are code/header confirmed when explicit, otherwise value-inferred and not authoritative"
variant_summary,canonical_enzyme_id,identifier_foreign_key,identifier_or_identifier_list,not_applicable_or_embedded_in_raw_value,preserve_verbatim_no_overwrite,,blank_only,VAL_SCHEMA_COMPLETE;VAL_MISSING_EXPLICIT;VAL_IDENTIFIER_FORMAT;VAL_CANONICAL_FK,downloads_csv+release_zip_csv+sqlite,public_header:downloads_csv+release_zip_csv+sqlite;sqlite_type:TEXT;generator:scripts/build_static_web_mvp.py;DOCS1R_reuse=bounded,"definition_evidence=high; column semantics are code/header confirmed when explicit, otherwise value-inferred and not authoritative"
variant_summary,canonical_name,descriptive_attribute,text,not_applicable_or_embedded_in_raw_value,preserve_verbatim_no_overwrite,,blank_or_explicit_sentinel,VAL_SCHEMA_COMPLETE;VAL_MISSING_EXPLICIT,downloads_csv+release_zip_csv+sqlite,public_header:downloads_csv+release_zip_csv+sqlite;sqlite_type:TEXT;generator:scripts/build_static_web_mvp.py;DOCS1R_reuse=bounded,"definition_evidence=high; column semantics are code/header confirmed when explicit, otherwise value-inferred and not authoritative"
variant_summary,canonical_species,descriptive_attribute,text,not_applicable_or_embedded_in_raw_value,preserve_verbatim_no_overwrite,,blank_or_explicit_sentinel,VAL_SCHEMA_COMPLETE;VAL_MISSING_EXPLICIT,downloads_csv+release_zip_csv+sqlite,public_header:downloads_csv+release_zip_csv+sqlite;sqlite_type:TEXT;generator:scripts/build_static_web_mvp.py;DOCS1R_reuse=bounded,"definition_evidence=high; column semantics are code/header confirmed when explicit, otherwise value-inferred and not authoritative"
variant_summary,confidence,normalized_or_derived,text,not_applicable_or_embedded_in_raw_value,derived_value_must_retain_source_field_rule_version_and_provenance,,blank_or_explicit_sentinel,VAL_SCHEMA_COMPLETE;VAL_MISSING_EXPLICIT,downloads_csv+release_zip_csv+sqlite,public_header:downloads_csv+release_zip_csv+sqlite;sqlite_type:TEXT;generator:scripts/build_static_web_mvp.py;DOCS1R_reuse=bounded,"definition_evidence=high; column semantics are code/header confirmed when explicit, otherwise value-inferred and not authoritative"
variant_summary,confidence_detail,normalized_or_derived,text,not_applicable_or_embedded_in_raw_value,derived_value_must_retain_source_field_rule_version_and_provenance,,blank_or_explicit_sentinel,VAL_SCHEMA_COMPLETE;VAL_MISSING_EXPLICIT,downloads_csv+release_zip_csv+sqlite,public_header:downloads_csv+release_zip_csv+sqlite;sqlite_type:TEXT;generator:scripts/build_static_web_mvp.py;DOCS1R_reuse=bounded,"definition_evidence=high; column semantics are code/header confirmed when explicit, otherwise value-inferred and not authoritative"
variant_summary,construct_display_name,descriptive_attribute,delimited_list_or_text,not_applicable_or_embedded_in_raw_value,preserve_verbatim_no_overwrite,,blank_or_explicit_sentinel,VAL_SCHEMA_COMPLETE;VAL_MISSING_EXPLICIT,downloads_csv+release_zip_csv+sqlite,public_header:downloads_csv+release_zip_csv+sqlite;sqlite_type:TEXT;generator:scripts/build_static_web_mvp.py;DOCS1R_reuse=bounded,"definition_evidence=high; column semantics are code/header confirmed when explicit, otherwise value-inferred and not authoritative"
variant_summary,construct_role,status_or_classification,enum_candidate,not_applicable_or_embedded_in_raw_value,preserve_verbatim_no_overwrite,VOC_VARIANT_SUMMARY_CONSTRUCT_ROLE,blank_or_explicit_sentinel,VAL_SCHEMA_COMPLETE;VAL_MISSING_EXPLICIT;VAL_ENUM_MEMBERSHIP,downloads_csv+release_zip_csv+sqlite,public_header:downloads_csv+release_zip_csv+sqlite;sqlite_type:TEXT;generator:scripts/build_static_web_mvp.py;DOCS1R_reuse=bounded,"definition_evidence=high; column semantics are code/header confirmed when explicit, otherwise value-inferred and not authoritative"
variant_summary,display_id,identifier_or_cross_reference,identifier_or_identifier_list,not_applicable_or_embedded_in_raw_value,preserve_verbatim_no_overwrite,,blank_only,VAL_SCHEMA_COMPLETE;VAL_MISSING_EXPLICIT;VAL_IDENTIFIER_FORMAT,downloads_csv+release_zip_csv+sqlite,public_header:downloads_csv+release_zip_csv+sqlite;sqlite_type:TEXT;generator:scripts/build_static_web_mvp.py;DOCS1R_reuse=bounded,"definition_evidence=high; column semantics are code/header confirmed when explicit, otherwise value-inferred and not authoritative"
variant_summary,display_tier,status_or_classification,enum_candidate,not_applicable_or_embedded_in_raw_value,preserve_verbatim_no_overwrite,VOC_VARIANT_SUMMARY_DISPLAY_TIER,blank_or_explicit_sentinel,VAL_SCHEMA_COMPLETE;VAL_MISSING_EXPLICIT;VAL_ENUM_MEMBERSHIP,downloads_csv+release_zip_csv+sqlite,public_header:downloads_csv+release_zip_csv+sqlite;sqlite_type:TEXT;generator:scripts/build_static_web_mvp.py;DOCS1R_reuse=bounded,"definition_evidence=high; column semantics are code/header confirmed when explicit, otherwise value-inferred and not authoritative"
variant_summary,enzyme_form,descriptive_attribute,enum_candidate,not_applicable_or_embedded_in_raw_value,preserve_verbatim_no_overwrite,VOC_VARIANT_SUMMARY_ENZYME_FORM,blank_or_explicit_sentinel,VAL_SCHEMA_COMPLETE;VAL_MISSING_EXPLICIT;VAL_ENUM_MEMBERSHIP,downloads_csv+release_zip_csv+sqlite,public_header:downloads_csv+release_zip_csv+sqlite;sqlite_type:TEXT;generator:scripts/build_static_web_mvp.py;DOCS1R_reuse=bounded,"definition_evidence=high; column semantics are code/header confirmed when explicit, otherwise value-inferred and not authoritative"
variant_summary,evidence_id,identifier_or_cross_reference,identifier_or_identifier_list,not_applicable_or_embedded_in_raw_value,preserve_verbatim_no_overwrite,,blank_only,VAL_SCHEMA_COMPLETE;VAL_MISSING_EXPLICIT;VAL_IDENTIFIER_FORMAT,downloads_csv+release_zip_csv+sqlite,public_header:downloads_csv+release_zip_csv+sqlite;sqlite_type:TEXT;generator:scripts/build_static_web_mvp.py;DOCS1R_reuse=bounded,"definition_evidence=high; column semantics are code/header confirmed when explicit, otherwise value-inferred and not authoritative"
variant_summary,evidence_source_mix,provenance,enum_candidate,not_applicable_or_embedded_in_raw_value,preserve_verbatim_no_overwrite,VOC_VARIANT_SUMMARY_EVIDENCE_SOURCE_MIX,blank_or_explicit_sentinel,VAL_SCHEMA_COMPLETE;VAL_MISSING_EXPLICIT;VAL_ENUM_MEMBERSHIP,downloads_csv+release_zip_csv+sqlite,public_header:downloads_csv+release_zip_csv+sqlite;sqlite_type:TEXT;generator:scripts/build_static_web_mvp.py;DOCS1R_reuse=bounded,"definition_evidence=high; column semantics are code/header confirmed when explicit, otherwise value-inferred and not authoritative"
variant_summary,evidence_tier_used,status_or_classification,enum_candidate,not_applicable_or_embedded_in_raw_value,preserve_verbatim_no_overwrite,VOC_VARIANT_SUMMARY_EVIDENCE_TIER_USED,blank_or_explicit_sentinel,VAL_SCHEMA_COMPLETE;VAL_MISSING_EXPLICIT;VAL_ENUM_MEMBERSHIP,downloads_csv+release_zip_csv+sqlite,public_header:downloads_csv+release_zip_csv+sqlite;sqlite_type:TEXT;generator:scripts/build_static_web_mvp.py;DOCS1R_reuse=bounded,"definition_evidence=high; column semantics are code/header confirmed when explicit, otherwise value-inferred and not authoritative"
variant_summary,export_accession,identifier_primary_or_stable_key,text,not_applicable_or_embedded_in_raw_value,preserve_verbatim_no_overwrite,,blank_or_explicit_sentinel,VAL_SCHEMA_COMPLETE;VAL_MISSING_EXPLICIT,downloads_csv+release_zip_csv+sqlite,public_header:downloads_csv+release_zip_csv+sqlite;sqlite_type:TEXT;generator:scripts/build_static_web_mvp.py;DOCS1R_reuse=bounded,"definition_evidence=high; column semantics are code/header confirmed when explicit, otherwise value-inferred and not authoritative"
variant_summary,expression_host,descriptive_attribute,enum_candidate,not_applicable_or_embedded_in_raw_value,preserve_verbatim_no_overwrite,VOC_VARIANT_SUMMARY_EXPRESSION_HOST,blank_or_explicit_sentinel,VAL_SCHEMA_COMPLETE;VAL_MISSING_EXPLICIT;VAL_ENUM_MEMBERSHIP,downloads_csv+release_zip_csv+sqlite,public_header:downloads_csv+release_zip_csv+sqlite;sqlite_type:TEXT;generator:scripts/build_static_web_mvp.py;DOCS1R_reuse=bounded,"definition_evidence=high; column semantics are code/header confirmed when explicit, otherwise value-inferred and not authoritative"
variant_summary,fit_status,status_or_classification,text,not_applicable_or_embedded_in_raw_value,preserve_verbatim_no_overwrite,,blank_or_explicit_sentinel,VAL_SCHEMA_COMPLETE;VAL_MISSING_EXPLICIT,downloads_csv+release_zip_csv+sqlite,public_header:downloads_csv+release_zip_csv+sqlite;sqlite_type:TEXT;generator:scripts/build_static_web_mvp.py;DOCS1R_reuse=bounded,"definition_evidence=high; column semantics are code/header confirmed when explicit, otherwise value-inferred and not authoritative"
variant_summary,genbank_id,identifier_or_cross_reference,identifier_or_identifier_list,not_applicable_or_embedded_in_raw_value,preserve_verbatim_no_overwrite,,blank_only,VAL_SCHEMA_COMPLETE;VAL_MISSING_EXPLICIT;VAL_IDENTIFIER_FORMAT,downloads_csv+release_zip_csv+sqlite,public_header:downloads_csv+release_zip_csv+sqlite;sqlite_type:TEXT;generator:scripts/build_static_web_mvp.py;DOCS1R_reuse=bounded,"definition_evidence=high; column semantics are code/header confirmed when explicit, otherwise value-inferred and not authoritative"
variant_summary,incubation_temp_C,raw_measurement_or_source_reported_attribute,text,degree_Celsius,preserve_verbatim_no_overwrite,,blank_or_explicit_sentinel,VAL_SCHEMA_COMPLETE;VAL_MISSING_EXPLICIT;VAL_NUMERIC_OR_UNIT,downloads_csv+release_zip_csv+sqlite,public_header:downloads_csv+release_zip_csv+sqlite;sqlite_type:TEXT;generator:scripts/build_static_web_mvp.py;DOCS1R_reuse=bounded,"definition_evidence=high; column semantics are code/header confirmed when explicit, otherwise value-inferred and not authoritative"
variant_summary,label_provenance,provenance,text,not_applicable_or_embedded_in_raw_value,preserve_verbatim_no_overwrite,,blank_or_explicit_sentinel,VAL_SCHEMA_COMPLETE;VAL_MISSING_EXPLICIT,downloads_csv+release_zip_csv+sqlite,public_header:downloads_csv+release_zip_csv+sqlite;sqlite_type:TEXT;generator:scripts/build_static_web_mvp.py;DOCS1R_reuse=bounded,"definition_evidence=high; column semantics are code/header confirmed when explicit, otherwise value-inferred and not authoritative"
variant_summary,literature_evidence_count,normalized_or_derived,integer,count,derived_value_must_retain_source_field_rule_version_and_provenance,,blank_only,VAL_SCHEMA_COMPLETE;VAL_MISSING_EXPLICIT;VAL_NUMERIC_OR_UNIT,downloads_csv+release_zip_csv+sqlite,public_header:downloads_csv+release_zip_csv+sqlite;sqlite_type:INTEGER;generator:scripts/build_static_web_mvp.py;DOCS1R_reuse=bounded,"definition_evidence=high; column semantics are code/header confirmed when explicit, otherwise value-inferred and not authoritative"
variant_summary,max_incubation_time_h,normalized_or_derived,number,hour,derived_value_must_retain_source_field_rule_version_and_provenance,,blank_only,VAL_SCHEMA_COMPLETE;VAL_MISSING_EXPLICIT;VAL_NUMERIC_OR_UNIT,downloads_csv+release_zip_csv+sqlite,public_header:downloads_csv+release_zip_csv+sqlite;sqlite_type:REAL;generator:scripts/build_static_web_mvp.py;DOCS1R_reuse=bounded,"definition_evidence=high; column semantics are code/header confirmed when explicit, otherwise value-inferred and not authoritative"
variant_summary,max_methanol_conc_percent,normalized_or_derived,number,percent,derived_value_must_retain_source_field_rule_version_and_provenance,,blank_only,VAL_SCHEMA_COMPLETE;VAL_MISSING_EXPLICIT;VAL_NUMERIC_OR_UNIT,downloads_csv+release_zip_csv+sqlite,public_header:downloads_csv+release_zip_csv+sqlite;sqlite_type:REAL;generator:scripts/build_static_web_mvp.py;DOCS1R_reuse=bounded,"definition_evidence=high; column semantics are code/header confirmed when explicit, otherwise value-inferred and not authoritative"
variant_summary,max_residual_activity_percent,normalized_or_derived,number,percent,derived_value_must_retain_source_field_rule_version_and_provenance,,blank_only,VAL_SCHEMA_COMPLETE;VAL_MISSING_EXPLICIT;VAL_NUMERIC_OR_UNIT,downloads_csv+release_zip_csv+sqlite,public_header:downloads_csv+release_zip_csv+sqlite;sqlite_type:REAL;generator:scripts/build_static_web_mvp.py;DOCS1R_reuse=bounded,"definition_evidence=high; column semantics are code/header confirmed when explicit, otherwise value-inferred and not authoritative"
variant_summary,measurement_row_count,normalized_or_derived,integer,count,derived_value_must_retain_source_field_rule_version_and_provenance,,blank_only,VAL_SCHEMA_COMPLETE;VAL_MISSING_EXPLICIT;VAL_NUMERIC_OR_UNIT,downloads_csv+release_zip_csv+sqlite,public_header:downloads_csv+release_zip_csv+sqlite;sqlite_type:INTEGER;generator:scripts/build_static_web_mvp.py;DOCS1R_reuse=bounded,"definition_evidence=high; column semantics are code/header confirmed when explicit, otherwise value-inferred and not authoritative"
variant_summary,measurement_rule_counts,normalized_or_derived,text,count,derived_value_must_retain_source_field_rule_version_and_provenance,,blank_or_explicit_sentinel,VAL_SCHEMA_COMPLETE;VAL_MISSING_EXPLICIT;VAL_NUMERIC_OR_UNIT,downloads_csv+release_zip_csv+sqlite,public_header:downloads_csv+release_zip_csv+sqlite;sqlite_type:TEXT;generator:scripts/build_static_web_mvp.py;DOCS1R_reuse=bounded,"definition_evidence=high; column semantics are code/header confirmed when explicit, otherwise value-inferred and not authoritative"
variant_summary,mutation_tokens,descriptive_attribute,delimited_list_or_text,not_applicable_or_embedded_in_raw_value,preserve_verbatim_no_overwrite,,blank_or_explicit_sentinel,VAL_SCHEMA_COMPLETE;VAL_MISSING_EXPLICIT,downloads_csv+release_zip_csv+sqlite,public_header:downloads_csv+release_zip_csv+sqlite;sqlite_type:TEXT;generator:scripts/build_static_web_mvp.py;DOCS1R_reuse=bounded,"definition_evidence=high; column semantics are code/header confirmed when explicit, otherwise value-inferred and not authoritative"
variant_summary,n_independent_sources_display,descriptive_attribute,text,not_applicable_or_embedded_in_raw_value,preserve_verbatim_no_overwrite,,blank_or_explicit_sentinel,VAL_SCHEMA_COMPLETE;VAL_MISSING_EXPLICIT,downloads_csv+release_zip_csv+sqlite,public_header:downloads_csv+release_zip_csv+sqlite;sqlite_type:TEXT;generator:scripts/build_static_web_mvp.py;DOCS1R_reuse=bounded,"definition_evidence=high; column semantics are code/header confirmed when explicit, otherwise value-inferred and not authoritative"
variant_summary,n_reliable_obs,descriptive_attribute,integer,not_applicable_or_embedded_in_raw_value,preserve_verbatim_no_overwrite,,blank_only,VAL_SCHEMA_COMPLETE;VAL_MISSING_EXPLICIT;VAL_NUMERIC_OR_UNIT,downloads_csv+release_zip_csv+sqlite,public_header:downloads_csv+release_zip_csv+sqlite;sqlite_type:INTEGER;generator:scripts/build_static_web_mvp.py;DOCS1R_reuse=bounded,"definition_evidence=high; column semantics are code/header confirmed when explicit, otherwise value-inferred and not authoritative"
variant_summary,ncbi_protein_id,identifier_or_cross_reference,identifier_or_identifier_list,not_applicable_or_embedded_in_raw_value,preserve_verbatim_no_overwrite,,blank_only,VAL_SCHEMA_COMPLETE;VAL_MISSING_EXPLICIT;VAL_IDENTIFIER_FORMAT,downloads_csv+release_zip_csv+sqlite,public_header:downloads_csv+release_zip_csv+sqlite;sqlite_type:TEXT;generator:scripts/build_static_web_mvp.py;DOCS1R_reuse=bounded,"definition_evidence=high; column semantics are code/header confirmed when explicit, otherwise value-inferred and not authoritative"
variant_summary,page_caveat,free_text_note,delimited_list_or_text,not_applicable_or_embedded_in_raw_value,preserve_verbatim_no_overwrite,,blank_or_explicit_sentinel,VAL_SCHEMA_COMPLETE;VAL_MISSING_EXPLICIT,downloads_csv+release_zip_csv+sqlite,public_header:downloads_csv+release_zip_csv+sqlite;sqlite_type:TEXT;generator:scripts/build_static_web_mvp.py;DOCS1R_reuse=bounded,"definition_evidence=high; column semantics are code/header confirmed when explicit, otherwise value-inferred and not authoritative"
variant_summary,page_id,identifier_or_cross_reference,identifier_or_identifier_list,not_applicable_or_embedded_in_raw_value,preserve_verbatim_no_overwrite,,blank_only,VAL_SCHEMA_COMPLETE;VAL_MISSING_EXPLICIT;VAL_IDENTIFIER_FORMAT,downloads_csv+release_zip_csv+sqlite,public_header:downloads_csv+release_zip_csv+sqlite;sqlite_type:TEXT;generator:scripts/build_static_web_mvp.py;DOCS1R_reuse=bounded,"definition_evidence=high; column semantics are code/header confirmed when explicit, otherwise value-inferred and not authoritative"
variant_summary,parent_canonical_id,identifier_foreign_key,identifier_or_identifier_list,not_applicable_or_embedded_in_raw_value,preserve_verbatim_no_overwrite,,blank_only,VAL_SCHEMA_COMPLETE;VAL_MISSING_EXPLICIT;VAL_IDENTIFIER_FORMAT,downloads_csv+release_zip_csv+sqlite,public_header:downloads_csv+release_zip_csv+sqlite;sqlite_type:TEXT;generator:scripts/build_static_web_mvp.py;DOCS1R_reuse=bounded,"definition_evidence=high; column semantics are code/header confirmed when explicit, otherwise value-inferred and not authoritative"
variant_summary,patent_evidence_count,normalized_or_derived,integer,count,derived_value_must_retain_source_field_rule_version_and_provenance,,blank_only,VAL_SCHEMA_COMPLETE;VAL_MISSING_EXPLICIT;VAL_NUMERIC_OR_UNIT,downloads_csv+release_zip_csv+sqlite,public_header:downloads_csv+release_zip_csv+sqlite;sqlite_type:INTEGER;generator:scripts/build_static_web_mvp.py;DOCS1R_reuse=bounded,"definition_evidence=high; column semantics are code/header confirmed when explicit, otherwise value-inferred and not authoritative"
variant_summary,pdb_ids,identifier_or_cross_reference,identifier_or_identifier_list,not_applicable_or_embedded_in_raw_value,preserve_verbatim_no_overwrite,,blank_only,VAL_SCHEMA_COMPLETE;VAL_MISSING_EXPLICIT;VAL_IDENTIFIER_FORMAT,downloads_csv+release_zip_csv+sqlite,public_header:downloads_csv+release_zip_csv+sqlite;sqlite_type:TEXT;generator:scripts/build_static_web_mvp.py;DOCS1R_reuse=bounded,"definition_evidence=high; column semantics are code/header confirmed when explicit, otherwise value-inferred and not authoritative"
variant_summary,protein_sequence_accession,descriptive_attribute,sequence_or_sequence_reference,not_applicable_or_embedded_in_raw_value,preserve_verbatim_no_overwrite,,blank_or_explicit_sentinel,VAL_SCHEMA_COMPLETE;VAL_MISSING_EXPLICIT,downloads_csv+release_zip_csv+sqlite,public_header:downloads_csv+release_zip_csv+sqlite;sqlite_type:TEXT;generator:scripts/build_static_web_mvp.py;DOCS1R_reuse=bounded,"definition_evidence=high; column semantics are code/header confirmed when explicit, otherwise value-inferred and not authoritative"
variant_summary,protein_sequence_available,descriptive_attribute,boolean_token,not_applicable_or_embedded_in_raw_value,preserve_verbatim_no_overwrite,VOC_VARIANT_SUMMARY_PROTEIN_SEQUENCE_AVAILABLE,blank_only,VAL_SCHEMA_COMPLETE;VAL_MISSING_EXPLICIT;VAL_ENUM_MEMBERSHIP,downloads_csv+release_zip_csv+sqlite,public_header:downloads_csv+release_zip_csv+sqlite;sqlite_type:TEXT;generator:scripts/build_static_web_mvp.py;DOCS1R_reuse=bounded,"definition_evidence=high; column semantics are code/header confirmed when explicit, otherwise value-inferred and not authoritative"
variant_summary,protein_sequence_length_aa,descriptive_attribute,integer,amino_acid_count,preserve_verbatim_no_overwrite,,blank_only,VAL_SCHEMA_COMPLETE;VAL_MISSING_EXPLICIT;VAL_NUMERIC_OR_UNIT,downloads_csv+release_zip_csv+sqlite,public_header:downloads_csv+release_zip_csv+sqlite;sqlite_type:INTEGER;generator:scripts/build_static_web_mvp.py;DOCS1R_reuse=bounded,"definition_evidence=high; column semantics are code/header confirmed when explicit, otherwise value-inferred and not authoritative"
variant_summary,protein_sequence_provenance,provenance,sequence_or_sequence_reference,not_applicable_or_embedded_in_raw_value,preserve_verbatim_no_overwrite,,blank_or_explicit_sentinel,VAL_SCHEMA_COMPLETE;VAL_MISSING_EXPLICIT,downloads_csv+release_zip_csv+sqlite,public_header:downloads_csv+release_zip_csv+sqlite;sqlite_type:TEXT;generator:scripts/build_static_web_mvp.py;DOCS1R_reuse=bounded,"definition_evidence=high; column semantics are code/header confirmed when explicit, otherwise value-inferred and not authoritative"
variant_summary,protein_sequence_sha256,descriptive_attribute,text,not_applicable_or_embedded_in_raw_value,preserve_verbatim_no_overwrite,,blank_or_explicit_sentinel,VAL_SCHEMA_COMPLETE;VAL_MISSING_EXPLICIT,downloads_csv+release_zip_csv+sqlite,public_header:downloads_csv+release_zip_csv+sqlite;sqlite_type:TEXT;generator:scripts/build_static_web_mvp.py;DOCS1R_reuse=bounded,"definition_evidence=high; column semantics are code/header confirmed when explicit, otherwise value-inferred and not authoritative"
variant_summary,protein_sequence_source,descriptive_attribute,enum_candidate,not_applicable_or_embedded_in_raw_value,preserve_verbatim_no_overwrite,VOC_VARIANT_SUMMARY_PROTEIN_SEQUENCE_SOURCE,blank_or_explicit_sentinel,VAL_SCHEMA_COMPLETE;VAL_MISSING_EXPLICIT;VAL_ENUM_MEMBERSHIP,downloads_csv+release_zip_csv+sqlite,public_header:downloads_csv+release_zip_csv+sqlite;sqlite_type:TEXT;generator:scripts/build_static_web_mvp.py;DOCS1R_reuse=bounded,"definition_evidence=high; column semantics are code/header confirmed when explicit, otherwise value-inferred and not authoritative"
variant_summary,protocol_id,identifier_or_cross_reference,identifier_or_identifier_list,not_applicable_or_embedded_in_raw_value,preserve_verbatim_no_overwrite,,blank_only,VAL_SCHEMA_COMPLETE;VAL_MISSING_EXPLICIT;VAL_IDENTIFIER_FORMAT,downloads_csv+release_zip_csv+sqlite,public_header:downloads_csv+release_zip_csv+sqlite;sqlite_type:TEXT;generator:scripts/build_static_web_mvp.py;DOCS1R_reuse=bounded,"definition_evidence=high; column semantics are code/header confirmed when explicit, otherwise value-inferred and not authoritative"
variant_summary,protocol_unit_count,normalized_or_derived,integer,count,derived_value_must_retain_source_field_rule_version_and_provenance,,blank_only,VAL_SCHEMA_COMPLETE;VAL_MISSING_EXPLICIT;VAL_NUMERIC_OR_UNIT,downloads_csv+release_zip_csv+sqlite,public_header:downloads_csv+release_zip_csv+sqlite;sqlite_type:INTEGER;generator:scripts/build_static_web_mvp.py;DOCS1R_reuse=bounded,"definition_evidence=high; column semantics are code/header confirmed when explicit, otherwise value-inferred and not authoritative"
variant_summary,public_display_name,descriptive_attribute,delimited_list_or_text,not_applicable_or_embedded_in_raw_value,preserve_verbatim_no_overwrite,,blank_or_explicit_sentinel,VAL_SCHEMA_COMPLETE;VAL_MISSING_EXPLICIT,downloads_csv+release_zip_csv+sqlite,public_header:downloads_csv+release_zip_csv+sqlite;sqlite_type:TEXT;generator:scripts/build_static_web_mvp.py;DOCS1R_reuse=bounded,"definition_evidence=high; column semantics are code/header confirmed when explicit, otherwise value-inferred and not authoritative"
variant_summary,quality_penalty_provenance,provenance,text,not_applicable_or_embedded_in_raw_value,preserve_verbatim_no_overwrite,,blank_or_explicit_sentinel,VAL_SCHEMA_COMPLETE;VAL_MISSING_EXPLICIT,downloads_csv+release_zip_csv+sqlite,public_header:downloads_csv+release_zip_csv+sqlite;sqlite_type:TEXT;generator:scripts/build_static_web_mvp.py;DOCS1R_reuse=bounded,"definition_evidence=high; column semantics are code/header confirmed when explicit, otherwise value-inferred and not authoritative"
variant_summary,refseq_id,identifier_or_cross_reference,identifier_or_identifier_list,not_applicable_or_embedded_in_raw_value,preserve_verbatim_no_overwrite,,blank_only,VAL_SCHEMA_COMPLETE;VAL_MISSING_EXPLICIT;VAL_IDENTIFIER_FORMAT,downloads_csv+release_zip_csv+sqlite,public_header:downloads_csv+release_zip_csv+sqlite;sqlite_type:TEXT;generator:scripts/build_static_web_mvp.py;DOCS1R_reuse=bounded,"definition_evidence=high; column semantics are code/header confirmed when explicit, otherwise value-inferred and not authoritative"
variant_summary,scaffold_family,descriptive_attribute,enum_candidate,not_applicable_or_embedded_in_raw_value,preserve_verbatim_no_overwrite,VOC_VARIANT_SUMMARY_SCAFFOLD_FAMILY,blank_or_explicit_sentinel,VAL_SCHEMA_COMPLETE;VAL_MISSING_EXPLICIT;VAL_ENUM_MEMBERSHIP,downloads_csv+release_zip_csv+sqlite,public_header:downloads_csv+release_zip_csv+sqlite;sqlite_type:TEXT;generator:scripts/build_static_web_mvp.py;DOCS1R_reuse=bounded,"definition_evidence=high; column semantics are code/header confirmed when explicit, otherwise value-inferred and not authoritative"
variant_summary,sensitivity_stability,descriptive_attribute,text,not_applicable_or_embedded_in_raw_value,preserve_verbatim_no_overwrite,,blank_or_explicit_sentinel,VAL_SCHEMA_COMPLETE;VAL_MISSING_EXPLICIT,downloads_csv+release_zip_csv+sqlite,public_header:downloads_csv+release_zip_csv+sqlite;sqlite_type:TEXT;generator:scripts/build_static_web_mvp.py;DOCS1R_reuse=bounded,"definition_evidence=high; column semantics are code/header confirmed when explicit, otherwise value-inferred and not authoritative"
variant_summary,source_anchor_preview,provenance,delimited_list_or_text,not_applicable_or_embedded_in_raw_value,preserve_verbatim_no_overwrite,,blank_or_explicit_sentinel,VAL_SCHEMA_COMPLETE;VAL_MISSING_EXPLICIT,downloads_csv+release_zip_csv+sqlite,public_header:downloads_csv+release_zip_csv+sqlite;sqlite_type:TEXT;generator:scripts/build_static_web_mvp.py;DOCS1R_reuse=bounded,"definition_evidence=high; column semantics are code/header confirmed when explicit, otherwise value-inferred and not authoritative"
variant_summary,source_reference_keys,provenance,text,not_applicable_or_embedded_in_raw_value,preserve_verbatim_no_overwrite,,blank_or_explicit_sentinel,VAL_SCHEMA_COMPLETE;VAL_MISSING_EXPLICIT,downloads_csv+release_zip_csv+sqlite,public_header:downloads_csv+release_zip_csv+sqlite;sqlite_type:TEXT;generator:scripts/build_static_web_mvp.py;DOCS1R_reuse=bounded,"definition_evidence=high; column semantics are code/header confirmed when explicit, otherwise value-inferred and not authoritative"
variant_summary,standard_name,descriptive_attribute,delimited_list_or_text,not_applicable_or_embedded_in_raw_value,preserve_verbatim_no_overwrite,,blank_or_explicit_sentinel,VAL_SCHEMA_COMPLETE;VAL_MISSING_EXPLICIT,downloads_csv+release_zip_csv+sqlite,public_header:downloads_csv+release_zip_csv+sqlite;sqlite_type:TEXT;generator:scripts/build_static_web_mvp.py;DOCS1R_reuse=bounded,"definition_evidence=high; column semantics are code/header confirmed when explicit, otherwise value-inferred and not authoritative"
variant_summary,strain,descriptive_attribute,text,not_applicable_or_embedded_in_raw_value,preserve_verbatim_no_overwrite,,blank_or_explicit_sentinel,VAL_SCHEMA_COMPLETE;VAL_MISSING_EXPLICIT,downloads_csv+release_zip_csv+sqlite,public_header:downloads_csv+release_zip_csv+sqlite;sqlite_type:TEXT;generator:scripts/build_static_web_mvp.py;DOCS1R_reuse=bounded,"definition_evidence=high; column semantics are code/header confirmed when explicit, otherwise value-inferred and not authoritative"
variant_summary,structure_modeling_readiness,descriptive_attribute,enum_candidate,not_applicable_or_embedded_in_raw_value,preserve_verbatim_no_overwrite,VOC_VARIANT_SUMMARY_STRUCTURE_MODELING_READINESS,blank_or_explicit_sentinel,VAL_SCHEMA_COMPLETE;VAL_MISSING_EXPLICIT;VAL_ENUM_MEMBERSHIP,downloads_csv+release_zip_csv+sqlite,public_header:downloads_csv+release_zip_csv+sqlite;sqlite_type:TEXT;generator:scripts/build_static_web_mvp.py;DOCS1R_reuse=bounded,"definition_evidence=high; column semantics are code/header confirmed when explicit, otherwise value-inferred and not authoritative"
variant_summary,t7a_condition_comparability_display,descriptive_attribute,delimited_list_or_text,not_applicable_or_embedded_in_raw_value,preserve_verbatim_no_overwrite,,blank_or_explicit_sentinel,VAL_SCHEMA_COMPLETE;VAL_MISSING_EXPLICIT,downloads_csv+release_zip_csv+sqlite,public_header:downloads_csv+release_zip_csv+sqlite;sqlite_type:TEXT;generator:scripts/build_static_web_mvp.py;DOCS1R_reuse=bounded,"definition_evidence=high; column semantics are code/header confirmed when explicit, otherwise value-inferred and not authoritative"
variant_summary,t7a_confidence_percentile,normalized_or_derived,number,percent,derived_value_must_retain_source_field_rule_version_and_provenance,,blank_only,VAL_SCHEMA_COMPLETE;VAL_MISSING_EXPLICIT;VAL_NUMERIC_OR_UNIT,downloads_csv+release_zip_csv+sqlite,public_header:downloads_csv+release_zip_csv+sqlite;sqlite_type:REAL;generator:scripts/build_static_web_mvp.py;DOCS1R_reuse=bounded,"definition_evidence=high; column semantics are code/header confirmed when explicit, otherwise value-inferred and not authoritative"
variant_summary,t7a_confidence_tier,status_or_classification,enum_candidate,not_applicable_or_embedded_in_raw_value,preserve_verbatim_no_overwrite,VOC_VARIANT_SUMMARY_T7A_CONFIDENCE_TIER,blank_or_explicit_sentinel,VAL_SCHEMA_COMPLETE;VAL_MISSING_EXPLICIT;VAL_ENUM_MEMBERSHIP,downloads_csv+release_zip_csv+sqlite,public_header:downloads_csv+release_zip_csv+sqlite;sqlite_type:TEXT;generator:scripts/build_static_web_mvp.py;DOCS1R_reuse=bounded,"definition_evidence=high; column semantics are code/header confirmed when explicit, otherwise value-inferred and not authoritative"
variant_summary,t7a_evidence_insufficiency_display,descriptive_attribute,enum_candidate,not_applicable_or_embedded_in_raw_value,preserve_verbatim_no_overwrite,VOC_VARIANT_SUMMARY_T7A_EVIDENCE_INSUFFICIENCY_DISPLAY,blank_or_explicit_sentinel,VAL_SCHEMA_COMPLETE;VAL_MISSING_EXPLICIT;VAL_ENUM_MEMBERSHIP,downloads_csv+release_zip_csv+sqlite,public_header:downloads_csv+release_zip_csv+sqlite;sqlite_type:TEXT;generator:scripts/build_static_web_mvp.py;DOCS1R_reuse=bounded,"definition_evidence=high; column semantics are code/header confirmed when explicit, otherwise value-inferred and not authoritative"
variant_summary,t7a_measurement_uncertainty_display,descriptive_attribute,enum_candidate,not_applicable_or_embedded_in_raw_value,preserve_verbatim_no_overwrite,VOC_VARIANT_SUMMARY_T7A_MEASUREMENT_UNCERTAINTY_DISPLAY,blank_or_explicit_sentinel,VAL_SCHEMA_COMPLETE;VAL_MISSING_EXPLICIT;VAL_ENUM_MEMBERSHIP,downloads_csv+release_zip_csv+sqlite,public_header:downloads_csv+release_zip_csv+sqlite;sqlite_type:TEXT;generator:scripts/build_static_web_mvp.py;DOCS1R_reuse=bounded,"definition_evidence=high; column semantics are code/header confirmed when explicit, otherwise value-inferred and not authoritative"
variant_summary,tier_label_zh,status_or_classification,text,not_applicable_or_embedded_in_raw_value,preserve_verbatim_no_overwrite,,blank_or_explicit_sentinel,VAL_SCHEMA_COMPLETE;VAL_MISSING_EXPLICIT,downloads_csv+release_zip_csv+sqlite,public_header:downloads_csv+release_zip_csv+sqlite;sqlite_type:TEXT;generator:scripts/build_static_web_mvp.py;DOCS1R_reuse=bounded,"definition_evidence=high; column semantics are code/header confirmed when explicit, otherwise value-inferred and not authoritative"
variant_summary,tolerance_class_sort,descriptive_attribute,integer,not_applicable_or_embedded_in_raw_value,preserve_verbatim_no_overwrite,,blank_only,VAL_SCHEMA_COMPLETE;VAL_MISSING_EXPLICIT;VAL_NUMERIC_OR_UNIT,downloads_csv+release_zip_csv+sqlite,public_header:downloads_csv+release_zip_csv+sqlite;sqlite_type:INTEGER;generator:scripts/build_static_web_mvp.py;DOCS1R_reuse=bounded,"definition_evidence=high; column semantics are code/header confirmed when explicit, otherwise value-inferred and not authoritative"
variant_summary,tolerance_class_v0_status,status_or_classification,enum_candidate,not_applicable_or_embedded_in_raw_value,preserve_verbatim_no_overwrite,VOC_VARIANT_SUMMARY_TOLERANCE_CLASS_V0_STATUS,blank_or_explicit_sentinel,VAL_SCHEMA_COMPLETE;VAL_MISSING_EXPLICIT;VAL_ENUM_MEMBERSHIP,downloads_csv+release_zip_csv+sqlite,public_header:downloads_csv+release_zip_csv+sqlite;sqlite_type:TEXT;generator:scripts/build_static_web_mvp.py;DOCS1R_reuse=bounded,"definition_evidence=high; column semantics are code/header confirmed when explicit, otherwise value-inferred and not authoritative"
variant_summary,tolerance_tier,status_or_classification,enum_candidate,not_applicable_or_embedded_in_raw_value,preserve_verbatim_no_overwrite,VOC_VARIANT_SUMMARY_TOLERANCE_TIER,blank_or_explicit_sentinel,VAL_SCHEMA_COMPLETE;VAL_MISSING_EXPLICIT;VAL_ENUM_MEMBERSHIP,downloads_csv+release_zip_csv+sqlite,public_header:downloads_csv+release_zip_csv+sqlite;sqlite_type:TEXT;generator:scripts/build_static_web_mvp.py;DOCS1R_reuse=bounded,"definition_evidence=high; column semantics are code/header confirmed when explicit, otherwise value-inferred and not authoritative"
variant_summary,tolerance_tier_basis,status_or_classification,delimited_list_or_text,not_applicable_or_embedded_in_raw_value,preserve_verbatim_no_overwrite,,blank_or_explicit_sentinel,VAL_SCHEMA_COMPLETE;VAL_MISSING_EXPLICIT,downloads_csv+release_zip_csv+sqlite,public_header:downloads_csv+release_zip_csv+sqlite;sqlite_type:TEXT;generator:scripts/build_static_web_mvp.py;DOCS1R_reuse=bounded,"definition_evidence=high; column semantics are code/header confirmed when explicit, otherwise value-inferred and not authoritative"
variant_summary,uniprot_id,identifier_or_cross_reference,identifier_or_identifier_list,not_applicable_or_embedded_in_raw_value,preserve_verbatim_no_overwrite,,blank_only,VAL_SCHEMA_COMPLETE;VAL_MISSING_EXPLICIT;VAL_IDENTIFIER_FORMAT,downloads_csv+release_zip_csv+sqlite,public_header:downloads_csv+release_zip_csv+sqlite;sqlite_type:TEXT;generator:scripts/build_static_web_mvp.py;DOCS1R_reuse=bounded,"definition_evidence=high; column semantics are code/header confirmed when explicit, otherwise value-inferred and not authoritative"
variant_summary,unique_source_count,provenance,integer,count,preserve_verbatim_no_overwrite,,blank_only,VAL_SCHEMA_COMPLETE;VAL_MISSING_EXPLICIT;VAL_NUMERIC_OR_UNIT,downloads_csv+release_zip_csv+sqlite,public_header:downloads_csv+release_zip_csv+sqlite;sqlite_type:INTEGER;generator:scripts/build_static_web_mvp.py;DOCS1R_reuse=bounded,"definition_evidence=high; column semantics are code/header confirmed when explicit, otherwise value-inferred and not authoritative"
variant_summary,variant_page_path,descriptive_attribute,path,not_applicable_or_embedded_in_raw_value,preserve_verbatim_no_overwrite,,blank_or_explicit_sentinel,VAL_SCHEMA_COMPLETE;VAL_MISSING_EXPLICIT,downloads_csv+release_zip_csv+sqlite,public_header:downloads_csv+release_zip_csv+sqlite;sqlite_type:TEXT;generator:scripts/build_static_web_mvp.py;DOCS1R_reuse=bounded,"definition_evidence=high; column semantics are code/header confirmed when explicit, otherwise value-inferred and not authoritative"
