canonical_enzyme_id,export_accession,construct_display_name,standard_name,canonical_name,canonical_species,strain,expression_host,page_id,construct_role,parent_canonical_id,mutation_tokens,uniprot_id,ncbi_protein_id,genbank_id,refseq_id,pdb_ids,structure_modeling_readiness,protein_sequence_available,protein_sequence_accession,protein_sequence_source,protein_sequence_length_aa,protein_sequence_sha256,protein_sequence_provenance,LTS_ref,LTS_ref_ci_low,LTS_ref_ci_high,fit_status,sensitivity_stability,tolerance_tier,tolerance_tier_basis,display_id,display_tier,tier_label_zh,public_display_name,n_reliable_obs,n_independent_sources_display,alias_merge_note,t7a_confidence_tier,t7a_confidence_percentile,t7a_measurement_uncertainty_display,t7a_evidence_insufficiency_display,t7a_condition_comparability_display,scaffold_family,quality_penalty_provenance,enzyme_form,label_provenance,tolerance_class_v0_status,confidence,confidence_detail,evidence_tier_used,evidence_id,protocol_id,assay_id,measurement_row_count,protocol_unit_count,literature_evidence_count,patent_evidence_count,evidence_source_mix,unique_source_count,max_methanol_conc_percent,max_incubation_time_h,incubation_temp_C,activity_assay_method,assay_substrate,max_residual_activity_percent,measurement_rule_counts,source_anchor_preview,source_reference_keys,page_caveat,variant_page_path,tolerance_class_sort
LMT_0001,LMT_0001,UM-1 WT,UM-1 WT,UM-1 (Streptomyces sp. W007 lipase),Streptomyces sp.,W007,,,same_uniprot_wt_alias,,UM-1 WT,,,,,5H6B;5H6G,structure_ready,no,,,,,,0.143681,-1.256038,1.78135,,,evidence_moderate,F9 public display table: 4 reliable observations; 0 independent sources,LMT_0001,evidence_moderate,,UM-1 WT,4,,,D,68.20,误差带仅说明测量不精确，不参与T7a评分,独立来源数=，独立性档=D,all_rows_complete; complete_rows=7/7,,,free | free_enzyme,,archive_preview_only_not_authoritative,,,downweighted_train,EVID_LIT_000082; EVID_LIT_001949; EVID_LIT_001958; EVID_LIT_001959; EVID_LIT_002470; EVID_LIT_002477; EVID_LIT_002487,WEBR1_PROTOCOL_0001; WEBR1_PROTOCOL_0002; WEBR1_PROTOCOL_0003; WEBR1_PROTOCOL_0004; WEBR1_PROTOCOL_0005,ASSAY_P1A_B02_03_001; ASSAY_P1A_LU06_04_FIG3_5; ASSAY_P1A_UM1_FORMAL_06_FIG3_14_MEOH24H; ASSAY_P1A_UM1_FORMAL_09_FIG4_4_MEOH24H; S8A_SM038_001,7,5,7,0,literature,5,60,36,4 | 37,p-nitrophenyl caprylate colorimetric hydrolysis assay at A405 | titrimetric olive-oil hydrolysis assay with 0.05 M NaOH endpoint | titrimetric olive-oil hydrolysis residual activity assay after solvent preincubation | residual UM-1 lipase activity,p-nitrophenyl caprylate (C8) | olive oil emulsion | not_reported,94,,"pp. 44, 47-49; Table 2; Section 2.5.5 and 3.5; thesis pages 40 and 47; Section 3.3.5.3 and Figure 3-5/results text; thesis pages 40 and 47; Figure 3-5/results text; thesis page 40 method section 3.3.3.7; thesis page 51 section 3.4.2.6; Figure 3-14; thesis page 42 method section 4.3.5; thesis pages 46-47 section 4.4.4; Figure 4-4; thesis Table 5-2, p.63",10.1002/bab.1338 | not_reported | REF_P1A_LU06_04 | REF_P1A_UM1_FORMAL_06_XIAO2022 | REF_P1A_UM1_FORMAL_09_YANG2022 | SM-038,,variants/LMT_0001.html,-1
LMT_0002,LMT_0002,Burkholderia cepacia lipase;Burkholderia cepacia lipase (BCL);Burkholderia cepacia G63 lipAB;Burkholderia cepacia Lipase PS-SD immobilized in n-butyl-substituted silica monolith;Burkholderia cepacia lipase immobilized on GEAMNP magnetic nanoparticles;Pseudomonas cepacia lipase powder free enzyme;Pseudomonas cepacia lipase immobilized on Fe3O4@polydopamine nanoparticles,Burkholderia cepacia lipase;Burkholderia cepacia lipase (BCL);Burkholderia cepacia G63 lipAB;Burkholderia cepacia Lipase PS-SD immobilized in n-butyl-substituted silica monolith;Burkholderia cepacia lipase immobilized on GEAMNP magnetic nanoparticles;Pseudomonas cepacia lipase powder free enzyme;Pseudomonas cepacia lipase immobilized on Fe3O4@polydopamine nanoparticles,Burkholderia cepacia lipase,Burkholderia cepacia,G63,,,same_uniprot_wt_alias,,Burkholderia cepacia lipase,P22088,,,,1OIL,structure_ready,yes,P22088,UniProt,364,1f52ca62fe1a198c1c458194dcb14c187ea01f829dcb5b2514604df95733bfca,results/2026-06-16_duplicate_uniprot_fulltext_audit/raw/uniprot_P22088.json,-0.060204,-1.189558,1.205935,,,evidence_rich,F9 public display table: 91 reliable observations; 0 independent sources,LMT_0002,evidence_rich,,Burkholderia cepacia lipase;Burkholderia cepacia lipase (BCL);Burkholderia cepacia G63 lipAB;Burkholderia cepacia Lipase PS-SD immobilized in n-butyl-substituted silica monolith;Burkholderia cepacia lipase immobilized on GEAMNP magnetic nanoparticles;Pseudomonas cepacia lipase powder free enzyme;Pseudomonas cepacia lipase immobilized on Fe3O4@polydopamine nanoparticles,91,,,D,68.36,误差带仅说明测量不精确，不参与T7a评分,独立来源数=，独立性档=D,all_rows_complete; complete_rows=3/3,,,free | purified_recombinant,,archive_preview_only_not_authoritative,,,core_train | downweighted_train,EVID_LIT_000083; EVID_LIT_000084; EVID_LIT_002580,WEBR1_PROTOCOL_0006; WEBR1_PROTOCOL_0007,ASSAY_P1A_B02_04_001; ASSAY_B70B_EVID_LIT_002580,3,2,3,0,literature,2,73,18,37 | 50,p-nitrophenyl laurate hydrolysis assay at A410 | not_reported,p-nitrophenyl laurate | not_reported,108.1,,"pp. 955-959; Fig. 3B; Table 2 and Effects of Organic Solvents section, PDF pp. 9-10",10.1002/biot.201500305 | 10.1007/s12010-020-03453-0,,variants/LMT_0002.html,-1
LMT_0003,LMT_0003,LipT6 WT;Lipase T6 WT;LipT6 duplicate local-language copy;T1.2-like lipase SEQ ID NO:95,LipT6 WT;Lipase T6 WT;LipT6 duplicate local-language copy;T1.2-like lipase SEQ ID NO:95,LipT6,Geobacillus stearothermophilus,T6,,,same_uniprot_wt_alias,,LipT6 WT,Q93A71,,,,4X6U,structure_ready,yes,Q93A71,UniProt,418,d9a933fa53aa40b719cc0bf0ef004f8805d5c56d14fb6d184862f13d14753fe9,results/2026-06-16_duplicate_uniprot_fulltext_audit/raw/uniprot_Q93A71.json,1.829637,0.401853,3.238196,,,evidence_rich,F9 public display table: 11 reliable observations; 0 independent sources,LMT_0003,evidence_rich,,LipT6 WT;Lipase T6 WT;LipT6 duplicate local-language copy;T1.2-like lipase SEQ ID NO:95,11,,,D,40.66,误差带仅说明测量不精确，不参与T7a评分,独立来源数=，独立性档=D,partial_rows_complete; complete_rows=10/11,,,free,,archive_preview_only_not_authoritative,,,downweighted_train | holdout_only,EVID_LIT_000090; EVID_LIT_000091; EVID_LIT_000088; EVID_LIT_000286; EVID_LIT_000287; EVID_LIT_000288; EVID_PAT_000216; EVID_PAT_000217; EVID_PAT_000218; EVID_PAT_000219; EVID_PAT_000220,WEBR1_PROTOCOL_0008; WEBR1_PROTOCOL_0009; WEBR1_PROTOCOL_0010,ASSAY_P1A_B03_01_FIG2_70MEOH; ASSAY_P1A_B04_03_002; PAT_ASSAY_WO2023282853_T2C_RESORUFIN_MEOH_TOLERANCE,11,3,6,5,literature+patent,3,70,6,25,pNP-L hydrolysis assay | pNPL hydrolysis colorimetric assay at A405 | resorufin lipase substrate fluorescence assay after 1 h methanol preincubation,p-nitrophenyl laurate | resorufin lipase substrate,100,,"pp. 183, 190-191; Table 1; Figure 2; Supporting Tables S1, S2 and S5; pp. 5-6; Figure 3; Results Stability measurements of purified enzymes in 70% methanol; Methods Stability validation of LipT6 variants in 70% methanol; WO2023282853A2 Methanol tolerance assay methods; Table 2c publication pages 34-35; local rendered Table 2c pages page_36_copy.png/page_37_copy.png",10.1002/cctc.201901369 | 10.1128/AEM.02143-18 | not_applicable_patent | WO2023282853A2,,variants/LMT_0003.html,-1
LMT_0004,LMT_0004,LipT6 M1 (L14C/A112C),LipT6 M1 (L14C/A112C),LipT6 M1 (L14C/A112C),Geobacillus stearothermophilus,T6,,,mutant_or_engineered_construct,LMT_0044,LipT6 M1 (L14C/A112C),Q93A71,,,,4FMP,structure_ready,no,,,,,,2.65695,1.143684,4.1944,,,evidence_moderate,F9 public display table: 3 reliable observations; 0 independent sources,LMT_0004,evidence_moderate,,LipT6 M1 (L14C/A112C),3,,,D,33.61,误差带仅说明测量不精确，不参与T7a评分,独立来源数=，独立性档=D,all_rows_complete; complete_rows=3/3,,,free,,archive_preview_only_not_authoritative,,,downweighted_train,EVID_LIT_000092; EVID_LIT_000093; EVID_LIT_000094,WEBR1_PROTOCOL_0011,ASSAY_P1A_B03_01_FIG2_70MEOH,3,1,3,0,literature,1,70,4,25,pNP-L hydrolysis assay,p-nitrophenyl laurate,11,,"pp. 183, 190-191; Table 1; Figure 2; Supporting Tables S1, S2 and S5",10.1002/cctc.201901369,,variants/LMT_0004.html,-1
LMT_0005,LMT_0005,LipT6 M2 (F28C/A192C),LipT6 M2 (F28C/A192C),LipT6 M2 (F28C/A192C),Geobacillus stearothermophilus,T6,,,mutant_or_engineered_construct,LMT_0044,LipT6 M2 (F28C/A192C),Q93A71,,,,4FMP,structure_ready,no,,,,,,2.189365,0.692051,3.527885,,,evidence_moderate,F9 public display table: 3 reliable observations; 0 independent sources,LMT_0005,evidence_moderate,,LipT6 M2 (F28C/A192C),3,,,D,33.77,误差带仅说明测量不精确，不参与T7a评分,独立来源数=，独立性档=D,all_rows_complete; complete_rows=3/3,,,free,,archive_preview_only_not_authoritative,,,downweighted_train,EVID_LIT_000095; EVID_LIT_000096; EVID_LIT_000097,WEBR1_PROTOCOL_0012,ASSAY_P1A_B03_01_FIG2_70MEOH,3,1,3,0,literature,1,70,4,25,pNP-L hydrolysis assay,p-nitrophenyl laurate,13.9,,"pp. 183, 190-191; Table 1; Figure 2; Supporting Tables S1, S2 and S5",10.1002/cctc.201901369,,variants/LMT_0005.html,-1
LMT_0006,LMT_0006,LipT6 M3 (D37C/Q40C),LipT6 M3 (D37C/Q40C),LipT6 M3 (D37C/Q40C),Geobacillus stearothermophilus,T6,,,mutant_or_engineered_construct,LMT_0044,LipT6 M3 (D37C/Q40C),Q93A71,,,,4FMP,structure_ready,no,,,,,,2.678,1.137437,4.243741,,,evidence_moderate,F9 public display table: 3 reliable observations; 0 independent sources,LMT_0006,evidence_moderate,,LipT6 M3 (D37C/Q40C),3,,,D,33.93,误差带仅说明测量不精确，不参与T7a评分,独立来源数=，独立性档=D,all_rows_complete; complete_rows=3/3,,,free,,archive_preview_only_not_authoritative,,,downweighted_train,EVID_LIT_000098; EVID_LIT_000099; EVID_LIT_000100,WEBR1_PROTOCOL_0013,ASSAY_P1A_B03_01_FIG2_70MEOH,3,1,3,0,literature,1,70,4,25,pNP-L hydrolysis assay,p-nitrophenyl laurate,3.2,,"pp. 183, 190-191; Table 1; Figure 2; Supporting Tables S1, S2 and S5",10.1002/cctc.201901369,,variants/LMT_0006.html,-1
LMT_0007,LMT_0007,LipT6 M4 (S131C/F149C),LipT6 M4 (S131C/F149C),LipT6 M4 (S131C/F149C),Geobacillus stearothermophilus,T6,,,mutant_or_engineered_construct,LMT_0044,LipT6 M4 (S131C/F149C),Q93A71,,,,4FMP,structure_ready,no,,,,,,1.047396,-0.559067,2.650321,,,evidence_moderate,F9 public display table: 3 reliable observations; 0 independent sources,LMT_0007,evidence_moderate,,LipT6 M4 (S131C/F149C),3,,,D,34.10,误差带仅说明测量不精确，不参与T7a评分,独立来源数=，独立性档=D,all_rows_complete; complete_rows=3/3,,,free,,archive_preview_only_not_authoritative,,,downweighted_train,EVID_LIT_000101; EVID_LIT_000102; EVID_LIT_000103,WEBR1_PROTOCOL_0014,ASSAY_P1A_B03_01_FIG2_70MEOH,3,1,3,0,literature,1,70,4,25,pNP-L hydrolysis assay,p-nitrophenyl laurate,93,,"pp. 183, 190-191; Table 1; Figure 2; Supporting Tables S1, S2 and S5",10.1002/cctc.201901369,,variants/LMT_0007.html,-1
LMT_0008,LMT_0008,LipT6 M5 (E134C/S131C),LipT6 M5 (E134C/S131C),LipT6 M5 (E134C/S131C),Geobacillus stearothermophilus,T6,,,mutant_or_engineered_construct,LMT_0044,LipT6 M5 (E134C/S131C),Q93A71,,,,4FMP,structure_ready,no,,,,,,4.199611,2.689526,5.676482,,,evidence_moderate,F9 public display table: 3 reliable observations; 0 independent sources,LMT_0008,evidence_moderate,,LipT6 M5 (E134C/S131C),3,,,D,34.26,误差带仅说明测量不精确，不参与T7a评分,独立来源数=，独立性档=D,all_rows_complete; complete_rows=3/3,,,free,,archive_preview_only_not_authoritative,,,downweighted_train,EVID_LIT_000104; EVID_LIT_000105; EVID_LIT_000106,WEBR1_PROTOCOL_0015,ASSAY_P1A_B03_01_FIG2_70MEOH,3,1,3,0,literature,1,70,4,25,pNP-L hydrolysis assay,p-nitrophenyl laurate,0.1,,"pp. 183, 190-191; Table 1; Figure 2; Supporting Tables S1, S2 and S5",10.1002/cctc.201901369,,variants/LMT_0008.html,-1
LMT_0009,LMT_0009,LipT6 M6 (E134C/F149C),LipT6 M6 (E134C/F149C),LipT6 M6 (E134C/F149C),Geobacillus stearothermophilus,T6,,,mutant_or_engineered_construct,LMT_0044,LipT6 M6 (E134C/F149C),Q93A71,,,,6S3J,structure_ready,no,,,,,,1.209754,-0.324316,2.741033,,,evidence_moderate,F9 public display table: 3 reliable observations; 0 independent sources,LMT_0009,evidence_moderate,,LipT6 M6 (E134C/F149C),3,,,D,34.43,误差带仅说明测量不精确，不参与T7a评分,独立来源数=，独立性档=D,all_rows_complete; complete_rows=3/3,,,free,,archive_preview_only_not_authoritative,,,downweighted_train,EVID_LIT_000107; EVID_LIT_000108; EVID_LIT_000109,WEBR1_PROTOCOL_0016,ASSAY_P1A_B03_01_FIG2_70MEOH,3,1,3,0,literature,1,70,4,25,pNP-L hydrolysis assay,p-nitrophenyl laurate,33.2,,"pp. 183, 190-191; Table 1; Figure 2; Supporting Tables S1, S2 and S5",10.1002/cctc.201901369,,variants/LMT_0009.html,-1
LMT_0010,LMT_0010,LipT6 M7 (A163C/T270C),LipT6 M7 (A163C/T270C),LipT6 M7 (A163C/T270C),Geobacillus stearothermophilus,T6,,,mutant_or_engineered_construct,LMT_0044,LipT6 M7 (A163C/T270C),Q93A71,,,,4FMP,structure_ready,no,,,,,,2.299224,0.806549,3.821773,,,evidence_moderate,F9 public display table: 3 reliable observations; 0 independent sources,LMT_0010,evidence_moderate,,LipT6 M7 (A163C/T270C),3,,,D,34.59,误差带仅说明测量不精确，不参与T7a评分,独立来源数=，独立性档=D,all_rows_complete; complete_rows=3/3,,,free,,archive_preview_only_not_authoritative,,,downweighted_train,EVID_LIT_000110; EVID_LIT_000111; EVID_LIT_000112,WEBR1_PROTOCOL_0017,ASSAY_P1A_B03_01_FIG2_70MEOH,3,1,3,0,literature,1,70,4,25,pNP-L hydrolysis assay,p-nitrophenyl laurate,10.5,,"pp. 183, 190-191; Table 1; Figure 2; Supporting Tables S1, S2 and S5",10.1002/cctc.201901369,,variants/LMT_0010.html,-1
LMT_0011,LMT_0011,LipT6 M8 (A187C/F291C),LipT6 M8 (A187C/F291C),LipT6 M8 (A187C/F291C),Geobacillus stearothermophilus,T6,,,mutant_or_engineered_construct,LMT_0044,LipT6 M8 (A187C/F291C),Q93A71,,,,6S3G,structure_ready,no,,,,,,1.8188,0.254408,3.351309,,,evidence_moderate,F9 public display table: 3 reliable observations; 0 independent sources,LMT_0011,evidence_moderate,,LipT6 M8 (A187C/F291C),3,,,D,34.75,误差带仅说明测量不精确，不参与T7a评分,独立来源数=，独立性档=D,all_rows_complete; complete_rows=3/3,,,free,,archive_preview_only_not_authoritative,,,downweighted_train,EVID_LIT_000113; EVID_LIT_000114; EVID_LIT_000115,WEBR1_PROTOCOL_0018,ASSAY_P1A_B03_01_FIG2_70MEOH,3,1,3,0,literature,1,70,4,25,pNP-L hydrolysis assay,p-nitrophenyl laurate,12.1,,"pp. 183, 190-191; Table 1; Figure 2; Supporting Tables S1, S2 and S5",10.1002/cctc.201901369,,variants/LMT_0011.html,-1
LMT_0012,LMT_0012,LipT6 M9 (A195C/V198C),LipT6 M9 (A195C/V198C),LipT6 M9 (A195C/V198C),Geobacillus stearothermophilus,T6,,,mutant_or_engineered_construct,LMT_0044,LipT6 M9 (A195C/V198C),Q93A71,,,,4FMP,structure_ready,no,,,,,,2.344945,0.840166,3.85859,,,evidence_moderate,F9 public display table: 3 reliable observations; 0 independent sources,LMT_0012,evidence_moderate,,LipT6 M9 (A195C/V198C),3,,,D,34.92,误差带仅说明测量不精确，不参与T7a评分,独立来源数=，独立性档=D,all_rows_complete; complete_rows=3/3,,,free,,archive_preview_only_not_authoritative,,,downweighted_train,EVID_LIT_000116; EVID_LIT_000117; EVID_LIT_000118,WEBR1_PROTOCOL_0019,ASSAY_P1A_B03_01_FIG2_70MEOH,3,1,3,0,literature,1,70,4,25,pNP-L hydrolysis assay,p-nitrophenyl laurate,5.5,,"pp. 183, 190-191; Table 1; Figure 2; Supporting Tables S1, S2 and S5",10.1002/cctc.201901369,,variants/LMT_0012.html,-1
LMT_0013,LMT_0013,LipT6 M10 (N281C/T279C),LipT6 M10 (N281C/T279C),LipT6 M10 (N281C/T279C),Geobacillus stearothermophilus,T6,,,mutant_or_engineered_construct,LMT_0044,LipT6 M10 (N281C/T279C),Q93A71,,,,4FMP,structure_ready,no,,,,,,2.270641,0.749223,3.922244,,,evidence_moderate,F9 public display table: 3 reliable observations; 0 independent sources,LMT_0013,evidence_moderate,,LipT6 M10 (N281C/T279C),3,,,D,35.08,误差带仅说明测量不精确，不参与T7a评分,独立来源数=，独立性档=D,all_rows_complete; complete_rows=3/3,,,free,,archive_preview_only_not_authoritative,,,downweighted_train,EVID_LIT_000119; EVID_LIT_000120; EVID_LIT_000121,WEBR1_PROTOCOL_0020,ASSAY_P1A_B03_01_FIG2_70MEOH,3,1,3,0,literature,1,70,4,25,pNP-L hydrolysis assay,p-nitrophenyl laurate,3.8,,"pp. 183, 190-191; Table 1; Figure 2; Supporting Tables S1, S2 and S5",10.1002/cctc.201901369,,variants/LMT_0013.html,-1
LMT_0014,LMT_0014,LipT6 M11 (N281C/S302C),LipT6 M11 (N281C/S302C),LipT6 M11 (N281C/S302C),Geobacillus stearothermophilus,T6,,,mutant_or_engineered_construct,LMT_0044,LipT6 M11 (N281C/S302C),Q93A71,,,,4FMP,structure_ready,no,,,,,,1.417737,-0.086152,3.072503,,,evidence_moderate,F9 public display table: 3 reliable observations; 0 independent sources,LMT_0014,evidence_moderate,,LipT6 M11 (N281C/S302C),3,,,D,35.25,误差带仅说明测量不精确，不参与T7a评分,独立来源数=，独立性档=D,all_rows_complete; complete_rows=3/3,,,free,,archive_preview_only_not_authoritative,,,downweighted_train,EVID_LIT_000122; EVID_LIT_000123; EVID_LIT_000124,WEBR1_PROTOCOL_0021,ASSAY_P1A_B03_01_FIG2_70MEOH,3,1,3,0,literature,1,70,4,25,pNP-L hydrolysis assay,p-nitrophenyl laurate,33.9,,"pp. 183, 190-191; Table 1; Figure 2; Supporting Tables S1, S2 and S5",10.1002/cctc.201901369,,variants/LMT_0014.html,-1
LMT_0015,LMT_0015,LipT6 M12 (E251C/R331C),LipT6 M12 (E251C/R331C),LipT6 M12 (E251C/R331C),Geobacillus stearothermophilus,T6,,,mutant_or_engineered_construct,LMT_0044,LipT6 M12 (E251C/R331C),Q93A71,,,,4FMP,structure_ready,no,,,,,,1.072195,-0.444335,2.7064,,,evidence_moderate,F9 public display table: 3 reliable observations; 0 independent sources,LMT_0015,evidence_moderate,,LipT6 M12 (E251C/R331C),3,,,D,35.41,误差带仅说明测量不精确，不参与T7a评分,独立来源数=，独立性档=D,all_rows_complete; complete_rows=3/3,,,free,,archive_preview_only_not_authoritative,,,downweighted_train,EVID_LIT_000125; EVID_LIT_000126; EVID_LIT_000127,WEBR1_PROTOCOL_0022,ASSAY_P1A_B03_01_FIG2_70MEOH,3,1,3,0,literature,1,70,4,25,pNP-L hydrolysis assay,p-nitrophenyl laurate,75.2,,"pp. 183, 190-191; Table 1; Figure 2; Supporting Tables S1, S2 and S5",10.1002/cctc.201901369,,variants/LMT_0015.html,-1
LMT_0016,LMT_0016,LipT6 M13 (E251C/G332C),LipT6 M13 (E251C/G332C),LipT6 M13 (E251C/G332C),Geobacillus stearothermophilus,T6,,,mutant_or_engineered_construct,LMT_0044,LipT6 M13 (E251C/G332C),Q93A71,,,,6S3V,structure_ready,no,,,,,,0.969099,-0.72675,2.433845,,,evidence_moderate,F9 public display table: 3 reliable observations; 0 independent sources,LMT_0016,evidence_moderate,,LipT6 M13 (E251C/G332C),3,,,D,35.57,误差带仅说明测量不精确，不参与T7a评分,独立来源数=，独立性档=D,all_rows_complete; complete_rows=3/3,,,free,,archive_preview_only_not_authoritative,,,downweighted_train,EVID_LIT_000128; EVID_LIT_000129; EVID_LIT_000089,WEBR1_PROTOCOL_0023,ASSAY_P1A_B03_01_FIG2_70MEOH,3,1,3,0,literature,1,70,4,25,pNP-L hydrolysis assay,p-nitrophenyl laurate,50.8,,"pp. 183, 190-191; Table 1; Figure 2; Supporting Tables S1, S2 and S5",10.1002/cctc.201901369,,variants/LMT_0016.html,-1
LMT_0018,LMT_0018,PML R237A,PML R237A,PML R237A,Proteus mirabilis,,,,mutant_or_engineered_construct,LMT_0017,PML R237A,B4EVM3,,,,,sequence_ready,no,,,,,,0.995768,-0.29426,2.315224,,,evidence_rich,F9 public display table: 12 reliable observations; 0 independent sources,LMT_0018,evidence_rich,,PML R237A,12,,,D,52.62,误差带仅说明测量不精确，不参与T7a评分,独立来源数=，独立性档=D,all_rows_complete; complete_rows=12/12,,,free,,archive_preview_only_not_authoritative,,,holdout_only,EVID_LIT_000131; EVID_LIT_000136; EVID_LIT_000141; EVID_LIT_000146; EVID_LIT_000152; EVID_LIT_000153; EVID_LIT_000162; EVID_LIT_000163; EVID_LIT_000172; EVID_LIT_000173; EVID_LIT_000182; EVID_LIT_000183,WEBR1_PROTOCOL_0025,ASSAY_P1A_B03_04_001,12,1,12,0,literature,1,40,3,25,pNPL activity assay,p-nitrophenyl laurate,92,,"pp. 5-6, 11; Section 2.5; Figure 6; Methods 4.6",10.3390/catal12070761,,variants/LMT_0018.html,-1
LMT_0019,LMT_0019,PML R241A,PML R241A,PML R241A,Proteus mirabilis,,,,mutant_or_engineered_construct,LMT_0017,PML R241A,B4EVM3,,,,,sequence_ready,no,,,,,,0.986411,-0.358413,2.270318,,,evidence_rich,F9 public display table: 12 reliable observations; 0 independent sources,LMT_0019,evidence_rich,,PML R241A,12,,,D,52.79,误差带仅说明测量不精确，不参与T7a评分,独立来源数=，独立性档=D,all_rows_complete; complete_rows=12/12,,,free,,archive_preview_only_not_authoritative,,,holdout_only,EVID_LIT_000132; EVID_LIT_000137; EVID_LIT_000142; EVID_LIT_000147; EVID_LIT_000154; EVID_LIT_000155; EVID_LIT_000164; EVID_LIT_000165; EVID_LIT_000174; EVID_LIT_000175; EVID_LIT_000184; EVID_LIT_000185,WEBR1_PROTOCOL_0026,ASSAY_P1A_B03_04_001,12,1,12,0,literature,1,40,3,25,pNPL activity assay,p-nitrophenyl laurate,88,,"pp. 5-6, 11; Section 2.5; Figure 6; Methods 4.6",10.3390/catal12070761,,variants/LMT_0019.html,-1
LMT_0020,LMT_0020,PML D248A,PML D248A,PML D248A,Proteus mirabilis,,,,mutant_or_engineered_construct,LMT_0017,PML D248A,B4EVM3,,,,,sequence_ready,no,,,,,,0.846021,-0.444781,2.192096,,,evidence_rich,F9 public display table: 12 reliable observations; 0 independent sources,LMT_0020,evidence_rich,,PML D248A,12,,,D,52.95,误差带仅说明测量不精确，不参与T7a评分,独立来源数=，独立性档=D,all_rows_complete; complete_rows=12/12,,,free,,archive_preview_only_not_authoritative,,,holdout_only,EVID_LIT_000133; EVID_LIT_000138; EVID_LIT_000143; EVID_LIT_000148; EVID_LIT_000156; EVID_LIT_000157; EVID_LIT_000166; EVID_LIT_000167; EVID_LIT_000176; EVID_LIT_000177; EVID_LIT_000186; EVID_LIT_000187,WEBR1_PROTOCOL_0027,ASSAY_P1A_B03_04_001,12,1,12,0,literature,1,40,3,25,pNPL activity assay,p-nitrophenyl laurate,96,,"pp. 5-6, 11; Section 2.5; Figure 6; Methods 4.6",10.3390/catal12070761,,variants/LMT_0020.html,-1
LMT_0021,LMT_0021,PML R237A/D248A,PML R237A/D248A,PML R237A/D248A,Proteus mirabilis,,,,mutant_or_engineered_construct,LMT_0017,PML R237A/D248A,B4EVM3,,,,,sequence_ready,no,,,,,,1.71323,0.45373,3.123329,,,evidence_rich,F9 public display table: 11 reliable observations; 0 independent sources,LMT_0021,evidence_rich,,PML R237A/D248A,11,,,D,53.11,误差带仅说明测量不精确，不参与T7a评分,独立来源数=，独立性档=D,all_rows_complete; complete_rows=12/12,,,free,,archive_preview_only_not_authoritative,,,holdout_only,EVID_LIT_000134; EVID_LIT_000139; EVID_LIT_000144; EVID_LIT_000149; EVID_LIT_000158; EVID_LIT_000159; EVID_LIT_000168; EVID_LIT_000169; EVID_LIT_000178; EVID_LIT_000179; EVID_LIT_000188; EVID_LIT_000189,WEBR1_PROTOCOL_0028,ASSAY_P1A_B03_04_001,12,1,12,0,literature,1,40,3,25,pNPL activity assay,p-nitrophenyl laurate,85,,"pp. 5-6, 11; Section 2.5; Figure 6; Methods 4.6",10.3390/catal12070761,,variants/LMT_0021.html,-1
LMT_0022,LMT_0022,Candida antarctica lipase B WT;Candida antarctica lipase B;Candida antarctica lipase B free lipase;free Candida antarctica lipase B;Candida antarctica lipase B WT recombinant free enzyme;Candida antarctica lipase B native free enzyme;Candida antarctica lipase B (CALB);Novozym 435 (immobilized CALB);MNP-CALBEX immobilized Candida antarctica lipase B;MNP-CALBEX immobilized Candida antarctica lipase B cycle 5;Candida antarctica lipase B immobilized on P(GMA-co-MA)/FP nanofibrous membrane;Candida antarctica lipase B conventional CLEAs;Candida antarctica lipase B porous p-CLEAs;Candida antarctica lipase B encapsulated in ZIF-8 MOF;Novozym 435 (commercial immobilized CALB);Lipozyme CALB L covalently immobilized on chitosan pellets;Candida antarctica lipase B immobilized on poly(GMA-co-EGDMA) highly macroporous copolymer;Candida antarctica lipase B CalB-O parent;Candida antarctica lipase B WT process preparation,Candida antarctica lipase B WT;Candida antarctica lipase B;Candida antarctica lipase B free lipase;free Candida antarctica lipase B;Candida antarctica lipase B WT recombinant free enzyme;Candida antarctica lipase B native free enzyme;Candida antarctica lipase B (CALB);Novozym 435 (immobilized CALB);MNP-CALBEX immobilized Candida antarctica lipase B;MNP-CALBEX immobilized Candida antarctica lipase B cycle 5;Candida antarctica lipase B immobilized on P(GMA-co-MA)/FP nanofibrous membrane;Candida antarctica lipase B conventional CLEAs;Candida antarctica lipase B porous p-CLEAs;Candida antarctica lipase B encapsulated in ZIF-8 MOF;Novozym 435 (commercial immobilized CALB);Lipozyme CALB L covalently immobilized on chitosan pellets;Candida antarctica lipase B immobilized on poly(GMA-co-EGDMA) highly macroporous copolymer;Candida antarctica lipase B CalB-O parent;Candida antarctica lipase B WT process preparation,Candida antarctica lipase B,Candida antarctica,,,,same_uniprot_wt_alias,,Candida antarctica lipase B WT,P41365,,,,1TCA,structure_ready,yes,P41365,UniProt,342,e5014ab42856b5807ef5170d01a0d5da314a320b39e61e3058fba58c10a1bc42,results/2026-06-16_duplicate_uniprot_fulltext_audit/raw/uniprot_P41365.json,0.506037,-0.640819,1.797017,,,evidence_rich,F9 public display table: 28 reliable observations; 0 independent sources,LMT_0022,evidence_rich,,Candida antarctica lipase B WT;Candida antarctica lipase B;Candida antarctica lipase B free lipase;free Candida antarctica lipase B;Candida antarctica lipase B WT recombinant free enzyme;Candida antarctica lipase B native free enzyme;Candida antarctica lipase B (CALB);Novozym 435 (immobilized CALB);MNP-CALBEX immobilized Candida antarctica lipase B;MNP-CALBEX immobilized Candida antarctica lipase B cycle 5;Candida antarctica lipase B immobilized on P(GMA-co-MA)/FP nanofibrous membrane;Candida antarctica lipase B conventional CLEAs;Candida antarctica lipase B porous p-CLEAs;Candida antarctica lipase B encapsulated in ZIF-8 MOF;Novozym 435 (commercial immobilized CALB);Lipozyme CALB L covalently immobilized on chitosan pellets;Candida antarctica lipase B immobilized on poly(GMA-co-EGDMA) highly macroporous copolymer;Candida antarctica lipase B CalB-O parent;Candida antarctica lipase B WT process preparation,28,,,D,40.82,误差带仅说明测量不精确，不参与T7a评分,独立来源数=，独立性档=D,partial_rows_complete; complete_rows=28/32,,,free | free_lyophilized_recombinant | crude_extract | immobilized,,archive_preview_only_not_authoritative,,,holdout_only | downweighted_train | core_train,EVID_LIT_000265; EVID_LIT_000268; EVID_LIT_000271; EVID_LIT_000262; EVID_LIT_000274; EVID_LIT_000277; EVID_LIT_000280; EVID_LIT_000283; EVID_LIT_000351; EVID_LIT_000357; EVID_LIT_000362; EVID_LIT_000368; EVID_LIT_000374; EVID_LIT_001352; EVID_LIT_001353; EVID_LIT_001354; EVID_LIT_001355; EVID_LIT_001356; EVID_LIT_001358; EVID_LIT_001359; EVID_LIT_001360; EVID_LIT_001361; EVID_LIT_001362; EVID_LIT_001363; EVID_LIT_001364; EVID_LIT_001365; EVID_LIT_001366; EVID_LIT_001367; EVID_LIT_001368; EVID_LIT_002483; EVID_LIT_002484; EVID_PAT_000601; EVID_PAT_000532; EVID_PAT_000533; EVID_PAT_000534; EVID_PAT_000738; EVID_PAT_000739,WEBR1_PROTOCOL_0029; WEBR1_PROTOCOL_0030; WEBR1_PROTOCOL_0031; WEBR1_PROTOCOL_0032; WEBR1_PROTOCOL_0033; WEBR1_PROTOCOL_0034; WEBR1_PROTOCOL_0035; WEBR1_PROTOCOL_0036; WEBR1_PROTOCOL_0037; WEBR1_PROTOCOL_0038; WEBR1_PROTOCOL_0039; WEBR1_PROTOCOL_0040; WEBR1_PROTOCOL_0041; WEBR1_PROTOCOL_0042,ASSAY_P1A_B04_01_001; ASSAY_P1A_B06_05_003; ASSAY_P1A_B06_05_002; ASSAY_P1A_B28_ITEM1_FIG1A_CALB_MEOH_ACTIVITY; ASSAY_P1A_B28_ITEM1_FIG6A_CALB_MEOH20_STABILITY; ASSAY_P1A_B28_ITEM2_FIG2B_CALB_IL_MEOH_2H_RT; S8A_SM028_001; S8A_SM028_002; PAT_ASSAY_WO2011067349_EX4_T4; PAT_ASSAY_CN108251400B_EX4_T3_50MEOH; PAT_ASSAY_WO2009069116_EX7_CALB; PAT_ASSAY_WO2009069116_EX8_CALB,37,14,31,6,literature+patent,8,80,168,30 | 25 | 47 | 40,tributyrin hydrolysis titration assay with NaOH | pNPC hydrolysis assay at A405 | p-nitrophenyl octanoate hydrolysis assay at A410 | p-nitrophenyl palmitate hydrolysis assay at A405 | vinyl acetate reaction after preincubation | pNPB hydrolysis absorbance assay | p-nitrophenyl palmitate hydrolysis assay after methanol treatment; reaction at 40 C for 10 min | biodiesel FAME process endpoint,tributyrin emulsion | p-nitrophenyl caprylate (pNPC) | p-nitrophenyl octanoate | p-nitrophenyl palmitate | vinyl acetate | p-nitrophenyl butyrate (pNPB) | soybean oil + methanol,100,,"pp. 4, 7; Fig. 5; Methanol tolerant assay and Methanol tolerance analysis sections; pp. 348-351; Section 2.4 and 3.3; Figure 2; Table 5; pp. 350-351; Figure 4; Section 3.3; pp. 350-351; Section 3.3; Figure 2 and Figure 4; p. 350; Section 3.3; Figure 2; p. 351; Section 3.3; Figure 4; PDF pp. 3-5; Section 2.2.2a; Figure 1A; PDF pp. 7-9; Section 3.4; Figure 6A; PDF pp. 2-3 and 6; Figure 2B; Methods catalytic stability in aqueous organic solvents; Kulschewski 2013 source text/result point, 60% methanol for 180 min; Example 4; Table 4; CN108251400B description pp. 16-17; [0218]-[0231]; Table 3; Google Patents official text Example 7; local PDF is scanned image; Google Patents official text Example 8; local PDF is scanned image",10.1007/s13205-021-03095-x | 10.1016/j.jbiotec.2012.11.006 | 10.1016/j.ijbiomac.2020.02.145 | 10.1039/c3ob41076e | 10.1016/j.jbiotec.2013.10.012 | not_applicable_patent | WO2011067349A1 | CN108251400B,,variants/LMT_0022.html,-1
LMT_0023,LMT_0023,Candida antarctica lipase B P218W,Candida antarctica lipase B P218W,Candida antarctica lipase B P218W,Candida antarctica,,,,mutant_or_engineered_construct,LMT_0022,P218W,P41365,,,,,sequence_ready,no,,,,,,0.369969,-0.971709,1.780949,,,evidence_rich,F9 public display table: 7 reliable observations; 0 independent sources,LMT_0023,evidence_rich,,Candida antarctica lipase B P218W,7,,,D,35.74,误差带仅说明测量不精确，不参与T7a评分,独立来源数=，独立性档=D,partial_rows_complete; complete_rows=7/8,,,free,,archive_preview_only_not_authoritative,,,holdout_only,EVID_LIT_000266; EVID_LIT_000269; EVID_LIT_000272; EVID_LIT_000263; EVID_LIT_000275; EVID_LIT_000278; EVID_LIT_000281; EVID_LIT_000284,WEBR1_PROTOCOL_0043,ASSAY_P1A_B04_01_001,8,1,8,0,literature,1,35,24,30,tributyrin hydrolysis titration assay with NaOH,tributyrin emulsion,100,,"pp. 4, 7; Fig. 5; Methanol tolerant assay and Methanol tolerance analysis sections",10.1007/s13205-021-03095-x,,variants/LMT_0023.html,-1
LMT_0024,LMT_0024,Candida antarctica lipase B V306N,Candida antarctica lipase B V306N,Candida antarctica lipase B V306N,Candida antarctica,,,,mutant_or_engineered_construct,LMT_0022,V306N,P41365,,,,,sequence_ready,no,,,,,,0.251654,-1.174254,1.675001,,,evidence_rich,F9 public display table: 7 reliable observations; 0 independent sources,LMT_0024,evidence_rich,,Candida antarctica lipase B V306N,7,,,D,35.90,误差带仅说明测量不精确，不参与T7a评分,独立来源数=，独立性档=D,partial_rows_complete; complete_rows=7/8,,,free,,archive_preview_only_not_authoritative,,,holdout_only,EVID_LIT_000267; EVID_LIT_000270; EVID_LIT_000273; EVID_LIT_000264; EVID_LIT_000276; EVID_LIT_000279; EVID_LIT_000282; EVID_LIT_000285,WEBR1_PROTOCOL_0044,ASSAY_P1A_B04_01_001,8,1,8,0,literature,1,35,24,30,tributyrin hydrolysis titration assay with NaOH,tributyrin emulsion,100,,"pp. 4, 7; Fig. 5; Methanol tolerant assay and Methanol tolerance analysis sections",10.1007/s13205-021-03095-x,,variants/LMT_0024.html,-1
LMT_0025,LMT_0025,LipT6 L184F,LipT6 L184F,LipT6 L184F,Geobacillus stearothermophilus,,,,mutant_or_engineered_construct,LMT_0003,LipT6 L184F,Q93A71,,,,6FZ7,structure_ready,no,,,,,,,,,,,evidence_absent,F9 public display table: 0 reliable observations; 0 independent sources,LMT_0025,evidence_absent,,LipT6 L184F,0,,,D,53.28,误差带仅说明测量不精确，不参与T7a评分,独立来源数=，独立性档=D,all_rows_complete; complete_rows=3/3,,,free,,archive_preview_only_not_authoritative,,,holdout_only,EVID_LIT_000289; EVID_LIT_000290; EVID_LIT_000291,WEBR1_PROTOCOL_0045,ASSAY_P1A_B04_03_002,3,1,3,0,literature,1,70,6,25,pNPL hydrolysis colorimetric assay at A405,p-nitrophenyl laurate,67.2,,pp. 5-6; Figure 3; Results Stability measurements of purified enzymes in 70% methanol; Methods Stability validation of LipT6 variants in 70% methanol,10.1128/AEM.02143-18,,variants/LMT_0025.html,-1
LMT_0026,LMT_0026,LipT6 A187F,LipT6 A187F,LipT6 A187F,Geobacillus stearothermophilus,,,,mutant_or_engineered_construct,LMT_0003,LipT6 A187F,Q93A71,,,,6FZA,structure_ready,no,,,,,,,,,,,evidence_absent,F9 public display table: 0 reliable observations; 0 independent sources,LMT_0026,evidence_absent,,LipT6 A187F,0,,,D,53.44,误差带仅说明测量不精确，不参与T7a评分,独立来源数=，独立性档=D,all_rows_complete; complete_rows=3/3,,,free,,archive_preview_only_not_authoritative,,,holdout_only,EVID_LIT_000292; EVID_LIT_000293; EVID_LIT_000294,WEBR1_PROTOCOL_0046,ASSAY_P1A_B04_03_002,3,1,3,0,literature,1,70,6,25,pNPL hydrolysis colorimetric assay at A405,p-nitrophenyl laurate,63.9,,pp. 5-6; Figure 3; Results Stability measurements of purified enzymes in 70% methanol; Methods Stability validation of LipT6 variants in 70% methanol,10.1128/AEM.02143-18,,variants/LMT_0026.html,-1
LMT_0027,LMT_0027,LipT6 L360F,LipT6 L360F,LipT6 L360F,Geobacillus stearothermophilus,,,,mutant_or_engineered_construct,LMT_0003,LipT6 L360F,Q93A71,,,,6FZ1,structure_ready,no,,,,,,,,,,,evidence_absent,F9 public display table: 0 reliable observations; 0 independent sources,LMT_0027,evidence_absent,,LipT6 L360F,0,,,D,53.61,误差带仅说明测量不精确，不参与T7a评分,独立来源数=，独立性档=D,all_rows_complete; complete_rows=3/3,,,free,,archive_preview_only_not_authoritative,,,holdout_only,EVID_LIT_000295; EVID_LIT_000296; EVID_LIT_000297,WEBR1_PROTOCOL_0047,ASSAY_P1A_B04_03_002,3,1,3,0,literature,1,70,6,25,pNPL hydrolysis colorimetric assay at A405,p-nitrophenyl laurate,82.1,,pp. 5-6; Figure 3; Results Stability measurements of purified enzymes in 70% methanol; Methods Stability validation of LipT6 variants in 70% methanol,10.1128/AEM.02143-18,,variants/LMT_0027.html,-1
LMT_0028,LMT_0028,LipT6 L184F/A187F,LipT6 L184F/A187F,LipT6 L184F/A187F,Geobacillus stearothermophilus,,,,mutant_or_engineered_construct,LMT_0003,LipT6 L184F/A187F,Q93A71,,,,6FZ8,structure_ready,no,,,,,,,,,,,evidence_absent,F9 public display table: 0 reliable observations; 0 independent sources,LMT_0028,evidence_absent,,LipT6 L184F/A187F,0,,,D,53.77,误差带仅说明测量不精确，不参与T7a评分,独立来源数=，独立性档=D,all_rows_complete; complete_rows=3/3,,,free,,archive_preview_only_not_authoritative,,,holdout_only,EVID_LIT_000298; EVID_LIT_000299; EVID_LIT_000300,WEBR1_PROTOCOL_0048,ASSAY_P1A_B04_03_002,3,1,3,0,literature,1,70,6,25,pNPL hydrolysis colorimetric assay at A405,p-nitrophenyl laurate,72.6,,pp. 5-6; Figure 3; Results Stability measurements of purified enzymes in 70% methanol; Methods Stability validation of LipT6 variants in 70% methanol,10.1128/AEM.02143-18,,variants/LMT_0028.html,-1
LMT_0029,LMT_0029,LipT6 L184F/L360F,LipT6 L184F/L360F,LipT6 L184F/L360F,Geobacillus stearothermophilus,,,,mutant_or_engineered_construct,LMT_0003,LipT6 L184F/L360F,Q93A71,,,,6FZC,structure_ready,no,,,,,,,,,,,evidence_absent,F9 public display table: 0 reliable observations; 0 independent sources,LMT_0029,evidence_absent,,LipT6 L184F/L360F,0,,,D,53.93,误差带仅说明测量不精确，不参与T7a评分,独立来源数=，独立性档=D,all_rows_complete; complete_rows=3/3,,,free,,archive_preview_only_not_authoritative,,,holdout_only,EVID_LIT_000301; EVID_LIT_000302; EVID_LIT_000303,WEBR1_PROTOCOL_0049,ASSAY_P1A_B04_03_002,3,1,3,0,literature,1,70,6,25,pNPL hydrolysis colorimetric assay at A405,p-nitrophenyl laurate,60.9,,pp. 5-6; Figure 3; Results Stability measurements of purified enzymes in 70% methanol; Methods Stability validation of LipT6 variants in 70% methanol,10.1128/AEM.02143-18,,variants/LMT_0029.html,-1
LMT_0030,LMT_0030,LipT6 A187F/L360F,LipT6 A187F/L360F,LipT6 A187F/L360F,Geobacillus stearothermophilus,,,,mutant_or_engineered_construct,LMT_0003,LipT6 A187F/L360F,Q93A71,,,,6FZ9,structure_ready,no,,,,,,,,,,,evidence_absent,F9 public display table: 0 reliable observations; 0 independent sources,LMT_0030,evidence_absent,,LipT6 A187F/L360F,0,,,D,54.10,误差带仅说明测量不精确，不参与T7a评分,独立来源数=，独立性档=D,all_rows_complete; complete_rows=3/3,,,free,,archive_preview_only_not_authoritative,,,holdout_only,EVID_LIT_000304; EVID_LIT_000305; EVID_LIT_000306,WEBR1_PROTOCOL_0050,ASSAY_P1A_B04_03_002,3,1,3,0,literature,1,70,6,25,pNPL hydrolysis colorimetric assay at A405,p-nitrophenyl laurate,65.3,,pp. 5-6; Figure 3; Results Stability measurements of purified enzymes in 70% methanol; Methods Stability validation of LipT6 variants in 70% methanol,10.1128/AEM.02143-18,,variants/LMT_0030.html,-1
LMT_0031,LMT_0031,Geobacillus zalihae T1 lipase 2DC mutant (S2C/A384C),Geobacillus zalihae T1 lipase 2DC mutant (S2C/A384C),Geobacillus zalihae T1 lipase 2DC mutant (S2C/A384C),Geobacillus zalihae,T1 / DSM 18318,,,mutant_or_engineered_construct,LMT_0032,Geobacillus zalihae T1 lipase 2DC mutant (S2C/A384C),Q842J9,,,,7EY3,structure_ready,no,,,,,,1.823039,0.475069,3.178538,,,evidence_rich,F9 public display table: 8 reliable observations; 0 independent sources,LMT_0031,evidence_rich,,Geobacillus zalihae T1 lipase 2DC mutant (S2C/A384C),8,,,D,24.26,误差带仅说明测量不精确，不参与T7a评分,独立来源数=，独立性档=D,no_complete_rows; complete_rows=0/8,,,free,,archive_preview_only_not_authoritative,,,holdout_only,EVID_LIT_000311; EVID_LIT_000313; EVID_LIT_000315; EVID_LIT_000310; EVID_LIT_000318; EVID_LIT_000320; EVID_LIT_000322; EVID_LIT_000324,WEBR1_PROTOCOL_0051,ASSAY_P1A_B05_02_001,8,1,8,0,literature,1,80,0.5,not_reported,p-nitrophenyl palmitate remaining-activity assay after methanol preincubation,p-nitrophenyl palmitate,100,,"pp. 1675, 1678; Methods effect of various concentrations of methanol; Methanol stability section; Figure 3B",10.1007/s00253-023-12396-5,,variants/LMT_0031.html,-1
LMT_0032,LMT_0032,Geobacillus zalihae T1 lipase WT;T1.2-like lipase SEQ ID NO:93,Geobacillus zalihae T1 lipase WT;T1.2-like lipase SEQ ID NO:93,Geobacillus zalihae T1 lipase,Geobacillus zalihae,T1 / DSM 18318,,,canonical_entity,,Geobacillus zalihae T1 lipase WT,Q842J9,,,,2DSN,structure_ready,yes,Q842J9,UniProt,416,4cbc9ed9a19ed0cba0be73171aef462fcb8586c66344f4822d99c2f242b7f21a,results/2026-06-16_duplicate_uniprot_fulltext_audit/raw/uniprot_Q842J9.json,1.357604,0.098366,2.648652,,,evidence_rich,F9 public display table: 45 reliable observations; 0 independent sources,LMT_0032,evidence_rich,,Geobacillus zalihae T1 lipase WT;T1.2-like lipase SEQ ID NO:93,45,,,D,40.98,误差带仅说明测量不精确，不参与T7a评分,独立来源数=，独立性档=D,partial_rows_complete; complete_rows=41/50,,,free | purified_recombinant,,archive_preview_only_not_authoritative,,,holdout_only | downweighted_train,EVID_LIT_000312; EVID_LIT_000314; EVID_LIT_000316; EVID_LIT_000317; EVID_LIT_000319; EVID_LIT_000321; EVID_LIT_000323; EVID_LIT_000325; EVID_LIT_000579; EVID_LIT_000580; EVID_LIT_000581; EVID_LIT_000582; EVID_LIT_000583; EVID_LIT_000619; EVID_LIT_000620; EVID_LIT_000621; EVID_LIT_000622; EVID_LIT_000623; EVID_LIT_000659; EVID_LIT_000660; EVID_LIT_000661; EVID_LIT_000662; EVID_LIT_000663; EVID_LIT_000679; EVID_LIT_000680; EVID_LIT_000681; EVID_LIT_000682; EVID_LIT_000683; EVID_LIT_000699; EVID_LIT_000700; EVID_LIT_000701; EVID_LIT_000702; EVID_LIT_000703; EVID_LIT_000739; EVID_LIT_000740; EVID_LIT_000741; EVID_LIT_000742; EVID_LIT_000743; EVID_LIT_000769; EVID_LIT_000770; EVID_LIT_000771; EVID_LIT_000772; EVID_LIT_000773; EVID_LIT_000040; EVID_LIT_000041; EVID_PAT_000211; EVID_PAT_000212; EVID_PAT_000213; EVID_PAT_000214; EVID_PAT_000215,WEBR1_PROTOCOL_0052; WEBR1_PROTOCOL_0053; WEBR1_PROTOCOL_0054; WEBR1_PROTOCOL_0055; WEBR1_PROTOCOL_0056,ASSAY_P1A_B05_02_001; ASSAY_P1A_B10_05_METHANOL_TIMECOURSE_60C; ASSAY_S3_C12B_LMT_0032_25_1_040; ASSAY_S3_C12B_LMT_0032_50_1_041; PAT_ASSAY_WO2023282853_T2C_RESORUFIN_MEOH_TOLERANCE,50,5,45,5,literature+patent,4,80,5,not_reported | 60 | 70 | 25,p-nitrophenyl palmitate remaining-activity assay after methanol preincubation | p-nitrophenyl palmitate hydrolysis assay after methanol incubation | olive oil emulsion Glycine-NaOH buffer assay | resorufin lipase substrate fluorescence assay after 1 h methanol preincubation,p-nitrophenyl palmitate | not_reported | resorufin lipase substrate,133,,,10.1007/s00253-023-12396-5 | 10.1016/j.jmgm.2021.107897 | 10.7717/peerj.3341 | not_applicable_patent | WO2023282853A2,,variants/LMT_0032.html,-1
LMT_0034,LMT_0034,Proteus mirabilis lipase NGS mutant,Proteus mirabilis lipase NGS mutant,Proteus mirabilis lipase NGS mutant,Proteus mirabilis,,,,mutant_or_engineered_construct,LMT_0247,Proteus mirabilis lipase NGS mutant,B4EVM3,,,,,sequence_ready,no,,,,,,0.775554,-0.782079,2.343308,,,evidence_sparse,F9 public display table: 2 reliable observations; 0 independent sources,LMT_0034,evidence_sparse,,Proteus mirabilis lipase NGS mutant,2,,,D,68.52,误差带仅说明测量不精确，不参与T7a评分,独立来源数=，独立性档=D,all_rows_complete; complete_rows=2/2,,,free,,archive_preview_only_not_authoritative,,,holdout_only,EVID_LIT_000329; EVID_LIT_000330,WEBR1_PROTOCOL_0058,ASSAY_P1A_B06_01_002,2,1,2,0,literature,1,50,2,37,pNPL hydrolysis assay at A410 within 2 min,p-nitrophenyl palmitate,72.93,,pp. 429-435; Fig. 2A; Table 1; Methods Methanol tolerance measurement,10.1007/s43393-023-00179-y,,variants/LMT_0034.html,-1
LMT_0035,LMT_0035,Proteus mirabilis lipase CGS mutant,Proteus mirabilis lipase CGS mutant,Proteus mirabilis lipase CGS mutant,Proteus mirabilis,,,,mutant_or_engineered_construct,LMT_0247,Proteus mirabilis lipase CGS mutant,B4EVM3,,,,,sequence_ready,no,,,,,,0.869253,-0.725599,2.526832,,,evidence_sparse,F9 public display table: 2 reliable observations; 0 independent sources,LMT_0035,evidence_sparse,,Proteus mirabilis lipase CGS mutant,2,,,D,68.69,误差带仅说明测量不精确，不参与T7a评分,独立来源数=，独立性档=D,all_rows_complete; complete_rows=2/2,,,free,,archive_preview_only_not_authoritative,,,holdout_only,EVID_LIT_000331; EVID_LIT_000332,WEBR1_PROTOCOL_0059,ASSAY_P1A_B06_01_003,2,1,2,0,literature,1,50,2,37,pNPL hydrolysis assay at A410 within 2 min,p-nitrophenyl palmitate,96.49,,pp. 429-435; Fig. 2A; Table 1; Methods Methanol tolerance measurement,10.1007/s43393-023-00179-y,,variants/LMT_0035.html,-1
LMT_0036,LMT_0036,Proteus mirabilis lipase GNS mutant,Proteus mirabilis lipase GNS mutant,Proteus mirabilis lipase GNS mutant,Proteus mirabilis,,,,mutant_or_engineered_construct,LMT_0247,Proteus mirabilis lipase GNS mutant,B4EVM3,,,,,sequence_ready,no,,,,,,0.847218,-0.646643,2.498754,,,evidence_sparse,F9 public display table: 2 reliable observations; 0 independent sources,LMT_0036,evidence_sparse,,Proteus mirabilis lipase GNS mutant,2,,,D,68.85,误差带仅说明测量不精确，不参与T7a评分,独立来源数=，独立性档=D,all_rows_complete; complete_rows=2/2,,,free,,archive_preview_only_not_authoritative,,,holdout_only,EVID_LIT_000333; EVID_LIT_000334,WEBR1_PROTOCOL_0060,ASSAY_P1A_B06_01_004,2,1,2,0,literature,1,50,2,37,pNPL hydrolysis assay at A410 within 2 min,p-nitrophenyl palmitate,85.29,,pp. 429-435; Fig. 2A; Table 1; Methods Methanol tolerance measurement,10.1007/s43393-023-00179-y,,variants/LMT_0036.html,-1
LMT_0037,LMT_0037,Proteus mirabilis lipase NMS mutant,Proteus mirabilis lipase NMS mutant,Proteus mirabilis lipase NMS mutant,Proteus mirabilis,,,,mutant_or_engineered_construct,LMT_0247,Proteus mirabilis lipase NMS mutant,B4EVM3,,,,,sequence_ready,no,,,,,,0.871159,-0.629363,2.409872,,,evidence_sparse,F9 public display table: 2 reliable observations; 0 independent sources,LMT_0037,evidence_sparse,,Proteus mirabilis lipase NMS mutant,2,,,D,69.02,误差带仅说明测量不精确，不参与T7a评分,独立来源数=，独立性档=D,all_rows_complete; complete_rows=2/2,,,free,,archive_preview_only_not_authoritative,,,holdout_only,EVID_LIT_000335; EVID_LIT_000347,WEBR1_PROTOCOL_0061; WEBR1_PROTOCOL_0062,ASSAY_P1A_B06_01_005; ASSAY_P1A_B06_01_006,2,2,2,0,literature,1,50,2,37,pNPL hydrolysis assay at A410 within 2 min,p-nitrophenyl palmitate,76.15,,pp. 429-435; Fig. 2A; Table 1; Methods Methanol tolerance measurement,10.1007/s43393-023-00179-y,,variants/LMT_0037.html,-1
LMT_0038,LMT_0038,Proteus mirabilis lipase CFS mutant,Proteus mirabilis lipase CFS mutant,Proteus mirabilis lipase CFS mutant,Proteus mirabilis,,,,mutant_or_engineered_construct,LMT_0247,Proteus mirabilis lipase CFS mutant,B4EVM3,,,,,sequence_ready,no,,,,,,0.959521,-0.55439,2.475943,,,evidence_sparse,F9 public display table: 2 reliable observations; 0 independent sources,LMT_0038,evidence_sparse,,Proteus mirabilis lipase CFS mutant,2,,,D,69.18,误差带仅说明测量不精确，不参与T7a评分,独立来源数=，独立性档=D,all_rows_complete; complete_rows=2/2,,,free,,archive_preview_only_not_authoritative,,,holdout_only,EVID_LIT_000336; EVID_LIT_000348,WEBR1_PROTOCOL_0063; WEBR1_PROTOCOL_0064,ASSAY_P1A_B06_01_006; ASSAY_P1A_B06_01_005,2,2,2,0,literature,1,50,2,37,pNPL hydrolysis assay at A410 within 2 min,p-nitrophenyl palmitate,89.5,,pp. 429-435; Fig. 2A; Table 1; Methods Methanol tolerance measurement,10.1007/s43393-023-00179-y,,variants/LMT_0038.html,-1
LMT_0039,LMT_0039,Candida antarctica lipase B A8T,Candida antarctica lipase B A8T,Candida antarctica lipase B A8T,Candida antarctica,,,,mutant_or_engineered_construct,LMT_0022,A8T,P41365,,,,,sequence_ready,no,,,,,,-0.390841,-1.821492,1.171359,,,evidence_moderate,F9 public display table: 4 reliable observations; 0 independent sources,LMT_0039,evidence_moderate,,Candida antarctica lipase B A8T,4,,,D,41.15,误差带仅说明测量不精确，不参与T7a评分,独立来源数=，独立性档=D,partial_rows_complete; complete_rows=4/5,,,free,,archive_preview_only_not_authoritative,,,holdout_only,EVID_LIT_000352; EVID_LIT_000358; EVID_LIT_000363; EVID_LIT_000369; EVID_LIT_000375,WEBR1_PROTOCOL_0065; WEBR1_PROTOCOL_0066; WEBR1_PROTOCOL_0067; WEBR1_PROTOCOL_0068,ASSAY_P1A_B06_05_003; ASSAY_P1A_B06_05_002,5,4,5,0,literature,1,80,72,30,pNPC hydrolysis assay at A405,p-nitrophenyl caprylate (pNPC),100,,pp. 348-351; Section 2.4 and 3.3; Figure 2; Table 5; pp. 350-351; Figure 4; Section 3.3; pp. 350-351; Section 3.3; Figure 2 and Figure 4; p. 350; Section 3.3; Figure 2; p. 351; Section 3.3; Figure 4,10.1016/j.jbiotec.2012.11.006,,variants/LMT_0039.html,-1
LMT_0040,LMT_0040,Candida antarctica lipase B A92E,Candida antarctica lipase B A92E,Candida antarctica lipase B A92E,Candida antarctica,,,,mutant_or_engineered_construct,LMT_0022,A92E,P41365,,,,,sequence_ready,no,,,,,,-0.473914,-1.787394,0.947777,,,evidence_moderate,F9 public display table: 4 reliable observations; 0 independent sources,LMT_0040,evidence_moderate,,Candida antarctica lipase B A92E,4,,,D,41.31,误差带仅说明测量不精确，不参与T7a评分,独立来源数=，独立性档=D,partial_rows_complete; complete_rows=4/5,,,free,,archive_preview_only_not_authoritative,,,holdout_only,EVID_LIT_000353; EVID_LIT_000359; EVID_LIT_000364; EVID_LIT_000370; EVID_LIT_000376,WEBR1_PROTOCOL_0069; WEBR1_PROTOCOL_0070; WEBR1_PROTOCOL_0071; WEBR1_PROTOCOL_0072,ASSAY_P1A_B06_05_003; ASSAY_P1A_B06_05_002,5,4,5,0,literature,1,80,72,30,pNPC hydrolysis assay at A405,p-nitrophenyl caprylate (pNPC),100,,pp. 348-351; Section 2.4 and 3.3; Figure 2; Table 5; pp. 350-351; Figure 4; Section 3.3; pp. 350-351; Section 3.3; Figure 2 and Figure 4; p. 350; Section 3.3; Figure 2; p. 351; Section 3.3; Figure 4,10.1016/j.jbiotec.2012.11.006,,variants/LMT_0040.html,-1
LMT_0041,LMT_0041,Candida antarctica lipase B N97Q,Candida antarctica lipase B N97Q,Candida antarctica lipase B N97Q,Candida antarctica,,,,mutant_or_engineered_construct,LMT_0022,N97Q,P41365,,,,,sequence_ready,no,,,,,,-0.40873,-1.888648,1.038607,,,evidence_moderate,F9 public display table: 4 reliable observations; 0 independent sources,LMT_0041,evidence_moderate,,Candida antarctica lipase B N97Q,4,,,D,41.48,误差带仅说明测量不精确，不参与T7a评分,独立来源数=，独立性档=D,partial_rows_complete; complete_rows=4/5,,,free,,archive_preview_only_not_authoritative,,,holdout_only,EVID_LIT_000354; EVID_LIT_000360; EVID_LIT_000365; EVID_LIT_000371; EVID_LIT_000377,WEBR1_PROTOCOL_0073; WEBR1_PROTOCOL_0074; WEBR1_PROTOCOL_0075; WEBR1_PROTOCOL_0076,ASSAY_P1A_B06_05_003; ASSAY_P1A_B06_05_002,5,4,5,0,literature,1,80,72,30,pNPC hydrolysis assay at A405,p-nitrophenyl caprylate (pNPC),100,,pp. 348-351; Section 2.4 and 3.3; Figure 2; Table 5; pp. 350-351; Figure 4; Section 3.3; pp. 350-351; Section 3.3; Figure 2 and Figure 4; p. 350; Section 3.3; Figure 2; p. 351; Section 3.3; Figure 4,10.1016/j.jbiotec.2012.11.006,,variants/LMT_0041.html,-1
LMT_0042,LMT_0042,Candida antarctica lipase B T244D,Candida antarctica lipase B T244D,Candida antarctica lipase B T244D,Candida antarctica,,,,mutant_or_engineered_construct,LMT_0022,T244D,P41365,,,,,sequence_ready,no,,,,,,-0.090637,-1.653629,1.528129,,,evidence_moderate,F9 public display table: 3 reliable observations; 0 independent sources,LMT_0042,evidence_moderate,,Candida antarctica lipase B T244D,3,,,D,69.34,误差带仅说明测量不精确，不参与T7a评分,独立来源数=，独立性档=D,all_rows_complete; complete_rows=3/3,,,free,,archive_preview_only_not_authoritative,,,holdout_only,EVID_LIT_000355; EVID_LIT_000367; EVID_LIT_000372,WEBR1_PROTOCOL_0077,ASSAY_P1A_B06_05_003,3,1,3,0,literature,1,80,72,30,pNPC hydrolysis assay at A405,p-nitrophenyl caprylate (pNPC),43,,pp. 348-351; Section 2.4 and 3.3; Figure 2; Table 5; p. 350; Section 3.3; Figure 2,10.1016/j.jbiotec.2012.11.006,,variants/LMT_0042.html,-1
LMT_0043,LMT_0043,Candida antarctica lipase B T245S,Candida antarctica lipase B T245S,Candida antarctica lipase B T245S,Candida antarctica,,,,mutant_or_engineered_construct,LMT_0022,T245S,P41365,,,,,sequence_ready,no,,,,,,-0.463447,-1.830701,1.102606,,,evidence_moderate,F9 public display table: 4 reliable observations; 0 independent sources,LMT_0043,evidence_moderate,,Candida antarctica lipase B T245S,4,,,D,41.64,误差带仅说明测量不精确，不参与T7a评分,独立来源数=，独立性档=D,partial_rows_complete; complete_rows=4/5,,,free,,archive_preview_only_not_authoritative,,,holdout_only,EVID_LIT_000356; EVID_LIT_000361; EVID_LIT_000366; EVID_LIT_000373; EVID_LIT_000378,WEBR1_PROTOCOL_0078; WEBR1_PROTOCOL_0079; WEBR1_PROTOCOL_0080; WEBR1_PROTOCOL_0081,ASSAY_P1A_B06_05_003; ASSAY_P1A_B06_05_002,5,4,5,0,literature,1,80,72,30,pNPC hydrolysis assay at A405,p-nitrophenyl caprylate (pNPC),100,,pp. 348-351; Section 2.4 and 3.3; Figure 2; Table 5; pp. 350-351; Figure 4; Section 3.3; pp. 350-351; Section 3.3; Figure 2 and Figure 4; p. 350; Section 3.3; Figure 2; p. 351; Section 3.3; Figure 4,10.1016/j.jbiotec.2012.11.006,,variants/LMT_0043.html,-1
LMT_0045,LMT_0045,Lipase T6 Q185L,Lipase T6 Q185L,Lipase T6 Q185L,Geobacillus stearothermophilus,T6,,,mutant_or_engineered_construct,LMT_0044,Lipase T6 Q185L,Q93A71,,,,,sequence_ready,no,,,,,,1.001177,-0.448003,2.548314,,,evidence_moderate,F9 public display table: 5 reliable observations; 0 independent sources,LMT_0045,evidence_moderate,,Lipase T6 Q185L,5,,,D,24.43,误差带仅说明测量不精确，不参与T7a评分,独立来源数=，独立性档=D,partial_rows_complete; complete_rows=5/6,,,free,,archive_preview_only_not_authoritative,,,holdout_only | downweighted_train,EVID_LIT_000380; EVID_LIT_001222; EVID_LIT_001230; EVID_LIT_001231; EVID_LIT_001232; EVID_LIT_001233,WEBR1_PROTOCOL_0086; WEBR1_PROTOCOL_0087; WEBR1_PROTOCOL_0088,ASSAY_P1A_B07_01_001; ASSAY_P1A_B16_03_001,6,3,6,0,literature,1,80,1.48,25,pNPL hydrolysis assay after methanol incubation | pNPL hydrolysis assay at A405 in 96-well plate,p-nitrophenyl laurate,100,,pp. 1521-1523; Table 1; half-life determinations in methanol; pp. 4-5; Fig. 2A; section Stability of wild-type lipase T6 and its variants in alcohol; p. 1520; Figure 2A; Stability in methanol and ethanol at various concentrations,10.1128/AEM.03371-13,,variants/LMT_0045.html,-1
LMT_0046,LMT_0046,Lipase T6 A269T,Lipase T6 A269T,Lipase T6 A269T,Geobacillus stearothermophilus,T6,,,mutant_or_engineered_construct,LMT_0044,Lipase T6 A269T,Q93A71,,,,,sequence_ready,no,,,,,,1.189201,-0.196769,2.563931,,,evidence_moderate,F9 public display table: 5 reliable observations; 0 independent sources,LMT_0046,evidence_moderate,,Lipase T6 A269T,5,,,D,24.59,误差带仅说明测量不精确，不参与T7a评分,独立来源数=，独立性档=D,partial_rows_complete; complete_rows=5/6,,,free,,archive_preview_only_not_authoritative,,,holdout_only | downweighted_train,EVID_LIT_000381; EVID_LIT_001221; EVID_LIT_001234; EVID_LIT_001235; EVID_LIT_001236; EVID_LIT_001237,WEBR1_PROTOCOL_0089; WEBR1_PROTOCOL_0090; WEBR1_PROTOCOL_0091,ASSAY_P1A_B07_01_001; ASSAY_P1A_B16_03_001,6,3,6,0,literature,1,80,1.6,25,pNPL hydrolysis assay after methanol incubation | pNPL hydrolysis assay at A405 in 96-well plate,p-nitrophenyl laurate,100,,pp. 1521-1523; Table 1; half-life determinations in methanol; pp. 4-5; Fig. 2A; section Stability of wild-type lipase T6 and its variants in alcohol; p. 1520; Figure 2A; Stability in methanol and ethanol at various concentrations,10.1128/AEM.03371-13,,variants/LMT_0046.html,-1
LMT_0047,LMT_0047,Lipase T6 Q185L/A269T,Lipase T6 Q185L/A269T,Lipase T6 Q185L/A269T,Geobacillus stearothermophilus,T6,,,mutant_or_engineered_construct,LMT_0044,Lipase T6 Q185L/A269T,Q93A71,,,,,sequence_ready,no,,,,,,0.781414,-0.791681,2.2974,,,evidence_moderate,F9 public display table: 5 reliable observations; 0 independent sources,LMT_0047,evidence_moderate,,Lipase T6 Q185L/A269T,5,,,D,24.75,误差带仅说明测量不精确，不参与T7a评分,独立来源数=，独立性档=D,partial_rows_complete; complete_rows=5/6,,,free,,archive_preview_only_not_authoritative,,,holdout_only | downweighted_train,EVID_LIT_000382; EVID_LIT_001223; EVID_LIT_001238; EVID_LIT_001239; EVID_LIT_001240; EVID_LIT_001241,WEBR1_PROTOCOL_0092; WEBR1_PROTOCOL_0093; WEBR1_PROTOCOL_0094,ASSAY_P1A_B07_01_001; ASSAY_P1A_B16_03_001,6,3,6,0,literature,1,80,2.32,25,pNPL hydrolysis assay after methanol incubation | pNPL hydrolysis assay at A405 in 96-well plate,p-nitrophenyl laurate,100,,pp. 1521-1523; Table 1; half-life determinations in methanol; pp. 4-5; Fig. 2A; section Stability of wild-type lipase T6 and its variants in alcohol; p. 1520; Figure 2A; Stability in methanol and ethanol at various concentrations,10.1128/AEM.03371-13,,variants/LMT_0047.html,-1
LMT_0048,LMT_0048,Lipase T6 H86Y/A269T,Lipase T6 H86Y/A269T,Lipase T6 H86Y/A269T,Geobacillus stearothermophilus,T6,,,mutant_or_engineered_construct,LMT_0044,Lipase T6 H86Y/A269T,Q93A71,,,,,sequence_ready,no,,,,,,0.356304,-0.934839,1.730808,,,evidence_rich,F9 public display table: 13 reliable observations; 0 independent sources,LMT_0048,evidence_rich,,Lipase T6 H86Y/A269T,13,,,D,36.07,误差带仅说明测量不精确，不参与T7a评分,独立来源数=，独立性档=D,partial_rows_complete; complete_rows=13/14,,,free,,archive_preview_only_not_authoritative,,,holdout_only | downweighted_train,EVID_LIT_000383; EVID_LIT_001224; EVID_LIT_001242; EVID_LIT_001243; EVID_LIT_001244; EVID_LIT_001245; EVID_LIT_000495; EVID_LIT_000496; EVID_LIT_000497; EVID_LIT_000498; EVID_LIT_000499; EVID_LIT_000500; EVID_LIT_000501; EVID_LIT_000502,WEBR1_PROTOCOL_0095; WEBR1_PROTOCOL_0096; WEBR1_PROTOCOL_0097; WEBR1_PROTOCOL_0098,ASSAY_P1A_B07_01_001; ASSAY_P1A_B16_03_001; ASSAY_P1A_B09_05_FIG1_70MEOH_TIMECOURSE,14,4,14,0,literature,2,80,10,25,pNPL hydrolysis assay after methanol incubation | pNPL hydrolysis assay at A405 in 96-well plate,p-nitrophenyl laurate,100,,pp. 1521-1523; Table 1; half-life determinations in methanol; pp. 4-5; Fig. 2A; section Stability of wild-type lipase T6 and its variants in alcohol; p. 1520; Figure 2A; Stability in methanol and ethanol at various concentrations; pp. 9452-9454; Half-life determination in 70% methanol; Figure 1; Table 1,10.1128/AEM.03371-13 | 10.1007/s00253-015-6700-4,,variants/LMT_0048.html,-1
LMT_0049,LMT_0049,Bacillus subtilis lipase 6B,Bacillus subtilis lipase 6B,Bacillus subtilis lipase 6B,Bacillus subtilis,,,,mutant_or_engineered_construct,LMT_0237,Bacillus subtilis lipase 6B,P37957,,,,3QMM,structure_ready,no,,,,,,,,,,,evidence_absent,F9 public display table: 0 reliable observations; 0 independent sources,LMT_0049,evidence_absent,,Bacillus subtilis lipase 6B,0,,,D,0.00,误差带仅说明测量不精确，不参与T7a评分,独立来源数=，独立性档=D,not_evaluable_no_evidence_rows; complete_rows=0/0,,,,,archive_preview_only_not_authoritative,,,,,,,0,0,0,0,no_measurements,0,0,0,,,,0,,,,,variants/LMT_0049.html,-1
LMT_0050,LMT_0050,Thermomyces lanuginosus lipase WT;Lipolase1 commercial lipase;Thermomyces lanuginosus lipase TLL WT;E. coli whole-cell expressing TLL,Thermomyces lanuginosus lipase WT;Lipolase1 commercial lipase;Thermomyces lanuginosus lipase TLL WT;E. coli whole-cell expressing TLL,Thermomyces lanuginosus lipase,Thermomyces lanuginosus,,,,same_uniprot_wt_alias,,Thermomyces lanuginosus lipase WT,O59952,,,,1DT3,structure_ready,yes,O59952,UniProt,291,c6cb4fa8a559c00f4f75196aa65d5b4e53a61893888093afd08ebc09d87464ed,results/2026-06-16_duplicate_uniprot_fulltext_audit/raw/uniprot_O59952.json,1.188744,-0.041955,2.51468,,,evidence_rich,F9 public display table: 26 reliable observations; 0 independent sources,LMT_0050,evidence_rich,,Thermomyces lanuginosus lipase WT;Lipolase1 commercial lipase;Thermomyces lanuginosus lipase TLL WT;E. coli whole-cell expressing TLL,26,,,D,41.80,误差带仅说明测量不精确，不参与T7a评分,独立来源数=，独立性档=D,partial_rows_complete; complete_rows=33/45,,,crude_preparation | free,,archive_preview_only_not_authoritative,,,holdout_only | downweighted_train,EVID_LIT_000405; EVID_LIT_000406; EVID_LIT_000407; EVID_LIT_000408; EVID_LIT_000409; EVID_LIT_000410; EVID_LIT_000411; EVID_LIT_000438; EVID_LIT_000439; EVID_LIT_000440; EVID_LIT_000441; EVID_LIT_001171; EVID_LIT_001176; EVID_LIT_001181; EVID_LIT_001186; EVID_LIT_001191; EVID_LIT_001196; EVID_LIT_001201; EVID_LIT_001206; EVID_LIT_001211; EVID_LIT_001216; EVID_LIT_001069; EVID_LIT_001070; EVID_LIT_000548; EVID_LIT_000549; EVID_LIT_000550; EVID_LIT_000551; EVID_LIT_000552; EVID_LIT_000553; EVID_LIT_000554; EVID_LIT_000555; EVID_LIT_000556; EVID_LIT_000557; EVID_LIT_001522; EVID_PAT_000701; EVID_PAT_000541; EVID_PAT_000546; EVID_PAT_000551; EVID_PAT_000556; EVID_PAT_000561; EVID_PAT_000566; EVID_PAT_000571; EVID_PAT_000576; EVID_PAT_000581; EVID_PAT_000586,WEBR1_PROTOCOL_0099; WEBR1_PROTOCOL_0100; WEBR1_PROTOCOL_0101; WEBR1_PROTOCOL_0102; WEBR1_PROTOCOL_0103; WEBR1_PROTOCOL_0104; WEBR1_PROTOCOL_0105; WEBR1_PROTOCOL_0106; WEBR1_PROTOCOL_0107,ASSAY_P1A_B07_04_FIG5_METHANOL; ASSAY_P1A_B16_01_001; ASSAY_P1A_B16_01_002; ASSAY_P1A_B14_05_TABLE3_50MEOH_TIME; ASSAY_P1A_B10_03_F5C_MEOH_CONC_1H; ASSAY_P1A_B28_ITEM6_FIG3F_TLL_ORGANIC_SOLVENT_3H_RT; PAT_ASSAY_CN119082082_FIG7_10MEOH_1H; PAT_ASSAY_CN117070495_FIG2_1H_CONCENTRATION; PAT_ASSAY_CN117070495_FIG3_20MEOH_TIMECOURSE,45,9,34,11,literature+patent,7,90,48,50 | 25 | 40 | not_reported,p-NPP hydrolysis assay at 404 nm | p-NPL hydrolysis assay at A410 | BALB-DTNB method | colorimetric pNPP activity assay | lipase activity reassessed under optimal temperature and pH after organic-solvent preincubation | lipase activity assay under each enzyme's optimum temperature and pH; exact substrate not extracted | p-NPL hydrolysis assay at 410 nm; 40 C for 5 min; Na2CO3 stop,p-nitrophenyl palmitate | p-nitrophenyl laurate (p-NPL) | BAL-tributyrate | p-nitrophenyl ester substrate panel context; exact ester for solvent panel not specified | not_reported | p-nitrophenyl laurate (p-NPL; C12),100,,"pp. 7878-7884; Methods 2.5; Section 3.4; Figure 5c-d; pp. 2-5; Figure 3A; Methods 2.4-2.5; Section 3.4; pp. 4-5; Figure 3B; Methods 2.4-2.5; Section 3.4; pp. 3-5; Table 3; TLL residual activity in 50% methanol at 0.5 h and 2.0 h; pp. 7-8; Figure 5c; methanol concentration response for wt-TLL, M11 and M21; PDF p. 5; Section 2.5; Figure 3F (user item called this Fig. 3E); Experiment example 1 [0052]-[0053]; Figure 7; Description [0052]-[0053]; attached drawing page 10; Figure 2; Description [0054]-[0055]; attached drawing page 11; Figure 3",10.1021/acs.jafc.4c10663 | 10.1016/j.jclepro.2024.141949 | 10.1016/j.bej.2022.108659 | 10.1186/s13068-024-02478-5 | 10.1111/1750-3841.70302 | not_applicable_patent | CN119082082B | CN117070495B,,variants/LMT_0050.html,-1
LMT_0051,LMT_0051,Thermomyces lanuginosus lipase A113G,Thermomyces lanuginosus lipase A113G,Thermomyces lanuginosus lipase A113G,Thermomyces lanuginosus,,,,mutant_or_engineered_construct,LMT_0050,A113G,O59952,,,,,sequence_ready,no,,,,,,3.023911,1.461653,4.491042,,,evidence_rich,F9 public display table: 11 reliable observations; 0 independent sources,LMT_0051,evidence_rich,,Thermomyces lanuginosus lipase A113G,11,,,D,69.51,误差带仅说明测量不精确，不参与T7a评分,独立来源数=，独立性档=D,all_rows_complete; complete_rows=11/11,,,free,,archive_preview_only_not_authoritative,,,holdout_only,EVID_LIT_000413; EVID_LIT_000414; EVID_LIT_000395; EVID_LIT_000415; EVID_LIT_000416; EVID_LIT_000417; EVID_LIT_000418; EVID_LIT_000442; EVID_LIT_000443; EVID_LIT_000444; EVID_LIT_000445,WEBR1_PROTOCOL_0108,ASSAY_P1A_B07_04_FIG5_METHANOL,11,1,11,0,literature,1,80,24,50,p-NPP hydrolysis assay at 404 nm,p-nitrophenyl palmitate,40,,pp. 7878-7884; Methods 2.5; Section 3.4; Figure 5c-d,10.1021/acs.jafc.4c10663,,variants/LMT_0051.html,-1
LMT_0052,LMT_0052,Thermomyces lanuginosus lipase A113G/D70N,Thermomyces lanuginosus lipase A113G/D70N,Thermomyces lanuginosus lipase A113G/D70N,Thermomyces lanuginosus,,,,mutant_or_engineered_construct,LMT_0050,A113G;D70N,O59952,,,,,sequence_ready,no,,,,,,0.108594,-1.175385,1.41683,,,evidence_rich,F9 public display table: 11 reliable observations; 0 independent sources,LMT_0052,evidence_rich,,Thermomyces lanuginosus lipase A113G/D70N,11,,,D,69.67,误差带仅说明测量不精确，不参与T7a评分,独立来源数=，独立性档=D,all_rows_complete; complete_rows=11/11,,,free,,archive_preview_only_not_authoritative,,,holdout_only,EVID_LIT_000420; EVID_LIT_000421; EVID_LIT_000422; EVID_LIT_000423; EVID_LIT_000424; EVID_LIT_000396; EVID_LIT_000399; EVID_LIT_000446; EVID_LIT_000447; EVID_LIT_000448; EVID_LIT_000401,WEBR1_PROTOCOL_0109,ASSAY_P1A_B07_04_FIG5_METHANOL,11,1,11,0,literature,1,80,24,50,p-NPP hydrolysis assay at 404 nm,p-nitrophenyl palmitate,96,,pp. 7878-7884; Methods 2.5; Section 3.4; Figure 5c-d,10.1021/acs.jafc.4c10663,,variants/LMT_0052.html,-1
LMT_0053,LMT_0053,Thermomyces lanuginosus lipase A113G/L74N,Thermomyces lanuginosus lipase A113G/L74N,Thermomyces lanuginosus lipase A113G/L74N,Thermomyces lanuginosus,,,,mutant_or_engineered_construct,LMT_0050,A113G;L74N,O59952,,,,,sequence_ready,no,,,,,,0.157546,-1.086094,1.560508,,,evidence_rich,F9 public display table: 11 reliable observations; 0 independent sources,LMT_0053,evidence_rich,,Thermomyces lanuginosus lipase A113G/L74N,11,,,D,69.84,误差带仅说明测量不精确，不参与T7a评分,独立来源数=，独立性档=D,all_rows_complete; complete_rows=11/11,,,free,,archive_preview_only_not_authoritative,,,holdout_only,EVID_LIT_000426; EVID_LIT_000427; EVID_LIT_000428; EVID_LIT_000429; EVID_LIT_000430; EVID_LIT_000397; EVID_LIT_000400; EVID_LIT_000449; EVID_LIT_000450; EVID_LIT_000451; EVID_LIT_000402,WEBR1_PROTOCOL_0110,ASSAY_P1A_B07_04_FIG5_METHANOL,11,1,11,0,literature,1,80,24,50,p-NPP hydrolysis assay at 404 nm,p-nitrophenyl palmitate,92.1,,pp. 7878-7884; Methods 2.5; Section 3.4; Figure 5c-d,10.1021/acs.jafc.4c10663,,variants/LMT_0053.html,-1
LMT_0054,LMT_0054,Thermomyces lanuginosus lipase A113G/R217N,Thermomyces lanuginosus lipase A113G/R217N,Thermomyces lanuginosus lipase A113G/R217N,Thermomyces lanuginosus,,,,mutant_or_engineered_construct,LMT_0050,A113G;R217N,O59952,,,,,sequence_ready,no,,,,,,0.636063,-0.603014,1.93163,,,evidence_rich,F9 public display table: 11 reliable observations; 0 independent sources,LMT_0054,evidence_rich,,Thermomyces lanuginosus lipase A113G/R217N,11,,,D,70.00,误差带仅说明测量不精确，不参与T7a评分,独立来源数=，独立性档=D,all_rows_complete; complete_rows=11/11,,,free,,archive_preview_only_not_authoritative,,,holdout_only,EVID_LIT_000432; EVID_LIT_000433; EVID_LIT_000434; EVID_LIT_000435; EVID_LIT_000436; EVID_LIT_000398; EVID_LIT_000437; EVID_LIT_000452; EVID_LIT_000453; EVID_LIT_000454; EVID_LIT_000403,WEBR1_PROTOCOL_0111,ASSAY_P1A_B07_04_FIG5_METHANOL,11,1,11,0,literature,1,80,24,50,p-NPP hydrolysis assay at 404 nm,p-nitrophenyl palmitate,82,,pp. 7878-7884; Methods 2.5; Section 3.4; Figure 5c-d,10.1021/acs.jafc.4c10663,,variants/LMT_0054.html,-1
LMT_0055,LMT_0055,Mortierella echinosphaera lipase WT,Mortierella echinosphaera lipase WT,Mortierella echinosphaera lipase,Mortierella echinosphaera,CBS 575.75,,,canonical_entity,,Mortierella echinosphaera lipase WT,,,,,,phenotype_ready,no,,,,,,1.151567,-0.383762,2.718559,,,evidence_moderate,F9 public display table: 3 reliable observations; 0 independent sources,LMT_0055,evidence_moderate,,Mortierella echinosphaera lipase WT,3,,,D,70.16,误差带仅说明测量不精确，不参与T7a评分,独立来源数=，独立性档=D,all_rows_complete; complete_rows=3/3,,,free,,archive_preview_only_not_authoritative,,,holdout_only,EVID_LIT_000459; EVID_LIT_000460; EVID_LIT_000461,WEBR1_PROTOCOL_0112,ASSAY_P1A_B08_05_001,3,1,3,0,literature,1,20,0.5,25,pNPP-hydrolyzing activity assay,p-nitrophenyl palmitate,123,,pp. 7-8; Figure 5A; Section 2.2.6/3.7.6 effect of organic solvents,10.3390/ijms19041129,,variants/LMT_0055.html,-1
LMT_0056,LMT_0056,Marinobacter lipolyticus LipBL WT;LipBL WT,Marinobacter lipolyticus LipBL WT;LipBL WT,Marinobacter lipolyticus LipBL,Marinobacter lipolyticus,SM19,,,same_uniprot_wt_alias,,Marinobacter lipolyticus LipBL WT,,,,,,sequence_ready,no,,,,,,0.556613,-1.02084,2.356501,,,evidence_sparse,F9 public display table: 2 reliable observations; 0 independent sources,LMT_0056,evidence_sparse,,Marinobacter lipolyticus LipBL WT;LipBL WT,2,,,D,70.33,误差带仅说明测量不精确，不参与T7a评分,独立来源数=，独立性档=D,all_rows_complete; complete_rows=1/1,,,free,,archive_preview_only_not_authoritative,,,holdout_only,EVID_LIT_000468,WEBR1_PROTOCOL_0113,ASSAY_P1A_B09_01_001,1,1,1,0,literature,1,30,0.5,25,lipolytic activity assay using p-NP butyrate substrate,p-nitrophenyl butyrate,120.5,,pp. 4-6; Table 2; Effect of organic solvents on stability of LipBL,10.1371/journal.pone.0023325,,variants/LMT_0056.html,-1
LMT_0057,LMT_0057,Streptomyces sp. CS326 lipase LP326 WT,Streptomyces sp. CS326 lipase LP326 WT,Streptomyces sp. CS326 lipase LP326,Streptomyces sp.,CS326,,,canonical_entity,,Streptomyces sp. CS326 lipase LP326 WT,,,,,,phenotype_ready,no,,,,,,0.248643,-1.082919,1.603205,,,evidence_rich,F9 public display table: 6 reliable observations; 0 independent sources,LMT_0057,evidence_rich,,Streptomyces sp. CS326 lipase LP326 WT,6,,,D,70.49,误差带仅说明测量不精确，不参与T7a评分,独立来源数=，独立性档=D,all_rows_complete; complete_rows=6/6,,,free,,archive_preview_only_not_authoritative,,,holdout_only,EVID_LIT_000469; EVID_LIT_000470; EVID_LIT_000471; EVID_LIT_000472; EVID_LIT_000473; EVID_LIT_000474,WEBR1_PROTOCOL_0114,ASSAY_P1A_B09_02_001,6,1,6,0,literature,1,40,24,25,spectrophotometric pNPP assay,p-nitrophenyl palmitate,89,,pp. 231-232; Table 4; Organic solvent stability section; p. 232; Table 4; Organic solvent stability of LP326,10.1007/s00449-011-0598-8,,variants/LMT_0057.html,-1
LMT_0058,LMT_0058,Pseudomonas aeruginosa san-ai lipase WT,Pseudomonas aeruginosa san-ai lipase WT,Pseudomonas aeruginosa san-ai lipase,Pseudomonas aeruginosa,san-ai,,,canonical_entity,,Pseudomonas aeruginosa san-ai lipase WT,,,,,,phenotype_ready,no,,,,,,0.533372,-0.958353,2.200067,,,evidence_moderate,F9 public display table: 3 reliable observations; 0 independent sources,LMT_0058,evidence_moderate,,Pseudomonas aeruginosa san-ai lipase WT,3,,,D,70.66,误差带仅说明测量不精确，不参与T7a评分,独立来源数=，独立性档=D,all_rows_complete; complete_rows=3/3,,,purified_free,,archive_preview_only_not_authoritative,,,downweighted_train,EVID_LIT_000475; EVID_LIT_000476; EVID_LIT_000477,WEBR1_PROTOCOL_0115; WEBR1_PROTOCOL_0116,ASSAY_P1A_B09_04_001; ASSAY_P1A_B09_04_002,3,2,3,0,literature,1,30,48,30 | 50,standard pNPP assay,p-nitrophenyl palmitate,100,,pp. 86-88; Table 3/Table 4; reactivity and thermal stability in organic solvents,10.1263/jbb.102.82,,variants/LMT_0058.html,-1
LMT_0060,LMT_0060,LipR1 WT,LipR1 WT,LipR1,,,,,canonical_entity,,LipR1 WT,,AEL99900.1,,,,queued,no,,,,,,0.623856,-0.93471,2.100236,,,evidence_moderate,F9 public display table: 4 reliable observations; 0 independent sources,LMT_0060,evidence_moderate,,LipR1 WT,4,,,D,54.26,误差带仅说明测量不精确，不参与T7a评分,独立来源数=，独立性档=D,all_rows_complete; complete_rows=4/4,,,free,,archive_preview_only_not_authoritative,,,holdout_only,EVID_LIT_000829; EVID_LIT_000831; EVID_LIT_000833; EVID_LIT_000835,WEBR1_PROTOCOL_0121,ASSAY_P1A_B11_02_001,4,1,4,0,literature,1,25,24,25,pNPL hydrolysis assay at A420,p-nitrophenyl laurate,76,,pp. 244-248; Figure 4; Methods 2.7.5 and standard assay; Section 3.3.3; Figure 4A; pp. 244-248; Figure 4; Methods 2.7.5 and standard assay; Section 3.3.3; Figure 4B; pp. 244-248; Figure 4; Methods 2.7.5 and standard assay; Section 3.3.3; Figure 4C; pp. 244-248; Figure 4; Methods 2.7.5 and standard assay; Section 3.3.3; Figure 4D,10.1016/j.molcatb.2013.09.001,,variants/LMT_0060.html,-1
LMT_0061,LMT_0061,LipR3 R214C,LipR3 R214C,LipR3 R214C,,,,,mutant_or_engineered_construct,LMT_0060,LipR3 R214C,,AFV46383.1,,,,queued,no,,,,,,0.337676,-1.217883,1.787087,,,evidence_moderate,F9 public display table: 4 reliable observations; 0 independent sources,LMT_0061,evidence_moderate,,LipR3 R214C,4,,,D,54.43,误差带仅说明测量不精确，不参与T7a评分,独立来源数=，独立性档=D,all_rows_complete; complete_rows=4/4,,,free,,archive_preview_only_not_authoritative,,,holdout_only,EVID_LIT_000830; EVID_LIT_000832; EVID_LIT_000834; EVID_LIT_000836,WEBR1_PROTOCOL_0122,ASSAY_P1A_B11_02_001,4,1,4,0,literature,1,25,24,25,pNPL hydrolysis assay at A420,p-nitrophenyl laurate,85,,pp. 244-248; Figure 4; Methods 2.7.5 and standard assay; Section 3.3.3; Figure 4A; pp. 244-248; Figure 4; Methods 2.7.5 and standard assay; Section 3.3.3; Figure 4B; pp. 244-248; Figure 4; Methods 2.7.5 and standard assay; Section 3.3.3; Figure 4C; pp. 244-248; Figure 4; Methods 2.7.5 and standard assay; Section 3.3.3; Figure 4D,10.1016/j.molcatb.2013.09.001,,variants/LMT_0061.html,-1
LMT_0062,LMT_0062,Bacillus licheniformis KM12 lipase,Bacillus licheniformis KM12 lipase,Bacillus licheniformis KM12 lipase,Bacillus licheniformis,KM12,,,canonical_entity,,Bacillus licheniformis KM12 lipase,,,,,,phenotype_ready,no,,,,,,-0.68828,-2.192747,0.912579,,,evidence_moderate,F9 public display table: 4 reliable observations; 0 independent sources,LMT_0062,evidence_moderate,,Bacillus licheniformis KM12 lipase,4,,,D,70.82,误差带仅说明测量不精确，不参与T7a评分,独立来源数=，独立性档=D,all_rows_complete; complete_rows=4/4,,,free,,archive_preview_only_not_authoritative,,,holdout_only,EVID_LIT_000837; EVID_LIT_000838; EVID_LIT_000840; EVID_LIT_000841,WEBR1_PROTOCOL_0123,ASSAY_P1A_B11_03_001,4,1,4,0,literature,1,50,504,30,pNPP hydrolysis colorimetric assay,p-nitrophenyl palmitate,117.6,,"pp. 391, 394-395; Section 2.5.3; Table 4",10.1016/j.ijbiomac.2017.11.173,,variants/LMT_0062.html,-1
LMT_0063,LMT_0063,Pseudomonas aeruginosa LX1 lipase,Pseudomonas aeruginosa LX1 lipase,Pseudomonas aeruginosa LX1 lipase,Pseudomonas aeruginosa,LX1,,,canonical_entity,,Pseudomonas aeruginosa LX1 lipase,,,,,,phenotype_ready,no,,,,,,0.538416,-1.333156,2.654591,,,evidence_sparse,F9 public display table: 1 reliable observations; 0 independent sources,LMT_0063,evidence_sparse,,Pseudomonas aeruginosa LX1 lipase,1,,,D,70.98,误差带仅说明测量不精确，不参与T7a评分,独立来源数=，独立性档=D,all_rows_complete; complete_rows=1/1,,,free,,archive_preview_only_not_authoritative,,,downweighted_train,EVID_LIT_000848,WEBR1_PROTOCOL_0124,ASSAY_P1A_B12_04_001,1,1,1,0,literature,1,25,48,30,pNPP hydrolysis assay at A410,p-nitrophenyl palmitate,60.1,,pp. 267-268; Table 4; sections 2.12 and 3.7,10.1016/j.molcatb.2010.06.001,,variants/LMT_0063.html,-1
LMT_0064,LMT_0064,Thermus thermophilus HB8 lipase,Thermus thermophilus HB8 lipase,Thermus thermophilus HB8 lipase,Thermus thermophilus,HB8,,,canonical_entity,,Thermus thermophilus HB8 lipase,Q5SHM5,,,,,sequence_ready,yes,Q5SHM5,UniProt,227,b0f91bc2d666b65f2bda7125a9bd9c505165333a52532ec97339386436eae480,results/2026-06-16_duplicate_uniprot_fulltext_audit/raw/uniprot_Q5SHM5.json,0.967137,-0.840609,3.013069,,,evidence_sparse,F9 public display table: 1 reliable observations; 0 independent sources,LMT_0064,evidence_sparse,,Thermus thermophilus HB8 lipase,1,,,D,54.59,误差带仅说明测量不精确，不参与T7a评分,独立来源数=，独立性档=D,all_rows_complete; complete_rows=5/5,,,free,,archive_preview_only_not_authoritative,,,holdout_only,EVID_LIT_001056; EVID_LIT_001057; EVID_LIT_001058; EVID_LIT_001059; EVID_LIT_001060,WEBR1_PROTOCOL_0125,ASSAY_P1A_B13_02_002,5,1,5,0,literature,1,45,2.5,70,pNPP hydrolysis assay at A410,4-nitrophenyl palmitate (pNPP),270,,pp. S403; Figure 2C; Methods 2.5 and 2.7.3; Section 3.2,10.1016/j.molcatb.2017.03.002,,variants/LMT_0064.html,-1
LMT_0066,LMT_0066,Thermomyces lanuginosus lipase D122Y,Thermomyces lanuginosus lipase D122Y,Thermomyces lanuginosus lipase D122Y,Thermomyces lanuginosus,,,,mutant_or_engineered_construct,LMT_0050,D122Y,O59952,,,,,sequence_ready,no,,,,,,0.530258,-0.725791,1.892814,,,evidence_rich,F9 public display table: 10 reliable observations; 0 independent sources,LMT_0066,evidence_rich,,Thermomyces lanuginosus lipase D122Y,10,,,D,36.23,误差带仅说明测量不精确，不参与T7a评分,独立来源数=，独立性档=D,partial_rows_complete; complete_rows=10/20,,,crude_preparation | free,,archive_preview_only_not_authoritative,,,holdout_only,EVID_LIT_001172; EVID_LIT_001177; EVID_LIT_001182; EVID_LIT_001187; EVID_LIT_001192; EVID_LIT_001197; EVID_LIT_001202; EVID_LIT_001207; EVID_LIT_001212; EVID_LIT_001217; EVID_PAT_000542; EVID_PAT_000547; EVID_PAT_000552; EVID_PAT_000557; EVID_PAT_000562; EVID_PAT_000567; EVID_PAT_000572; EVID_PAT_000577; EVID_PAT_000582; EVID_PAT_000587,WEBR1_PROTOCOL_0127; WEBR1_PROTOCOL_0128; WEBR1_PROTOCOL_0129; WEBR1_PROTOCOL_0130,ASSAY_P1A_B16_01_001; ASSAY_P1A_B16_01_002; PAT_ASSAY_CN117070495_FIG2_1H_CONCENTRATION; PAT_ASSAY_CN117070495_FIG3_20MEOH_TIMECOURSE,20,4,10,10,literature+patent,2,75,48,25 | not_reported,p-NPL hydrolysis assay at A410 | p-NPL hydrolysis assay at 410 nm; 40 C for 5 min; Na2CO3 stop,p-nitrophenyl laurate (p-NPL) | p-nitrophenyl laurate (p-NPL; C12),87,,pp. 2-5; Figure 3A; Methods 2.4-2.5; Section 3.4; pp. 4-5; Figure 3B; Methods 2.4-2.5; Section 3.4; Description [0052]-[0053]; attached drawing page 10; Figure 2; Description [0054]-[0055]; attached drawing page 11; Figure 3,10.1016/j.jclepro.2024.141949 | not_applicable_patent | CN117070495B,,variants/LMT_0066.html,-1
LMT_0067,LMT_0067,Thermomyces lanuginosus lipase E129Y,Thermomyces lanuginosus lipase E129Y,Thermomyces lanuginosus lipase E129Y,Thermomyces lanuginosus,,,,mutant_or_engineered_construct,LMT_0050,E129Y,O59952,,,,,sequence_ready,no,,,,,,0.504747,-0.884775,1.825621,,,evidence_rich,F9 public display table: 10 reliable observations; 0 independent sources,LMT_0067,evidence_rich,,Thermomyces lanuginosus lipase E129Y,10,,,D,36.39,误差带仅说明测量不精确，不参与T7a评分,独立来源数=，独立性档=D,partial_rows_complete; complete_rows=10/20,,,crude_preparation | free,,archive_preview_only_not_authoritative,,,holdout_only,EVID_LIT_001173; EVID_LIT_001178; EVID_LIT_001183; EVID_LIT_001188; EVID_LIT_001193; EVID_LIT_001198; EVID_LIT_001203; EVID_LIT_001208; EVID_LIT_001213; EVID_LIT_001218; EVID_PAT_000543; EVID_PAT_000548; EVID_PAT_000553; EVID_PAT_000558; EVID_PAT_000563; EVID_PAT_000568; EVID_PAT_000573; EVID_PAT_000578; EVID_PAT_000583; EVID_PAT_000588,WEBR1_PROTOCOL_0131; WEBR1_PROTOCOL_0132; WEBR1_PROTOCOL_0133; WEBR1_PROTOCOL_0134,ASSAY_P1A_B16_01_001; ASSAY_P1A_B16_01_002; PAT_ASSAY_CN117070495_FIG2_1H_CONCENTRATION; PAT_ASSAY_CN117070495_FIG3_20MEOH_TIMECOURSE,20,4,10,10,literature+patent,2,75,48,25 | not_reported,p-NPL hydrolysis assay at A410 | p-NPL hydrolysis assay at 410 nm; 40 C for 5 min; Na2CO3 stop,p-nitrophenyl laurate (p-NPL) | p-nitrophenyl laurate (p-NPL; C12),93,,pp. 2-5; Figure 3A; Methods 2.4-2.5; Section 3.4; pp. 4-5; Figure 3B; Methods 2.4-2.5; Section 3.4; Description [0052]-[0053]; attached drawing page 10; Figure 2; Description [0054]-[0055]; attached drawing page 11; Figure 3,10.1016/j.jclepro.2024.141949 | not_applicable_patent | CN117070495B,,variants/LMT_0067.html,-1
LMT_0068,LMT_0068,Thermomyces lanuginosus lipase D130W,Thermomyces lanuginosus lipase D130W,Thermomyces lanuginosus lipase D130W,Thermomyces lanuginosus,,,,mutant_or_engineered_construct,LMT_0050,D130W,O59952,,,,,sequence_ready,no,,,,,,0.571803,-0.733811,1.974518,,,evidence_rich,F9 public display table: 10 reliable observations; 0 independent sources,LMT_0068,evidence_rich,,Thermomyces lanuginosus lipase D130W,10,,,D,36.56,误差带仅说明测量不精确，不参与T7a评分,独立来源数=，独立性档=D,partial_rows_complete; complete_rows=10/20,,,crude_preparation | free,,archive_preview_only_not_authoritative,,,holdout_only,EVID_LIT_001174; EVID_LIT_001179; EVID_LIT_001184; EVID_LIT_001189; EVID_LIT_001194; EVID_LIT_001199; EVID_LIT_001204; EVID_LIT_001209; EVID_LIT_001214; EVID_LIT_001219; EVID_PAT_000544; EVID_PAT_000549; EVID_PAT_000554; EVID_PAT_000559; EVID_PAT_000564; EVID_PAT_000569; EVID_PAT_000574; EVID_PAT_000579; EVID_PAT_000584; EVID_PAT_000589,WEBR1_PROTOCOL_0135; WEBR1_PROTOCOL_0136; WEBR1_PROTOCOL_0137; WEBR1_PROTOCOL_0138,ASSAY_P1A_B16_01_001; ASSAY_P1A_B16_01_002; PAT_ASSAY_CN117070495_FIG2_1H_CONCENTRATION; PAT_ASSAY_CN117070495_FIG3_20MEOH_TIMECOURSE,20,4,10,10,literature+patent,2,75,48,25 | not_reported,p-NPL hydrolysis assay at A410 | p-NPL hydrolysis assay at 410 nm; 40 C for 5 min; Na2CO3 stop,p-nitrophenyl laurate (p-NPL) | p-nitrophenyl laurate (p-NPL; C12),85,,pp. 2-5; Figure 3A; Methods 2.4-2.5; Section 3.4; pp. 4-5; Figure 3B; Methods 2.4-2.5; Section 3.4; Description [0052]-[0053]; attached drawing page 10; Figure 2; Description [0054]-[0055]; attached drawing page 11; Figure 3,10.1016/j.jclepro.2024.141949 | not_applicable_patent | CN117070495B,,variants/LMT_0068.html,-1
LMT_0069,LMT_0069,Thermomyces lanuginosus lipase E134W,Thermomyces lanuginosus lipase E134W,Thermomyces lanuginosus lipase E134W,Thermomyces lanuginosus,,,,mutant_or_engineered_construct,LMT_0050,E134W,O59952,,,,,sequence_ready,no,,,,,,0.366613,-0.953285,1.753738,,,evidence_rich,F9 public display table: 10 reliable observations; 0 independent sources,LMT_0069,evidence_rich,,Thermomyces lanuginosus lipase E134W,10,,,D,36.72,误差带仅说明测量不精确，不参与T7a评分,独立来源数=，独立性档=D,partial_rows_complete; complete_rows=10/20,,,crude_preparation | free,,archive_preview_only_not_authoritative,,,holdout_only,EVID_LIT_001175; EVID_LIT_001180; EVID_LIT_001185; EVID_LIT_001190; EVID_LIT_001195; EVID_LIT_001200; EVID_LIT_001205; EVID_LIT_001210; EVID_LIT_001215; EVID_LIT_001220; EVID_PAT_000545; EVID_PAT_000550; EVID_PAT_000555; EVID_PAT_000560; EVID_PAT_000565; EVID_PAT_000570; EVID_PAT_000575; EVID_PAT_000580; EVID_PAT_000585; EVID_PAT_000590,WEBR1_PROTOCOL_0139; WEBR1_PROTOCOL_0140; WEBR1_PROTOCOL_0141; WEBR1_PROTOCOL_0142,ASSAY_P1A_B16_01_001; ASSAY_P1A_B16_01_002; PAT_ASSAY_CN117070495_FIG2_1H_CONCENTRATION; PAT_ASSAY_CN117070495_FIG3_20MEOH_TIMECOURSE,20,4,10,10,literature+patent,2,75,48,25 | not_reported,p-NPL hydrolysis assay at A410 | p-NPL hydrolysis assay at 410 nm; 40 C for 5 min; Na2CO3 stop,p-nitrophenyl laurate (p-NPL) | p-nitrophenyl laurate (p-NPL; C12),95,,pp. 2-5; Figure 3A; Methods 2.4-2.5; Section 3.4; pp. 4-5; Figure 3B; Methods 2.4-2.5; Section 3.4; Description [0052]-[0053]; attached drawing page 10; Figure 2; Description [0054]-[0055]; attached drawing page 11; Figure 3,10.1016/j.jclepro.2024.141949 | not_applicable_patent | CN117070495B,,variants/LMT_0069.html,-1
LMT_0070,LMT_0070,Streptomyces sp. CS133 lipase LS133,Streptomyces sp. CS133 lipase LS133,Streptomyces sp. CS133 lipase LS133,Streptomyces sp.,CS133,,,canonical_entity,,Streptomyces sp. CS133 lipase LS133,,,,,,phenotype_ready,no,,,,,,0.208803,-1.234614,1.592014,,,evidence_rich,F9 public display table: 6 reliable observations; 0 independent sources,LMT_0070,evidence_rich,,Streptomyces sp. CS133 lipase LS133,6,,,D,71.15,误差带仅说明测量不精确，不参与T7a评分,独立来源数=，独立性档=D,all_rows_complete; complete_rows=6/6,,,free,,archive_preview_only_not_authoritative,,,downweighted_train,EVID_LIT_001246; EVID_LIT_001247; EVID_LIT_001248; EVID_LIT_001249; EVID_LIT_001250; EVID_LIT_001251,WEBR1_PROTOCOL_0143,ASSAY_P1A_B16_05_001,6,1,6,0,literature,1,50,24,30,pNPP colorimetric hydrolysis assay at A405,p-nitrophenyl palmitate,117,,pp. 640-641; Table 5b; section 3.8,10.1016/j.procbio.2012.01.003,,variants/LMT_0070.html,-1
LMT_0071,LMT_0071,Streptomyces sp. CS268 lipase,Streptomyces sp. CS268 lipase,Streptomyces sp. CS268 lipase,Streptomyces sp.,CS268,,,canonical_entity,,Streptomyces sp. CS268 lipase,,,,,,phenotype_ready,no,,,,,,0.062156,-1.403595,1.635349,,,evidence_moderate,F9 public display table: 5 reliable observations; 0 independent sources,LMT_0071,evidence_moderate,,Streptomyces sp. CS268 lipase,5,,,D,71.31,误差带仅说明测量不精确，不参与T7a评分,独立来源数=，独立性档=D,all_rows_complete; complete_rows=6/6,,,free,,archive_preview_only_not_authoritative,,,downweighted_train,EVID_LIT_001252; EVID_LIT_001253; EVID_LIT_001254; EVID_LIT_001255; EVID_LIT_001256; EVID_LIT_001257,WEBR1_PROTOCOL_0144,ASSAY_P1A_B17_01_001,6,1,6,0,literature,1,50,24,30,pNPP spectrophotometric hydrolysis assay at A405,p-nitrophenyl palmitate,109,,pp. 73-74; Table 6; section 3.9,10.1007/s12257-011-0347-5,,variants/LMT_0071.html,-1
LMT_0072,LMT_0072,Acinetobacter sp. AU07 lipase,Acinetobacter sp. AU07 lipase,Acinetobacter sp. AU07 lipase,Acinetobacter sp.,AU07,,,canonical_entity,,Acinetobacter sp. AU07 lipase,,,,,,phenotype_ready,no,,,,,,1.051736,-0.647363,2.732049,,,evidence_sparse,F9 public display table: 2 reliable observations; 0 independent sources,LMT_0072,evidence_sparse,,Acinetobacter sp. AU07 lipase,2,,,D,71.48,误差带仅说明测量不精确，不参与T7a评分,独立来源数=，独立性档=D,all_rows_complete; complete_rows=2/2,,,free,,archive_preview_only_not_authoritative,,,downweighted_train,EVID_LIT_001271; EVID_LIT_001272,WEBR1_PROTOCOL_0145,ASSAY_P1A_B18_01_001,2,1,2,0,literature,1,30,4,30,4-NPP spectrophotometric hydrolysis assay at A410,4-nitrophenyl palmitate,60.4,,p. 655; Table 5; section Effect of organic solvents on lipase stability,10.1016/j.bjm.2015.04.002,,variants/LMT_0072.html,-1
LMT_0073,LMT_0073,Brevibacillus sp. SHI-160 lipase,Brevibacillus sp. SHI-160 lipase,Brevibacillus sp. SHI-160 lipase,Brevibacillus sp.,SHI-160,,,canonical_entity,,Brevibacillus sp. SHI-160 lipase,,,,,,phenotype_ready,no,,,,,,0.383732,-1.072723,1.946861,,,evidence_moderate,F9 public display table: 3 reliable observations; 0 independent sources,LMT_0073,evidence_moderate,,Brevibacillus sp. SHI-160 lipase,3,,,D,71.64,误差带仅说明测量不精确，不参与T7a评分,独立来源数=，独立性档=D,all_rows_complete; complete_rows=3/3,,,free,,archive_preview_only_not_authoritative,,,downweighted_train,EVID_LIT_001275; EVID_LIT_001276; EVID_LIT_001277,WEBR1_PROTOCOL_0146,ASSAY_P1A_B18_04_001,3,1,3,0,literature,1,75,1,37,pNPP spectrophotometric hydrolysis assay at A410,p-nitrophenyl palmitate,105.6,,pp. 4 and 8; Table 3; section 2.6.6 and 3.4.2,10.3389/fmicb.2023.1270270,,variants/LMT_0073.html,-1
LMT_0074,LMT_0074,Burkholderia gladioli Bsp-1 LipC,Burkholderia gladioli Bsp-1 LipC,Burkholderia gladioli Bsp-1 LipC,Burkholderia gladioli,Bsp-1,,,canonical_entity,,Burkholderia gladioli Bsp-1 LipC,,,,,,phenotype_ready,no,,,,,,0.940996,-1.255353,2.980749,,,evidence_sparse,F9 public display table: 1 reliable observations; 0 independent sources,LMT_0074,evidence_sparse,,Burkholderia gladioli Bsp-1 LipC,1,,,D,54.75,误差带仅说明测量不精确，不参与T7a评分,独立来源数=，独立性档=D,all_rows_complete; complete_rows=1/1,,,free,,archive_preview_only_not_authoritative,,,downweighted_train,EVID_LIT_001278,WEBR1_PROTOCOL_0147,ASSAY_P1A_B18_05_001,1,1,1,0,literature,1,30,1,25,non-protein organism identifier excluded from public output,p-nitrophenyl palmitate (pNPC16),72,,pp. 3-7; Fig. 4; Effect of organic solvents on enzyme activity,10.1007/s00253-026-13788-z,,variants/LMT_0074.html,-1
LMT_0076,LMT_0076,Soluble PMLVG (I118V/E130G),Soluble PMLVG (I118V/E130G),Soluble PMLVG (I118V/E130G),Proteus mirabilis,ATCC 7002,,,mutant_or_engineered_construct,LMT_0247,Soluble PMLVG (I118V/E130G),,,,,,phenotype_ready,no,,,,,,0.952734,-0.728125,2.651504,,,evidence_sparse,F9 public display table: 1 reliable observations; 0 independent sources,LMT_0076,evidence_sparse,,Soluble PMLVG (I118V/E130G),1,,,D,71.80,误差带仅说明测量不精确，不参与T7a评分,独立来源数=，独立性档=D,all_rows_complete; complete_rows=1/1,,,free,,archive_preview_only_not_authoritative,,,downweighted_train,EVID_LIT_001280,WEBR1_PROTOCOL_0149,ASSAY_P1A_B19_02_001,1,1,1,0,literature,1,40,18,25,pNPP hydrolysis assay at A405 after dilution to 4% MeOH,p-nitrophenyl palmitate,22,,pp. 6 and 11; Fig. 5b; Table 2; Methanol solvent stability,10.1186/s13068-019-1509-5,,variants/LMT_0076.html,-1
LMT_0077,LMT_0077,Micrococcus luteus EMP48-D lipase,Micrococcus luteus EMP48-D lipase,Micrococcus luteus EMP48-D lipase,Micrococcus luteus,EMP48-D,,,canonical_entity,,Micrococcus luteus EMP48-D lipase,,,,,,phenotype_ready,no,,,,,,0.3627,-1.704772,2.522366,,,evidence_sparse,F9 public display table: 1 reliable observations; 0 independent sources,LMT_0077,evidence_sparse,,Micrococcus luteus EMP48-D lipase,1,,,D,71.97,误差带仅说明测量不精确，不参与T7a评分,独立来源数=，独立性档=D,all_rows_complete; complete_rows=1/1,,,crude_preparation,,archive_preview_only_not_authoritative,,,downweighted_train,EVID_LIT_001285,WEBR1_PROTOCOL_0150,ASSAY_P1A_B19_04_001,1,1,1,0,literature,1,50,3,37,pNP ester spectrophotometric hydrolysis assay at A405,p-nitrophenyl laurate,102,,"pp. 4, 8, and 11; Figure 8b; Stability in organic solvents",10.1186/s43141-023-00611-9,,variants/LMT_0077.html,-1
LMT_0078,LMT_0078,LipI.3_KE38,LipI.3_KE38,LipI.3_KE38,Pseudomonas sp.,KE38,,,canonical_entity,,LipI.3_KE38,A0A7T6AN61,,,,,sequence_ready,yes,A0A7T6AN61,UniProt,617,f960517e55297a6d9bc5b879f45193d901518e92fa44e1ca71df14643f1919ce,results/2026-06-16_duplicate_uniprot_fulltext_audit/raw/uniprot_A0A7T6AN61.json,,,,,,evidence_absent,F9 public display table: 0 reliable observations; 0 independent sources,LMT_0078,evidence_absent,,LipI.3_KE38,0,,,D,36.89,误差带仅说明测量不精确，不参与T7a评分,独立来源数=，独立性档=D,all_rows_complete; complete_rows=1/1,,,free,,archive_preview_only_not_authoritative,,,holdout_only,EVID_LIT_001294,WEBR1_PROTOCOL_0151,ASSAY_P1A_B20_01_001,1,1,1,0,literature,1,30,0.33,25,titrimetric olive-oil lipase assay with 0.01 M NaOH,olive oil,100,,"pp. 3, 10, and 11; Figure 8a; Effects of organic solvents on activity",10.1038/s41598-020-79199-w,,variants/LMT_0078.html,-1
LMT_0079,LMT_0079,Pseudomonas fluorescens Pf0-1 lipase Pflip1a,Pseudomonas fluorescens Pf0-1 lipase Pflip1a,Pseudomonas fluorescens Pf0-1 lipase Pflip1a,Pseudomonas fluorescens,Pf0-1,,,canonical_entity,,Pseudomonas fluorescens Pf0-1 lipase Pflip1a,,,,,,phenotype_ready,no,,,,,,0.596342,-1.386196,2.477296,,,evidence_sparse,F9 public display table: 1 reliable observations; 0 independent sources,LMT_0079,evidence_sparse,,Pseudomonas fluorescens Pf0-1 lipase Pflip1a,1,,,D,30.66,误差带仅说明测量不精确，不参与T7a评分,独立来源数=，独立性档=D,no_complete_rows; complete_rows=0/1,,,free,,archive_preview_only_not_authoritative,,,downweighted_train,EVID_LIT_001295,WEBR1_PROTOCOL_0152,ASSAY_P1A_B20_02_001,1,1,1,0,literature,1,30,2,not_reported,p-NP ester spectrophotometric hydrolysis assay at A410,p-nitrophenyl caprylate,112.3,,"pp. 4, 7, and 9; Figure 7C; organic solvent tolerance methods",10.1038/s41598-017-16036-7,,variants/LMT_0079.html,-1
LMT_0080,LMT_0080,Bacillus licheniformis IBRL-CHS2 recombinant MLipA,Bacillus licheniformis IBRL-CHS2 recombinant MLipA,Bacillus licheniformis IBRL-CHS2 recombinant MLipA,Bacillus licheniformis,IBRL-CHS2,,,canonical_entity,,Bacillus licheniformis IBRL-CHS2 recombinant MLipA,,,,,,sequence_ready,no,,,,,,0.273117,-1.41899,2.141365,,,evidence_sparse,F9 public display table: 2 reliable observations; 0 independent sources,LMT_0080,evidence_sparse,,Bacillus licheniformis IBRL-CHS2 recombinant MLipA,2,,,D,72.13,误差带仅说明测量不精确，不参与T7a评分,独立来源数=，独立性档=D,all_rows_complete; complete_rows=2/2,,,free,,archive_preview_only_not_authoritative,,,downweighted_train,EVID_LIT_001296; EVID_LIT_001297,WEBR1_PROTOCOL_0153,ASSAY_P1A_B20_03_001,2,1,2,0,literature,1,25,24,35,p-nitrophenyl laurate spectrophotometric hydrolysis assay at A410,p-nitrophenyl laurate,114,,pp. 4 and 12-14; section Influence of organic solvents; Table 2,10.1371/journal.pone.0314556,,variants/LMT_0080.html,-1
LMT_0081,LMT_0081,Fusarium annulatum CBS lipase FAL,Fusarium annulatum CBS lipase FAL,Fusarium annulatum CBS lipase FAL,Fusarium annulatum,CBS,,,canonical_entity,,Fusarium annulatum CBS lipase FAL,,,,,,phenotype_ready,no,,,,,,0.697559,-1.207096,2.58329,,,evidence_sparse,F9 public display table: 1 reliable observations; 0 independent sources,LMT_0081,evidence_sparse,,Fusarium annulatum CBS lipase FAL,1,,,D,72.30,误差带仅说明测量不精确，不参与T7a评分,独立来源数=，独立性档=D,all_rows_complete; complete_rows=1/1,,,free,,archive_preview_only_not_authoritative,,,downweighted_train,EVID_LIT_001298,WEBR1_PROTOCOL_0154,ASSAY_P1A_B20_04_001,1,1,1,0,literature,1,25,24,25+/-2,pH-STAT titrimetric lipase assay measuring liberated fatty acids,trioctanoin (TC8),56,,pp. 5-7 and 18-20; organic-solvent stability methods/results; Figure 11,10.1371/journal.pone.0286091,,variants/LMT_0081.html,-1
LMT_0082,LMT_0082,Gibberella zeae lipase GZEL,Gibberella zeae lipase GZEL,Gibberella zeae lipase GZEL,Gibberella zeae,taxonomic_alias=Fusarium graminearum,,,canonical_entity,,Gibberella zeae lipase GZEL,Q6WER3,AAQ23181.1,,,3NGM,structure_ready,no,,,,,,0.375682,-1.410858,2.320291,,,evidence_sparse,F9 public display table: 1 reliable observations; 0 independent sources,LMT_0082,evidence_sparse,,Gibberella zeae lipase GZEL,1,,,D,72.46,误差带仅说明测量不精确，不参与T7a评分,独立来源数=，独立性档=D,all_rows_complete; complete_rows=1/1,,,free,,archive_preview_only_not_authoritative,,,downweighted_train,EVID_LIT_001299,WEBR1_PROTOCOL_0155,ASSAY_P1A_B20_04_001,1,1,1,0,literature,1,25,24,25+/-2,pH-STAT titrimetric lipase assay measuring liberated fatty acids,trioctanoin (TC8),92,,pp. 5-7 and 18-20; organic-solvent stability methods/results; Figure 11,10.1371/journal.pone.0286091,,variants/LMT_0082.html,-1
LMT_0084,LMT_0084,Hyphopichia wangnamkhiaoensis extracellular lipase,Hyphopichia wangnamkhiaoensis extracellular lipase,Hyphopichia wangnamkhiaoensis extracellular lipase,Hyphopichia wangnamkhiaoensis,ENCB-7,,,canonical_entity,,Hyphopichia wangnamkhiaoensis extracellular lipase,,,,,,phenotype_ready,no,,,,,,,,,,,evidence_absent,F9 public display table: 0 reliable observations; 0 independent sources,LMT_0084,evidence_absent,,Hyphopichia wangnamkhiaoensis extracellular lipase,0,,,D,54.92,误差带仅说明测量不精确，不参与T7a评分,独立来源数=，独立性档=D,all_rows_complete; complete_rows=1/1,,,free,,archive_preview_only_not_authoritative,,,downweighted_train,EVID_LIT_001301,WEBR1_PROTOCOL_0157,ASSAY_P1A_B21_02_001,1,1,1,0,literature,1,50,1,37,pNPP spectrophotometric hydrolysis assay at A410,p-nitrophenyl palmitate,92,,pp. 5 and 12; section 2.5.5; section 3.2.5; Figure 6,10.3390/fermentation10120595,,variants/LMT_0084.html,-1
LMT_0085,LMT_0085,Yarrowia deformans extracellular lipase,Yarrowia deformans extracellular lipase,Yarrowia deformans extracellular lipase,Yarrowia deformans,YD22,,,canonical_entity,,Yarrowia deformans extracellular lipase,,,,,,phenotype_ready,no,,,,,,,,,,,evidence_absent,F9 public display table: 0 reliable observations; 0 independent sources,LMT_0085,evidence_absent,,Yarrowia deformans extracellular lipase,0,,,D,55.08,误差带仅说明测量不精确，不参与T7a评分,独立来源数=，独立性档=D,all_rows_complete; complete_rows=1/1,,,free,,archive_preview_only_not_authoritative,,,downweighted_train,EVID_LIT_001302,WEBR1_PROTOCOL_0158,ASSAY_P1A_B21_02_001,1,1,1,0,literature,1,50,1,37,pNPP spectrophotometric hydrolysis assay at A410,p-nitrophenyl palmitate,90,,pp. 5 and 12; section 2.5.5; section 3.2.5; Figure 6,10.3390/fermentation10120595,,variants/LMT_0085.html,-1
LMT_0086,LMT_0086,Pseudomonas sp. YY31 LipYY31,Pseudomonas sp. YY31 LipYY31,Pseudomonas sp. YY31 LipYY31,Pseudomonas sp.,YY31,,,canonical_entity,,Pseudomonas sp. YY31 LipYY31,,,,,,phenotype_ready,no,,,,,,0.63483,-0.924479,2.30781,,,evidence_moderate,F9 public display table: 3 reliable observations; 0 independent sources,LMT_0086,evidence_moderate,,Pseudomonas sp. YY31 LipYY31,3,,,D,72.62,误差带仅说明测量不精确，不参与T7a评分,独立来源数=，独立性档=D,all_rows_complete; complete_rows=3/3,,,free,,archive_preview_only_not_authoritative,,,downweighted_train,EVID_LIT_001303; EVID_LIT_001304; EVID_LIT_001305,WEBR1_PROTOCOL_0159,ASSAY_P1A_B21_03_001,3,1,3,0,literature,1,50,1,5,p-nitrophenyl caprate spectrophotometric hydrolysis assay at A405,p-nitrophenyl caprate,110,,pp. 992-998; Characterization of LipYY31; Table 3,10.1007/s12010-013-0406-9,,variants/LMT_0086.html,-1
LMT_0087,LMT_0087,Rhizopus sp. strain PKC12B2 crude lipase,Rhizopus sp. strain PKC12B2 crude lipase,Rhizopus sp. strain PKC12B2 crude lipase,Rhizopus sp.,PKC12B2,,,canonical_entity,,Rhizopus sp. strain PKC12B2 crude lipase,,,,,,phenotype_ready,no,,,,,,0.943199,-0.464616,2.444157,,,evidence_moderate,F9 public display table: 4 reliable observations; 0 independent sources,LMT_0087,evidence_moderate,,Rhizopus sp. strain PKC12B2 crude lipase,4,,,D,72.79,误差带仅说明测量不精确，不参与T7a评分,独立来源数=，独立性档=D,all_rows_complete; complete_rows=4/4,,,crude_preparation,,archive_preview_only_not_authoritative,,,downweighted_train,EVID_LIT_001306; EVID_LIT_001307; EVID_LIT_001308; EVID_LIT_001309,WEBR1_PROTOCOL_0160,ASSAY_P1A_B21_04_001,4,1,4,0,literature,1,30,1,45,pNPP spectrophotometric hydrolysis assay at A410,p-nitrophenyl palmitate,102.92,,pp. 2-3; sections 2.3 and 2.6; Table 1,10.1016/j.cscee.2024.100721,,variants/LMT_0087.html,-1
LMT_0088,LMT_0088,Candida albicans crude lipase,Candida albicans crude lipase,Candida albicans crude lipase,Candida albicans,,,,canonical_entity,,Candida albicans crude lipase,,,,,,phenotype_ready,no,,,,,,0.497523,-1.40344,2.529089,,,evidence_sparse,F9 public display table: 1 reliable observations; 0 independent sources,LMT_0088,evidence_sparse,,Candida albicans crude lipase,1,,,D,55.25,误差带仅说明测量不精确，不参与T7a评分,独立来源数=，独立性档=D,all_rows_complete; complete_rows=1/1,,,crude_preparation,,archive_preview_only_not_authoritative,,,holdout_only,EVID_LIT_001310,WEBR1_PROTOCOL_0161,ASSAY_P1A_B21_05_001,1,1,1,0,literature,1,50,2,37,Tween-80 hydrolysis assay measured by A450 over 5 min,Tween-80,80,,pp. 32742 and 32745-32746; section 2.4.4; Figure 4,10.1021/acsomega.3c03644,,variants/LMT_0088.html,-1
LMT_0089,LMT_0089,Acremonium sclerotigenum crude lipase,Acremonium sclerotigenum crude lipase,Acremonium sclerotigenum crude lipase,Acremonium sclerotigenum,,,,canonical_entity,,Acremonium sclerotigenum crude lipase,,,,,,phenotype_ready,no,,,,,,0.536376,-1.492551,2.409035,,,evidence_sparse,F9 public display table: 1 reliable observations; 0 independent sources,LMT_0089,evidence_sparse,,Acremonium sclerotigenum crude lipase,1,,,D,55.41,误差带仅说明测量不精确，不参与T7a评分,独立来源数=，独立性档=D,all_rows_complete; complete_rows=1/1,,,crude_preparation,,archive_preview_only_not_authoritative,,,holdout_only,EVID_LIT_001311,WEBR1_PROTOCOL_0162,ASSAY_P1A_B21_05_001,1,1,1,0,literature,1,50,2,40,Tween-80 hydrolysis assay measured by A450 over 5 min,Tween-80,81,,pp. 32742 and 32745-32746; section 2.4.4; Figure 4,10.1021/acsomega.3c03644,,variants/LMT_0089.html,-1
LMT_0090,LMT_0090,Gk lip WT,Gk lip WT,Gk lip,Geobacillus kaustophilus,DSM 7263,,,canonical_entity,,Gk lip WT,,,,,,sequence_ready,no,,,,,,0.605049,-0.72091,2.015157,,,evidence_rich,F9 public display table: 8 reliable observations; 0 independent sources,LMT_0090,evidence_rich,,Gk lip WT,8,,,D,30.82,误差带仅说明测量不精确，不参与T7a评分,独立来源数=，独立性档=D,no_complete_rows; complete_rows=0/8,,,free,,archive_preview_only_not_authoritative,,,holdout_only,EVID_LIT_000193; EVID_LIT_000194; EVID_LIT_000196; EVID_LIT_000190; EVID_LIT_000198; EVID_LIT_000199; EVID_LIT_000201; EVID_LIT_000202,WEBR1_PROTOCOL_0163,ASSAY_P1A_B03_05_001,8,1,8,0,literature,1,80,48,not_reported,p-NPP activity assay at A410,p-nitrophenyl palmitate,45.3,,"PDF pp. 4-5, 11, 13; Methods 2.4 and 2.5.3; Results text; Figure 8a; PDF pp. 4-5, 11, 13; Methods 2.4 and 2.5.3; Results text; Figure 8b; PDF pp. 4-5, 11, 13; Methods 2.4 and 2.5.3; Results text; Figure 8c; PDF pp. 4-5, 11, 13; Methods 2.4 and 2.5.3; Results text; Figure 8d",10.1016/j.ijbiomac.2025.148467,,variants/LMT_0090.html,-1
LMT_0091,LMT_0091,Gk lip Q184M,Gk lip Q184M,Gk lip Q184M,Geobacillus kaustophilus,DSM 7263,,,mutant_or_engineered_construct,LMT_0090,Gk lip Q184M,,,,,,sequence_ready,no,,,,,,0.068257,-1.28799,1.463716,,,evidence_rich,F9 public display table: 8 reliable observations; 0 independent sources,LMT_0091,evidence_rich,,Gk lip Q184M,8,,,D,30.98,误差带仅说明测量不精确，不参与T7a评分,独立来源数=，独立性档=D,no_complete_rows; complete_rows=0/8,,,free,,archive_preview_only_not_authoritative,,,holdout_only,EVID_LIT_000204; EVID_LIT_000205; EVID_LIT_000207; EVID_LIT_000191; EVID_LIT_000209; EVID_LIT_000210; EVID_LIT_000212; EVID_LIT_000213,WEBR1_PROTOCOL_0164,ASSAY_P1A_B03_05_001,8,1,8,0,literature,1,80,48,not_reported,p-NPP activity assay at A410,p-nitrophenyl palmitate,94.3,,"PDF pp. 4-5, 11, 13; Methods 2.4 and 2.5.3; Results text; Figure 8a; PDF pp. 4-5, 11, 13; Methods 2.4 and 2.5.3; Results text; Figure 8b; PDF pp. 4-5, 11, 13; Methods 2.4 and 2.5.3; Results text; Figure 8c; PDF pp. 4-5, 11, 13; Methods 2.4 and 2.5.3; Results text; Figure 8d",10.1016/j.ijbiomac.2025.148467,,variants/LMT_0091.html,-1
LMT_0092,LMT_0092,Gk lip Q114F,Gk lip Q114F,Gk lip Q114F,Geobacillus kaustophilus,DSM 7263,,,mutant_or_engineered_construct,LMT_0090,Gk lip Q114F,,,,,,sequence_ready,no,,,,,,0.821403,-0.591775,2.246885,,,evidence_rich,F9 public display table: 8 reliable observations; 0 independent sources,LMT_0092,evidence_rich,,Gk lip Q114F,8,,,D,24.92,误差带仅说明测量不精确，不参与T7a评分,独立来源数=，独立性档=D,no_complete_rows; complete_rows=0/8,,,free,,archive_preview_only_not_authoritative,,,holdout_only,EVID_LIT_000215; EVID_LIT_000216; EVID_LIT_000218; EVID_LIT_000219; EVID_LIT_000221; EVID_LIT_000222; EVID_LIT_000224; EVID_LIT_000225,WEBR1_PROTOCOL_0165,ASSAY_P1A_B03_05_001,8,1,8,0,literature,1,80,48,not_reported,p-NPP activity assay at A410,p-nitrophenyl palmitate,73,,"PDF pp. 4-5, 11, 13; Methods 2.4 and 2.5.3; Results text; Figure 8a; PDF pp. 4-5, 11, 13; Methods 2.4 and 2.5.3; Results text; Figure 8b; PDF pp. 4-5, 11, 13; Methods 2.4 and 2.5.3; Results text; Figure 8c; PDF pp. 4-5, 11, 13; Methods 2.4 and 2.5.3; Results text; Figure 8d",10.1016/j.ijbiomac.2025.148467,,variants/LMT_0092.html,-1
LMT_0093,LMT_0093,Gk lip Q114T,Gk lip Q114T,Gk lip Q114T,Geobacillus kaustophilus,DSM 7263,,,mutant_or_engineered_construct,LMT_0090,Gk lip Q114T,,,,,,sequence_ready,no,,,,,,0.241093,-1.071151,1.639415,,,evidence_rich,F9 public display table: 8 reliable observations; 0 independent sources,LMT_0093,evidence_rich,,Gk lip Q114T,8,,,D,25.08,误差带仅说明测量不精确，不参与T7a评分,独立来源数=，独立性档=D,no_complete_rows; complete_rows=0/8,,,free,,archive_preview_only_not_authoritative,,,holdout_only,EVID_LIT_000227; EVID_LIT_000228; EVID_LIT_000230; EVID_LIT_000231; EVID_LIT_000233; EVID_LIT_000234; EVID_LIT_000236; EVID_LIT_000237,WEBR1_PROTOCOL_0166,ASSAY_P1A_B03_05_001,8,1,8,0,literature,1,80,48,not_reported,p-NPP activity assay at A410,p-nitrophenyl palmitate,67.9,,"PDF pp. 4-5, 11, 13; Methods 2.4 and 2.5.3; Results text; Figure 8a; PDF pp. 4-5, 11, 13; Methods 2.4 and 2.5.3; Results text; Figure 8b; PDF pp. 4-5, 11, 13; Methods 2.4 and 2.5.3; Results text; Figure 8c; PDF pp. 4-5, 11, 13; Methods 2.4 and 2.5.3; Results text; Figure 8d",10.1016/j.ijbiomac.2025.148467,,variants/LMT_0093.html,-1
LMT_0094,LMT_0094,Gk lip F289D,Gk lip F289D,Gk lip F289D,Geobacillus kaustophilus,DSM 7263,,,mutant_or_engineered_construct,LMT_0090,Gk lip F289D,,,,,,sequence_ready,no,,,,,,0.965898,-0.427574,2.454894,,,evidence_rich,F9 public display table: 8 reliable observations; 0 independent sources,LMT_0094,evidence_rich,,Gk lip F289D,8,,,D,25.25,误差带仅说明测量不精确，不参与T7a评分,独立来源数=，独立性档=D,no_complete_rows; complete_rows=0/8,,,free,,archive_preview_only_not_authoritative,,,holdout_only,EVID_LIT_000239; EVID_LIT_000240; EVID_LIT_000242; EVID_LIT_000243; EVID_LIT_000245; EVID_LIT_000246; EVID_LIT_000248; EVID_LIT_000249,WEBR1_PROTOCOL_0167,ASSAY_P1A_B03_05_001,8,1,8,0,literature,1,80,48,not_reported,p-NPP activity assay at A410,p-nitrophenyl palmitate,57.4,,"PDF pp. 4-5, 11, 13; Methods 2.4 and 2.5.3; Results text; Figure 8a; PDF pp. 4-5, 11, 13; Methods 2.4 and 2.5.3; Results text; Figure 8b; PDF pp. 4-5, 11, 13; Methods 2.4 and 2.5.3; Results text; Figure 8c; PDF pp. 4-5, 11, 13; Methods 2.4 and 2.5.3; Results text; Figure 8d",10.1016/j.ijbiomac.2025.148467,,variants/LMT_0094.html,-1
LMT_0095,LMT_0095,Gk lip Y29S,Gk lip Y29S,Gk lip Y29S,Geobacillus kaustophilus,DSM 7263,,,mutant_or_engineered_construct,LMT_0090,Gk lip Y29S,,,,,,sequence_ready,no,,,,,,0.687618,-0.664816,2.073782,,,evidence_rich,F9 public display table: 8 reliable observations; 0 independent sources,LMT_0095,evidence_rich,,Gk lip Y29S,8,,,D,25.41,误差带仅说明测量不精确，不参与T7a评分,独立来源数=，独立性档=D,no_complete_rows; complete_rows=0/8,,,free,,archive_preview_only_not_authoritative,,,holdout_only,EVID_LIT_000251; EVID_LIT_000252; EVID_LIT_000254; EVID_LIT_000255; EVID_LIT_000257; EVID_LIT_000258; EVID_LIT_000260; EVID_LIT_000261,WEBR1_PROTOCOL_0168,ASSAY_P1A_B03_05_001,8,1,8,0,literature,1,80,48,not_reported,p-NPP activity assay at A410,p-nitrophenyl palmitate,55.3,,"PDF pp. 4-5, 11, 13; Methods 2.4 and 2.5.3; Results text; Figure 8a; PDF pp. 4-5, 11, 13; Methods 2.4 and 2.5.3; Results text; Figure 8b; PDF pp. 4-5, 11, 13; Methods 2.4 and 2.5.3; Results text; Figure 8c; PDF pp. 4-5, 11, 13; Methods 2.4 and 2.5.3; Results text; Figure 8d",10.1016/j.ijbiomac.2025.148467,,variants/LMT_0095.html,-1
LMT_0096,LMT_0096,ProRML N9A/N59A,ProRML N9A/N59A,ProRML N9A/N59A,Rhizomucor miehei,,,,mutant_or_engineered_construct,LMT_0132,N9A/N59A,P19515,,,,,sequence_ready,no,,,,,,1.328792,0.122546,2.705417,,,evidence_rich,F9 public display table: 13 reliable observations; 0 independent sources,LMT_0096,evidence_rich,,ProRML N9A/N59A,13,,,D,72.95,误差带仅说明测量不精确，不参与T7a评分,独立来源数=，独立性档=D,all_rows_complete; complete_rows=13/13,,,free,,archive_preview_only_not_authoritative,,,holdout_only,EVID_LIT_001093; EVID_LIT_001094; EVID_LIT_001095; EVID_LIT_001096; EVID_LIT_001097; EVID_LIT_001098; EVID_LIT_001099; EVID_LIT_001100; EVID_LIT_001101; EVID_LIT_001147; EVID_LIT_001148; EVID_LIT_001149; EVID_LIT_001150,WEBR1_PROTOCOL_0169; WEBR1_PROTOCOL_0170,ASSAY_P1A_B15_05_001; ASSAY_P1A_B15_05_002,13,2,13,0,literature,1,90,8,40,pNPP hydrolysis assay at A410,p-nitrophenyl palmitate (pNPP),86.1,,"PDF pp. 3, 5-6; Methods 2.4 and 2.7; Results 3.4; Figure 2f; PDF pp. 3, 5-6; Methods 2.4 and 2.7; Results 3.4; Figure 2g",10.1016/j.biortech.2022.126769,,variants/LMT_0096.html,-1
LMT_0097,LMT_0097,ProRML N126,ProRML N126,ProRML N126,Rhizomucor miehei,,,,mutant_or_engineered_construct,LMT_0132,ProRML N126,P19515,,,,,sequence_ready,no,,,,,,0.637212,-0.567032,1.953865,,,evidence_rich,F9 public display table: 13 reliable observations; 0 independent sources,LMT_0097,evidence_rich,,ProRML N126,13,,,D,73.11,误差带仅说明测量不精确，不参与T7a评分,独立来源数=，独立性档=D,all_rows_complete; complete_rows=13/13,,,free,,archive_preview_only_not_authoritative,,,holdout_only,EVID_LIT_001102; EVID_LIT_001103; EVID_LIT_001104; EVID_LIT_001105; EVID_LIT_001106; EVID_LIT_001107; EVID_LIT_001108; EVID_LIT_001109; EVID_LIT_001110; EVID_LIT_001151; EVID_LIT_001152; EVID_LIT_001153; EVID_LIT_001154,WEBR1_PROTOCOL_0171; WEBR1_PROTOCOL_0172,ASSAY_P1A_B15_05_001; ASSAY_P1A_B15_05_002,13,2,13,0,literature,1,90,8,40,pNPP hydrolysis assay at A410,p-nitrophenyl palmitate (pNPP),92.1,,"PDF pp. 3, 5-6; Methods 2.4 and 2.7; Results 3.4; Figure 2f; PDF pp. 3, 5-6; Methods 2.4 and 2.7; Results 3.4; Figure 2g",10.1016/j.biortech.2022.126769,,variants/LMT_0097.html,-1
LMT_0098,LMT_0098,ProRML N167,ProRML N167,ProRML N167,Rhizomucor miehei,,,,mutant_or_engineered_construct,LMT_0132,ProRML N167,P19515,,,,,sequence_ready,no,,,,,,0.414727,-0.911702,1.801811,,,evidence_rich,F9 public display table: 13 reliable observations; 0 independent sources,LMT_0098,evidence_rich,,ProRML N167,13,,,D,73.28,误差带仅说明测量不精确，不参与T7a评分,独立来源数=，独立性档=D,all_rows_complete; complete_rows=13/13,,,free,,archive_preview_only_not_authoritative,,,holdout_only,EVID_LIT_001111; EVID_LIT_001112; EVID_LIT_001113; EVID_LIT_001114; EVID_LIT_001115; EVID_LIT_001116; EVID_LIT_001117; EVID_LIT_001118; EVID_LIT_001119; EVID_LIT_001155; EVID_LIT_001156; EVID_LIT_001157; EVID_LIT_001158,WEBR1_PROTOCOL_0173; WEBR1_PROTOCOL_0174,ASSAY_P1A_B15_05_001; ASSAY_P1A_B15_05_002,13,2,13,0,literature,1,90,8,40,pNPP hydrolysis assay at A410,p-nitrophenyl palmitate (pNPP),98,,"PDF pp. 3, 5-6; Methods 2.4 and 2.7; Results 3.4; Figure 2f; PDF pp. 3, 5-6; Methods 2.4 and 2.7; Results 3.4; Figure 2g",10.1016/j.biortech.2022.126769,,variants/LMT_0098.html,-1
LMT_0099,LMT_0099,ProRML N242,ProRML N242,ProRML N242,Rhizomucor miehei,,,,mutant_or_engineered_construct,LMT_0132,ProRML N242,P19515,,,,,sequence_ready,no,,,,,,0.530321,-0.735899,1.795827,,,evidence_rich,F9 public display table: 13 reliable observations; 0 independent sources,LMT_0099,evidence_rich,,ProRML N242,13,,,D,73.44,误差带仅说明测量不精确，不参与T7a评分,独立来源数=，独立性档=D,all_rows_complete; complete_rows=13/13,,,free,,archive_preview_only_not_authoritative,,,holdout_only,EVID_LIT_001120; EVID_LIT_001121; EVID_LIT_001122; EVID_LIT_001123; EVID_LIT_001124; EVID_LIT_001125; EVID_LIT_001126; EVID_LIT_001127; EVID_LIT_001128; EVID_LIT_001159; EVID_LIT_001160; EVID_LIT_001161; EVID_LIT_001162,WEBR1_PROTOCOL_0175; WEBR1_PROTOCOL_0176,ASSAY_P1A_B15_05_001; ASSAY_P1A_B15_05_002,13,2,13,0,literature,1,90,8,40,pNPP hydrolysis assay at A410,p-nitrophenyl palmitate (pNPP),95,,"PDF pp. 3, 5-6; Methods 2.4 and 2.7; Results 3.4; Figure 2f; PDF pp. 3, 5-6; Methods 2.4 and 2.7; Results 3.4; Figure 2g",10.1016/j.biortech.2022.126769,,variants/LMT_0099.html,-1
LMT_0100,LMT_0100,ProRML N267,ProRML N267,ProRML N267,Rhizomucor miehei,,,,mutant_or_engineered_construct,LMT_0132,ProRML N267,P19515,,,,,sequence_ready,no,,,,,,0.349677,-0.866486,1.617909,,,evidence_rich,F9 public display table: 13 reliable observations; 0 independent sources,LMT_0100,evidence_rich,,ProRML N267,13,,,D,73.61,误差带仅说明测量不精确，不参与T7a评分,独立来源数=，独立性档=D,all_rows_complete; complete_rows=13/13,,,free,,archive_preview_only_not_authoritative,,,holdout_only,EVID_LIT_001129; EVID_LIT_001130; EVID_LIT_001131; EVID_LIT_001132; EVID_LIT_001133; EVID_LIT_001134; EVID_LIT_001135; EVID_LIT_001136; EVID_LIT_001137; EVID_LIT_001163; EVID_LIT_001164; EVID_LIT_001165; EVID_LIT_001166,WEBR1_PROTOCOL_0177; WEBR1_PROTOCOL_0178,ASSAY_P1A_B15_05_001; ASSAY_P1A_B15_05_002,13,2,13,0,literature,1,90,8,40,pNPP hydrolysis assay at A410,p-nitrophenyl palmitate (pNPP),99.8,,"PDF pp. 3, 5-6; Methods 2.4 and 2.7; Results 3.4; Figure 2f; PDF pp. 3, 5-6; Methods 2.4 and 2.7; Results 3.4; Figure 2g",10.1016/j.biortech.2022.126769,,variants/LMT_0100.html,-1
LMT_0101,LMT_0101,ProRML N300,ProRML N300,ProRML N300,Rhizomucor miehei,,,,mutant_or_engineered_construct,LMT_0132,ProRML N300,P19515,,,,,sequence_ready,no,,,,,,0.483227,-0.902174,1.790819,,,evidence_rich,F9 public display table: 13 reliable observations; 0 independent sources,LMT_0101,evidence_rich,,ProRML N300,13,,,D,73.77,误差带仅说明测量不精确，不参与T7a评分,独立来源数=，独立性档=D,all_rows_complete; complete_rows=13/13,,,free,,archive_preview_only_not_authoritative,,,holdout_only,EVID_LIT_001138; EVID_LIT_001139; EVID_LIT_001140; EVID_LIT_001141; EVID_LIT_001142; EVID_LIT_001143; EVID_LIT_001144; EVID_LIT_001145; EVID_LIT_001146; EVID_LIT_001167; EVID_LIT_001168; EVID_LIT_001169; EVID_LIT_001170,WEBR1_PROTOCOL_0179; WEBR1_PROTOCOL_0180,ASSAY_P1A_B15_05_001; ASSAY_P1A_B15_05_002,13,2,13,0,literature,1,90,8,40,pNPP hydrolysis assay at A410,p-nitrophenyl palmitate (pNPP),96.1,,"PDF pp. 3, 5-6; Methods 2.4 and 2.7; Results 3.4; Figure 2f; PDF pp. 3, 5-6; Methods 2.4 and 2.7; Results 3.4; Figure 2g",10.1016/j.biortech.2022.126769,,variants/LMT_0101.html,-1
LMT_0102,LMT_0102,Chryseobacterium polytrichastri ERMR1:04 lipase,Chryseobacterium polytrichastri ERMR1:04 lipase,Chryseobacterium polytrichastri ERMR1:04 lipase,Chryseobacterium polytrichastri,ERMR1:04,,,canonical_entity,,Chryseobacterium polytrichastri ERMR1:04 lipase,,,,,,phenotype_ready,no,,,,,,1.213181,-0.73413,3.281613,,,evidence_sparse,F9 public display table: 1 reliable observations; 0 independent sources,LMT_0102,evidence_sparse,,Chryseobacterium polytrichastri ERMR1:04 lipase,1,,,D,73.93,误差带仅说明测量不精确，不参与T7a评分,独立来源数=，独立性档=D,all_rows_complete; complete_rows=1/1,,,free,,archive_preview_only_not_authoritative,,,downweighted_train,EVID_LIT_001312,WEBR1_PROTOCOL_0181,ASSAY_P1A_B22_01_001,1,1,1,0,literature,1,5,0.5,37,pNPP spectrophotometric hydrolysis assay at A410,p-nitrophenyl palmitate,80,,pp. 2-6; Methods Effect of Organic Solvents; Figure 5A legend and Results,10.3389/fbioe.2020.00642,,variants/LMT_0102.html,-1
LMT_0103,LMT_0103,Sorangium cellulosum So0157-2 r-LipA,Sorangium cellulosum So0157-2 r-LipA,Sorangium cellulosum So0157-2 r-LipA,Sorangium cellulosum,So0157-2,,,canonical_entity,,Sorangium cellulosum So0157-2 r-LipA,,AEG47336.1,JF739860,,,sequence_ready,no,,,,,,0.782348,-0.941419,2.620645,,,evidence_sparse,F9 public display table: 2 reliable observations; 0 independent sources,LMT_0103,evidence_sparse,,Sorangium cellulosum So0157-2 r-LipA,2,,,D,74.10,误差带仅说明测量不精确，不参与T7a评分,独立来源数=，独立性档=D,all_rows_complete; complete_rows=2/2,,,free,,archive_preview_only_not_authoritative,,,downweighted_train,EVID_LIT_001313; EVID_LIT_001314,WEBR1_PROTOCOL_0182,ASSAY_P1A_B22_02_001,2,1,2,0,literature,1,25,2,30,pNP ester spectrophotometric hydrolysis assay at A410,p-nitrophenyl acetate,97.7,,pp. 6771-6772; section 2.5 and 3.8; Table 3,10.3390/ijms12106765,,variants/LMT_0103.html,-1
LMT_0104,LMT_0104,Candida viswanathii purified lipase;Candida viswanathii crude lipase,Candida viswanathii purified lipase;Candida viswanathii crude lipase,Candida viswanathii crude lipase,Candida viswanathii,,,,canonical_entity,,Candida viswanathii crude lipase,,,,,,phenotype_ready,no,,,,,,1.300113,-0.632476,3.501743,,,evidence_sparse,F9 public display table: 1 reliable observations; 0 independent sources,LMT_0104,evidence_sparse,,Candida viswanathii purified lipase;Candida viswanathii crude lipase,1,,,D,74.26,误差带仅说明测量不精确，不参与T7a评分,独立来源数=，独立性档=D,all_rows_complete; complete_rows=2/2,,,crude_preparation,,archive_preview_only_not_authoritative,,,downweighted_train | holdout_only,EVID_LIT_002404; EVID_LIT_002405,WEBR1_PROTOCOL_0183; WEBR1_PROTOCOL_0184,ASSAY_P1A_MAN42_03_TABLE6_PURIFIED_STABILITY; ASSAY_P1A_MAN42_03_TABLE6_CRUDE_STABILITY,2,2,2,0,literature,1,10,2,30,residual activity assay after solvent preincubation in sealed flasks,not_reported,84.6,,Methods 2.8.4; Table 6,10.1155/2016/1353497,,variants/LMT_0104.html,-1
LMT_0105,LMT_0105,Bacillus sp. PS35 C-4 lipase,Bacillus sp. PS35 C-4 lipase,Bacillus sp. PS35 C-4 lipase,Bacillus sp.,PS35,,,canonical_entity,,Bacillus sp. PS35 C-4 lipase,,AIW00097.1,KM225297,,,sequence_ready,no,,,,,,1.360109,-0.503134,3.31137,,,evidence_sparse,F9 public display table: 1 reliable observations; 0 independent sources,LMT_0105,evidence_sparse,,Bacillus sp. PS35 C-4 lipase,1,,,D,31.15,误差带仅说明测量不精确，不参与T7a评分,独立来源数=，独立性档=D,no_complete_rows; complete_rows=0/1,,,free,,archive_preview_only_not_authoritative,,,downweighted_train,EVID_LIT_001320,WEBR1_PROTOCOL_0185,ASSAY_P1A_B23_01_001,1,1,1,0,literature,1,10,1,not_reported,p-NPP spectrophotometric hydrolysis assay at A410,p-nitrophenyl palmitate,53,,page 42; Figure 2 and section 2.7/3.2,10.15171/ijb.1225,,variants/LMT_0105.html,-1
LMT_0106,LMT_0106,Pseudomonas fluorescens SBW25 recombinant LipB,Pseudomonas fluorescens SBW25 recombinant LipB,Pseudomonas fluorescens SBW25 recombinant LipB,Pseudomonas fluorescens,SBW25,,,canonical_entity,,Pseudomonas fluorescens SBW25 recombinant LipB,,,,,,phenotype_ready,no,,,,,,0.976616,-0.721111,2.607925,,,evidence_sparse,F9 public display table: 2 reliable observations; 0 independent sources,LMT_0106,evidence_sparse,,Pseudomonas fluorescens SBW25 recombinant LipB,2,,,D,74.43,误差带仅说明测量不精确，不参与T7a评分,独立来源数=，独立性档=D,all_rows_complete; complete_rows=2/2,,,free,,archive_preview_only_not_authoritative,,,downweighted_train,EVID_LIT_001329; EVID_LIT_001330,WEBR1_PROTOCOL_0186; WEBR1_PROTOCOL_0187,ASSAY_P1A_B23_05_001,2,2,2,0,literature,1,30,2,40,p-NP ester spectrophotometric hydrolysis assay at A410 after solvent pre-incubation,p-nitrophenyl ester; exact chain length for solvent panel not separately specified,91.25,,pages 8-9 and 13-14; Table 4 and section 3.4,10.3390/ijms24108924,,variants/LMT_0106.html,-1
LMT_0107,LMT_0107,Ralstonia pickettii BK6 recombinant LipRM,Ralstonia pickettii BK6 recombinant LipRM,Ralstonia pickettii BK6 recombinant LipRM,Ralstonia pickettii,BK6,,,canonical_entity,,Ralstonia pickettii BK6 recombinant LipRM,,,,,,phenotype_ready,no,,,,,,0.956877,-0.6872,2.701484,,,evidence_sparse,F9 public display table: 2 reliable observations; 0 independent sources,LMT_0107,evidence_sparse,,Ralstonia pickettii BK6 recombinant LipRM,2,,,D,74.59,误差带仅说明测量不精确，不参与T7a评分,独立来源数=，独立性档=D,all_rows_complete; complete_rows=2/2,,,free,,archive_preview_only_not_authoritative,,,downweighted_train,EVID_LIT_001331; EVID_LIT_001332,WEBR1_PROTOCOL_0188,ASSAY_P1A_B24_02_001,2,1,2,0,literature,1,30,0.5,30,pNP-laurate spectrophotometric hydrolysis assay at A405,p-nitrophenyl laurate,147.6,,pages 73 and 77; Methods 2.7-2.8; Results 3.4.5; Table 2,10.4308/hjb.30.1.71-80,,variants/LMT_0107.html,-1
LMT_0108,LMT_0108,Pseudomonas fluorescens lipase PFL,Pseudomonas fluorescens lipase PFL,Pseudomonas fluorescens lipase PFL,Pseudomonas fluorescens,,,,canonical_entity,,Pseudomonas fluorescens lipase PFL,,AAC15585.1,,,,sequence_ready,no,,,,,,0.939888,-0.79177,2.709353,,,evidence_sparse,F9 public display table: 1 reliable observations; 0 independent sources,LMT_0108,evidence_sparse,,Pseudomonas fluorescens lipase PFL,1,,,D,41.97,误差带仅说明测量不精确，不参与T7a评分,独立来源数=，独立性档=D,partial_rows_complete; complete_rows=1/2,,,free,,archive_preview_only_not_authoritative,,,holdout_only | downweighted_train,EVID_LIT_001333; EVID_LIT_001334,WEBR1_PROTOCOL_0189; WEBR1_PROTOCOL_0190,ASSAY_P1A_B24_03_001; ASSAY_P1A_B24_03_002,2,2,2,0,literature,1,50,4,4 | needs_manual_check,pNP-caprylate spectrophotometric hydrolysis assay,p-nitrophenyl caprylate,95,,pages 2 and 6; organic-solvent methods and Figure 3D text; page 9; Methanol Tolerance of PFL and Its Mutants; Figure 7,10.3389/fbioe.2020.01034,,variants/LMT_0108.html,-1
LMT_0109,LMT_0109,Pseudomonas fluorescens lipase PFL P184C/M243C,Pseudomonas fluorescens lipase PFL P184C/M243C,Pseudomonas fluorescens lipase PFL P184C/M243C,Pseudomonas fluorescens,,,,mutant_or_engineered_construct,LMT_0108,Pseudomonas fluorescens lipase PFL P184C/M243C,,,,,,phenotype_ready,no,,,,,,0.89694,-0.800673,2.954348,,,evidence_sparse,F9 public display table: 1 reliable observations; 0 independent sources,LMT_0109,evidence_sparse,,Pseudomonas fluorescens lipase PFL P184C/M243C,1,,,D,25.57,误差带仅说明测量不精确，不参与T7a评分,独立来源数=，独立性档=D,no_complete_rows; complete_rows=0/1,,,purified_free,,archive_preview_only_not_authoritative,,,downweighted_train,EVID_LIT_001335,WEBR1_PROTOCOL_0191,ASSAY_P1A_B24_03_002,1,1,1,0,literature,1,50,6,not_reported,pNP-caprylate spectrophotometric hydrolysis assay,p-nitrophenyl caprylate,32,,page 9; Methanol Tolerance of PFL and Its Mutants; Figure 7,10.3389/fbioe.2020.01034,,variants/LMT_0109.html,-1
LMT_0110,LMT_0110,Pseudomonas fluorescens lipase PFL L218P,Pseudomonas fluorescens lipase PFL L218P,Pseudomonas fluorescens lipase PFL L218P,Pseudomonas fluorescens,,,,mutant_or_engineered_construct,LMT_0108,Pseudomonas fluorescens lipase PFL L218P,,,,,,phenotype_ready,no,,,,,,1.02292,-0.919423,2.885382,,,evidence_sparse,F9 public display table: 1 reliable observations; 0 independent sources,LMT_0110,evidence_sparse,,Pseudomonas fluorescens lipase PFL L218P,1,,,D,25.74,误差带仅说明测量不精确，不参与T7a评分,独立来源数=，独立性档=D,no_complete_rows; complete_rows=0/1,,,purified_free,,archive_preview_only_not_authoritative,,,downweighted_train,EVID_LIT_001336,WEBR1_PROTOCOL_0192,ASSAY_P1A_B24_03_002,1,1,1,0,literature,1,50,6,not_reported,pNP-caprylate spectrophotometric hydrolysis assay,p-nitrophenyl caprylate,20.3,,page 9; Methanol Tolerance of PFL and Its Mutants; Figure 7,10.3389/fbioe.2020.01034,,variants/LMT_0110.html,-1
LMT_0111,LMT_0111,Pseudomonas fluorescens lipase PFL P184C/M243C/L218P,Pseudomonas fluorescens lipase PFL P184C/M243C/L218P,Pseudomonas fluorescens lipase PFL P184C/M243C/L218P,Pseudomonas fluorescens,,,,mutant_or_engineered_construct,LMT_0108,Pseudomonas fluorescens lipase PFL P184C/M243C/L218P,,,,,,phenotype_ready,no,,,,,,0.783695,-1.131832,2.688461,,,evidence_sparse,F9 public display table: 1 reliable observations; 0 independent sources,LMT_0111,evidence_sparse,,Pseudomonas fluorescens lipase PFL P184C/M243C/L218P,1,,,D,25.90,误差带仅说明测量不精确，不参与T7a评分,独立来源数=，独立性档=D,no_complete_rows; complete_rows=0/1,,,purified_free,,archive_preview_only_not_authoritative,,,downweighted_train,EVID_LIT_001337,WEBR1_PROTOCOL_0193,ASSAY_P1A_B24_03_002,1,1,1,0,literature,1,50,6,not_reported,pNP-caprylate spectrophotometric hydrolysis assay,p-nitrophenyl caprylate,47.5,,page 9; Methanol Tolerance of PFL and Its Mutants; Figure 7,10.3389/fbioe.2020.01034,,variants/LMT_0111.html,-1
LMT_0112,LMT_0112,Rhizomucor endophyticus recombinant ReLipA,Rhizomucor endophyticus recombinant ReLipA,Rhizomucor endophyticus recombinant ReLipA,Rhizomucor endophyticus,,,,canonical_entity,,Rhizomucor endophyticus recombinant ReLipA,,AGV00787.1,KF203134,,,sequence_ready,no,,,,,,0.608882,-1.513408,2.520921,,,evidence_sparse,F9 public display table: 1 reliable observations; 0 independent sources,LMT_0112,evidence_sparse,,Rhizomucor endophyticus recombinant ReLipA,1,,,D,74.75,误差带仅说明测量不精确，不参与T7a评分,独立来源数=，独立性档=D,all_rows_complete; complete_rows=1/1,,,free,,archive_preview_only_not_authoritative,,,downweighted_train,EVID_LIT_001339,WEBR1_PROTOCOL_0194,ASSAY_P1A_B24_05_001,1,1,1,0,literature,1,30,1,30,pNP-laurate spectrophotometric hydrolysis assay at A410,p-nitrophenyl laurate,113,,pages 11-12 and Methods; chemical stability paragraph,10.1186/s13068-016-0501-6,,variants/LMT_0112.html,-1
LMT_0113,LMT_0113,Antarctic Pseudomonas sp. AMS3 recombinant AMS3 lipase,Antarctic Pseudomonas sp. AMS3 recombinant AMS3 lipase,Antarctic Pseudomonas sp. AMS3 recombinant AMS3 lipase,Antarctic Pseudomonas,sp. AMS3,,,canonical_entity,,Antarctic Pseudomonas sp. AMS3 recombinant AMS3 lipase,,,,,,phenotype_ready,no,,,,,,1.296996,-0.428829,3.154371,,,evidence_sparse,F9 public display table: 1 reliable observations; 0 independent sources,LMT_0113,evidence_sparse,,Antarctic Pseudomonas sp. AMS3 recombinant AMS3 lipase,1,,,D,74.92,误差带仅说明测量不精确，不参与T7a评分,独立来源数=，独立性档=D,all_rows_complete; complete_rows=1/1,,,free,,archive_preview_only_not_authoritative,,,downweighted_train,EVID_LIT_001340,WEBR1_PROTOCOL_0195,ASSAY_P1A_B25_01_001,1,1,1,0,literature,1,25,0.5,50,Kwon and Rhee olive-oil colorimetric lipase assay,olive oil,89,,pages 5 and 14; Effect of organic solvents; Figure 7,10.7717/peerj.2420,,variants/LMT_0113.html,-1
LMT_0114,LMT_0114,Metagenomic LipC12 true lipase,Metagenomic LipC12 true lipase,Metagenomic LipC12 true lipase,fat-contaminated soil,metagenome,,,mutant_or_engineered_construct,LMT_0114,Metagenomic LipC12 true lipase,,,,,6CL4,structure_ready,no,,,,,,,,,,,evidence_absent,F9 public display table: 0 reliable observations; 0 independent sources,LMT_0114,evidence_absent,,Metagenomic LipC12 true lipase,0,,,D,75.08,误差带仅说明测量不精确，不参与T7a评分,独立来源数=，独立性档=D,all_rows_complete; complete_rows=2/2,,,free,,archive_preview_only_not_authoritative,,,downweighted_train,EVID_LIT_001341; EVID_LIT_001342,WEBR1_PROTOCOL_0196,ASSAY_P1A_B25_02_001,2,1,2,0,literature,1,30,48,4,pNPP spectrophotometric hydrolysis assay at A410,p-nitrophenyl palmitate,1561.1,,pages 7-8 and Methods; Table 2,10.1186/1475-2859-10-54,,variants/LMT_0114.html,-1
LMT_0115,LMT_0115,Haliclona simulans metagenomic recombinant Lpc53E1 lipase,Haliclona simulans metagenomic recombinant Lpc53E1 lipase,Haliclona simulans metagenomic recombinant Lpc53E1 lipase,Haliclona simulans,marine sponge metagenome,,,canonical_entity,,Haliclona simulans metagenomic recombinant Lpc53E1 lipase,,,,,,phenotype_ready,no,,,,,,0.400124,-1.4403,2.538981,,,evidence_sparse,F9 public display table: 1 reliable observations; 0 independent sources,LMT_0115,evidence_sparse,,Haliclona simulans metagenomic recombinant Lpc53E1 lipase,1,,,D,75.25,误差带仅说明测量不精确，不参与T7a评分,独立来源数=，独立性档=D,all_rows_complete; complete_rows=2/2,,,free,,archive_preview_only_not_authoritative,,,downweighted_train,EVID_LIT_001343; EVID_LIT_001344,WEBR1_PROTOCOL_0197,ASSAY_P1A_B25_03_001,2,1,2,0,literature,1,20,24,4,pNP-palmitate spectrophotometric hydrolysis assay at A405,p-nitrophenyl palmitate,220.5,,pages 9-12; Table 2; Solvent stability methods,10.1186/1475-2859-11-72,,variants/LMT_0115.html,-1
LMT_0116,LMT_0116,Streptomyces sp. A3301 purified lipase,Streptomyces sp. A3301 purified lipase,Streptomyces sp. A3301 purified lipase,Streptomyces sp.,A3301,,,canonical_entity,,Streptomyces sp. A3301 purified lipase,,,,,,phenotype_ready,no,,,,,,1.430568,-0.465475,3.582904,,,evidence_sparse,F9 public display table: 1 reliable observations; 0 independent sources,LMT_0116,evidence_sparse,,Streptomyces sp. A3301 purified lipase,1,,,D,75.41,误差带仅说明测量不精确，不参与T7a评分,独立来源数=，独立性档=D,all_rows_complete; complete_rows=1/1,,,free,,archive_preview_only_not_authoritative,,,downweighted_train,EVID_LIT_001346,WEBR1_PROTOCOL_0198,ASSAY_P1A_B25_05_001,1,1,1,0,literature,1,25,1,30,pNPP spectrophotometric hydrolysis assay at A410,p-nitrophenyl palmitate,35,,pages 7 and 13; Effect of organic solvent on lipase stability; Table 2,10.48048/tis.2024.8504,,variants/LMT_0116.html,-1
LMT_0117,LMT_0117,Xanthomonas oryzae pv. oryzae YB103 purified LipXO,Xanthomonas oryzae pv. oryzae YB103 purified LipXO,Xanthomonas oryzae pv. oryzae YB103 purified LipXO,Xanthomonas oryzae pv. oryzae,YB103,,,canonical_entity,,Xanthomonas oryzae pv. oryzae YB103 purified LipXO,,,,,,phenotype_ready,no,,,,,,0.315533,-1.648095,2.11915,,,evidence_sparse,F9 public display table: 1 reliable observations; 0 independent sources,LMT_0117,evidence_sparse,,Xanthomonas oryzae pv. oryzae YB103 purified LipXO,1,,,D,55.57,误差带仅说明测量不精确，不参与T7a评分,独立来源数=，独立性档=D,all_rows_complete; complete_rows=1/1,,,free,,archive_preview_only_not_authoritative,,,downweighted_train,EVID_LIT_001669,WEBR1_PROTOCOL_0199,ASSAY_P1A_LU01_02_001,1,1,1,0,literature,1,20,24,70,pNPL colorimetric hydrolysis assay at 70 C,p-nitrophenyl laurate,107,,page 6; Effect of organic solvents on lipase stability; Figure 4,10.1007/s00792-016-0809-y,,variants/LMT_0117.html,-1
LMT_0118,LMT_0118,Pseudomonas brenneri H3 partially purified lipase,Pseudomonas brenneri H3 partially purified lipase,Pseudomonas brenneri H3 partially purified lipase,Pseudomonas brenneri,H3,,,canonical_entity,,Pseudomonas brenneri H3 partially purified lipase,,,,,,phenotype_ready,no,,,,,,0.833985,-0.419026,2.260545,,,evidence_rich,F9 public display table: 10 reliable observations; 0 independent sources,LMT_0118,evidence_rich,,Pseudomonas brenneri H3 partially purified lipase,10,,,D,75.57,误差带仅说明测量不精确，不参与T7a评分,独立来源数=，独立性档=D,all_rows_complete; complete_rows=10/10,,,free,,archive_preview_only_not_authoritative,,,downweighted_train,EVID_LIT_001670; EVID_LIT_001671; EVID_LIT_001672; EVID_LIT_001673; EVID_LIT_001674; EVID_LIT_001675; EVID_LIT_001676; EVID_LIT_001677; EVID_LIT_001678; EVID_LIT_001679,WEBR1_PROTOCOL_0200; WEBR1_PROTOCOL_0201,ASSAY_P1A_LU01_03_001,10,2,10,0,literature,1,30,24,28 | 40,pNPP spectrophotometric hydrolysis assay,p-nitrophenyl palmitate,102.5,,page 5; Table 3; section 3.4.4,10.1016/j.bcab.2020.101806,,variants/LMT_0118.html,-1
LMT_0120,LMT_0120,Rhizomucor miehei ProRML N9A/N59A;Rhizomucor miehei ProRML N9A/N59A biodiesel process,Rhizomucor miehei ProRML N9A/N59A;Rhizomucor miehei ProRML N9A/N59A biodiesel process,Rhizomucor miehei ProRML N9A/N59A,Rhizomucor miehei,,Pichia pastoris,,known_duplicate_alias,LMT_0132,N9A/N59A,P19515,,,,,sequence_ready,no,,,,,,1.314042,0.094902,2.676281,,,evidence_rich,F9 public display table: 26 reliable observations; 0 independent sources,LMT_0120,evidence_rich,,Rhizomucor miehei ProRML N9A/N59A;Rhizomucor miehei ProRML N9A/N59A biodiesel process,26,,,D,31.31,误差带仅说明测量不精确，不参与T7a评分,独立来源数=，独立性档=D,no_complete_rows; complete_rows=0/27,,,free | purified_free,,archive_preview_only_not_authoritative,,,downweighted_train,EVID_LIT_001690; EVID_LIT_001691; EVID_LIT_001692; EVID_LIT_001693; EVID_LIT_001694; EVID_LIT_001695; EVID_LIT_001696; EVID_LIT_001697; EVID_LIT_001698; EVID_LIT_001748; EVID_LIT_001749; EVID_LIT_001750; EVID_LIT_001751; EVID_LIT_001440; EVID_LIT_001441; EVID_LIT_001442; EVID_LIT_001443; EVID_LIT_001444; EVID_LIT_001445; EVID_LIT_001446; EVID_LIT_001447; EVID_LIT_001448; EVID_LIT_001498; EVID_LIT_001499; EVID_LIT_001500; EVID_LIT_001501; EVID_LIT_001596,WEBR1_PROTOCOL_0202; WEBR1_PROTOCOL_0203; WEBR1_PROTOCOL_0204; WEBR1_PROTOCOL_0205; WEBR1_PROTOCOL_0206,ASSAY_P1A_LU01_05_FIG5A; ASSAY_P1A_LU01_05_FIG5B; ASSAY_P1A_B28_ITEM5_FIG5A_RML_NGLYCO_MEOH_1H; ASSAY_P1A_B28_ITEM5_FIG5B_RML_NGLYCO_MEOH50_TIME; ASSAY_P1A_B29_RML_NGLYCO_SUPP_S3B_MEOH50_TIME,27,5,27,0,literature,2,90,8,not_reported,PNPP spectrophotometric hydrolysis assay | p-nitrophenyl palmitate hydrolysis assay at A410,para-nitrophenyl palmitate | p-nitrophenyl palmitate,98,,page 5; Methanol tolerance assay; Figure 5A; page 5; Methanol tolerance assay; Figure 5B; PDF pp. 5-6; Section 2.8; Figure 5a; PDF pp. 5-6; Section 2.8; Figure 5b; PDF pp. 4-6 Section 2.8 and 3.7; Supplement DOCX Fig. S3b caption/image6,10.1186/s13068-021-02087-6 | 10.1016/j.enzmictec.2022.110072,,variants/LMT_0120.html,-1
LMT_0121,LMT_0121,Rhizomucor miehei ProRML N93;Rhizomucor miehei ProRML N93 biodiesel process,Rhizomucor miehei ProRML N93;Rhizomucor miehei ProRML N93 biodiesel process,Rhizomucor miehei ProRML N93,Rhizomucor miehei,,Pichia pastoris,,known_duplicate_alias,LMT_0132,Rhizomucor miehei ProRML N93,P19515,,,,,sequence_ready,no,,,,,,1.544395,0.242914,2.988438,,,evidence_rich,F9 public display table: 13 reliable observations; 0 independent sources,LMT_0121,evidence_rich,,Rhizomucor miehei ProRML N93;Rhizomucor miehei ProRML N93 biodiesel process,13,,,D,26.07,误差带仅说明测量不精确，不参与T7a评分,独立来源数=，独立性档=D,no_complete_rows; complete_rows=0/13,,,free,,archive_preview_only_not_authoritative,,,downweighted_train,EVID_LIT_001699; EVID_LIT_001700; EVID_LIT_001701; EVID_LIT_001702; EVID_LIT_001703; EVID_LIT_001704; EVID_LIT_001705; EVID_LIT_001706; EVID_LIT_001707; EVID_LIT_001752; EVID_LIT_001753; EVID_LIT_001754; EVID_LIT_001755,WEBR1_PROTOCOL_0207; WEBR1_PROTOCOL_0208,ASSAY_P1A_LU01_05_FIG5A; ASSAY_P1A_LU01_05_FIG5B,13,2,13,0,literature,1,90,8,not_reported,PNPP spectrophotometric hydrolysis assay,para-nitrophenyl palmitate,71,,page 5; Methanol tolerance assay; Figure 5A; page 5; Methanol tolerance assay; Figure 5B,10.1186/s13068-021-02087-6,,variants/LMT_0121.html,-1
LMT_0122,LMT_0122,Rhizomucor miehei ProRML N115;Rhizomucor miehei ProRML N115 biodiesel process,Rhizomucor miehei ProRML N115;Rhizomucor miehei ProRML N115 biodiesel process,Rhizomucor miehei ProRML N115,Rhizomucor miehei,,Pichia pastoris,,known_duplicate_alias,LMT_0132,Rhizomucor miehei ProRML N115,P19515,,,,,sequence_ready,no,,,,,,0.935965,-0.343027,2.250649,,,evidence_rich,F9 public display table: 13 reliable observations; 0 independent sources,LMT_0122,evidence_rich,,Rhizomucor miehei ProRML N115;Rhizomucor miehei ProRML N115 biodiesel process,13,,,D,31.48,误差带仅说明测量不精确，不参与T7a评分,独立来源数=，独立性档=D,no_complete_rows; complete_rows=0/13,,,free,,archive_preview_only_not_authoritative,,,downweighted_train,EVID_LIT_001708; EVID_LIT_001709; EVID_LIT_001710; EVID_LIT_001711; EVID_LIT_001712; EVID_LIT_001713; EVID_LIT_001714; EVID_LIT_001715; EVID_LIT_001716; EVID_LIT_001756; EVID_LIT_001757; EVID_LIT_001758; EVID_LIT_001759,WEBR1_PROTOCOL_0209; WEBR1_PROTOCOL_0210,ASSAY_P1A_LU01_05_FIG5A; ASSAY_P1A_LU01_05_FIG5B,13,2,13,0,literature,1,90,8,not_reported,PNPP spectrophotometric hydrolysis assay,para-nitrophenyl palmitate,88,,page 5; Methanol tolerance assay; Figure 5A; page 5; Methanol tolerance assay; Figure 5B,10.1186/s13068-021-02087-6,,variants/LMT_0122.html,-1
LMT_0123,LMT_0123,Rhizomucor miehei ProRML N183;Rhizomucor miehei ProRML N183 biodiesel process,Rhizomucor miehei ProRML N183;Rhizomucor miehei ProRML N183 biodiesel process,Rhizomucor miehei ProRML N183,Rhizomucor miehei,,Pichia pastoris,,known_duplicate_alias,LMT_0132,Rhizomucor miehei ProRML N183,P19515,,,,,sequence_ready,no,,,,,,1.231887,-0.166246,2.612621,,,evidence_rich,F9 public display table: 13 reliable observations; 0 independent sources,LMT_0123,evidence_rich,,Rhizomucor miehei ProRML N183;Rhizomucor miehei ProRML N183 biodiesel process,13,,,D,31.64,误差带仅说明测量不精确，不参与T7a评分,独立来源数=，独立性档=D,no_complete_rows; complete_rows=0/13,,,free,,archive_preview_only_not_authoritative,,,downweighted_train,EVID_LIT_001717; EVID_LIT_001718; EVID_LIT_001719; EVID_LIT_001720; EVID_LIT_001721; EVID_LIT_001722; EVID_LIT_001723; EVID_LIT_001724; EVID_LIT_001725; EVID_LIT_001760; EVID_LIT_001761; EVID_LIT_001762; EVID_LIT_001763,WEBR1_PROTOCOL_0211; WEBR1_PROTOCOL_0212,ASSAY_P1A_LU01_05_FIG5A; ASSAY_P1A_LU01_05_FIG5B,13,2,13,0,literature,1,90,8,not_reported,PNPP spectrophotometric hydrolysis assay,para-nitrophenyl palmitate,47,,page 5; Methanol tolerance assay; Figure 5A; page 5; Methanol tolerance assay; Figure 5B,10.1186/s13068-021-02087-6,,variants/LMT_0123.html,-1
LMT_0124,LMT_0124,Rhizomucor miehei ProRML N260;Rhizomucor miehei ProRML N260 biodiesel process,Rhizomucor miehei ProRML N260;Rhizomucor miehei ProRML N260 biodiesel process,Rhizomucor miehei ProRML N260,Rhizomucor miehei,,Pichia pastoris,,known_duplicate_alias,LMT_0132,Rhizomucor miehei ProRML N260,P19515,,,,,sequence_ready,no,,,,,,0.753498,-0.598179,2.106216,,,evidence_rich,F9 public display table: 13 reliable observations; 0 independent sources,LMT_0124,evidence_rich,,Rhizomucor miehei ProRML N260;Rhizomucor miehei ProRML N260 biodiesel process,13,,,D,31.80,误差带仅说明测量不精确，不参与T7a评分,独立来源数=，独立性档=D,no_complete_rows; complete_rows=0/13,,,free,,archive_preview_only_not_authoritative,,,downweighted_train,EVID_LIT_001726; EVID_LIT_001727; EVID_LIT_001728; EVID_LIT_001729; EVID_LIT_001730; EVID_LIT_001731; EVID_LIT_001732; EVID_LIT_001733; EVID_LIT_001734; EVID_LIT_001764; EVID_LIT_001765; EVID_LIT_001766; EVID_LIT_001767,WEBR1_PROTOCOL_0213; WEBR1_PROTOCOL_0214,ASSAY_P1A_LU01_05_FIG5A; ASSAY_P1A_LU01_05_FIG5B,13,2,13,0,literature,1,90,8,not_reported,PNPP spectrophotometric hydrolysis assay,para-nitrophenyl palmitate,96,,page 5; Methanol tolerance assay; Figure 5A; page 5; Methanol tolerance assay; Figure 5B,10.1186/s13068-021-02087-6,,variants/LMT_0124.html,-1
LMT_0125,LMT_0125,Rhizomucor miehei ProRML N218;Rhizomucor miehei ProRML N218 biodiesel process,Rhizomucor miehei ProRML N218;Rhizomucor miehei ProRML N218 biodiesel process,Rhizomucor miehei ProRML N218,Rhizomucor miehei,,Pichia pastoris,,known_duplicate_alias,LMT_0132,Rhizomucor miehei ProRML N218,P19515,,,,,sequence_ready,no,,,,,,0.530229,-0.892331,1.941874,,,evidence_rich,F9 public display table: 13 reliable observations; 0 independent sources,LMT_0125,evidence_rich,,Rhizomucor miehei ProRML N218;Rhizomucor miehei ProRML N218 biodiesel process,13,,,D,31.97,误差带仅说明测量不精确，不参与T7a评分,独立来源数=，独立性档=D,no_complete_rows; complete_rows=0/13,,,free,,archive_preview_only_not_authoritative,,,downweighted_train,EVID_LIT_001735; EVID_LIT_001736; EVID_LIT_001737; EVID_LIT_001738; EVID_LIT_001739; EVID_LIT_001740; EVID_LIT_001741; EVID_LIT_001742; EVID_LIT_001743; EVID_LIT_001768; EVID_LIT_001769; EVID_LIT_001770; EVID_LIT_001771,WEBR1_PROTOCOL_0215; WEBR1_PROTOCOL_0216,ASSAY_P1A_LU01_05_FIG5A; ASSAY_P1A_LU01_05_FIG5B,13,2,13,0,literature,1,90,8,not_reported,PNPP spectrophotometric hydrolysis assay,para-nitrophenyl palmitate,99,,page 5; Methanol tolerance assay; Figure 5A; page 5; Methanol tolerance assay; Figure 5B,10.1186/s13068-021-02087-6,,variants/LMT_0125.html,-1
LMT_0126,LMT_0126,Bacillus sp. HT19 recombinant Lip256,Bacillus sp. HT19 recombinant Lip256,Bacillus sp. HT19 recombinant Lip256,Bacillus sp.,HT19,Escherichia coli,,canonical_entity,,Bacillus sp. HT19 recombinant Lip256,,,,,,sequence_ready,no,,,,,,0.664485,-1.33342,2.689737,,,evidence_sparse,F9 public display table: 1 reliable observations; 0 independent sources,LMT_0126,evidence_sparse,,Bacillus sp. HT19 recombinant Lip256,1,,,D,75.74,误差带仅说明测量不精确，不参与T7a评分,独立来源数=，独立性档=D,all_rows_complete; complete_rows=1/1,,,free,,archive_preview_only_not_authoritative,,,downweighted_train,EVID_LIT_001800,WEBR1_PROTOCOL_0217,ASSAY_P1A_LU02_01_001,1,1,1,0,literature,1,50,1,70,pNPP spectrophotometric hydrolysis assay,p-nitrophenyl palmitate,68.37,,pages 3 and 8; Effect of Organic Solvents on Lipase Activity; Table 2,10.1007/s11745-017-4265-y,,variants/LMT_0126.html,-1
LMT_0127,LMT_0127,Haloarcula sp. G41 purified extracellular lipase,Haloarcula sp. G41 purified extracellular lipase,Haloarcula sp. G41 purified extracellular lipase,Haloarcula sp.,G41,,,canonical_entity,,Haloarcula sp. G41 purified extracellular lipase,,,,,,phenotype_ready,no,,,,,,0.557853,-1.456785,2.550832,,,evidence_sparse,F9 public display table: 1 reliable observations; 0 independent sources,LMT_0127,evidence_sparse,,Haloarcula sp. G41 purified extracellular lipase,1,,,D,75.90,误差带仅说明测量不精确，不参与T7a评分,独立来源数=，独立性档=D,all_rows_complete; complete_rows=1/1,,,free,,archive_preview_only_not_authoritative,,,downweighted_train,EVID_LIT_001801,WEBR1_PROTOCOL_0218,ASSAY_P1A_LU02_02_001,1,1,1,0,literature,1,30,48,30,pNPP spectrophotometric hydrolysis assay at 70 C,p-nitrophenyl palmitate,48.2,,pages 3 and 7; Lipase activity and stability in organic solvents; Table 4,10.1007/s12223-014-0320-8,,variants/LMT_0127.html,-1
LMT_0128,LMT_0128,Haloferax mediterranei CNCMM 50101 purified HML lipase,Haloferax mediterranei CNCMM 50101 purified HML lipase,Haloferax mediterranei CNCMM 50101 purified HML lipase,Haloferax mediterranei,CNCMM 50101,,,canonical_entity,,Haloferax mediterranei CNCMM 50101 purified HML lipase,,,,,,phenotype_ready,no,,,,,,0.064455,-1.854894,2.134738,,,evidence_sparse,F9 public display table: 1 reliable observations; 0 independent sources,LMT_0128,evidence_sparse,,Haloferax mediterranei CNCMM 50101 purified HML lipase,1,,,D,55.74,误差带仅说明测量不精确，不参与T7a评分,独立来源数=，独立性档=D,all_rows_complete; complete_rows=1/1,,,free,,archive_preview_only_not_authoritative,,,downweighted_train,EVID_LIT_001804,WEBR1_PROTOCOL_0219,ASSAY_P1A_LU02_03_001,1,1,1,0,literature,1,25,24,50,pH-stat titrimetric olive-oil hydrolysis assay,olive oil emulsion,158,,"pages 4, 10, and 11; section 2.9.1; section 3.7.1; Figure 5A",10.1016/j.ijbiomac.2018.05.087,,variants/LMT_0128.html,-1
LMT_0129,LMT_0129,Antarctic Pseudomonas sp. AMS8 purified recombinant lipase,Antarctic Pseudomonas sp. AMS8 purified recombinant lipase,Antarctic Pseudomonas sp. AMS8 purified recombinant lipase,Antarctic Pseudomonas,sp. AMS8,Escherichia coli,,canonical_entity,,Antarctic Pseudomonas sp. AMS8 purified recombinant lipase,,,,,,phenotype_ready,no,,,,,,0.945289,-1.112942,2.910132,,,evidence_sparse,F9 public display table: 1 reliable observations; 0 independent sources,LMT_0129,evidence_sparse,,Antarctic Pseudomonas sp. AMS8 purified recombinant lipase,1,,,D,76.07,误差带仅说明测量不精确，不参与T7a评分,独立来源数=，独立性档=D,all_rows_complete; complete_rows=1/1,,,free,,archive_preview_only_not_authoritative,,,downweighted_train,EVID_LIT_001805,WEBR1_PROTOCOL_0220,ASSAY_P1A_LU02_04_001,1,1,1,0,literature,1,25,0.5,15,colorimetric olive-oil hydrolysis assay at 30 C,olive oil,88.3,,pages 3 and 8; section 2.7.7; Table 3; section 3.7,10.1016/j.ijbiomac.2016.06.095,,variants/LMT_0129.html,-1
LMT_0130,LMT_0130,Pseudomonas aeruginosa FW_SH-1 purified extracellular lipase,Pseudomonas aeruginosa FW_SH-1 purified extracellular lipase,Pseudomonas aeruginosa FW_SH-1 purified extracellular lipase,Pseudomonas aeruginosa,FW_SH-1,,,canonical_entity,,Pseudomonas aeruginosa FW_SH-1 purified extracellular lipase,,,,,,phenotype_ready,no,,,,,,0.798697,-1.274014,2.845438,,,evidence_sparse,F9 public display table: 1 reliable observations; 0 independent sources,LMT_0130,evidence_sparse,,Pseudomonas aeruginosa FW_SH-1 purified extracellular lipase,1,,,D,76.23,误差带仅说明测量不精确，不参与T7a评分,独立来源数=，独立性档=D,all_rows_complete; complete_rows=1/1,,,free,,archive_preview_only_not_authoritative,,,downweighted_train,EVID_LIT_001807,WEBR1_PROTOCOL_0221,ASSAY_P1A_LU02_05_001,1,1,1,0,literature,1,25,1,45,pNPP spectrophotometric hydrolysis assay,p-nitrophenyl palmitate,97.18,,pages 3-4; Effect of organic solvents on lipase activity; Table 2,not_reported | REF_P1A_LU02_05,,variants/LMT_0130.html,-1
LMT_0131,LMT_0131,Psychrobacter sp. ZY124 Lipase ZC12,Psychrobacter sp. ZY124 Lipase ZC12,Psychrobacter sp. ZY124 Lipase ZC12,Psychrobacter sp.,ZY124,,,canonical_entity,,Psychrobacter sp. ZY124 Lipase ZC12,,,,,,phenotype_ready,no,,,,,,0.371004,-0.969373,1.832922,,,evidence_rich,F9 public display table: 8 reliable observations; 0 independent sources,LMT_0131,evidence_rich,,Psychrobacter sp. ZY124 Lipase ZC12,8,,,D,55.90,误差带仅说明测量不精确，不参与T7a评分,独立来源数=，独立性档=D,all_rows_complete; complete_rows=8/8,,,free,,archive_preview_only_not_authoritative,,,downweighted_train,EVID_LIT_001808; EVID_LIT_001809; EVID_LIT_001810; EVID_LIT_001811; EVID_LIT_001812; EVID_LIT_001813; EVID_LIT_001814; EVID_LIT_001815,WEBR1_PROTOCOL_0222; WEBR1_PROTOCOL_0223,ASSAY_P1A_LU03_01_FIG7A; ASSAY_P1A_LU03_01_FIG7B,8,2,8,0,literature,1,90,720,37,pNPP spectrophotometric hydrolysis assay,p-nitrophenyl palmitate,90,,page 11; Organic solvent tolerance and stability of lipase; Fig. 7a; page 11; Organic solvent tolerance and stability of lipase; Fig. 7b,10.1007/s00792-018-0997-8,,variants/LMT_0131.html,-1
LMT_0132,LMT_0132,Rhizomucor miehei ProRML WT;Rhizomucor miehei Pro-RML WT;Rhizomucor miehei lipase WT;Rhizomucor miehei ProRML WT biodiesel process;Rhizomucor miehei Pro-RML WT biodiesel process,Rhizomucor miehei ProRML WT;Rhizomucor miehei Pro-RML WT;Rhizomucor miehei lipase WT;Rhizomucor miehei ProRML WT biodiesel process;Rhizomucor miehei Pro-RML WT biodiesel process,Rhizomucor miehei Pro-RML,Rhizomucor miehei,,Pichia pastoris,,known_duplicate_alias,,Rhizomucor miehei Pro-RML WT,P19515,CAA00250.1,A02536,,4TGL,structure_ready,yes,P19515,UniProt,363,c8cb35e7cd0e0c785b30b745687e48371d852020313b84373f3dd06ca084a1b6,results/2026-06-16_duplicate_uniprot_fulltext_audit/raw/uniprot_P19515.json,1.386832,0.208272,2.646602,,,evidence_rich,F9 public display table: 51 reliable observations; 0 independent sources,LMT_0132,evidence_rich,,Rhizomucor miehei ProRML WT;Rhizomucor miehei Pro-RML WT;Rhizomucor miehei lipase WT;Rhizomucor miehei ProRML WT biodiesel process;Rhizomucor miehei Pro-RML WT biodiesel process,51,,,D,32.13,误差带仅说明测量不精确，不参与T7a评分,独立来源数=，独立性档=D,no_complete_rows; complete_rows=0/52,,,crude_preparation | free_purified,,archive_preview_only_not_authoritative,,,downweighted_train,EVID_LIT_001681; EVID_LIT_001682; EVID_LIT_001683; EVID_LIT_001684; EVID_LIT_001685; EVID_LIT_001686; EVID_LIT_001687; EVID_LIT_001688; EVID_LIT_001689; EVID_LIT_001744; EVID_LIT_001745; EVID_LIT_001746; EVID_LIT_001747; EVID_LIT_001816; EVID_LIT_001817; EVID_LIT_001818; EVID_LIT_001819; EVID_LIT_001820; EVID_LIT_001821; EVID_LIT_001399; EVID_LIT_001400; EVID_LIT_001401; EVID_LIT_001402; EVID_LIT_001403; EVID_LIT_001404; EVID_LIT_001405; EVID_LIT_001406; EVID_LIT_001431; EVID_LIT_001432; EVID_LIT_001433; EVID_LIT_001434; EVID_LIT_001435; EVID_LIT_001436; EVID_LIT_001437; EVID_LIT_001438; EVID_LIT_001439; EVID_LIT_001494; EVID_LIT_001495; EVID_LIT_001496; EVID_LIT_001497; EVID_LIT_001595; EVID_PAT_000634; EVID_PAT_000635; EVID_PAT_000636; EVID_PAT_000637; EVID_PAT_000638; EVID_PAT_000639; EVID_PAT_000676; EVID_PAT_000677; EVID_PAT_000678; EVID_PAT_000679; EVID_PAT_000680,WEBR1_PROTOCOL_0224; WEBR1_PROTOCOL_0225; WEBR1_PROTOCOL_0226; WEBR1_PROTOCOL_0227; WEBR1_PROTOCOL_0228; WEBR1_PROTOCOL_0229; WEBR1_PROTOCOL_0230; WEBR1_PROTOCOL_0231; WEBR1_PROTOCOL_0232,ASSAY_P1A_LU01_05_FIG5A; ASSAY_P1A_LU01_05_FIG5B; ASSAY_P1A_LU03_02_001; ASSAY_P1A_B28_ITEM4_FIG6A_RML_MEOH_1H; ASSAY_P1A_B28_ITEM5_FIG5A_RML_NGLYCO_MEOH_1H; ASSAY_P1A_B28_ITEM5_FIG5B_RML_NGLYCO_MEOH50_TIME; ASSAY_P1A_B29_RML_NGLYCO_SUPP_S3B_MEOH50_TIME; PAT_ASSAY_CN115369099_FIGURE4_FULL; PAT_ASSAY_CN115369099_FIGURE5_FULL,52,9,41,11,literature+patent,5,90,8,not_reported,PNPP spectrophotometric hydrolysis assay | microplate pNPP hydrolysis assay | p-nitrophenyl palmitate hydrolysis residual activity assay | p-nitrophenyl palmitate hydrolysis assay at A410 | PNPP/pNPP method mentioned in Example 2,para-nitrophenyl palmitate | p-nitrophenyl palmitate | p-nitrophenyl palmitate (PNPP),96,,page 5; Methanol tolerance assay; Figure 5A; page 5; Methanol tolerance assay; Figure 5B; pages 7-9; section 3.8; Figure 5E; PDF pp. 4-5; Section 2.5; Figure 6a; PDF pp. 5-6; Section 2.8; Figure 5a; PDF pp. 5-6; Section 2.8; Figure 5b; PDF pp. 4-6 Section 2.8 and 3.7; Supplement DOCX Fig. S3b caption/image6; Example 2; methanol tolerance analysis; Figure 4; Example 2; continuous treatment with 50% methanol; Figure 5,10.1186/s13068-021-02087-6 | 10.1016/j.fuel.2021.121514 | 10.1016/j.enzmictec.2017.03.010 | 10.1016/j.enzmictec.2022.110072 | not_applicable_patent | CN115369099B,,variants/LMT_0132.html,-1
LMT_0133,LMT_0133,Rhizomucor miehei Pro-RML N9P;Rhizomucor miehei Pro-RML N9P biodiesel process,Rhizomucor miehei Pro-RML N9P;Rhizomucor miehei Pro-RML N9P biodiesel process,Rhizomucor miehei Pro-RML N9P,Rhizomucor miehei,,Pichia pastoris,,known_duplicate_alias,LMT_0132,N9P,P19515,,,,,sequence_ready,no,,,,,,1.233112,-0.185703,2.664993,,,evidence_rich,F9 public display table: 6 reliable observations; 0 independent sources,LMT_0133,evidence_rich,,Rhizomucor miehei Pro-RML N9P;Rhizomucor miehei Pro-RML N9P biodiesel process,6,,,D,26.23,误差带仅说明测量不精确，不参与T7a评分,独立来源数=，独立性档=D,no_complete_rows; complete_rows=0/6,,,crude_preparation,,archive_preview_only_not_authoritative,,,downweighted_train,EVID_LIT_001822; EVID_LIT_001823; EVID_LIT_001824; EVID_LIT_001825; EVID_LIT_001826; EVID_LIT_001827,WEBR1_PROTOCOL_0233,ASSAY_P1A_LU03_02_001,6,1,6,0,literature,1,60,1,not_reported,microplate pNPP hydrolysis assay,p-nitrophenyl palmitate,94,,pages 7-9; section 3.8; Figure 5E,10.1016/j.fuel.2021.121514,,variants/LMT_0133.html,-1
LMT_0134,LMT_0134,Rhizomucor miehei Pro-RML N9A;Rhizomucor miehei Pro-RML N9A biodiesel process,Rhizomucor miehei Pro-RML N9A;Rhizomucor miehei Pro-RML N9A biodiesel process,Rhizomucor miehei Pro-RML N9A,Rhizomucor miehei,,Pichia pastoris,,known_duplicate_alias,LMT_0132,N9A,P19515,,,,,sequence_ready,no,,,,,,1.247758,-0.13393,2.609645,,,evidence_rich,F9 public display table: 6 reliable observations; 0 independent sources,LMT_0134,evidence_rich,,Rhizomucor miehei Pro-RML N9A;Rhizomucor miehei Pro-RML N9A biodiesel process,6,,,D,26.39,误差带仅说明测量不精确，不参与T7a评分,独立来源数=，独立性档=D,no_complete_rows; complete_rows=0/6,,,crude_preparation,,archive_preview_only_not_authoritative,,,downweighted_train,EVID_LIT_001828; EVID_LIT_001829; EVID_LIT_001830; EVID_LIT_001831; EVID_LIT_001832; EVID_LIT_001833,WEBR1_PROTOCOL_0234,ASSAY_P1A_LU03_02_001,6,1,6,0,literature,1,60,1,not_reported,microplate pNPP hydrolysis assay,p-nitrophenyl palmitate,88,,pages 7-9; section 3.8; Figure 5E,10.1016/j.fuel.2021.121514,,variants/LMT_0134.html,-1
LMT_0135,LMT_0135,Rhizomucor miehei Pro-RML N59A;Rhizomucor miehei Pro-RML N59A biodiesel process,Rhizomucor miehei Pro-RML N59A;Rhizomucor miehei Pro-RML N59A biodiesel process,Rhizomucor miehei Pro-RML N59A,Rhizomucor miehei,,Pichia pastoris,,known_duplicate_alias,LMT_0132,N59A,P19515,,,,,sequence_ready,no,,,,,,1.211154,-0.227897,2.708862,,,evidence_rich,F9 public display table: 6 reliable observations; 0 independent sources,LMT_0135,evidence_rich,,Rhizomucor miehei Pro-RML N59A;Rhizomucor miehei Pro-RML N59A biodiesel process,6,,,D,26.56,误差带仅说明测量不精确，不参与T7a评分,独立来源数=，独立性档=D,no_complete_rows; complete_rows=0/6,,,crude_preparation,,archive_preview_only_not_authoritative,,,downweighted_train,EVID_LIT_001834; EVID_LIT_001835; EVID_LIT_001836; EVID_LIT_001837; EVID_LIT_001838; EVID_LIT_001839,WEBR1_PROTOCOL_0235,ASSAY_P1A_LU03_02_001,6,1,6,0,literature,1,60,1,not_reported,microplate pNPP hydrolysis assay,p-nitrophenyl palmitate,92,,pages 7-9; section 3.8; Figure 5E,10.1016/j.fuel.2021.121514,,variants/LMT_0135.html,-1
LMT_0136,LMT_0136,Rhizomucor miehei Pro-RML N59K;Rhizomucor miehei Pro-RML N59K biodiesel process,Rhizomucor miehei Pro-RML N59K;Rhizomucor miehei Pro-RML N59K biodiesel process,Rhizomucor miehei Pro-RML N59K,Rhizomucor miehei,,Pichia pastoris,,known_duplicate_alias,LMT_0132,N59K,P19515,,,,,sequence_ready,no,,,,,,0.804654,-0.564441,2.276115,,,evidence_rich,F9 public display table: 6 reliable observations; 0 independent sources,LMT_0136,evidence_rich,,Rhizomucor miehei Pro-RML N59K;Rhizomucor miehei Pro-RML N59K biodiesel process,6,,,D,32.30,误差带仅说明测量不精确，不参与T7a评分,独立来源数=，独立性档=D,no_complete_rows; complete_rows=0/6,,,crude_preparation,,archive_preview_only_not_authoritative,,,downweighted_train,EVID_LIT_001840; EVID_LIT_001841; EVID_LIT_001842; EVID_LIT_001843; EVID_LIT_001844; EVID_LIT_001845,WEBR1_PROTOCOL_0236,ASSAY_P1A_LU03_02_001,6,1,6,0,literature,1,60,1,not_reported,microplate pNPP hydrolysis assay,p-nitrophenyl palmitate,96,,pages 7-9; section 3.8; Figure 5E,10.1016/j.fuel.2021.121514,,variants/LMT_0136.html,-1
LMT_0137,LMT_0137,Rhizomucor miehei Pro-RML N59H;Rhizomucor miehei Pro-RML N59H biodiesel process,Rhizomucor miehei Pro-RML N59H;Rhizomucor miehei Pro-RML N59H biodiesel process,Rhizomucor miehei Pro-RML N59H,Rhizomucor miehei,,Pichia pastoris,,known_duplicate_alias,LMT_0132,N59H,P19515,,,,,sequence_ready,no,,,,,,0.63671,-0.772324,2.019966,,,evidence_rich,F9 public display table: 6 reliable observations; 0 independent sources,LMT_0137,evidence_rich,,Rhizomucor miehei Pro-RML N59H;Rhizomucor miehei Pro-RML N59H biodiesel process,6,,,D,32.46,误差带仅说明测量不精确，不参与T7a评分,独立来源数=，独立性档=D,no_complete_rows; complete_rows=0/6,,,crude_preparation,,archive_preview_only_not_authoritative,,,downweighted_train,EVID_LIT_001846; EVID_LIT_001847; EVID_LIT_001848; EVID_LIT_001849; EVID_LIT_001850; EVID_LIT_001851,WEBR1_PROTOCOL_0237,ASSAY_P1A_LU03_02_001,6,1,6,0,literature,1,60,1,not_reported,microplate pNPP hydrolysis assay,p-nitrophenyl palmitate,98,,pages 7-9; section 3.8; Figure 5E,10.1016/j.fuel.2021.121514,,variants/LMT_0137.html,-1
LMT_0138,LMT_0138,Rhizomucor miehei Pro-RML N9A/N59A;Rhizomucor miehei Pro-RML N9A/N59A biodiesel process,Rhizomucor miehei Pro-RML N9A/N59A;Rhizomucor miehei Pro-RML N9A/N59A biodiesel process,Rhizomucor miehei Pro-RML N9A/N59A,Rhizomucor miehei,,Pichia pastoris,,known_duplicate_alias,LMT_0132,N9A/N59A,P19515,,,,,sequence_ready,no,,,,,,1.050325,-0.37815,2.518034,,,evidence_rich,F9 public display table: 6 reliable observations; 0 independent sources,LMT_0138,evidence_rich,,Rhizomucor miehei Pro-RML N9A/N59A;Rhizomucor miehei Pro-RML N9A/N59A biodiesel process,6,,,D,26.72,误差带仅说明测量不精确，不参与T7a评分,独立来源数=，独立性档=D,no_complete_rows; complete_rows=0/6,,,crude_preparation,,archive_preview_only_not_authoritative,,,downweighted_train,EVID_LIT_001852; EVID_LIT_001853; EVID_LIT_001854; EVID_LIT_001855; EVID_LIT_001856; EVID_LIT_001857,WEBR1_PROTOCOL_0238,ASSAY_P1A_LU03_02_001,6,1,6,0,literature,1,60,1,not_reported,microplate pNPP hydrolysis assay,p-nitrophenyl palmitate,94,,pages 7-9; section 3.8; Figure 5E,10.1016/j.fuel.2021.121514,,variants/LMT_0138.html,-1
LMT_0139,LMT_0139,Sphingobacterium sp. Ab3 purified lipase,Sphingobacterium sp. Ab3 purified lipase,Sphingobacterium sp. Ab3 purified lipase,Sphingobacterium sp.,ARC4 Ab3,Escherichia coli,,canonical_entity,,Sphingobacterium sp. Ab3 purified lipase,,,,,,phenotype_ready,no,,,,,,0.520996,-1.153485,2.111299,,,evidence_moderate,F9 public display table: 3 reliable observations; 0 independent sources,LMT_0139,evidence_moderate,,Sphingobacterium sp. Ab3 purified lipase,3,,,D,76.39,误差带仅说明测量不精确，不参与T7a评分,独立来源数=，独立性档=D,all_rows_complete; complete_rows=3/3,,,free,,archive_preview_only_not_authoritative,,,downweighted_train,EVID_LIT_001886; EVID_LIT_001887; EVID_LIT_001888,WEBR1_PROTOCOL_0239,ASSAY_P1A_LU03_03_001,3,1,3,0,literature,1,50,0.5,15,colorimetric olive-oil/free-fatty-acid lipase assay,olive oil emulsion,141,,pages 10-12 and 19-20; Effects of organic solvents; Table 3; Figure 13,10.1128/spectrum.01422-21,,variants/LMT_0139.html,-1
LMT_0140,LMT_0140,Pseudomonas aeruginosa MTCC 10055 mutant purified alkaline lipase,Pseudomonas aeruginosa MTCC 10055 mutant purified alkaline lipase,Pseudomonas aeruginosa wild-type alkaline lipase (MTCC 10055-derived mutant strain),Pseudomonas aeruginosa,,,,canonical_entity,,Pseudomonas aeruginosa wild-type alkaline lipase (MTCC 10055-derived mutant strain),,,,,,phenotype_ready,no,,,,,,-0.406649,-1.886985,1.077058,,,evidence_rich,F9 public display table: 8 reliable observations; 0 independent sources,LMT_0140,evidence_rich,,Pseudomonas aeruginosa MTCC 10055 mutant purified alkaline lipase,8,,,D,76.56,误差带仅说明测量不精确，不参与T7a评分,独立来源数=，独立性档=D,all_rows_complete; complete_rows=8/8,,,free,,archive_preview_only_not_authoritative,,,downweighted_train,EVID_LIT_001889; EVID_LIT_001890; EVID_LIT_001891; EVID_LIT_001892; EVID_LIT_001893; EVID_LIT_001894; EVID_LIT_001895; EVID_LIT_001896,WEBR1_PROTOCOL_0240,ASSAY_P1A_LU03_04_001,8,1,8,0,literature,1,25,168,37,pNPP spectrophotometric hydrolysis assay,p-nitrophenyl palmitate,132.2,,pages 3-7; Effect of organic solvents on enzyme stability; Table 3,not_reported | REF_P1A_LU03_04,,variants/LMT_0140.html,-1
LMT_0141,LMT_0141,Pseudomonas sp. R0-14 recombinant LipR,Pseudomonas sp. R0-14 recombinant LipR,Pseudomonas sp. R0-14 recombinant LipR,Pseudomonas sp.,R0-14,Escherichia coli,,canonical_entity,,Pseudomonas sp. R0-14 recombinant LipR,,,,,,phenotype_ready,no,,,,,,0.821142,-0.878353,2.510056,,,evidence_sparse,F9 public display table: 2 reliable observations; 0 independent sources,LMT_0141,evidence_sparse,,Pseudomonas sp. R0-14 recombinant LipR,2,,,D,76.72,误差带仅说明测量不精确，不参与T7a评分,独立来源数=，独立性档=D,all_rows_complete; complete_rows=2/2,,,free,,archive_preview_only_not_authoritative,,,downweighted_train,EVID_LIT_001897; EVID_LIT_001898,WEBR1_PROTOCOL_0241,ASSAY_P1A_LU03_05_001,2,1,2,0,literature,1,30,2,60,pNP ester spectrophotometric hydrolysis assay,p-nitrophenyl butyrate,91.08,,pages 4 and 8; Effects of organic solvents on LipR activity; Table 4,10.4014/jmb.1506.06011,,variants/LMT_0141.html,-1
LMT_0142,LMT_0142,Pseudomonas marinensis gcc21 Lipase 1,Pseudomonas marinensis gcc21 Lipase 1,Pseudomonas marinensis gcc21 Lipase 1,Pseudomonas marinensis,gcc21,Escherichia coli,,canonical_entity,,Pseudomonas marinensis gcc21 Lipase 1,,,,,,phenotype_ready,no,,,,,,1.570524,-0.357478,3.821054,,,evidence_sparse,F9 public display table: 1 reliable observations; 0 independent sources,LMT_0142,evidence_sparse,,Pseudomonas marinensis gcc21 Lipase 1,1,,,D,56.07,误差带仅说明测量不精确，不参与T7a评分,独立来源数=，独立性档=D,all_rows_complete; complete_rows=2/2,,,free,,archive_preview_only_not_authoritative,,,downweighted_train,EVID_LIT_001900; EVID_LIT_001901,WEBR1_PROTOCOL_0242,ASSAY_P1A_LU04_02_001,2,1,2,0,literature,1,10,1,25,pNPP spectrophotometric hydrolysis assay,p-nitrophenyl palmitate,53,,page 10; section 3.3; Figure 4D,10.3390/microorganisms9040802,,variants/LMT_0142.html,-1
LMT_0143,LMT_0143,Pseudomonas marinensis gcc21 Lipase 2,Pseudomonas marinensis gcc21 Lipase 2,Pseudomonas marinensis gcc21 Lipase 2,Pseudomonas marinensis,gcc21,Escherichia coli,,canonical_entity,,Pseudomonas marinensis gcc21 Lipase 2,,,,,,phenotype_ready,no,,,,,,1.537367,-0.500282,3.416526,,,evidence_sparse,F9 public display table: 1 reliable observations; 0 independent sources,LMT_0143,evidence_sparse,,Pseudomonas marinensis gcc21 Lipase 2,1,,,D,56.23,误差带仅说明测量不精确，不参与T7a评分,独立来源数=，独立性档=D,all_rows_complete; complete_rows=2/2,,,free,,archive_preview_only_not_authoritative,,,downweighted_train,EVID_LIT_001902; EVID_LIT_001903,WEBR1_PROTOCOL_0243,ASSAY_P1A_LU04_02_001,2,1,2,0,literature,1,10,1,25,pNPP spectrophotometric hydrolysis assay,p-nitrophenyl palmitate,35,,page 10; section 3.3; Figure 4D,10.3390/microorganisms9040802,,variants/LMT_0143.html,-1
LMT_0144,LMT_0144,Trichosporon coremiiforme V3 recombinant rTCL,Trichosporon coremiiforme V3 recombinant rTCL,Trichosporon coremiiforme V3 recombinant rTCL,Trichosporon coremiiforme,V3,Pichia pastoris,,canonical_entity,,Trichosporon coremiiforme V3 recombinant rTCL,,,,,,phenotype_ready,no,,,,,,0.489722,-0.944927,2.052174,,,evidence_rich,F9 public display table: 6 reliable observations; 0 independent sources,LMT_0144,evidence_rich,,Trichosporon coremiiforme V3 recombinant rTCL,6,,,D,76.89,误差带仅说明测量不精确，不参与T7a评分,独立来源数=，独立性档=D,all_rows_complete; complete_rows=6/6,,,free,,archive_preview_only_not_authoritative,,,downweighted_train,EVID_LIT_001904; EVID_LIT_001905; EVID_LIT_001906; EVID_LIT_001907; EVID_LIT_001908; EVID_LIT_001909,WEBR1_PROTOCOL_0244,ASSAY_P1A_LU04_03_001,6,1,6,0,literature,1,50,6,25,pH-stat olive-oil hydrolysis assay,olive oil emulsion,100,,page 9; Effect of Organic Solvents on rTCL Stability; Tables 4 and 5,10.4014/jmb.1408.08039,,variants/LMT_0144.html,-1
LMT_0145,LMT_0145,Aspergillus niger GZUF36 recombinant PEXANL1,Aspergillus niger GZUF36 recombinant PEXANL1,Aspergillus niger GZUF36 recombinant PEXANL1,Aspergillus niger,GZUF36,Pichia pastoris,,canonical_entity,,Aspergillus niger GZUF36 recombinant PEXANL1,,,,,,sequence_ready,no,,,,,,0.914756,-0.945851,3.025462,,,evidence_sparse,F9 public display table: 1 reliable observations; 0 independent sources,LMT_0145,evidence_sparse,,Aspergillus niger GZUF36 recombinant PEXANL1,1,,,D,77.05,误差带仅说明测量不精确，不参与T7a评分,独立来源数=，独立性档=D,all_rows_complete; complete_rows=1/1,,,free,,archive_preview_only_not_authoritative,,,downweighted_train,EVID_LIT_001910,WEBR1_PROTOCOL_0245,ASSAY_P1A_LU04_04_001,1,1,1,0,literature,1,20,2,4,alkali titration olive-oil hydrolysis assay,olive oil emulsion,84.41,,page 8; Effect of Organic Solvents and Surfactants on PEXANL1 Activity; Table 2,10.3389/fmicb.2021.633489,,variants/LMT_0145.html,-1
LMT_0146,LMT_0146,Geobacillus sp. strain 42 Lip42 V171S mutant lipase,Geobacillus sp. strain 42 Lip42 V171S mutant lipase,Geobacillus sp. strain 42 Lip42 V171S mutant lipase,Geobacillus sp.,42 V171S,Escherichia coli,,mutant_or_engineered_construct,LMT_0147,Geobacillus sp. strain 42 Lip42 V171S mutant lipase,,,,,,phenotype_ready,no,,,,,,1.311392,-0.185705,2.877351,,,evidence_rich,F9 public display table: 7 reliable observations; 0 independent sources,LMT_0146,evidence_rich,,Geobacillus sp. strain 42 Lip42 V171S mutant lipase,7,,,D,77.21,误差带仅说明测量不精确，不参与T7a评分,独立来源数=，独立性档=D,all_rows_complete; complete_rows=7/7,,,free,,archive_preview_only_not_authoritative,,,downweighted_train,EVID_LIT_001911; EVID_LIT_001918; EVID_LIT_001919; EVID_LIT_001920; EVID_LIT_001921; EVID_LIT_001922; EVID_LIT_001923,WEBR1_PROTOCOL_0246; WEBR1_PROTOCOL_0247,ASSAY_P1A_LU04_05_001,7,2,7,0,literature,1,90,0.5,65 | 40,Kwon-Rhee colorimetric olive-oil/free-fatty-acid assay,olive oil emulsion,123,,page 8; Effect of organic solvents; Table 2; page 8; Mutation effect on methanol stability; Figure 4,10.1186/s13568-025-01966-7,,variants/LMT_0146.html,-1
LMT_0147,LMT_0147,Geobacillus sp. strain 42 native Lip42 lipase,Geobacillus sp. strain 42 native Lip42 lipase,Geobacillus sp. strain 42 native Lip42 lipase,Geobacillus sp.,42,Escherichia coli,,canonical_entity,,Geobacillus sp. strain 42 native Lip42 lipase,,,,,,sequence_ready,no,,,,,,1.704244,0.313699,3.147698,,,evidence_rich,F9 public display table: 6 reliable observations; 0 independent sources,LMT_0147,evidence_rich,,Geobacillus sp. strain 42 native Lip42 lipase,6,,,D,56.39,误差带仅说明测量不精确，不参与T7a评分,独立来源数=，独立性档=D,all_rows_complete; complete_rows=6/6,,,free,,archive_preview_only_not_authoritative,,,downweighted_train,EVID_LIT_001912; EVID_LIT_001913; EVID_LIT_001914; EVID_LIT_001915; EVID_LIT_001916; EVID_LIT_001917,WEBR1_PROTOCOL_0248,ASSAY_P1A_LU04_05_001,6,1,6,0,literature,1,90,0.5,40,Kwon-Rhee colorimetric olive-oil/free-fatty-acid assay,olive oil emulsion,83,,page 8; Mutation effect on methanol stability; Figure 4,10.1186/s13568-025-01966-7,,variants/LMT_0147.html,-1
LMT_0148,LMT_0148,Bacillus cereus NC7401 Lipase A from starch culture,Bacillus cereus NC7401 Lipase A from starch culture,Bacillus cereus NC7401 Lipase A from starch culture,Bacillus cereus,NC7401,,,canonical_entity,,Bacillus cereus NC7401 Lipase A from starch culture,,,,,,phenotype_ready,no,,,,,,,,,,,evidence_absent,F9 public display table: 0 reliable observations; 0 independent sources,LMT_0148,evidence_absent,,Bacillus cereus NC7401 Lipase A from starch culture,0,,,D,77.38,误差带仅说明测量不精确，不参与T7a评分,独立来源数=，独立性档=D,all_rows_complete; complete_rows=1/1,,,crude_extract,,archive_preview_only_not_authoritative,,,downweighted_train,EVID_LIT_001925,WEBR1_PROTOCOL_0249,ASSAY_P1A_LU05_01_001,1,1,1,0,literature,1,1.5,0.5,37,titrimetric olive-oil hydrolysis assay with NaOH endpoint,olive oil,119.42,,page 12; Table 7; Organic solvent stability,10.1371/journal.pone.0273368,,variants/LMT_0148.html,-1
LMT_0149,LMT_0149,Bacillus cereus NC7401 Lipase B from maltose culture,Bacillus cereus NC7401 Lipase B from maltose culture,Bacillus cereus NC7401 Lipase B from maltose culture,Bacillus cereus,NC7401,,,canonical_entity,,Bacillus cereus NC7401 Lipase B from maltose culture,,,,,,phenotype_ready,no,,,,,,,,,,,evidence_absent,F9 public display table: 0 reliable observations; 0 independent sources,LMT_0149,evidence_absent,,Bacillus cereus NC7401 Lipase B from maltose culture,0,,,D,77.54,误差带仅说明测量不精确，不参与T7a评分,独立来源数=，独立性档=D,all_rows_complete; complete_rows=1/1,,,crude_extract,,archive_preview_only_not_authoritative,,,downweighted_train,EVID_LIT_001926,WEBR1_PROTOCOL_0250,ASSAY_P1A_LU05_01_001,1,1,1,0,literature,1,1.5,0.5,37,titrimetric olive-oil hydrolysis assay with NaOH endpoint,olive oil,131.82,,page 12; Table 7; Organic solvent stability,10.1371/journal.pone.0273368,,variants/LMT_0149.html,-1
LMT_0150,LMT_0150,Bacillus cereus NC7401 Lipase C from tryptone culture,Bacillus cereus NC7401 Lipase C from tryptone culture,Bacillus cereus NC7401 Lipase C from tryptone culture,Bacillus cereus,NC7401,,,canonical_entity,,Bacillus cereus NC7401 Lipase C from tryptone culture,,,,,,phenotype_ready,no,,,,,,,,,,,evidence_absent,F9 public display table: 0 reliable observations; 0 independent sources,LMT_0150,evidence_absent,,Bacillus cereus NC7401 Lipase C from tryptone culture,0,,,D,77.70,误差带仅说明测量不精确，不参与T7a评分,独立来源数=，独立性档=D,all_rows_complete; complete_rows=1/1,,,crude_extract,,archive_preview_only_not_authoritative,,,downweighted_train,EVID_LIT_001927,WEBR1_PROTOCOL_0251,ASSAY_P1A_LU05_01_001,1,1,1,0,literature,1,1.5,0.5,37,titrimetric olive-oil hydrolysis assay with NaOH endpoint,olive oil,121.21,,page 12; Table 7; Organic solvent stability,10.1371/journal.pone.0273368,,variants/LMT_0150.html,-1
LMT_0151,LMT_0151,Geobacillus thermodenitrificans IBRL-nra purified thermostable lipase,Geobacillus thermodenitrificans IBRL-nra purified thermostable lipase,Geobacillus thermodenitrificans IBRL-nra purified thermostable lipase,Geobacillus thermodenitrificans,IBRL-nra,,,canonical_entity,,Geobacillus thermodenitrificans IBRL-nra purified thermostable lipase,,,,,,phenotype_ready,no,,,,,,0.652477,-1.091014,2.528727,,,evidence_sparse,F9 public display table: 2 reliable observations; 0 independent sources,LMT_0151,evidence_sparse,,Geobacillus thermodenitrificans IBRL-nra purified thermostable lipase,2,,,D,56.56,误差带仅说明测量不精确，不参与T7a评分,独立来源数=，独立性档=D,all_rows_complete; complete_rows=2/2,,,free,,archive_preview_only_not_authoritative,,,downweighted_train,EVID_LIT_001929; EVID_LIT_001930,WEBR1_PROTOCOL_0252,ASSAY_P1A_LU05_03_001,2,1,2,0,literature,1,25,24,65,modified Kwon-Rhee colorimetric olive-oil/free-fatty-acid assay,olive oil emulsion,86,,page 12; Figure 4; Stability in organic solvents,10.12988/asb.2013.3624,,variants/LMT_0151.html,-1
LMT_0152,LMT_0152,Bacillus methylotrophicus PS3 purified lipase,Bacillus methylotrophicus PS3 purified lipase,Bacillus methylotrophicus PS3 purified lipase,Bacillus methylotrophicus,PS3,,,canonical_entity,,Bacillus methylotrophicus PS3 purified lipase,,,,,,phenotype_ready,no,,,,,,,,,,,evidence_absent,F9 public display table: 0 reliable observations; 0 independent sources,LMT_0152,evidence_absent,,Bacillus methylotrophicus PS3 purified lipase,0,,,D,77.87,误差带仅说明测量不精确，不参与T7a评分,独立来源数=，独立性档=D,all_rows_complete; complete_rows=1/1,,,free,,archive_preview_only_not_authoritative,,,downweighted_train,EVID_LIT_001931,WEBR1_PROTOCOL_0253,ASSAY_P1A_LU05_05_001,1,1,1,0,literature,1,1,0.5,37,titrimetric olive-oil hydrolysis assay,olive oil,70.72,,pages 6 and 8; Effect of organic solvents; Table 4,10.1016/j.jgeb.2017.06.007,,variants/LMT_0152.html,-1
LMT_0153,LMT_0153,HisTEVS-LipC12 N-terminal HisTEV-tagged metagenomic lipase,HisTEVS-LipC12 N-terminal HisTEV-tagged metagenomic lipase,Metagenomic LipC12 true lipase,fat-contaminated soil,metagenome,,,mutant_or_engineered_construct,LMT_0114,HisTEVS-LipC12 N-terminal HisTEV-tagged metagenomic lipase,,,,,6CL4,phenotype_ready,no,,,,,,0.407179,-1.420159,2.194341,,,evidence_sparse,F9 public display table: 2 reliable observations; 0 independent sources,LMT_0153,evidence_sparse,,HisTEVS-LipC12 N-terminal HisTEV-tagged metagenomic lipase,2,,,D,56.72,误差带仅说明测量不精确，不参与T7a评分,独立来源数=，独立性档=D,all_rows_complete; complete_rows=6/6,,,free,,archive_preview_only_not_authoritative,,,mechanism_only | downweighted_train,EVID_LIT_001933; EVID_LIT_001934; EVID_LIT_001935; EVID_LIT_001936; EVID_LIT_001941; EVID_LIT_001942,WEBR1_PROTOCOL_0254; WEBR1_PROTOCOL_0255; WEBR1_PROTOCOL_0256; WEBR1_PROTOCOL_0257; WEBR1_PROTOCOL_0258; WEBR1_PROTOCOL_0259,ASSAY_P1A_LU06_02_FIG4A; ASSAY_P1A_LU06_02_FIG4B,6,6,6,0,literature,1,60,3,25,pNPD spectrophotometric hydrolysis assay at 410 nm | post-incubation pNPD spectrophotometric hydrolysis assay at 410 nm,p-nitrophenyl decanoate,132,,page 5; Figure 4A; methods page 9; page 5; Figure 4B; methods page 9,10.1038/s41598-018-27579-8,,variants/LMT_0153.html,-1
LMT_0154,LMT_0154,cLipC12 TEV-cleaved untagged metagenomic lipase,cLipC12 TEV-cleaved untagged metagenomic lipase,Metagenomic LipC12 true lipase,fat-contaminated soil,metagenome,,,mutant_or_engineered_construct,LMT_0114,cLipC12 TEV-cleaved untagged metagenomic lipase,,,,,6CL4,structure_ready,no,,,,,,0.382743,-1.488901,1.980791,,,evidence_sparse,F9 public display table: 2 reliable observations; 0 independent sources,LMT_0154,evidence_sparse,,cLipC12 TEV-cleaved untagged metagenomic lipase,2,,,D,56.89,误差带仅说明测量不精确，不参与T7a评分,独立来源数=，独立性档=D,all_rows_complete; complete_rows=6/6,,,free,,archive_preview_only_not_authoritative,,,mechanism_only | downweighted_train,EVID_LIT_001937; EVID_LIT_001938; EVID_LIT_001939; EVID_LIT_001940; EVID_LIT_001943; EVID_LIT_001944,WEBR1_PROTOCOL_0260; WEBR1_PROTOCOL_0261; WEBR1_PROTOCOL_0262; WEBR1_PROTOCOL_0263; WEBR1_PROTOCOL_0264; WEBR1_PROTOCOL_0265,ASSAY_P1A_LU06_02_FIG4A; ASSAY_P1A_LU06_02_FIG4B,6,6,6,0,literature,1,60,3,25,pNPD spectrophotometric hydrolysis assay at 410 nm | post-incubation pNPD spectrophotometric hydrolysis assay at 410 nm,p-nitrophenyl decanoate,115,,page 5; Figure 4A; methods page 9; page 5; Figure 4B; methods page 9,10.1038/s41598-018-27579-8,,variants/LMT_0154.html,-1
LMT_0155,LMT_0155,LipS His6-tagged metagenomic lipase,LipS His6-tagged metagenomic lipase,LipS His6-tagged metagenomic lipase,metagenome-derived thermostable,,,,canonical_entity,,LipS His6-tagged metagenomic lipase,,,,,,phenotype_ready,no,,,,,,1.416273,-0.181271,3.110941,,,evidence_sparse,F9 public display table: 2 reliable observations; 0 independent sources,LMT_0155,evidence_sparse,,LipS His6-tagged metagenomic lipase,2,,,D,78.03,误差带仅说明测量不精确，不参与T7a评分,独立来源数=，独立性档=D,all_rows_complete; complete_rows=2/2,,,free,,archive_preview_only_not_authoritative,,,core_train,EVID_LIT_001945; EVID_LIT_001946,WEBR1_PROTOCOL_0266; WEBR1_PROTOCOL_0267,ASSAY_P1A_LU06_03_TABLES6,2,2,2,0,literature,1,30,1,25,pNP-dodecanoate spectrophotometric assay at 405 nm after solvent preincubation,p-nitrophenyl dodecanoate,67.88,,main PDF page 4; Supporting Table S6 docx,10.1371/journal.pone.0047665,,variants/LMT_0155.html,-1
LMT_0156,LMT_0156,LipT His6-tagged metagenomic lipase,LipT His6-tagged metagenomic lipase,LipT His6-tagged metagenomic lipase,metagenome-derived thermostable,,,,canonical_entity,,LipT His6-tagged metagenomic lipase,,,,,,phenotype_ready,no,,,,,,1.057323,-0.513666,2.563327,,,evidence_sparse,F9 public display table: 2 reliable observations; 0 independent sources,LMT_0156,evidence_sparse,,LipT His6-tagged metagenomic lipase,2,,,D,78.20,误差带仅说明测量不精确，不参与T7a评分,独立来源数=，独立性档=D,all_rows_complete; complete_rows=2/2,,,free,,archive_preview_only_not_authoritative,,,core_train,EVID_LIT_001947; EVID_LIT_001948,WEBR1_PROTOCOL_0268; WEBR1_PROTOCOL_0269,ASSAY_P1A_LU06_03_TABLES6,2,2,2,0,literature,1,30,1,25,pNP-dodecanoate spectrophotometric assay at 405 nm after solvent preincubation,p-nitrophenyl dodecanoate,108.46,,main PDF page 4; Supporting Table S6 docx,10.1371/journal.pone.0047665,,variants/LMT_0156.html,-1
LMT_0157,LMT_0157,UM-1 Q0S mutant,UM-1 Q0S mutant,UM-1 Q0S mutant,Streptomyces sp.,W007,,,mutant_or_engineered_construct,LMT_0001,Q0S,,,,,,sequence_ready,no,,,,,,0.151189,-1.446632,1.608707,,,evidence_moderate,F9 public display table: 3 reliable observations; 0 independent sources,LMT_0157,evidence_moderate,,UM-1 Q0S mutant,3,,,D,78.36,误差带仅说明测量不精确，不参与T7a评分,独立来源数=，独立性档=D,all_rows_complete; complete_rows=3/3,,,free,,archive_preview_only_not_authoritative,,,downweighted_train | holdout_only,EVID_LIT_001950; EVID_LIT_001954; EVID_LIT_001960,WEBR1_PROTOCOL_0270,ASSAY_P1A_LU06_04_FIG3_5,3,1,3,0,literature,1,50,36,37,titrimetric olive-oil hydrolysis assay with 0.05 M NaOH endpoint,olive oil emulsion,92,,thesis pages 40 and 47; Section 3.3.5.3 and Figure 3-5/results text; thesis pages 40 and 47; Figure 3-5/results text; thesis page 47; Figure 3-5 plotted 36 h endpoint,not_reported | REF_P1A_LU06_04,,variants/LMT_0157.html,-1
LMT_0158,LMT_0158,UM-1 SEE mutant,UM-1 SEE mutant,UM-1 SEE mutant,Streptomyces sp.,W007,,,mutant_or_engineered_construct,LMT_0001,G40S;T204E;A234E,,,,,,sequence_ready,no,,,,,,-0.099941,-1.62828,1.39836,,,evidence_moderate,F9 public display table: 3 reliable observations; 0 independent sources,LMT_0158,evidence_moderate,,UM-1 SEE mutant,3,,,D,78.52,误差带仅说明测量不精确，不参与T7a评分,独立来源数=，独立性档=D,all_rows_complete; complete_rows=3/3,,,free,,archive_preview_only_not_authoritative,,,downweighted_train | holdout_only,EVID_LIT_001951; EVID_LIT_001955; EVID_LIT_001961,WEBR1_PROTOCOL_0271,ASSAY_P1A_LU06_04_FIG3_5,3,1,3,0,literature,1,50,36,37,titrimetric olive-oil hydrolysis assay with 0.05 M NaOH endpoint,olive oil emulsion,92,,thesis pages 40 and 47; Section 3.3.5.3 and Figure 3-5/results text; thesis pages 40 and 47; Figure 3-5/results text; thesis page 47; Figure 3-5 plotted 36 h endpoint,not_reported | REF_P1A_LU06_04,,variants/LMT_0158.html,-1
LMT_0159,LMT_0159,UM-1 SKE mutant,UM-1 SKE mutant,UM-1 SKE mutant,Streptomyces sp.,W007,,,mutant_or_engineered_construct,LMT_0001,G40S;T204K;A234E,,,,,,sequence_ready,no,,,,,,-0.063503,-1.668389,1.569466,,,evidence_moderate,F9 public display table: 3 reliable observations; 0 independent sources,LMT_0159,evidence_moderate,,UM-1 SKE mutant,3,,,D,78.69,误差带仅说明测量不精确，不参与T7a评分,独立来源数=，独立性档=D,all_rows_complete; complete_rows=3/3,,,free,,archive_preview_only_not_authoritative,,,downweighted_train | holdout_only,EVID_LIT_001952; EVID_LIT_001956; EVID_LIT_001962,WEBR1_PROTOCOL_0272,ASSAY_P1A_LU06_04_FIG3_5,3,1,3,0,literature,1,50,36,37,titrimetric olive-oil hydrolysis assay with 0.05 M NaOH endpoint,olive oil emulsion,96,,thesis pages 40 and 47; Section 3.3.5.3 and Figure 3-5/results text; thesis pages 40 and 47; Figure 3-5/results text; thesis page 47; Figure 3-5 plotted 36 h endpoint,not_reported | REF_P1A_LU06_04,,variants/LMT_0159.html,-1
LMT_0160,LMT_0160,UM-1 TED mutant,UM-1 TED mutant,UM-1 TED mutant,Streptomyces sp.,W007,,,mutant_or_engineered_construct,LMT_0001,G40T;T204E;A234D,,,,,,sequence_ready,no,,,,,,0.137331,-1.487971,1.693184,,,evidence_moderate,F9 public display table: 3 reliable observations; 0 independent sources,LMT_0160,evidence_moderate,,UM-1 TED mutant,3,,,D,78.85,误差带仅说明测量不精确，不参与T7a评分,独立来源数=，独立性档=D,all_rows_complete; complete_rows=3/3,,,free,,archive_preview_only_not_authoritative,,,downweighted_train | holdout_only,EVID_LIT_001953; EVID_LIT_001957; EVID_LIT_001963,WEBR1_PROTOCOL_0273,ASSAY_P1A_LU06_04_FIG3_5,3,1,3,0,literature,1,50,36,37,titrimetric olive-oil hydrolysis assay with 0.05 M NaOH endpoint,olive oil emulsion,70,,thesis pages 40 and 47; Section 3.3.5.3 and Figure 3-5/results text; thesis pages 40 and 47; Figure 3-5/results text; thesis page 47; Figure 3-5 plotted 36 h endpoint,not_reported | REF_P1A_LU06_04,,variants/LMT_0160.html,-1
LMT_0161,LMT_0161,Penicillium corylophilum non-induced extracellular lipase preparation,Penicillium corylophilum non-induced extracellular lipase preparation,Penicillium corylophilum non-induced extracellular lipase preparation,Penicillium corylophilum,,,,canonical_entity,,Penicillium corylophilum non-induced extracellular lipase preparation,,,,,,phenotype_ready,no,,,,,,,,,,,evidence_absent,F9 public display table: 0 reliable observations; 0 independent sources,LMT_0161,evidence_absent,,Penicillium corylophilum non-induced extracellular lipase preparation,0,,,D,79.02,误差带仅说明测量不精确，不参与T7a评分,独立来源数=，独立性档=D,all_rows_complete; complete_rows=1/1,,,crude_extract,,archive_preview_only_not_authoritative,,,holdout_only,EVID_LIT_001965,WEBR1_PROTOCOL_0274,ASSAY_P1A_LU07_01_TABLE1,1,1,1,0,literature,1,100,1,37,p-nitrophenyl palmitate spectrophotometric assay at A410,p-nitrophenyl palmitate,57.2,,pages 1989-1991; Section 2.7; Table 1,10.1002/ceat.201300851,,variants/LMT_0161.html,-1
LMT_0162,LMT_0162,Penicillium corylophilum induced extracellular lipase preparation,Penicillium corylophilum induced extracellular lipase preparation,Penicillium corylophilum induced extracellular lipase preparation,Penicillium corylophilum,,,,canonical_entity,,Penicillium corylophilum induced extracellular lipase preparation,,,,,,phenotype_ready,no,,,,,,,,,,,evidence_absent,F9 public display table: 0 reliable observations; 0 independent sources,LMT_0162,evidence_absent,,Penicillium corylophilum induced extracellular lipase preparation,0,,,D,79.18,误差带仅说明测量不精确，不参与T7a评分,独立来源数=，独立性档=D,all_rows_complete; complete_rows=1/1,,,crude_extract,,archive_preview_only_not_authoritative,,,holdout_only,EVID_LIT_001967,WEBR1_PROTOCOL_0275,ASSAY_P1A_LU07_01_TABLE1,1,1,1,0,literature,1,100,1,37,p-nitrophenyl palmitate spectrophotometric assay at A410,p-nitrophenyl palmitate,89.2,,pages 1989-1991; Section 2.7; Table 1,10.1002/ceat.201300851,,variants/LMT_0162.html,-1
LMT_0163,LMT_0163,Aureobasidium pullulans purified extracellular lipase,Aureobasidium pullulans purified extracellular lipase,Aureobasidium pullulans purified extracellular lipase,Aureobasidium pullulans,,,,canonical_entity,,Aureobasidium pullulans purified extracellular lipase,,,,,,phenotype_ready,no,,,,,,0.816781,-1.185826,2.624956,,,evidence_sparse,F9 public display table: 1 reliable observations; 0 independent sources,LMT_0163,evidence_sparse,,Aureobasidium pullulans purified extracellular lipase,1,,,D,79.34,误差带仅说明测量不精确，不参与T7a评分,独立来源数=，独立性档=D,all_rows_complete; complete_rows=1/1,,,free,,archive_preview_only_not_authoritative,,,core_train,EVID_LIT_001969,WEBR1_PROTOCOL_0276,ASSAY_P1A_LU07_02_TABLE2,1,1,1,0,literature,1,30,1,4,pNPP colorimetric hydrolysis assay at 410 nm,p-nitrophenyl palmitate,87.8,,pages 335-337; Section 2.5.3; Table 2,10.1631/jzus.b1800213,,variants/LMT_0163.html,-1
LMT_0164,LMT_0164,Staphylococcus caprae NCU S6 purified SCNL lipase,Staphylococcus caprae NCU S6 purified SCNL lipase,Staphylococcus caprae NCU S6 purified SCNL lipase,Staphylococcus caprae,NCU S6,,,canonical_entity,,Staphylococcus caprae NCU S6 purified SCNL lipase,,,,,,phenotype_ready,no,,,,,,-0.573186,-2.008193,0.856583,,,evidence_rich,F9 public display table: 6 reliable observations; 0 independent sources,LMT_0164,evidence_rich,,Staphylococcus caprae NCU S6 purified SCNL lipase,6,,,D,79.51,误差带仅说明测量不精确，不参与T7a评分,独立来源数=，独立性档=D,all_rows_complete; complete_rows=6/6,,,free,,archive_preview_only_not_authoritative,,,core_train,EVID_LIT_001970; EVID_LIT_001971; EVID_LIT_001972; EVID_LIT_001973; EVID_LIT_001974; EVID_LIT_001975,WEBR1_PROTOCOL_0277; WEBR1_PROTOCOL_0278; WEBR1_PROTOCOL_0279,ASSAY_P1A_LU07_03_TABLE1,6,3,6,0,literature,1,50,672,37,pNPP colorimetric hydrolysis assay at 410 nm,p-nitrophenyl palmitate,116.4,,pages 251-254; Section 2.9.2; Table 1,10.1080/14756366.2020.1861607,,variants/LMT_0164.html,-1
LMT_0165,LMT_0165,Proteus sp. SW1 recombinant RLipase,Proteus sp. SW1 recombinant RLipase,Proteus sp. SW1 recombinant RLipase,Proteus sp.,SW1,Pichia pastoris,,canonical_entity,,Proteus sp. SW1 recombinant RLipase,F2Y9R8,,,,,sequence_ready,yes,F2Y9R8,UniProt,287,bd4ecd172173c23523cfd56f3dfbd766b4b80dc06c5c3291f423ca07347e55f8,results/2026-06-16_duplicate_uniprot_fulltext_audit/raw/uniprot_F2Y9R8.json,0.192088,-1.604529,2.241791,,,evidence_sparse,F9 public display table: 1 reliable observations; 0 independent sources,LMT_0165,evidence_sparse,,Proteus sp. SW1 recombinant RLipase,1,,,D,79.67,误差带仅说明测量不精确，不参与T7a评分,独立来源数=，独立性档=D,all_rows_complete; complete_rows=12/12,,,free,,archive_preview_only_not_authoritative,,,downweighted_train | core_train | holdout_only,EVID_LIT_001976; EVID_LIT_001977; EVID_LIT_001978; EVID_LIT_001979; EVID_LIT_001980; EVID_LIT_001981; EVID_LIT_001982; EVID_LIT_001983; EVID_LIT_001984; EVID_LIT_001985; EVID_LIT_001986; EVID_LIT_001987,WEBR1_PROTOCOL_0280; WEBR1_PROTOCOL_0281; WEBR1_PROTOCOL_0282; WEBR1_PROTOCOL_0283; WEBR1_PROTOCOL_0284; WEBR1_PROTOCOL_0285; WEBR1_PROTOCOL_0286; WEBR1_PROTOCOL_0287; WEBR1_PROTOCOL_0288; WEBR1_PROTOCOL_0289; WEBR1_PROTOCOL_0290,ASSAY_P1A_LU07_04_FIG4A; ASSAY_P1A_LU07_04_FIG4B,12,11,12,0,literature,1,98,24,28,post-incubation pNPL hydrolysis assay at A410,p-nitrophenyl laurate,128,,pages 25-29; Section Organic solvent tolerance assay; Figure 4a; Table 1 comparison; page 27; Figure 4b,10.1016/j.jbiosc.2017.06.012,,variants/LMT_0165.html,-1
LMT_0166,LMT_0166,Staphylococcus caseolyticus EX17 crude extracellular lipase extract,Staphylococcus caseolyticus EX17 crude extracellular lipase extract,Staphylococcus caseolyticus EX17 crude extracellular lipase extract,Staphylococcus caseolyticus,EX17,,,canonical_entity,,Staphylococcus caseolyticus EX17 crude extracellular lipase extract,,,,,,phenotype_ready,no,,,,,,1.023698,-0.821089,2.891532,,,evidence_sparse,F9 public display table: 1 reliable observations; 0 independent sources,LMT_0166,evidence_sparse,,Staphylococcus caseolyticus EX17 crude extracellular lipase extract,1,,,D,79.84,误差带仅说明测量不精确，不参与T7a评分,独立来源数=，独立性档=D,all_rows_complete; complete_rows=1/1,,,crude_preparation,,archive_preview_only_not_authoritative,,,downweighted_train,EVID_LIT_001993,WEBR1_PROTOCOL_0291,ASSAY_P1A_LU08_03_SOLVENT_TEXT,1,1,1,0,literature,1,25,0.5,37,p-nitrophenyl palmitate spectrophotometric assay at 410 nm,p-nitrophenyl palmitate,83,,pages 3-4 and 7,10.1002/jctb.1875,,variants/LMT_0166.html,-1
LMT_0167,LMT_0167,Pseudomonas fluorescens strain 2D purified extracellular lipase,Pseudomonas fluorescens strain 2D purified extracellular lipase,Pseudomonas fluorescens strain 2D purified extracellular lipase,Pseudomonas fluorescens,2D,,,canonical_entity,,Pseudomonas fluorescens strain 2D purified extracellular lipase,,,,,,phenotype_ready,no,,,,,,0.387319,-1.525377,2.206963,,,evidence_sparse,F9 public display table: 1 reliable observations; 0 independent sources,LMT_0167,evidence_sparse,,Pseudomonas fluorescens strain 2D purified extracellular lipase,1,,,D,80.00,误差带仅说明测量不精确，不参与T7a评分,独立来源数=，独立性档=D,all_rows_complete; complete_rows=1/1,,,free,,archive_preview_only_not_authoritative,,,core_train,EVID_LIT_001995,WEBR1_PROTOCOL_0292,ASSAY_P1A_LU08_05_TABLE3,1,1,1,0,literature,1,25,24,25,colorimetric p-nitrophenyl caprylate assay,p-nitrophenyl caprylate,76,,pages 3 and 9,not_reported | REF_P1A_LU08_05,,variants/LMT_0167.html,-1
LMT_0169,LMT_0169,LipBL S321A,LipBL S321A,LipBL S321A,Marinobacter lipolyticus,SM19,Escherichia coli,,mutant_or_engineered_construct,LMT_0168,LipBL S321A,,,,,,sequence_ready,no,,,,,,0.413964,-1.459137,2.159997,,,evidence_sparse,F9 public display table: 1 reliable observations; 0 independent sources,LMT_0169,evidence_sparse,,LipBL S321A,1,,,D,80.16,误差带仅说明测量不精确，不参与T7a评分,独立来源数=，独立性档=D,all_rows_complete; complete_rows=1/1,,,free,,archive_preview_only_not_authoritative,,,holdout_only,EVID_LIT_002425,WEBR1_PROTOCOL_0294,ASSAY_P1A_MANUAL_20260530_LIPBL_2012_MEOH30,1,1,1,0,literature,1,30,0.5,25,p-NP butyrate hydrolysis assay after organic-solvent incubation,p-nitrophenyl butyrate,150.1,,Microbiology 2012 p. 2199; Table 4; Stability of LipBL and variants in organic solvents,10.1099/mic.0.058792-0,,variants/LMT_0169.html,-1
LMT_0170,LMT_0170,LipBL S321M,LipBL S321M,LipBL S321M,Marinobacter lipolyticus,SM19,Escherichia coli,,mutant_or_engineered_construct,LMT_0168,LipBL S321M,,,,,,sequence_ready,no,,,,,,0.320904,-1.708854,2.225439,,,evidence_sparse,F9 public display table: 1 reliable observations; 0 independent sources,LMT_0170,evidence_sparse,,LipBL S321M,1,,,D,80.33,误差带仅说明测量不精确，不参与T7a评分,独立来源数=，独立性档=D,all_rows_complete; complete_rows=1/1,,,free,,archive_preview_only_not_authoritative,,,holdout_only,EVID_LIT_002426,WEBR1_PROTOCOL_0295,ASSAY_P1A_MANUAL_20260530_LIPBL_2012_MEOH30,1,1,1,0,literature,1,30,0.5,25,p-NP butyrate hydrolysis assay after organic-solvent incubation,p-nitrophenyl butyrate,174.7,,Microbiology 2012 p. 2199; Table 4; Stability of LipBL and variants in organic solvents,10.1099/mic.0.058792-0,,variants/LMT_0170.html,-1
LMT_0171,LMT_0171,LipBL S321H,LipBL S321H,LipBL S321H,Marinobacter lipolyticus,SM19,Escherichia coli,,mutant_or_engineered_construct,LMT_0168,LipBL S321H,,,,,,sequence_ready,no,,,,,,0.454064,-1.549323,2.337499,,,evidence_sparse,F9 public display table: 1 reliable observations; 0 independent sources,LMT_0171,evidence_sparse,,LipBL S321H,1,,,D,80.49,误差带仅说明测量不精确，不参与T7a评分,独立来源数=，独立性档=D,all_rows_complete; complete_rows=1/1,,,free,,archive_preview_only_not_authoritative,,,holdout_only,EVID_LIT_002427,WEBR1_PROTOCOL_0296,ASSAY_P1A_MANUAL_20260530_LIPBL_2012_MEOH30,1,1,1,0,literature,1,30,0.5,25,p-NP butyrate hydrolysis assay after organic-solvent incubation,p-nitrophenyl butyrate,114.2,,Microbiology 2012 p. 2199; Table 4; Stability of LipBL and variants in organic solvents,10.1099/mic.0.058792-0,,variants/LMT_0171.html,-1
LMT_0172,LMT_0172,LipBL S321D,LipBL S321D,LipBL S321D,Marinobacter lipolyticus,SM19,Escherichia coli,,mutant_or_engineered_construct,LMT_0168,LipBL S321D,,,,,,sequence_ready,no,,,,,,0.512706,-1.503046,2.363853,,,evidence_sparse,F9 public display table: 1 reliable observations; 0 independent sources,LMT_0172,evidence_sparse,,LipBL S321D,1,,,D,80.66,误差带仅说明测量不精确，不参与T7a评分,独立来源数=，独立性档=D,all_rows_complete; complete_rows=1/1,,,free,,archive_preview_only_not_authoritative,,,holdout_only,EVID_LIT_002428,WEBR1_PROTOCOL_0297,ASSAY_P1A_MANUAL_20260530_LIPBL_2012_MEOH30,1,1,1,0,literature,1,30,0.5,25,p-NP butyrate hydrolysis assay after organic-solvent incubation,p-nitrophenyl butyrate,114.5,,Microbiology 2012 p. 2199; Table 4; Stability of LipBL and variants in organic solvents,10.1099/mic.0.058792-0,,variants/LMT_0172.html,-1
LMT_0173,LMT_0173,LipBL H310Q,LipBL H310Q,LipBL H310Q,Marinobacter lipolyticus,SM19,Escherichia coli,,mutant_or_engineered_construct,LMT_0168,LipBL H310Q,,,,,,sequence_ready,no,,,,,,0.509962,-1.352504,2.186138,,,evidence_sparse,F9 public display table: 1 reliable observations; 0 independent sources,LMT_0173,evidence_sparse,,LipBL H310Q,1,,,D,80.82,误差带仅说明测量不精确，不参与T7a评分,独立来源数=，独立性档=D,all_rows_complete; complete_rows=1/1,,,free,,archive_preview_only_not_authoritative,,,holdout_only,EVID_LIT_002429,WEBR1_PROTOCOL_0298,ASSAY_P1A_MANUAL_20260530_LIPBL_2012_MEOH30,1,1,1,0,literature,1,30,0.5,25,p-NP butyrate hydrolysis assay after organic-solvent incubation,p-nitrophenyl butyrate,129.9,,Microbiology 2012 p. 2199; Table 4; Stability of LipBL and variants in organic solvents,10.1099/mic.0.058792-0,,variants/LMT_0173.html,-1
LMT_0174,LMT_0174,Streptomyces sp. CS273 purified lipase,Streptomyces sp. CS273 purified lipase,Streptomyces sp. CS273 purified lipase,Streptomyces sp.,CS273,,,canonical_entity,,Streptomyces sp. CS273 purified lipase,,,,,,phenotype_ready,no,,,,,,0.254379,-1.697845,2.448389,,,evidence_sparse,F9 public display table: 1 reliable observations; 0 independent sources,LMT_0174,evidence_sparse,,Streptomyces sp. CS273 purified lipase,1,,,D,80.98,误差带仅说明测量不精确，不参与T7a评分,独立来源数=，独立性档=D,all_rows_complete; complete_rows=1/1,,,free,,archive_preview_only_not_authoritative,,,downweighted_train,EVID_LIT_002422,WEBR1_PROTOCOL_0299,ASSAY_P1A_MANUAL_20260530_CS273_2014_TABLE5,1,1,1,0,literature,1,25,24,30,pNPP spectrophotometric hydrolysis assay at A405,p-nitrophenyl palmitate,105.5,,Appl Biochem Biotechnol 2014 pp. 1385-1387; Table 5; Effect of organic solvents on lipase stability,10.1007/s12010-013-0610-7,,variants/LMT_0174.html,-1
LMT_0175,LMT_0175,Bacillus sphaericus 205y purified extracellular OST-lipase,Bacillus sphaericus 205y purified extracellular OST-lipase,Bacillus sphaericus 205y purified extracellular OST-lipase,Bacillus sphaericus,205y,,,canonical_entity,,Bacillus sphaericus 205y purified extracellular OST-lipase,,,,,,phenotype_ready,no,,,,,,-0.246812,-2.295014,1.702492,,,evidence_sparse,F9 public display table: 1 reliable observations; 0 independent sources,LMT_0175,evidence_sparse,,Bacillus sphaericus 205y purified extracellular OST-lipase,1,,,D,81.15,误差带仅说明测量不精确，不参与T7a评分,独立来源数=，独立性档=D,all_rows_complete; complete_rows=1/1,,,free,,archive_preview_only_not_authoritative,,,downweighted_train,EVID_LIT_001997,WEBR1_PROTOCOL_0300,ASSAY_P1A_LU09_02_TABLE2_SOLVENT_STABILITY,1,1,1,0,literature,1,100,0.5,37,Kwon and Rhee free-fatty-acid lipase activity assay after solvent incubation,olive oil,120,,pages 2-5,10.1016/j.pep.2006.04.015,,variants/LMT_0175.html,-1
LMT_0176,LMT_0176,Chromohalobacter canadensis strain S2 purified halophilic lipase LipS2,Chromohalobacter canadensis strain S2 purified halophilic lipase LipS2,Chromohalobacter canadensis strain S2 purified halophilic lipase LipS2,Chromohalobacter canadensis,S2,,,canonical_entity,,Chromohalobacter canadensis strain S2 purified halophilic lipase LipS2,,,,,,phenotype_ready,no,,,,,,0.803152,-0.898705,2.500107,,,evidence_sparse,F9 public display table: 2 reliable observations; 0 independent sources,LMT_0176,evidence_sparse,,Chromohalobacter canadensis strain S2 purified halophilic lipase LipS2,2,,,D,81.31,误差带仅说明测量不精确，不参与T7a评分,独立来源数=，独立性档=D,all_rows_complete; complete_rows=2/2,,,free,,archive_preview_only_not_authoritative,,,core_train,EVID_LIT_001999; EVID_LIT_002000,WEBR1_PROTOCOL_0301; WEBR1_PROTOCOL_0302,ASSAY_P1A_LU09_05_TABLE4_SOLVENT_STABILITY,2,2,2,0,literature,1,50,0.5,35,p-nitrophenyl palmitate colorimetric assay at 410 nm after solvent incubation,p-nitrophenyl palmitate,91,,pages 3 and 8,10.1002/jobm.201800116,,variants/LMT_0176.html,-1
LMT_0177,LMT_0177,Pseudomonas stutzeri LC2-8 purified lipase LC2-8,Pseudomonas stutzeri LC2-8 purified lipase LC2-8,Pseudomonas stutzeri LC2-8 purified lipase LC2-8,Pseudomonas stutzeri,LC2-8,,,canonical_entity,,Pseudomonas stutzeri LC2-8 purified lipase LC2-8,,AET51061.1,JN681265,,,sequence_ready,no,,,,,,-0.099742,-1.780039,1.717195,,,evidence_sparse,F9 public display table: 2 reliable observations; 0 independent sources,LMT_0177,evidence_sparse,,Pseudomonas stutzeri LC2-8 purified lipase LC2-8,2,,,D,81.48,误差带仅说明测量不精确，不参与T7a评分,独立来源数=，独立性档=D,all_rows_complete; complete_rows=2/2,,,free,,archive_preview_only_not_authoritative,,,core_train | holdout_only,EVID_LIT_002001; EVID_PAT_000591,WEBR1_PROTOCOL_0303; WEBR1_PROTOCOL_0304,ASSAY_P1A_LU10_01_TABLE3_SOLVENT_STABILITY; PAT_ASSAY_CN102174422_MEOH25_24H,2,2,1,1,literature+patent,2,25,24,30,pNPP spectrophotometric hydrolysis assay at 410 nm after solvent incubation | not_reported,p-nitrophenyl palmitate | not_reported,121,,pages 2-5; Section 2.9; Section 3.6; Table 3; Google Patents description solvent-stability assay excerpt,10.1016/j.bej.2012.03.004 | not_applicable_patent | CN102174422B,,variants/LMT_0177.html,-1
LMT_0178,LMT_0178,Pseudomonas monteilii TKU009 purified extracellular lipase F2,Pseudomonas monteilii TKU009 purified extracellular lipase F2,Pseudomonas monteilii TKU009 purified extracellular lipase F2,Pseudomonas monteilii,TKU009,,,canonical_entity,,Pseudomonas monteilii TKU009 purified extracellular lipase F2,,,,,,phenotype_ready,no,,,,,,1.359924,-0.672876,3.439957,,,evidence_sparse,F9 public display table: 1 reliable observations; 0 independent sources,LMT_0178,evidence_sparse,,Pseudomonas monteilii TKU009 purified extracellular lipase F2,1,,,D,81.64,误差带仅说明测量不精确，不参与T7a评分,独立来源数=，独立性档=D,all_rows_complete; complete_rows=1/1,,,free,,archive_preview_only_not_authoritative,,,downweighted_train,EVID_LIT_002002,WEBR1_PROTOCOL_0305,ASSAY_P1A_LU10_02_TABLE4_SOLVENT_STABILITY_F2,1,1,1,0,literature,1,25,0.5,37,pNPP spectrophotometric hydrolysis assay at 410 nm after solvent incubation,p-nitrophenyl palmitate,45,,pages 3 and 7; Effect of organic solvents; Table 4,10.1007/s10295-008-0473-z,,variants/LMT_0178.html,-1
LMT_0179,LMT_0179,Proteus vulgaris lipase WT-PVL,Proteus vulgaris lipase WT-PVL,Proteus vulgaris lipase WT-PVL,Proteus vulgaris,,Escherichia coli,,canonical_entity,,Proteus vulgaris lipase WT-PVL,,,,,,phenotype_ready,no,,,,,,1.614925,0.175323,3.170429,,,evidence_moderate,F9 public display table: 5 reliable observations; 0 independent sources,LMT_0179,evidence_moderate,,Proteus vulgaris lipase WT-PVL,5,,,D,26.89,误差带仅说明测量不精确，不参与T7a评分,独立来源数=，独立性档=D,no_complete_rows; complete_rows=0/9,,,purified_free,,archive_preview_only_not_authoritative,,,downweighted_train,EVID_LIT_002003; EVID_LIT_002004; EVID_LIT_002005; EVID_LIT_002006; EVID_LIT_002007; EVID_LIT_002008; EVID_LIT_002009; EVID_LIT_002010; EVID_LIT_002011,WEBR1_PROTOCOL_0306,ASSAY_P1A_LU10_03_FIG3_50PCT_TIMECOURSE,9,1,9,0,literature,1,50,18,not_reported,pNPP hydrolysis monitored at 405 nm after/in methanol treatment,p-nitrophenyl palmitate,46,,pages 3 and 5; Section 2.6; Section 3.2; Figure 3,10.1016/j.ultsonch.2020.105211,,variants/LMT_0179.html,-1
LMT_0180,LMT_0180,Proteus vulgaris lipase PVL C181-238 disulfide construct,Proteus vulgaris lipase PVL C181-238 disulfide construct,Proteus vulgaris lipase PVL C181-238 disulfide construct,Proteus vulgaris,,Escherichia coli,,mutant_or_engineered_construct,LMT_0179,Proteus vulgaris lipase PVL C181-238 disulfide construct,,,,,,phenotype_ready,no,,,,,,1.736056,0.30418,3.351383,,,evidence_moderate,F9 public display table: 5 reliable observations; 0 independent sources,LMT_0180,evidence_moderate,,Proteus vulgaris lipase PVL C181-238 disulfide construct,5,,,D,27.05,误差带仅说明测量不精确，不参与T7a评分,独立来源数=，独立性档=D,no_complete_rows; complete_rows=0/9,,,purified_free,,archive_preview_only_not_authoritative,,,downweighted_train,EVID_LIT_002012; EVID_LIT_002013; EVID_LIT_002014; EVID_LIT_002015; EVID_LIT_002016; EVID_LIT_002017; EVID_LIT_002018; EVID_LIT_002019; EVID_LIT_002020,WEBR1_PROTOCOL_0307,ASSAY_P1A_LU10_03_FIG3_50PCT_TIMECOURSE,9,1,9,0,literature,1,50,18,not_reported,pNPP hydrolysis monitored at 405 nm after/in methanol treatment,p-nitrophenyl palmitate,38,,pages 3 and 5; Section 2.6; Section 3.2; Figure 3,10.1016/j.ultsonch.2020.105211,,variants/LMT_0180.html,-1
LMT_0181,LMT_0181,Proteus vulgaris lipase EPVL C181-238 evolved mutant,Proteus vulgaris lipase EPVL C181-238 evolved mutant,Proteus vulgaris lipase EPVL C181-238 evolved mutant,Proteus vulgaris,,Escherichia coli,,mutant_or_engineered_construct,LMT_0179,Proteus vulgaris lipase EPVL C181-238 evolved mutant,,,,,,phenotype_ready,no,,,,,,0.332526,-0.968308,1.631792,,,evidence_rich,F9 public display table: 9 reliable observations; 0 independent sources,LMT_0181,evidence_rich,,Proteus vulgaris lipase EPVL C181-238 evolved mutant,9,,,D,27.21,误差带仅说明测量不精确，不参与T7a评分,独立来源数=，独立性档=D,no_complete_rows; complete_rows=0/9,,,purified_free,,archive_preview_only_not_authoritative,,,downweighted_train,EVID_LIT_002021; EVID_LIT_002022; EVID_LIT_002023; EVID_LIT_002024; EVID_LIT_002025; EVID_LIT_002026; EVID_LIT_002027; EVID_LIT_002028; EVID_LIT_002029,WEBR1_PROTOCOL_0308,ASSAY_P1A_LU10_03_FIG3_50PCT_TIMECOURSE,9,1,9,0,literature,1,50,18,not_reported,pNPP hydrolysis monitored at 405 nm after/in methanol treatment,p-nitrophenyl palmitate,94,,pages 3 and 5; Section 2.6; Section 3.2; Figure 3,10.1016/j.ultsonch.2020.105211,,variants/LMT_0181.html,-1
LMT_0182,LMT_0182,Staphylococcus capitis SH6 free lipase,Staphylococcus capitis SH6 free lipase,Staphylococcus capitis SH6 free lipase,Staphylococcus capitis,SH6,,,canonical_entity,,Staphylococcus capitis SH6 free lipase,,,,,,phenotype_ready,no,,,,,,1.176889,-0.627367,3.211274,,,evidence_sparse,F9 public display table: 1 reliable observations; 0 independent sources,LMT_0182,evidence_sparse,,Staphylococcus capitis SH6 free lipase,1,,,D,57.05,误差带仅说明测量不精确，不参与T7a评分,独立来源数=，独立性档=D,all_rows_complete; complete_rows=1/1,,,free,,archive_preview_only_not_authoritative,,,downweighted_train,EVID_LIT_002058,WEBR1_PROTOCOL_0309,ASSAY_P1A_LU11_01_FIG8_FREE_METHANOL15,1,1,1,0,literature,1,15,0.5,33,pH-stat titrimetric tributyrin hydrolysis assay after methanol exposure,tributyrin (TC4),72,,pages 11-12; Effect of different organic solvents; Figure 8,10.1080/10826068.2021.1920034,,variants/LMT_0182.html,-1
LMT_0183,LMT_0183,Staphylococcus capitis SH6 recombinant mature lipase r-SCL,Staphylococcus capitis SH6 recombinant mature lipase r-SCL,Staphylococcus capitis SH6 recombinant mature lipase r-SCL,Staphylococcus capitis,SH6,Escherichia coli,,canonical_entity,,Staphylococcus capitis SH6 recombinant mature lipase r-SCL,,,,,,phenotype_ready,no,,,,,,1.135472,-0.442068,2.701788,,,evidence_sparse,F9 public display table: 2 reliable observations; 0 independent sources,LMT_0183,evidence_sparse,,Staphylococcus capitis SH6 recombinant mature lipase r-SCL,2,,,D,32.62,误差带仅说明测量不精确，不参与T7a评分,独立来源数=，独立性档=D,no_complete_rows; complete_rows=0/2,,,purified_free,,archive_preview_only_not_authoritative,,,downweighted_train,EVID_LIT_002061; EVID_LIT_002062,WEBR1_PROTOCOL_0310; WEBR1_PROTOCOL_0311,ASSAY_P1A_LU11_04_TABLE2_METHANOL_SERIES,2,2,2,0,literature,1,30,1,not_reported,titrimetric tributyrin hydrolysis assay under standard pH-stat conditions,tributyrin (TC4),66.88,,pages 4 and 9; Effect of organic solvents on r-SCL stability; Table 2,10.1080/10826068.2023.2279111,,variants/LMT_0183.html,-1
LMT_0184,LMT_0184,Pseudomonas aeruginosa PSA01 LipA soluble lysate from E. coli BL21 (DE3);LipA PSA01 free/soluble enzyme,Pseudomonas aeruginosa PSA01 LipA soluble lysate from E. coli BL21 (DE3);LipA PSA01 free/soluble enzyme,Pseudomonas aeruginosa PSA01 LipA soluble lysate from E. coli BL21 (DE3),Pseudomonas aeruginosa,PSA01 LipA,Escherichia coli,,mutant_or_engineered_construct,LMT_0184,Pseudomonas aeruginosa PSA01 LipA soluble lysate from E. coli BL21 (DE3),P26876,,,,1EX9,structure_ready,yes,P26876,UniProt,311,99fef17cc4194001ef3b1ab9fc53c6fba2da7b7c717484d696782d4e9ed4b516,results/2026-06-16_duplicate_uniprot_fulltext_audit/raw/uniprot_P26876.json,1.178857,-0.224999,2.589519,,,evidence_rich,F9 public display table: 11 reliable observations; 0 independent sources,LMT_0184,evidence_rich,,Pseudomonas aeruginosa PSA01 LipA soluble lysate from E. coli BL21 (DE3);LipA PSA01 free/soluble enzyme,11,,,D,57.21,误差带仅说明测量不精确，不参与T7a评分,独立来源数=，独立性档=D,all_rows_complete; complete_rows=13/13,,,crude_extract | soluble/free enzyme,,archive_preview_only_not_authoritative,,,downweighted_train,EVID_LIT_002064; EVID_LIT_002065; EVID_LIT_002066; EVID_LIT_002067; EVID_LIT_002068; EVID_LIT_002069; EVID_LIT_002071; EVID_LIT_002072; EVID_LIT_002073; EVID_LIT_002074; EVID_LIT_002075; EVID_LIT_002076; EVID_LIT_000042,WEBR1_PROTOCOL_0312; WEBR1_PROTOCOL_0313; WEBR1_PROTOCOL_0314,ASSAY_P1A_LU11_05_FIG5A_BL21_METHANOL50_TIMECOURSE; ASSAY_P1A_LU11_05_FIG5A_BL21_METHANOL60_TIMECOURSE; ASSAY_S3_C12B_LMT_0184_100_96_042,13,3,13,0,literature,2,100,96,25,microplate pNPP hydrolysis assay at 415 nm using soluble lysates | pNPP or titrimetric lipase activity assay; source figure reports residual activity,p-nitrophenyl palmitate | not_reported,80,,pages 7 and 14; Section 2.3; Section 4.7; Figure 5 panel a; Fig. 3C (prompt called Fig. 6C),10.3390/ijms21113925 | 10.1016/j.btre.2021.e00659,,variants/LMT_0184.html,-1
LMT_0185,LMT_0185,Pseudomonas aeruginosa PSA01 LipA soluble lysate from E. coli SHuffle,Pseudomonas aeruginosa PSA01 LipA soluble lysate from E. coli SHuffle,Pseudomonas aeruginosa PSA01 LipA soluble lysate from E. coli BL21 (DE3),Pseudomonas aeruginosa,PSA01 LipA,Escherichia coli,,mutant_or_engineered_construct,LMT_0184,Pseudomonas aeruginosa PSA01 LipA soluble lysate from E. coli SHuffle,P26876,,,,1EX9,structure_ready,yes,P26876,UniProt,311,99fef17cc4194001ef3b1ab9fc53c6fba2da7b7c717484d696782d4e9ed4b516,results/2026-06-16_duplicate_uniprot_fulltext_audit/raw/uniprot_P26876.json,1.250167,-0.065163,2.661775,,,evidence_rich,F9 public display table: 10 reliable observations; 0 independent sources,LMT_0185,evidence_rich,,Pseudomonas aeruginosa PSA01 LipA soluble lysate from E. coli SHuffle,10,,,D,57.38,误差带仅说明测量不精确，不参与T7a评分,独立来源数=，独立性档=D,all_rows_complete; complete_rows=12/12,,,crude_extract,,archive_preview_only_not_authoritative,,,downweighted_train,EVID_LIT_002078; EVID_LIT_002079; EVID_LIT_002080; EVID_LIT_002081; EVID_LIT_002082; EVID_LIT_002083; EVID_LIT_002085; EVID_LIT_002086; EVID_LIT_002087; EVID_LIT_002088; EVID_LIT_002089; EVID_LIT_002090,WEBR1_PROTOCOL_0315; WEBR1_PROTOCOL_0316,ASSAY_P1A_LU11_05_FIG5A_SHUFFLE_METHANOL50_TIMECOURSE; ASSAY_P1A_LU11_05_FIG5A_SHUFFLE_METHANOL60_TIMECOURSE,12,2,12,0,literature,1,60,1,25,microplate pNPP hydrolysis assay at 415 nm using soluble lysates,p-nitrophenyl palmitate,89,,pages 7 and 14; Section 2.3; Section 4.7; Figure 5 panel a,10.3390/ijms21113925,,variants/LMT_0185.html,-1
LMT_0186,LMT_0186,Pseudomonas aeruginosa CS-2 purified extracellular lipase,Pseudomonas aeruginosa CS-2 purified extracellular lipase,Pseudomonas aeruginosa CS-2 purified extracellular lipase,Pseudomonas aeruginosa,CS-2,,,canonical_entity,,Pseudomonas aeruginosa CS-2 purified extracellular lipase,,,,,,phenotype_ready,no,,,,,,1.889239,-0.011537,3.5583,,,evidence_sparse,F9 public display table: 2 reliable observations; 0 independent sources,LMT_0186,evidence_sparse,,Pseudomonas aeruginosa CS-2 purified extracellular lipase,2,,,D,81.80,误差带仅说明测量不精确，不参与T7a评分,独立来源数=，独立性档=D,all_rows_complete; complete_rows=2/2,,,free,,archive_preview_only_not_authoritative,,,downweighted_train,EVID_LIT_002091; EVID_LIT_002092,WEBR1_PROTOCOL_0317,ASSAY_P1A_LU12_01_TABLE4_METHANOL50,2,1,2,0,literature,1,50,9,30,p-nitrophenyl palmitate hydrolysis monitored at 410 nm after organic-solvent incubation,p-nitrophenyl palmitate,10.2,,pages 7-8; Methods organic solvent stability; Table 4,10.1007/s12010-009-8841-3,,variants/LMT_0186.html,-1
LMT_0188,LMT_0188,Aeromonas sp. EBB-1 purified extracellular lipase,Aeromonas sp. EBB-1 purified extracellular lipase,Aeromonas sp. EBB-1 purified extracellular lipase,Aeromonas sp.,EBB-1,,,canonical_entity,,Aeromonas sp. EBB-1 purified extracellular lipase,,,,,,phenotype_ready,no,,,,,,0.77801,-1.078395,2.713768,,,evidence_sparse,F9 public display table: 1 reliable observations; 0 independent sources,LMT_0188,evidence_sparse,,Aeromonas sp. EBB-1 purified extracellular lipase,1,,,D,81.97,误差带仅说明测量不精确，不参与T7a评分,独立来源数=，独立性档=D,all_rows_complete; complete_rows=1/1,,,free,,archive_preview_only_not_authoritative,,,downweighted_train,EVID_LIT_002109,WEBR1_PROTOCOL_0319,ASSAY_P1A_LU13_01_SOLVENT_STABILITY_METHANOL50,1,1,1,0,literature,1,50,6,37,p-nitrophenyl palmitate hydrolysis after solvent incubation,p-nitrophenyl palmitate,39,,pages 3 and 8; Methods organic-solvent stability and Results organic-solvent stability,10.2306/scienceasia1513-1874.2011.37.105,,variants/LMT_0188.html,-1
LMT_0189,LMT_0189,Pseudomonas sp. strain B11-1 LipP recombinant purified lipase,Pseudomonas sp. strain B11-1 LipP recombinant purified lipase,Pseudomonas sp. strain B11-1 LipP recombinant purified lipase,Pseudomonas sp.,B11-1,,,canonical_entity,,Pseudomonas sp. strain B11-1 LipP recombinant purified lipase,O52270,,,,,sequence_ready,yes,O52270,UniProt,308,ae76c1d2fe9e56d1a370b7be40d6a1628621399cc81d645b4e45dd774fa23cf0,results/2026-06-16_duplicate_uniprot_fulltext_audit/raw/uniprot_O52270.json,0.536939,-1.102982,2.199646,,,evidence_sparse,F9 public display table: 2 reliable observations; 0 independent sources,LMT_0189,evidence_sparse,,Pseudomonas sp. strain B11-1 LipP recombinant purified lipase,2,,,D,82.13,误差带仅说明测量不精确，不参与T7a评分,独立来源数=，独立性档=D,all_rows_complete; complete_rows=2/2,,,free,,archive_preview_only_not_authoritative,,,downweighted_train,EVID_LIT_002110; EVID_LIT_002111,WEBR1_PROTOCOL_0320,ASSAY_P1A_LU13_02_TABLE3_METHANOL_SOLVENT_ACTIVITY,2,1,2,0,literature,1,30,1,25,p-nitrophenyl butyrate hydrolysis after organic-solvent incubation,p-nitrophenyl butyrate,194,,page 4; Table 3,not_reported | REF_P1A_LU13_02,,variants/LMT_0189.html,-1
LMT_0190,LMT_0190,Serratia sp. ZS6 LipA extracellular supernatant lipase,Serratia sp. ZS6 LipA extracellular supernatant lipase,Serratia sp. ZS6 LipA extracellular supernatant lipase,Serratia sp.,ZS6,,,canonical_entity,,Serratia sp. ZS6 LipA extracellular supernatant lipase,,,,,,phenotype_ready,no,,,,,,,,,,,evidence_absent,F9 public display table: 0 reliable observations; 0 independent sources,LMT_0190,evidence_absent,,Serratia sp. ZS6 LipA extracellular supernatant lipase,0,,,D,0.16,误差带仅说明测量不精确，不参与T7a评分,独立来源数=，独立性档=D,not_evaluable_no_evidence_rows; complete_rows=0/0,,,,,archive_preview_only_not_authoritative,,,,,,,0,0,0,0,no_measurements,0,0,0,,,,0,,,,,variants/LMT_0190.html,-1
LMT_0191,LMT_0191,Pseudomonas moraviensis M9 LipM recombinant purified lipase,Pseudomonas moraviensis M9 LipM recombinant purified lipase,Pseudomonas moraviensis M9 LipM recombinant purified lipase,Pseudomonas moraviensis,M9,,,canonical_entity,,Pseudomonas moraviensis M9 LipM recombinant purified lipase,V5R321,,,,,sequence_ready,yes,V5R321,UniProt,562,38111c67cbd43bfbe12ef6302b51c739501e829a22c1ce7fe7ba935699d223a0,results/2026-06-16_duplicate_uniprot_fulltext_audit/raw/uniprot_V5R321.json,0.732496,-1.141457,2.348405,,,evidence_sparse,F9 public display table: 2 reliable observations; 0 independent sources,LMT_0191,evidence_sparse,,Pseudomonas moraviensis M9 LipM recombinant purified lipase,2,,,D,57.54,误差带仅说明测量不精确，不参与T7a评分,独立来源数=，独立性档=D,all_rows_complete; complete_rows=2/2,,,free,,archive_preview_only_not_authoritative,,,downweighted_train,EVID_LIT_002113; EVID_LIT_002114,WEBR1_PROTOCOL_0321,ASSAY_P1A_LU13_04_FIG6B_METHANOL_SOLVENT_TOLERANCE,2,1,2,0,literature,1,30,2,65,p-nitrophenyl caprylate standard assay after solvent incubation,p-nitrophenyl caprylate,102,,pages 7-10; Methods effects of additives; Figure 6b,10.1186/s12896-015-0214-0,,variants/LMT_0191.html,-1
LMT_0192,LMT_0192,Bacillus subtilis lipase A M4 (I12R/Y49R/E65H/N98R/K122E/L124K),Bacillus subtilis lipase A M4 (I12R/Y49R/E65H/N98R/K122E/L124K),Bacillus subtilis lipase A M4 (I12R/Y49R/E65H/N98R/K122E/L124K),Bacillus subtilis,,,,mutant_or_engineered_construct,LMT_0237,Bacillus subtilis lipase A M4 (I12R/Y49R/E65H/N98R/K122E/L124K),,,,,,phenotype_ready,no,,,,,,0.80024,-0.618643,2.320603,,,evidence_rich,F9 public display table: 6 reliable observations; 0 independent sources,LMT_0192,evidence_rich,,Bacillus subtilis lipase A M4 (I12R/Y49R/E65H/N98R/K122E/L124K),6,,,D,57.70,误差带仅说明测量不精确，不参与T7a评分,独立来源数=，独立性档=D,all_rows_complete; complete_rows=6/6,,,free,,archive_preview_only_not_authoritative,,,downweighted_train,EVID_LIT_002440; EVID_LIT_002465; EVID_LIT_002466; EVID_LIT_002467; EVID_LIT_002468; EVID_LIT_002469,WEBR1_PROTOCOL_0322,ASSAY_P1A_PDB_COMPASSR_20260602_FIGS4D_M4,6,1,6,0,literature,1,60,2,25,pNPB colorimetric lipase activity assay in organic-solvent resistance profile,p-nitrophenyl butyrate (pNPB),108,,main text p. 2795 Experimental Section; Supporting Information S3 and S10; Figure S4(d),10.1002/chem.202004471,,variants/LMT_0192.html,-1
LMT_0193,LMT_0193,Bacillus sp. strain 42 Strep-tagged recombinant Lip 42,Bacillus sp. strain 42 Strep-tagged recombinant Lip 42,Bacillus sp. strain 42 Strep-tagged recombinant Lip 42,Bacillus sp.,42,,,canonical_entity,,Bacillus sp. strain 42 Strep-tagged recombinant Lip 42,Q5U780,,,,4FKB,structure_ready,yes,Q5U780,UniProt,416,fd75008a4810dbd823faf33974be0cc267252fe3401f580354e29d40405d526a,results/2026-06-16_duplicate_uniprot_fulltext_audit/raw/uniprot_Q5U780.json,1.195809,-0.445931,2.817907,,,evidence_moderate,F9 public display table: 4 reliable observations; 0 independent sources,LMT_0193,evidence_moderate,,Bacillus sp. strain 42 Strep-tagged recombinant Lip 42,4,,,D,57.87,误差带仅说明测量不精确，不参与T7a评分,独立来源数=，独立性档=D,all_rows_complete; complete_rows=4/4,,,free,,archive_preview_only_not_authoritative,,,downweighted_train,EVID_LIT_002127; EVID_LIT_002128; EVID_LIT_002129; EVID_LIT_002130,WEBR1_PROTOCOL_0323; WEBR1_PROTOCOL_0324; WEBR1_PROTOCOL_0325; WEBR1_PROTOCOL_0326,ASSAY_P1A_LU14_02_FIG4_METHANOL25_TEMP_SERIES,4,4,4,0,literature,1,25,0.5,30 | 40 | 50 | 60,olive oil hydrolysis assay after solvent preincubation,olive oil emulsion,184,,page 115; Figure 4 and Methods effect of organic solvents,not_reported | REF_P1A_LU14_02,,variants/LMT_0193.html,-1
LMT_0194,LMT_0194,free soluble LUCA lipase crude lysate,free soluble LUCA lipase crude lysate,free soluble LUCA lipase crude lysate,ancestral sequence,reconstructed family I.3 bacterial,Escherichia coli,,canonical_entity,,free soluble LUCA lipase crude lysate,,,,,,phenotype_ready,no,,,,,,0.651696,-1.359677,2.491326,,,evidence_sparse,F9 public display table: 1 reliable observations; 0 independent sources,LMT_0194,evidence_sparse,,free soluble LUCA lipase crude lysate,1,,,D,58.03,误差带仅说明测量不精确，不参与T7a评分,独立来源数=，独立性档=D,all_rows_complete; complete_rows=1/1,,,crude_preparation,,archive_preview_only_not_authoritative,,,downweighted_train,EVID_LIT_002131,WEBR1_PROTOCOL_0327,ASSAY_P1A_LU14_03_FIG5_FREE_LUCA_METHANOL25,1,1,1,0,literature,1,25,0.5,40,p-nitrophenyl palmitate assay after organic-solvent preincubation,p-nitrophenyl palmitate,135,,page 667; Figure 5 and Methods effect of organic solvents,10.1007/s12010-025-05392-0,,variants/LMT_0194.html,-1
LMT_0195,LMT_0195,Stenotrophomonas maltophilia CGMCC 4254 partially purified SML lipase;LipSM54 from Stenotrophomonas maltophilia GS11,Stenotrophomonas maltophilia CGMCC 4254 partially purified SML lipase;LipSM54 from Stenotrophomonas maltophilia GS11,Stenotrophomonas maltophilia CGMCC 4254 partially purified SML lipase,Stenotrophomonas maltophilia,CGMCC 4254,,,canonical_entity,,Stenotrophomonas maltophilia CGMCC 4254 partially purified SML lipase,,,KC014616,,,phenotype_ready,no,,,,,,0.059242,-1.263461,1.550776,,,evidence_rich,F9 public display table: 9 reliable observations; 0 independent sources,LMT_0195,evidence_rich,,Stenotrophomonas maltophilia CGMCC 4254 partially purified SML lipase;LipSM54 from Stenotrophomonas maltophilia GS11,9,,,D,82.30,误差带仅说明测量不精确，不参与T7a评分,独立来源数=，独立性档=D,all_rows_complete; complete_rows=9/9,,,free | lyophilized | purified_recombinant,,archive_preview_only_not_authoritative,,,downweighted_train,EVID_LIT_002135; EVID_LIT_002136; EVID_LIT_002137; EVID_LIT_002138; EVID_LIT_002139; EVID_LIT_002140; EVID_LIT_002556; EVID_LIT_002557; EVID_LIT_002558,WEBR1_PROTOCOL_0328; WEBR1_PROTOCOL_0329; WEBR1_PROTOCOL_0330; WEBR1_PROTOCOL_0331; WEBR1_PROTOCOL_0332,ASSAY_P1A_LU14_05_TABLE2_METHANOL_SOLVENT_STABILITY; ASSAY_B82_EVID_LIT_002556; ASSAY_B82_EVID_LIT_002557; ASSAY_B82_EVID_LIT_002558,9,5,9,0,literature,2,100,168,30,pNP-caprylate colorimetric hydrolysis after organic-solvent incubation | not_reported,p-nitrophenyl caprylate,85.1,,"page 117; Table 2 and Methods stability of SML in organic solvents; Table 1, PDF p. 5 (printed p. 34)",10.1016/j.biortech.2013.08.101 | 10.1016/j.jbiotec.2016.04.034,,variants/LMT_0195.html,-1
LMT_0196,LMT_0196,Pseudomonas aeruginosa KKA-5 purified extracellular lipase,Pseudomonas aeruginosa KKA-5 purified extracellular lipase,Pseudomonas aeruginosa KKA-5 purified extracellular lipase,Pseudomonas aeruginosa,KKA-5,,,canonical_entity,,Pseudomonas aeruginosa KKA-5 purified extracellular lipase,,,,,,phenotype_ready,no,,,,,,0.55646,-1.364377,2.621904,,,evidence_sparse,F9 public display table: 1 reliable observations; 0 independent sources,LMT_0196,evidence_sparse,,Pseudomonas aeruginosa KKA-5 purified extracellular lipase,1,,,D,82.46,误差带仅说明测量不精确，不参与T7a评分,独立来源数=，独立性档=D,all_rows_complete; complete_rows=1/1,,,free,,archive_preview_only_not_authoritative,,,downweighted_train,EVID_LIT_002141,WEBR1_PROTOCOL_0333,ASSAY_P1A_LU15_01_TABLE2_METHANOL50_STABILITY,1,1,1,0,literature,1,50,0.33,30,"2,3-dimercaptopropan-1-ol tributyrate lipase assay after reagent incubation","2,3-dimercaptopropan-1-ol tributyrate",100,,page 307; Table 2 and organic-solvent stability paragraph,10.1038/sj.jim.2900528,,variants/LMT_0196.html,-1
LMT_0197,LMT_0197,Pseudomonas mandelii JR-1 recombinant LipS,Pseudomonas mandelii JR-1 recombinant LipS,Pseudomonas mandelii JR-1 recombinant LipS,Pseudomonas mandelii,JR-1,,,canonical_entity,,Pseudomonas mandelii JR-1 recombinant LipS,H2ETP9,,,,,sequence_ready,yes,H2ETP9,UniProt,296,e9ed00788a2950e8a75962cd5df24e89731fe325598c50372a81e3f62cc68ac6,results/2026-06-16_duplicate_uniprot_fulltext_audit/raw/uniprot_H2ETP9.json,1.242803,-0.634329,3.118604,,,evidence_sparse,F9 public display table: 2 reliable observations; 0 independent sources,LMT_0197,evidence_sparse,,Pseudomonas mandelii JR-1 recombinant LipS,2,,,D,37.05,误差带仅说明测量不精确，不参与T7a评分,独立来源数=，独立性档=D,all_rows_complete; complete_rows=2/2,,,free,,archive_preview_only_not_authoritative,,,downweighted_train,EVID_LIT_002142; EVID_LIT_002143,WEBR1_PROTOCOL_0334,ASSAY_P1A_LU15_02_FIG6A_METHANOL30W_SOLVENT_TOLERANCE,2,1,2,0,literature,1,37.9,24,25,p-nitrophenyl octanoate spectrophotometric hydrolysis at 400 nm,p-nitrophenyl octanoate,36,,page 323; Figure 6A and text on organic solvents,10.1271/bbb.120733,,variants/LMT_0197.html,-1
LMT_0198,LMT_0198,Malassezia globosa recombinant DAG-like lipase MgMDL2,Malassezia globosa recombinant DAG-like lipase MgMDL2,Malassezia globosa recombinant DAG-like lipase MgMDL2,Malassezia globosa,,,,canonical_entity,,Malassezia globosa recombinant DAG-like lipase MgMDL2,A8PUY5,,,,5GW8,structure_ready,yes,A8PUY5,UniProt,304,d6f6ccaf2ac02da09482c39d3ec1e214c7a944fe2a6685da3e23c2441809c5c6,results/2026-06-16_duplicate_uniprot_fulltext_audit/raw/uniprot_A8PUY5.json,,,,,,evidence_absent,F9 public display table: 0 reliable observations; 0 independent sources,LMT_0198,evidence_absent,,Malassezia globosa recombinant DAG-like lipase MgMDL2,0,,,D,82.62,误差带仅说明测量不精确，不参与T7a评分,独立来源数=，独立性档=D,all_rows_complete; complete_rows=1/1,,,free,,archive_preview_only_not_authoritative,,,holdout_only,EVID_LIT_002147,WEBR1_PROTOCOL_0335,ASSAY_P1A_LU15_05_TABLE1_METHANOL30_ACTIVITY,1,1,1,0,literature,1,30,2,4,colorimetric p-nitrophenyl ester hydrolysis assay after organic-solvent incubation,p-nitrophenyl caprylate,98,,pages 4870 and 4874; Table 1 and Methods section 3.4.6,10.3390/ijms16034865,,variants/LMT_0198.html,-1
LMT_0199,LMT_0199,Pseudomonas synxantha PS1 recombinant LipPS1,Pseudomonas synxantha PS1 recombinant LipPS1,Pseudomonas synxantha PS1 recombinant LipPS1,Pseudomonas synxantha,PS1,,,canonical_entity,,Pseudomonas synxantha PS1 recombinant LipPS1,,ALO50712.1,KT313129,,,sequence_ready,no,,,,,,0.892592,-0.652253,2.561011,,,evidence_sparse,F9 public display table: 2 reliable observations; 0 independent sources,LMT_0199,evidence_sparse,,Pseudomonas synxantha PS1 recombinant LipPS1,2,,,D,82.79,误差带仅说明测量不精确，不参与T7a评分,独立来源数=，独立性档=D,all_rows_complete; complete_rows=2/2,,,free,,archive_preview_only_not_authoritative,,,downweighted_train,EVID_LIT_002148; EVID_LIT_002149,WEBR1_PROTOCOL_0336,ASSAY_P1A_LU16_01_TABLE1_METHANOL_STABILITY,2,1,2,0,literature,1,25,1,40,p-nitrophenyl palmitate hydrolysis measured at 405 nm,p-nitrophenyl palmitate,112,,pages 8 and 17; Characterization method and Table 1,not_reported | REF_P1A_LU16_01,,variants/LMT_0199.html,-1
LMT_0200,LMT_0200,Geobacillus zalihae T1 lipase wt-HT1,Geobacillus zalihae T1 lipase wt-HT1,Geobacillus zalihae T1 lipase wt-HT1,Geobacillus zalihae,,,,mutant_or_engineered_construct,LMT_0032,Geobacillus zalihae T1 lipase wt-HT1,Q842J9,,,,,sequence_ready,no,,,,,,1.614086,0.047453,3.478056,,,evidence_sparse,F9 public display table: 1 reliable observations; 0 independent sources,LMT_0200,evidence_sparse,,Geobacillus zalihae T1 lipase wt-HT1,1,,,D,58.20,误差带仅说明测量不精确，不参与T7a评分,独立来源数=，独立性档=D,all_rows_complete; complete_rows=1/1,,,free,,archive_preview_only_not_authoritative,,,downweighted_train,EVID_LIT_002154,WEBR1_PROTOCOL_0337,ASSAY_P1A_LU16_04_FIG6_METHANOL25_WITH_WITHOUT_CA,1,1,1,0,literature,1,25,0.5,60,modified Kwon and Rhee olive-oil emulsion assay with copper-pyridine readout at 715 nm,olive oil emulsion,25,,page 9; Figure 6 and section 2.6; method section 4.8,10.3390/ijms20102561,,variants/LMT_0200.html,-1
LMT_0201,LMT_0201,Geobacillus zalihae T1 lipase wt-HT1 with 1 mM Ca2+,Geobacillus zalihae T1 lipase wt-HT1 with 1 mM Ca2+,Geobacillus zalihae T1 lipase wt-HT1 with 1 mM Ca2+,Geobacillus zalihae,,,,mutant_or_engineered_construct,LMT_0032,Geobacillus zalihae T1 lipase wt-HT1 with 1 mM Ca2+,Q842J9,,,,,sequence_ready,no,,,,,,,,,,,evidence_absent,F9 public display table: 0 reliable observations; 0 independent sources,LMT_0201,evidence_absent,,Geobacillus zalihae T1 lipase wt-HT1 with 1 mM Ca2+,0,,,D,58.36,误差带仅说明测量不精确，不参与T7a评分,独立来源数=，独立性档=D,all_rows_complete; complete_rows=1/1,,,free,,archive_preview_only_not_authoritative,,,holdout_only,EVID_LIT_002155,WEBR1_PROTOCOL_0338,ASSAY_P1A_LU16_04_FIG6_METHANOL25_WITH_WITHOUT_CA,1,1,1,0,literature,1,25,0.5,60,modified Kwon and Rhee olive-oil emulsion assay with copper-pyridine readout at 715 nm,olive oil emulsion,72,,page 9; Figure 6 and section 2.6; method section 4.8,10.3390/ijms20102561,,variants/LMT_0201.html,-1
LMT_0202,LMT_0202,Geobacillus zalihae T1 lipase 5M mutant D43E/T118N/E226D/E250L/N304E,Geobacillus zalihae T1 lipase 5M mutant D43E/T118N/E226D/E250L/N304E,Geobacillus zalihae T1 lipase 5M mutant D43E/T118N/E226D/E250L/N304E,Geobacillus zalihae,,,,mutant_or_engineered_construct,LMT_0032,Geobacillus zalihae T1 lipase 5M mutant D43E/T118N/E226D/E250L/N304E,Q842J9,,,,,sequence_ready,no,,,,,,1.467272,-0.214912,3.230127,,,evidence_sparse,F9 public display table: 1 reliable observations; 0 independent sources,LMT_0202,evidence_sparse,,Geobacillus zalihae T1 lipase 5M mutant D43E/T118N/E226D/E250L/N304E,1,,,D,58.52,误差带仅说明测量不精确，不参与T7a评分,独立来源数=，独立性档=D,all_rows_complete; complete_rows=1/1,,,free,,archive_preview_only_not_authoritative,,,downweighted_train,EVID_LIT_002156,WEBR1_PROTOCOL_0339,ASSAY_P1A_LU16_04_FIG6_METHANOL25_WITH_WITHOUT_CA,1,1,1,0,literature,1,25,0.5,60,modified Kwon and Rhee olive-oil emulsion assay with copper-pyridine readout at 715 nm,olive oil emulsion,60,,page 9; Figure 6 and section 2.6; method section 4.8,10.3390/ijms20102561,,variants/LMT_0202.html,-1
LMT_0203,LMT_0203,Geobacillus zalihae T1 lipase 5M mutant with 1 mM Ca2+,Geobacillus zalihae T1 lipase 5M mutant with 1 mM Ca2+,Geobacillus zalihae T1 lipase 5M mutant with 1 mM Ca2+,Geobacillus zalihae,,,,mutant_or_engineered_construct,LMT_0032,Geobacillus zalihae T1 lipase 5M mutant with 1 mM Ca2+,Q842J9,,,,,sequence_ready,no,,,,,,,,,,,evidence_absent,F9 public display table: 0 reliable observations; 0 independent sources,LMT_0203,evidence_absent,,Geobacillus zalihae T1 lipase 5M mutant with 1 mM Ca2+,0,,,D,58.69,误差带仅说明测量不精确，不参与T7a评分,独立来源数=，独立性档=D,all_rows_complete; complete_rows=1/1,,,free,,archive_preview_only_not_authoritative,,,holdout_only,EVID_LIT_002157,WEBR1_PROTOCOL_0340,ASSAY_P1A_LU16_04_FIG6_METHANOL25_WITH_WITHOUT_CA,1,1,1,0,literature,1,25,0.5,60,modified Kwon and Rhee olive-oil emulsion assay with copper-pyridine readout at 715 nm,olive oil emulsion,58,,page 9; Figure 6 and section 2.6; method section 4.8,10.3390/ijms20102561,,variants/LMT_0203.html,-1
LMT_0204,LMT_0204,Corynebacterium nuruki PM2 LipCN crude lipase,Corynebacterium nuruki PM2 LipCN crude lipase,Corynebacterium nuruki PM2 LipCN crude lipase,Corynebacterium nuruki,PM2,,,canonical_entity,,Corynebacterium nuruki PM2 LipCN crude lipase,,,,,,phenotype_ready,no,,,,,,0.991144,-0.939006,2.849558,,,evidence_sparse,F9 public display table: 1 reliable observations; 0 independent sources,LMT_0204,evidence_sparse,,Corynebacterium nuruki PM2 LipCN crude lipase,1,,,D,82.95,误差带仅说明测量不精确，不参与T7a评分,独立来源数=，独立性档=D,all_rows_complete; complete_rows=1/1,,,crude_preparation,,archive_preview_only_not_authoritative,,,downweighted_train,EVID_LIT_002158,WEBR1_PROTOCOL_0341,ASSAY_P1A_LU16_05_TABLE1_METHANOL10_STABILITY,1,1,1,0,literature,1,10,0.5,30,olive-oil emulsion lipase assay; fatty acid release quantified by titration,olive oil,106,,pages 85 and 88; organic solvent methods and Table 1,10.22302/iribb.jur.mp.v93i2.633,,variants/LMT_0204.html,-1
LMT_0205,LMT_0205,Halolamina sp. extracellular crude lipase,Halolamina sp. extracellular crude lipase,Halolamina sp. extracellular crude lipase,Halolamina sp.,isolated from Yozgat salt mine,,,canonical_entity,,Halolamina sp. extracellular crude lipase,,,,,,phenotype_ready,no,,,,,,,,,,,evidence_absent,F9 public display table: 0 reliable observations; 0 independent sources,LMT_0205,evidence_absent,,Halolamina sp. extracellular crude lipase,0,,,D,83.11,误差带仅说明测量不精确，不参与T7a评分,独立来源数=，独立性档=D,all_rows_complete; complete_rows=1/1,,,crude_preparation,,archive_preview_only_not_authoritative,,,holdout_only,EVID_LIT_002159,WEBR1_PROTOCOL_0342,ASSAY_P1A_LU17_01_ACTIVITY_IN_PRESENCE_MEOH,1,1,1,0,literature,1,4.8,0.5,50,p-nitrophenyl dodecanoate hydrolysis measured at 410 nm,p-nitrophenyl dodecanoate,90,,PDF pp. 2 and 5; Effects of organic solvents method and Results paragraph,10.14393/bj-v38n0a2022-53865,,variants/LMT_0205.html,-1
LMT_0206,LMT_0206,Candida cylindracea ATCC 14830 PKC-lipase crude filtrate,Candida cylindracea ATCC 14830 PKC-lipase crude filtrate,Candida cylindracea ATCC 14830 PKC-lipase crude filtrate,Candida cylindracea,ATCC 14830,,,canonical_entity,,Candida cylindracea ATCC 14830 PKC-lipase crude filtrate,,,,,,phenotype_ready,no,,,,,,0.973673,-0.620483,2.588474,,,evidence_moderate,F9 public display table: 3 reliable observations; 0 independent sources,LMT_0206,evidence_moderate,,Candida cylindracea ATCC 14830 PKC-lipase crude filtrate,3,,,D,83.28,误差带仅说明测量不精确，不参与T7a评分,独立来源数=，独立性档=D,all_rows_complete; complete_rows=3/3,,,crude_preparation,,archive_preview_only_not_authoritative,,,downweighted_train,EVID_LIT_002160; EVID_LIT_002161; EVID_LIT_002162,WEBR1_PROTOCOL_0343,ASSAY_P1A_LU17_02_TABLE2_METHANOL_STABILITY,3,1,3,0,literature,1,75,1,37,p-nitrophenyl palmitate colorimetric hydrolysis assay,p-nitrophenyl palmitate,94.25,,PDF p. 5; Stability in organic solvents method and Table 2,not_reported | REF_P1A_LU17_02,,variants/LMT_0206.html,-1
LMT_0207,LMT_0207,Colletotrichum gloeosporioides crude extracellular lipase,Colletotrichum gloeosporioides crude extracellular lipase,Colletotrichum gloeosporioides crude extracellular lipase,Colletotrichum gloeosporioides,,,,canonical_entity,,Colletotrichum gloeosporioides crude extracellular lipase,,,,,,phenotype_ready,no,,,,,,1.453073,-0.151103,2.997025,,,evidence_moderate,F9 public display table: 3 reliable observations; 0 independent sources,LMT_0207,evidence_moderate,,Colletotrichum gloeosporioides crude extracellular lipase,3,,,D,83.44,误差带仅说明测量不精确，不参与T7a评分,独立来源数=，独立性档=D,all_rows_complete; complete_rows=3/3,,,crude_preparation,,archive_preview_only_not_authoritative,,,downweighted_train,EVID_LIT_002163; EVID_LIT_002164; EVID_LIT_002165,WEBR1_PROTOCOL_0344,ASSAY_P1A_LU17_03_TABLE1_METHANOL_STABILITY,3,1,3,0,literature,1,50,1,37,p-nitrophenyl palmitate spectrophotometric hydrolysis assay at 410 nm,p-nitrophenyl palmitate,132.5,,PDF pp. 3 and 6; Enzyme stability method and Table 1,10.5897/ajmr2015.7493,,variants/LMT_0207.html,-1
LMT_0210,LMT_0210,LipEMP48-D acidic lipase expressed in Pichia pastoris,LipEMP48-D acidic lipase expressed in Pichia pastoris,LipEMP48-D acidic lipase expressed in Pichia pastoris,Micrococcus luteus,EMP48-D,Pichia pastoris,,canonical_entity,,LipEMP48-D acidic lipase expressed in Pichia pastoris,,,,,,phenotype_ready,no,,,,,,0.549121,-1.351404,2.613697,,,evidence_sparse,F9 public display table: 1 reliable observations; 0 independent sources,LMT_0210,evidence_sparse,,LipEMP48-D acidic lipase expressed in Pichia pastoris,1,,,D,83.61,误差带仅说明测量不精确，不参与T7a评分,独立来源数=，独立性档=D,all_rows_complete; complete_rows=1/1,,,crude_extract,,archive_preview_only_not_authoritative,,,downweighted_train,EVID_LIT_002191,WEBR1_PROTOCOL_0345,ASSAY_P1A_LU18_03_FIG4_METHANOL_PREINCUBATION,1,1,1,0,literature,1,50,0.25,40,alkali titration assay of olive oil hydrolysis,olive oil emulsion,101.6,,PDF pp. 4-6; organic solvent stability method and Fig. 4 Results text,10.1186/s43141-021-00155-w,,variants/LMT_0210.html,-1
LMT_0212,LMT_0212,Acinetobacter baylyi lipase suspended/free enzyme;Acinetobacter baylyi free/suspended lipase,Acinetobacter baylyi lipase suspended/free enzyme;Acinetobacter baylyi free/suspended lipase,Acinetobacter baylyi lipase suspended/free enzyme,Acinetobacter baylyi,isolated from marine sludge in Thailand,,,canonical_entity,,Acinetobacter baylyi lipase suspended/free enzyme,,,,,,phenotype_ready,no,,,,,,0.419411,-1.835465,2.532571,,,evidence_sparse,F9 public display table: 1 reliable observations; 0 independent sources,LMT_0212,evidence_sparse,,Acinetobacter baylyi lipase suspended/free enzyme;Acinetobacter baylyi free/suspended lipase,1,,,D,83.77,误差带仅说明测量不精确，不参与T7a评分,独立来源数=，独立性档=D,all_rows_complete; complete_rows=2/2,,,free | free_suspended_enzyme,,archive_preview_only_not_authoritative,,,downweighted_train,EVID_LIT_002200; EVID_LIT_000066,WEBR1_PROTOCOL_0347; WEBR1_PROTOCOL_0348,ASSAY_P1A_LU19_03_FIG1_FREE_METHANOL; ASSAY_S3_L84_B_LMT_0212_50_12_024,2,2,2,0,literature,2,50,12,37,p-NPP hydrolysis at 37 C and pH 8.0 | remaining lipase activity,p-nitrophenyl palmitate | not_reported,64,,"PDF pp. 3-4; organic-solvent stability method and Figure 1; PDF p.1369, Table 3",10.2306/scienceasia1513-1874.2014.40.327 | 10.1007/s12010-010-8928-x,,variants/LMT_0212.html,-1
LMT_0213,LMT_0213,Lipase GH2 (mAlpha-2pRML-X33 propeptide-containing recombinant RML),Lipase GH2 (mAlpha-2pRML-X33 propeptide-containing recombinant RML),Lipase GH2 (mAlpha-2pRML-X33 propeptide-containing recombinant RML),Rhizomucor miehei,,Pichia pastoris,,canonical_entity,,Lipase GH2 (mAlpha-2pRML-X33 propeptide-containing recombinant RML),P19515,,,,4TGL,structure_ready,no,,,,,,,,,,,evidence_absent,F9 public display table: 0 reliable observations; 0 independent sources,LMT_0213,evidence_absent,,Lipase GH2 (mAlpha-2pRML-X33 propeptide-containing recombinant RML),0,,,D,0.33,误差带仅说明测量不精确，不参与T7a评分,独立来源数=，独立性档=D,not_evaluable_no_evidence_rows; complete_rows=0/0,,,,,archive_preview_only_not_authoritative,,,,,,,0,0,0,0,no_measurements,0,0,0,,,,0,,,,,variants/LMT_0213.html,-1
LMT_0214,LMT_0214,mRML (mature RML expressed in Pichia pastoris X-33),mRML (mature RML expressed in Pichia pastoris X-33),mRML (mature RML expressed in Pichia pastoris X-33),Rhizomucor miehei,,Pichia pastoris,,canonical_entity,,mRML (mature RML expressed in Pichia pastoris X-33),P19515,,,,4TGL,structure_ready,no,,,,,,,,,,,evidence_absent,F9 public display table: 0 reliable observations; 0 independent sources,LMT_0214,evidence_absent,,mRML (mature RML expressed in Pichia pastoris X-33),0,,,D,0.49,误差带仅说明测量不精确，不参与T7a评分,独立来源数=，独立性档=D,not_evaluable_no_evidence_rows; complete_rows=0/0,,,,,archive_preview_only_not_authoritative,,,,,,,0,0,0,0,no_measurements,0,0,0,,,,0,,,,,variants/LMT_0214.html,-1
LMT_0215,LMT_0215,RML-GS115 recombinant Rhizomucor miehei lipase,RML-GS115 recombinant Rhizomucor miehei lipase,RML-GS115 recombinant Rhizomucor miehei lipase,Rhizomucor miehei,,Pichia pastoris,,canonical_entity,,RML-GS115 recombinant Rhizomucor miehei lipase,P19515,,,,4TGL,structure_ready,yes,P19515,UniProt,363,c8cb35e7cd0e0c785b30b745687e48371d852020313b84373f3dd06ca084a1b6,results/2026-06-16_duplicate_uniprot_fulltext_audit/raw/uniprot_P19515.json,,,,,,evidence_absent,F9 public display table: 0 reliable observations; 0 independent sources,LMT_0215,evidence_absent,,RML-GS115 recombinant Rhizomucor miehei lipase,0,,,D,0.66,误差带仅说明测量不精确，不参与T7a评分,独立来源数=，独立性档=D,not_evaluable_no_evidence_rows; complete_rows=0/0,,,,,archive_preview_only_not_authoritative,,,,,,,0,0,0,0,no_measurements,0,0,0,,,,0,,,,,variants/LMT_0215.html,-1
LMT_0216,LMT_0216,Aspergillus japonicus LAB01 partially purified extracellular lipase,Aspergillus japonicus LAB01 partially purified extracellular lipase,Aspergillus japonicus LAB01 partially purified extracellular lipase,Aspergillus japonicus,LAB01,,,canonical_entity,,Aspergillus japonicus LAB01 partially purified extracellular lipase,,,,,,phenotype_ready,no,,,,,,0.74946,-0.774778,2.325334,,,evidence_moderate,F9 public display table: 3 reliable observations; 0 independent sources,LMT_0216,evidence_moderate,,Aspergillus japonicus LAB01 partially purified extracellular lipase,3,,,D,83.93,误差带仅说明测量不精确，不参与T7a评分,独立来源数=，独立性档=D,all_rows_complete; complete_rows=3/3,,,free,,archive_preview_only_not_authoritative,,,downweighted_train,EVID_LIT_002216; EVID_LIT_002217; EVID_LIT_002218,WEBR1_PROTOCOL_0349; WEBR1_PROTOCOL_0350; WEBR1_PROTOCOL_0351,ASSAY_P1A_LU20_05_TABLE5_MEOH_25; ASSAY_P1A_LU20_05_TABLE5_MEOH_50; ASSAY_P1A_LU20_05_TABLE5_MEOH_75,3,3,3,0,literature,1,75,1.5,30,p-NPP spectrophotometric hydrolysis assay at 37 C,p-nitrophenyl palmitate,108.09,,"PDF pp. 3, 7-8; Methods 2.5.4, Section 3.4.7, and Table 5",10.1155/2014/108913,,variants/LMT_0216.html,-1
LMT_0217,LMT_0217,Serratia marcescens ECU1010 purified extracellular lipase,Serratia marcescens ECU1010 purified extracellular lipase,Serratia marcescens ECU1010 purified extracellular lipase,Serratia marcescens,"ECU1010, CGMCC No. 1219",,,canonical_entity,,Serratia marcescens ECU1010 purified extracellular lipase,,,,,,phenotype_ready,no,,,,,,1.810391,0.079207,3.49206,,,evidence_sparse,F9 public display table: 2 reliable observations; 0 independent sources,LMT_0217,evidence_sparse,,Serratia marcescens ECU1010 purified extracellular lipase,2,,,D,84.10,误差带仅说明测量不精确，不参与T7a评分,独立来源数=，独立性档=D,all_rows_complete; complete_rows=3/3,,,free | lyophilized,,archive_preview_only_not_authoritative,,,downweighted_train,EVID_LIT_002220; EVID_LIT_002221; EVID_LIT_002222,WEBR1_PROTOCOL_0352; WEBR1_PROTOCOL_0353; WEBR1_PROTOCOL_0354,ASSAY_P1A_LU21_02_TABLE4_MEOH_10; ASSAY_P1A_LU21_02_TABLE4_MEOH_50; ASSAY_P1A_LU21_02_TABLE4_MEOH_100,3,3,3,0,literature,1,100,24,30,p-nitrophenyl butyrate hydrolysis monitored at 405 nm,p-nitrophenyl butyrate,97.4,,PDF pp. 3 and 5; organic solvent stability method and Table 4,10.1016/j.procbio.2008.01.023,,variants/LMT_0217.html,-1
LMT_0218,LMT_0218,Bacillus sp. strain 42 recombinant Lip 42,Bacillus sp. strain 42 recombinant Lip 42,Bacillus sp. strain 42 recombinant Lip 42,Bacillus sp.,42,,,canonical_entity,,Bacillus sp. strain 42 recombinant Lip 42,Q5U780,,,,4FKB,structure_ready,yes,Q5U780,UniProt,416,fd75008a4810dbd823faf33974be0cc267252fe3401f580354e29d40405d526a,results/2026-06-16_duplicate_uniprot_fulltext_audit/raw/uniprot_Q5U780.json,2.021503,0.557115,3.53888,,,evidence_rich,F9 public display table: 6 reliable observations; 0 independent sources,LMT_0218,evidence_rich,,Bacillus sp. strain 42 recombinant Lip 42,6,,,D,58.85,误差带仅说明测量不精确，不参与T7a评分,独立来源数=，独立性档=D,all_rows_complete; complete_rows=6/6,,,free,,archive_preview_only_not_authoritative,,,downweighted_train,EVID_LIT_002228; EVID_LIT_002229; EVID_LIT_002230; EVID_LIT_002231; EVID_LIT_002232; EVID_LIT_002233,WEBR1_PROTOCOL_0355; WEBR1_PROTOCOL_0356; WEBR1_PROTOCOL_0357; WEBR1_PROTOCOL_0358; WEBR1_PROTOCOL_0359; WEBR1_PROTOCOL_0360,ASSAY_P1A_LU22_03_FIG1_METHANOL_SERIES,6,6,6,0,literature,1,90,0.5,40,Kwon and Rhee lipase assay after solvent preincubation; exact substrate not restated in current PDF,not_reported,86,,PDF p. 292; Methods 2.2 and Figure 1,10.1007/s10930-010-9251-7,,variants/LMT_0218.html,-1
LMT_0219,LMT_0219,Serratia marcescens ECU1010 lipB wild type,Serratia marcescens ECU1010 lipB wild type,Serratia marcescens ECU1010 lipB,Serratia marcescens,ECU1010,,,canonical_entity,,Serratia marcescens ECU1010 lipB wild type,D7SFB5,,,WP_181405002.1,,sequence_ready,yes,D7SFB5,UniProt,614,aa800c72b8e7ace2686821b7e0f19c4c8a0a610db6845935b9aae565a82e03b0,results/2026-06-16_duplicate_uniprot_fulltext_audit/raw/uniprot_D7SFB5.json,1.675432,0.097523,3.156679,,,evidence_moderate,F9 public display table: 3 reliable observations; 0 independent sources,LMT_0219,evidence_moderate,,Serratia marcescens ECU1010 lipB wild type,3,,,D,84.26,误差带仅说明测量不精确，不参与T7a评分,独立来源数=，独立性档=D,all_rows_complete; complete_rows=3/3,,,free | lyophilized,,archive_preview_only_not_authoritative,,,downweighted_train,EVID_LIT_002235; EVID_LIT_002236; EVID_LIT_002237,WEBR1_PROTOCOL_0361; WEBR1_PROTOCOL_0362; WEBR1_PROTOCOL_0363,ASSAY_P1A_LU22_05_TABLE1_METHANOL_STABILITY,3,3,3,0,literature,1,99,24,30,p-nitrophenyl butyrate hydrolysis monitored at 405 nm,p-nitrophenyl butyrate,72.3,,PDF pp. 2948 and 2953; Table 1 and Stability in Various Organic Solvents,10.1007/s12010-013-0690-4,,variants/LMT_0219.html,-1
LMT_0220,LMT_0220,Serratia marcescens ECU1010 lipB G33D,Serratia marcescens ECU1010 lipB G33D,Serratia marcescens ECU1010 lipB G33D,Serratia marcescens,ECU1010,,,mutant_or_engineered_construct,LMT_0219,Serratia marcescens ECU1010 lipB G33D,D7SFB5,,,WP_181405002.1,,sequence_ready,no,,,,,,2.000967,0.584265,3.570701,,,evidence_moderate,F9 public display table: 3 reliable observations; 0 independent sources,LMT_0220,evidence_moderate,,Serratia marcescens ECU1010 lipB G33D,3,,,D,84.43,误差带仅说明测量不精确，不参与T7a评分,独立来源数=，独立性档=D,all_rows_complete; complete_rows=3/3,,,free | lyophilized,,archive_preview_only_not_authoritative,,,downweighted_train,EVID_LIT_002238; EVID_LIT_002239; EVID_LIT_002240,WEBR1_PROTOCOL_0364; WEBR1_PROTOCOL_0365; WEBR1_PROTOCOL_0366,ASSAY_P1A_LU22_05_TABLE1_METHANOL_STABILITY,3,3,3,0,literature,1,99,24,30,p-nitrophenyl butyrate hydrolysis monitored at 405 nm,p-nitrophenyl butyrate,66.3,,PDF pp. 2948 and 2953; Table 1 and Stability in Various Organic Solvents,10.1007/s12010-013-0690-4,,variants/LMT_0220.html,-1
LMT_0221,LMT_0221,Serratia marcescens ECU1010 lipB A187V,Serratia marcescens ECU1010 lipB A187V,Serratia marcescens ECU1010 lipB A187V,Serratia marcescens,ECU1010,,,mutant_or_engineered_construct,LMT_0219,Serratia marcescens ECU1010 lipB A187V,D7SFB5,,,WP_181405002.1,,sequence_ready,no,,,,,,1.628958,0.025334,3.071544,,,evidence_moderate,F9 public display table: 3 reliable observations; 0 independent sources,LMT_0221,evidence_moderate,,Serratia marcescens ECU1010 lipB A187V,3,,,D,84.59,误差带仅说明测量不精确，不参与T7a评分,独立来源数=，独立性档=D,all_rows_complete; complete_rows=3/3,,,free | lyophilized,,archive_preview_only_not_authoritative,,,downweighted_train,EVID_LIT_002241; EVID_LIT_002242; EVID_LIT_002243,WEBR1_PROTOCOL_0367; WEBR1_PROTOCOL_0368; WEBR1_PROTOCOL_0369,ASSAY_P1A_LU22_05_TABLE1_METHANOL_STABILITY,3,3,3,0,literature,1,99,24,30,p-nitrophenyl butyrate hydrolysis monitored at 405 nm,p-nitrophenyl butyrate,83.3,,PDF pp. 2948 and 2953; Table 1 and Stability in Various Organic Solvents,10.1007/s12010-013-0690-4,,variants/LMT_0221.html,-1
LMT_0222,LMT_0222,Serratia marcescens ECU1010 lipB T270A,Serratia marcescens ECU1010 lipB T270A,Serratia marcescens ECU1010 lipB T270A,Serratia marcescens,ECU1010,,,mutant_or_engineered_construct,LMT_0219,Serratia marcescens ECU1010 lipB T270A,D7SFB5,,,WP_181405002.1,,sequence_ready,no,,,,,,1.530315,-0.000511,3.106079,,,evidence_moderate,F9 public display table: 3 reliable observations; 0 independent sources,LMT_0222,evidence_moderate,,Serratia marcescens ECU1010 lipB T270A,3,,,D,84.75,误差带仅说明测量不精确，不参与T7a评分,独立来源数=，独立性档=D,all_rows_complete; complete_rows=3/3,,,free | lyophilized,,archive_preview_only_not_authoritative,,,downweighted_train,EVID_LIT_002244; EVID_LIT_002245; EVID_LIT_002246,WEBR1_PROTOCOL_0370; WEBR1_PROTOCOL_0371; WEBR1_PROTOCOL_0372,ASSAY_P1A_LU22_05_TABLE1_METHANOL_STABILITY,3,3,3,0,literature,1,99,24,30,p-nitrophenyl butyrate hydrolysis monitored at 405 nm,p-nitrophenyl butyrate,76,,PDF pp. 2948 and 2953; Table 1 and Stability in Various Organic Solvents,10.1007/s12010-013-0690-4,,variants/LMT_0222.html,-1
LMT_0223,LMT_0223,Saprochaete clavata 17B concentrated extracellular lipase,Saprochaete clavata 17B concentrated extracellular lipase,Saprochaete clavata 17B concentrated extracellular lipase,Saprochaete clavata,17B,,,canonical_entity,,Saprochaete clavata 17B concentrated extracellular lipase,,,,,,phenotype_ready,no,,,,,,0.993918,-0.769749,2.756327,,,evidence_moderate,F9 public display table: 3 reliable observations; 0 independent sources,LMT_0223,evidence_moderate,,Saprochaete clavata 17B concentrated extracellular lipase,3,,,D,59.02,误差带仅说明测量不精确，不参与T7a评分,独立来源数=，独立性档=D,all_rows_complete; complete_rows=3/3,,,free,,archive_preview_only_not_authoritative,,,downweighted_train,EVID_LIT_002250; EVID_LIT_002251; EVID_LIT_002252,WEBR1_PROTOCOL_0373; WEBR1_PROTOCOL_0374; WEBR1_PROTOCOL_0375,ASSAY_P1A_LU23_04_FIG5D_METHANOL_STABILITY,3,3,3,0,literature,1,60,3,30,pNPP hydrolysis measured at 410 nm after solvent preincubation,p-nitrophenyl palmitate,110,,PDF pp. 4-5 and 17-18; Methods organic-solvent stability; Figure 5D,10.48048/tis.2026.13231,,variants/LMT_0223.html,-1
LMT_0224,LMT_0224,Streptomyces bambergiensis OC 25-4 LipSB 25-4,Streptomyces bambergiensis OC 25-4 LipSB 25-4,Streptomyces bambergiensis OC 25-4 LipSB 25-4,Streptomyces bambergiensis,OC 25-4,,,canonical_entity,,Streptomyces bambergiensis OC 25-4 LipSB 25-4,,,,,,phenotype_ready,no,,,,,,0.503249,-1.735364,2.502262,,,evidence_sparse,F9 public display table: 1 reliable observations; 0 independent sources,LMT_0224,evidence_sparse,,Streptomyces bambergiensis OC 25-4 LipSB 25-4,1,,,D,84.92,误差带仅说明测量不精确，不参与T7a评分,独立来源数=，独立性档=D,all_rows_complete; complete_rows=1/1,,,free,,archive_preview_only_not_authoritative,,,downweighted_train,EVID_LIT_002265,WEBR1_PROTOCOL_0376,ASSAY_P1A_LU24_01_TABLE2_METHANOL_STABILITY,1,1,1,0,literature,1,50,1,30,p-nitrophenyl palmitate residual activity assay after organic-solvent preincubation,p-nitrophenyl palmitate,100.4,,PDF p. 4; Methods 2.8 and Table 2,10.1155/2014/289749,,variants/LMT_0224.html,-1
LMT_0225,LMT_0225,Photobacterium lipolyticum M37 soluble recombinant lipase;Photobacterium lipolyticum M37 cross-linked enzyme aggregate;Photobacterium lipolyticum M37 cross-linked enzyme aggregate biodiesel reaction;Photobacterium lipolyticum M37 lipase (PHB-immobilized context),Photobacterium lipolyticum M37 soluble recombinant lipase;Photobacterium lipolyticum M37 cross-linked enzyme aggregate;Photobacterium lipolyticum M37 cross-linked enzyme aggregate biodiesel reaction;Photobacterium lipolyticum M37 lipase (PHB-immobilized context),Photobacterium lipolyticum M37 soluble recombinant lipase,Photobacterium lipolyticum,M37,Escherichia coli,,same_uniprot_wt_alias,,Photobacterium lipolyticum M37 soluble recombinant lipase,Q5DRN8,,,,2ORY,structure_ready,yes,Q5DRN8,UniProt,340,e3575edb2530e7ce98c9119acd19060c874b3e44395a068288fd4e3008ac604a,results/2026-06-16_duplicate_uniprot_fulltext_audit/raw/uniprot_Q5DRN8.json,1.564972,0.05175,3.130877,,,evidence_rich,F9 public display table: 6 reliable observations; 0 independent sources,LMT_0225,evidence_rich,,Photobacterium lipolyticum M37 soluble recombinant lipase;Photobacterium lipolyticum M37 cross-linked enzyme aggregate;Photobacterium lipolyticum M37 cross-linked enzyme aggregate biodiesel reaction;Photobacterium lipolyticum M37 lipase (PHB-immobilized context),6,,,D,59.18,误差带仅说明测量不精确，不参与T7a评分,独立来源数=，独立性档=D,all_rows_complete; complete_rows=6/6,,,free_purified_recombinant,,archive_preview_only_not_authoritative,,,downweighted_train,EVID_LIT_002268; EVID_LIT_002269; EVID_LIT_002270; EVID_LIT_002271; EVID_LIT_002272; EVID_LIT_002273,WEBR1_PROTOCOL_0377; WEBR1_PROTOCOL_0378; WEBR1_PROTOCOL_0379; WEBR1_PROTOCOL_0380; WEBR1_PROTOCOL_0381; WEBR1_PROTOCOL_0382,ASSAY_P1A_LU24_04_FIG4A_SOLUBLE_M37_METHANOL,6,6,6,0,literature,1,60,0.5,30,p-nitrophenyl caprylate residual activity assay after solvent incubation,p-nitrophenyl caprylate,98,,PDF p. 1163; Methods Effects of Various Organic Solvents and Figure 4A,10.4014/jmb.1106.06048,,variants/LMT_0225.html,-1
LMT_0226,LMT_0226,Penicillium crustosum Thom P22 free PCrL,Penicillium crustosum Thom P22 free PCrL,Penicillium crustosum Thom P22 free PCrL,Penicillium crustosum,Thom strain P22,,,canonical_entity,,Penicillium crustosum Thom P22 free PCrL,,,,,,phenotype_ready,no,,,,,,0.71088,-1.335601,2.851715,,,evidence_sparse,F9 public display table: 1 reliable observations; 0 independent sources,LMT_0226,evidence_sparse,,Penicillium crustosum Thom P22 free PCrL,1,,,D,59.34,误差带仅说明测量不精确，不参与T7a评分,独立来源数=，独立性档=D,all_rows_complete; complete_rows=1/1,,,free,,archive_preview_only_not_authoritative,,,downweighted_train,EVID_LIT_002281,WEBR1_PROTOCOL_0383,ASSAY_P1A_LU24_05_FIG5_FREE_PCRL_METHANOL,1,1,1,0,literature,1,25,24,37,pH-STAT TC8 residual activity assay after solvent incubation,tributyrin/TC8 emulsion,60,,PDF p. 8 and Methods 4.6; Figure 5,10.3390/molecules30030434,,variants/LMT_0226.html,-1
LMT_0227,LMT_0227,Acidocella facilis USBA-GBX-505 partially purified intracellular lipase 505 LIP,Acidocella facilis USBA-GBX-505 partially purified intracellular lipase 505 LIP,Acidocella facilis USBA-GBX-505 partially purified intracellular lipase 505 LIP,Acidocella facilis,USBA-GBX-505,,,canonical_entity,,Acidocella facilis USBA-GBX-505 partially purified intracellular lipase 505 LIP,,,,,,phenotype_ready,no,,,,,,0.202394,-1.143891,1.664702,,,evidence_rich,F9 public display table: 8 reliable observations; 0 independent sources,LMT_0227,evidence_rich,,Acidocella facilis USBA-GBX-505 partially purified intracellular lipase 505 LIP,8,,,D,85.08,误差带仅说明测量不精确，不参与T7a评分,独立来源数=，独立性档=D,all_rows_complete; complete_rows=8/8,,,free,,archive_preview_only_not_authoritative,,,downweighted_train,EVID_LIT_002289; EVID_LIT_002290; EVID_LIT_002291; EVID_LIT_002292; EVID_LIT_002293; EVID_LIT_002294; EVID_LIT_002295; EVID_LIT_002296,WEBR1_PROTOCOL_0384; WEBR1_PROTOCOL_0385,ASSAY_P1A_LU26_01_505_LIP_TABLE5_SOLVENT_1H; ASSAY_P1A_LU26_01_505_LIP_FIG5_15MEOH_TIME,8,2,8,0,literature,1,30,192,23,pNP-decanoate hydrolysis residual activity assay after solvent exposure,p-nitrophenyl decanoate (pNP-C10),137,,"PDF pp. 50 and 60-61; Methods, Table 5, Results; PDF p. 62; Figure 5 methanol 15% time course",10.11144/javeriana.sc22-1.rsmr,,variants/LMT_0227.html,-1
LMT_0228,LMT_0228,Candida tropicalis SD7 crude extracellular lipase,Candida tropicalis SD7 crude extracellular lipase,Candida tropicalis SD7 crude extracellular lipase,Candida tropicalis,SD7,,,canonical_entity,,Candida tropicalis SD7 crude extracellular lipase,,,,,,phenotype_ready,no,,,,,,1.175494,-0.689878,3.150724,,,evidence_sparse,F9 public display table: 1 reliable observations; 0 independent sources,LMT_0228,evidence_sparse,,Candida tropicalis SD7 crude extracellular lipase,1,,,D,85.25,误差带仅说明测量不精确，不参与T7a评分,独立来源数=，独立性档=D,all_rows_complete; complete_rows=1/1,,,crude_preparation,,archive_preview_only_not_authoritative,,,holdout_only,EVID_LIT_002297,WEBR1_PROTOCOL_0386,ASSAY_P1A_LU26_02_CTROPICALIS_SD7_MEOH_30MIN,1,1,1,0,literature,1,20,0.5,30,pNPP hydrolysis residual activity assay after organic solvent incubation,p-nitrophenyl palmitate (p-NPP),63.3,,PDF pp. 195 and 198-199; Methods and Results/Figure 5,10.2991/bbe-16.2016.33,,variants/LMT_0228.html,-1
LMT_0229,LMT_0229,Staphylococcus epidermidis AT2 recombinant mature lipase;Staphylococcus epidermidis AT2 lipase,Staphylococcus epidermidis AT2 recombinant mature lipase;Staphylococcus epidermidis AT2 lipase,Staphylococcus epidermidis AT2 recombinant mature lipase,Staphylococcus epidermidis,AT2,Escherichia coli,,canonical_entity,,Staphylococcus epidermidis AT2 recombinant mature lipase,,,,,,phenotype_ready,no,,,,,,3.004413,1.165447,4.919621,,,evidence_sparse,F9 public display table: 1 reliable observations; 0 independent sources,LMT_0229,evidence_sparse,,Staphylococcus epidermidis AT2 recombinant mature lipase;Staphylococcus epidermidis AT2 lipase,1,,,D,85.41,误差带仅说明测量不精确，不参与T7a评分,独立来源数=，独立性档=D,all_rows_complete; complete_rows=1/1,,,crude_extract,,archive_preview_only_not_authoritative,,,downweighted_train,EVID_LIT_002302,WEBR1_PROTOCOL_0387,ASSAY_P1A_LU26_04_AT2_RECOMBINANT_MEOH_30MIN,1,1,1,0,literature,1,25,0.5,37,Kwon and Rhee olive-oil free-fatty-acid colorimetric residual activity assay after solvent preincubation,olive oil emulsion,1.2,,PDF pp. 3203-3206; Table 1 and Experimental Section 3.8,10.3390/ijms11093195,,variants/LMT_0229.html,-1
LMT_0230,LMT_0230,Streptomyces pratensis MV1 purified solvent-tolerant lipase,Streptomyces pratensis MV1 purified solvent-tolerant lipase,Streptomyces pratensis MV1 purified solvent-tolerant lipase,Streptomyces pratensis,MV1,,,canonical_entity,,Streptomyces pratensis MV1 purified solvent-tolerant lipase,,,,,,phenotype_ready,no,,,,,,0.717323,-0.975167,2.448023,,,evidence_sparse,F9 public display table: 2 reliable observations; 0 independent sources,LMT_0230,evidence_sparse,,Streptomyces pratensis MV1 purified solvent-tolerant lipase,2,,,D,85.57,误差带仅说明测量不精确，不参与T7a评分,独立来源数=，独立性档=D,all_rows_complete; complete_rows=3/3,,,free,,archive_preview_only_not_authoritative,,,downweighted_train,EVID_LIT_002303; EVID_LIT_002304; EVID_LIT_002305,WEBR1_PROTOCOL_0388,ASSAY_P1A_LU26_05_SPRATENSIS_MV1_MEOH_1H,3,1,3,0,literature,1,80,1,25,pNPP hydrolysis residual activity assay after organic solvent incubation,p-nitrophenyl palmitate (p-NPP),84,,PDF pp. 2763 and 2768; Organic solvent stability method and Table 2,10.1007/s13197-020-04784-w,,variants/LMT_0230.html,-1
LMT_0231,LMT_0231,Candida rugosa recombinant LIP3 lipase;Candida rugosa Lip3 isoenzyme;Candida rugosa / Candida cylindracea LIP3 cholesterol esterase;Candida rugosa Lip3 isoenzyme monomeric mLip3 and dimeric dLip3;Candida rugosa Lip1 and Lip3 isoenzymes,Candida rugosa recombinant LIP3 lipase;Candida rugosa Lip3 isoenzyme;Candida rugosa / Candida cylindracea LIP3 cholesterol esterase;Candida rugosa Lip3 isoenzyme monomeric mLip3 and dimeric dLip3;Candida rugosa Lip1 and Lip3 isoenzymes,Candida rugosa recombinant LIP3 lipase,Candida rugosa,taxonomic_alias=Diutina rugosa,Pichia pastoris,,same_uniprot_wt_alias,,Candida rugosa recombinant LIP3 lipase,P32947,,,,1CLE;1LLF,structure_ready,yes,P32947,UniProt,549,b7dc9cdfcbffaea6b29e974d2e369fb21a56b5f3c530503e38fc02ba3a88d581,results/2026-06-16_duplicate_uniprot_fulltext_audit/raw/uniprot_P32947.json,0.858117,-1.161794,2.933866,,,evidence_sparse,F9 public display table: 1 reliable observations; 0 independent sources,LMT_0231,evidence_sparse,,Candida rugosa recombinant LIP3 lipase;Candida rugosa Lip3 isoenzyme;Candida rugosa / Candida cylindracea LIP3 cholesterol esterase;Candida rugosa Lip3 isoenzyme monomeric mLip3 and dimeric dLip3;Candida rugosa Lip1 and Lip3 isoenzymes,1,,,D,85.74,误差带仅说明测量不精确，不参与T7a评分,独立来源数=，独立性档=D,all_rows_complete; complete_rows=1/1,,,free,,archive_preview_only_not_authoritative,,,downweighted_train,EVID_LIT_002320,WEBR1_PROTOCOL_0389,ASSAY_P1A_LU28_05_CR_LIP3_MEOH_1H,1,1,1,0,literature,1,30,1,40,p-nitrophenyl butyrate residual activity assay after water-miscible solvent incubation,p-nitrophenyl butyrate,82,,"PDF pp. 5834 and 5836; Methods, Results, Figure 4A",10.1021/jf060835e,,variants/LMT_0231.html,-1
LMT_0232,LMT_0232,PMGL2 purified recombinant esterase,PMGL2 purified recombinant esterase,PMGL2 purified recombinant esterase,permafrost-derived metagenomic,library; taxonomic_alias=uncultured bacterium,,,canonical_entity,,PMGL2 purified recombinant esterase,,,,,6QIN;6QLA;6ZL7,structure_ready,no,,,,,,1.295379,-0.465894,3.110507,,,evidence_sparse,F9 public display table: 2 reliable observations; 0 independent sources,LMT_0232,evidence_sparse,,PMGL2 purified recombinant esterase,2,,,D,85.90,误差带仅说明测量不精确，不参与T7a评分,独立来源数=，独立性档=D,all_rows_complete; complete_rows=2/2,,,free,,archive_preview_only_not_authoritative,,,downweighted_train,EVID_LIT_002335; EVID_LIT_002336,WEBR1_PROTOCOL_0390,ASSAY_P1A_LU31_05_PMGL2_MEOH_STABILITY_TABLE4,2,1,2,0,literature,1,30,0.5,5,pNP-butyrate esterase assay after organic-solvent preincubation,p-nitrophenyl butyrate,71.8,,"PDF p. 7, Table 4; Methods p. 3 organic-solvent stability and esterase assay",10.1093/femsec/fiw046,,variants/LMT_0232.html,-1
LMT_0233,LMT_0233,Est15L family IV esterase,Est15L family IV esterase,Est15L family IV esterase,compost metagenomic,library; taxonomic_alias=uncultured bacterium,,,canonical_entity,,Est15L family IV esterase,,,,,,phenotype_ready,no,,,,,,,,,,,evidence_absent,F9 public display table: 0 reliable observations; 0 independent sources,LMT_0233,evidence_absent,,Est15L family IV esterase,0,,,D,86.07,误差带仅说明测量不精确，不参与T7a评分,独立来源数=，独立性档=D,all_rows_complete; complete_rows=2/2,,,free,,archive_preview_only_not_authoritative,,,downweighted_train,EVID_LIT_002338; EVID_LIT_002339,WEBR1_PROTOCOL_0391,ASSAY_P1A_LU32_02_EST15L_FIG7A_MEOH_ACTIVITY_IN_PRESENCE,2,1,2,0,literature,1,30,0.03,25,pNP-butyrate esterase assay in the presence of methanol,p-nitrophenyl butyrate,90,,"PDF p. 9, Fig. 7A; Methods enzyme assays and characterization; Abstract/Results organic-solvent paragraph",10.1186/s13765-021-00653-y,,variants/LMT_0233.html,-1
LMT_0234,LMT_0234,EstS1 thermostable esterase;EstS1 esterase / phthalate diester hydrolase,EstS1 thermostable esterase;EstS1 esterase / phthalate diester hydrolase,EstS1 thermostable esterase,Sulfobacillus acidophilus,DSM10332,,,same_uniprot_wt_alias,,EstS1 thermostable esterase,G8TV28,,,,8W98;8ZE9;9J1E;9J1G;9J1V;9J57;9J58;9J59;9J5A;9J5B;9J5C;9J5D,structure_ready,yes,G8TV28,UniProt,304,0d243b679b79b0efd5e75904c234537dc9f4610b61675c1e91304597b9b65d1d,results/2026-06-16_duplicate_uniprot_fulltext_audit/raw/uniprot_G8TV28.json,1.348713,-0.148578,2.849658,,,evidence_moderate,F9 public display table: 4 reliable observations; 0 independent sources,LMT_0234,evidence_moderate,,EstS1 thermostable esterase;EstS1 esterase / phthalate diester hydrolase,4,,,D,86.23,误差带仅说明测量不精确，不参与T7a评分,独立来源数=，独立性档=D,all_rows_complete; complete_rows=4/4,,,free,,archive_preview_only_not_authoritative,,,downweighted_train,EVID_LIT_002341; EVID_LIT_002342; EVID_LIT_002343; EVID_LIT_002344,WEBR1_PROTOCOL_0392,ASSAY_P1A_LU32_04_ESTS1_TABLE4_MEOH_STABILITY,4,1,4,0,literature,1,90,0.5,37,pNP-butyrate residual activity assay after organic-solvent preincubation,p-nitrophenyl butyrate,149.4,,"PDF pp. 3 and 6, Methods chemical stability and Table 4 footnote",10.1128/AEM.02072-14,,variants/LMT_0234.html,-1
LMT_0235,LMT_0235,EstN7 cold-active family IV esterase,EstN7 cold-active family IV esterase,EstN7 cold-active family IV esterase,Bacillus cohnii,N1; taxonomic_alias=Sutcliffiella cohnii,,,canonical_entity,,EstN7 cold-active family IV esterase,A0A2K9UV39,,,,7B4Q,structure_ready,yes,A0A2K9UV39,UniProt,320,a9705494bd1cc5df00f903b46aabf9ddddca1b873ea26ff59cdf61aef533a826,results/2026-06-16_duplicate_uniprot_fulltext_audit/raw/uniprot_A0A2K9UV39.json,0.619792,-1.405486,2.714023,,,evidence_sparse,F9 public display table: 1 reliable observations; 0 independent sources,LMT_0235,evidence_sparse,,EstN7 cold-active family IV esterase,1,,,D,86.39,误差带仅说明测量不精确，不参与T7a评分,独立来源数=，独立性档=D,all_rows_complete; complete_rows=1/1,,,free,,archive_preview_only_not_authoritative,,,downweighted_train,EVID_LIT_002345,WEBR1_PROTOCOL_0393,ASSAY_P1A_LU32_05_ESTN7_TABLE3_MEOH_STABILITY,1,1,1,0,literature,1,30,3,20,pNPA residual activity assay after organic-solvent preincubation,p-nitrophenyl acetate,95.8,,"PDF pp. 4 and 7, Methods effect of organic solvents and Table 3",10.1016/j.ijbiomac.2018.07.169,,variants/LMT_0235.html,-1
LMT_0236,LMT_0236,BTL2 thermoalkalophilic lipase;T1.2-like lipase SEQ ID NO:89,BTL2 thermoalkalophilic lipase;T1.2-like lipase SEQ ID NO:89,BTL2 thermoalkalophilic lipase,Geobacillus thermocatenulatus,,,,canonical_entity,,BTL2 thermoalkalophilic lipase,Q59260,,,,2W22,structure_ready,yes,Q59260,UniProt,417,107af35699fc08bd967af6c2c9ba8fcf910d6a508a977dc637984111000ab875,results/2026-06-16_duplicate_uniprot_fulltext_audit/raw/uniprot_Q59260.json,1.178533,-0.137664,2.525613,,,evidence_rich,F9 public display table: 13 reliable observations; 0 independent sources,LMT_0236,evidence_rich,,BTL2 thermoalkalophilic lipase;T1.2-like lipase SEQ ID NO:89,13,,,D,42.13,误差带仅说明测量不精确，不参与T7a评分,独立来源数=，独立性档=D,partial_rows_complete; complete_rows=13/14,,,free,,archive_preview_only_not_authoritative,,,downweighted_train,EVID_LIT_002346; EVID_LIT_002347; EVID_LIT_002348; EVID_LIT_002349; EVID_LIT_002350; EVID_LIT_002351; EVID_LIT_002352; EVID_LIT_002353; EVID_LIT_002354; EVID_PAT_000196; EVID_PAT_000197; EVID_PAT_000198; EVID_PAT_000199; EVID_PAT_000200,WEBR1_PROTOCOL_0394; WEBR1_PROTOCOL_0395,ASSAY_P1A_LU33_01_BTL2_FIG8A_MEOH_ACTIVITY; PAT_ASSAY_WO2023282853_T2C_RESORUFIN_MEOH_TOLERANCE,14,2,9,5,literature+patent,2,90,1,25,4-methylumbelliferyl butyrate fluorometric residual activity assay after solvent preincubation | resorufin lipase substrate fluorescence assay after 1 h methanol preincubation,4-methylumbelliferyl butyrate | resorufin lipase substrate,165.7,,"PDF pp. 8-10, Figure 8a and Methods Lipase assays; WO2023282853A2 Methanol tolerance assay methods; Table 2c publication pages 34-35; local rendered Table 2c pages page_36_copy.png/page_37_copy.png",10.1007/s00894-020-04396-3 | not_applicable_patent | WO2023282853A2,,variants/LMT_0236.html,-1
LMT_0237,LMT_0237,Bacillus subtilis lipase A WT,Bacillus subtilis lipase A WT,Bacillus subtilis lipase A,Bacillus subtilis,,,,canonical_entity,,Bacillus subtilis lipase A WT,P37957,,,,1I6W,structure_ready,yes,P37957,UniProt,212,8a9ea05c5d2953b5b143b591bea6014aec631be96a4842b274fb3e91ee4907d7,results/2026-06-16_duplicate_uniprot_fulltext_audit/raw/uniprot_P37957.json,1.133912,-0.266769,2.6734,,,evidence_rich,F9 public display table: 6 reliable observations; 0 independent sources,LMT_0237,evidence_rich,,Bacillus subtilis lipase A WT,6,,,D,59.51,误差带仅说明测量不精确，不参与T7a评分,独立来源数=，独立性档=D,all_rows_complete; complete_rows=6/6,,,free,,archive_preview_only_not_authoritative,,,downweighted_train,EVID_LIT_002441; EVID_LIT_002442; EVID_LIT_002443; EVID_LIT_002444; EVID_LIT_002445; EVID_LIT_002446,WEBR1_PROTOCOL_0396,ASSAY_P1A_PDB_COMPASSR_20260602_FIGS4D_WT,6,1,6,0,literature,1,60,2,25,pNPB colorimetric lipase activity assay in organic-solvent resistance profile,p-nitrophenyl butyrate (pNPB),122,,main text p. 2795 Experimental Section; Supporting Information S3 and S10; Figure S4(d),10.1002/chem.202004471,,variants/LMT_0237.html,-1
LMT_0238,LMT_0238,Bacillus subtilis lipase A M1 (K122E/L124K),Bacillus subtilis lipase A M1 (K122E/L124K),Bacillus subtilis lipase A M1 (K122E/L124K),Bacillus subtilis,,,,mutant_or_engineered_construct,LMT_0237,Bacillus subtilis lipase A M1 (K122E/L124K),,,,,,phenotype_ready,no,,,,,,0.995344,-0.519282,2.43863,,,evidence_rich,F9 public display table: 6 reliable observations; 0 independent sources,LMT_0238,evidence_rich,,Bacillus subtilis lipase A M1 (K122E/L124K),6,,,D,59.67,误差带仅说明测量不精确，不参与T7a评分,独立来源数=，独立性档=D,all_rows_complete; complete_rows=6/6,,,free,,archive_preview_only_not_authoritative,,,downweighted_train,EVID_LIT_002447; EVID_LIT_002448; EVID_LIT_002449; EVID_LIT_002450; EVID_LIT_002451; EVID_LIT_002452,WEBR1_PROTOCOL_0397,ASSAY_P1A_PDB_COMPASSR_20260602_FIGS4D_M1,6,1,6,0,literature,1,60,2,25,pNPB colorimetric lipase activity assay in organic-solvent resistance profile,p-nitrophenyl butyrate (pNPB),100,,main text p. 2795 Experimental Section; Supporting Information S3 and S10; Figure S4(d),10.1002/chem.202004471,,variants/LMT_0238.html,-1
LMT_0239,LMT_0239,Bacillus subtilis lipase A M2 (Y49R/E65H/N98R/K122E/L124K),Bacillus subtilis lipase A M2 (Y49R/E65H/N98R/K122E/L124K),Bacillus subtilis lipase A M2 (Y49R/E65H/N98R/K122E/L124K),Bacillus subtilis,,,,mutant_or_engineered_construct,LMT_0237,Bacillus subtilis lipase A M2 (Y49R/E65H/N98R/K122E/L124K),,,,,,phenotype_ready,no,,,,,,1.084139,-0.338652,2.476015,,,evidence_rich,F9 public display table: 6 reliable observations; 0 independent sources,LMT_0239,evidence_rich,,Bacillus subtilis lipase A M2 (Y49R/E65H/N98R/K122E/L124K),6,,,D,59.84,误差带仅说明测量不精确，不参与T7a评分,独立来源数=，独立性档=D,all_rows_complete; complete_rows=6/6,,,free,,archive_preview_only_not_authoritative,,,downweighted_train,EVID_LIT_002453; EVID_LIT_002454; EVID_LIT_002455; EVID_LIT_002456; EVID_LIT_002457; EVID_LIT_002458,WEBR1_PROTOCOL_0398,ASSAY_P1A_PDB_COMPASSR_20260602_FIGS4D_M2,6,1,6,0,literature,1,60,2,25,pNPB colorimetric lipase activity assay in organic-solvent resistance profile,p-nitrophenyl butyrate (pNPB),98,,main text p. 2795 Experimental Section; Supporting Information S3 and S10; Figure S4(d),10.1002/chem.202004471,,variants/LMT_0239.html,-1
LMT_0240,LMT_0240,Bacillus subtilis lipase A M3 (I12R/Y49R/E65H/N98R/K122E/L124K/M137K),Bacillus subtilis lipase A M3 (I12R/Y49R/E65H/N98R/K122E/L124K/M137K),Bacillus subtilis lipase A M3 (I12R/Y49R/E65H/N98R/K122E/L124K/M137K),Bacillus subtilis,,,,mutant_or_engineered_construct,LMT_0237,Bacillus subtilis lipase A M3 (I12R/Y49R/E65H/N98R/K122E/L124K/M137K),,,,,,phenotype_ready,no,,,,,,0.922848,-0.483133,2.36428,,,evidence_rich,F9 public display table: 6 reliable observations; 0 independent sources,LMT_0240,evidence_rich,,Bacillus subtilis lipase A M3 (I12R/Y49R/E65H/N98R/K122E/L124K/M137K),6,,,D,60.00,误差带仅说明测量不精确，不参与T7a评分,独立来源数=，独立性档=D,all_rows_complete; complete_rows=6/6,,,free,,archive_preview_only_not_authoritative,,,downweighted_train,EVID_LIT_002459; EVID_LIT_002460; EVID_LIT_002461; EVID_LIT_002462; EVID_LIT_002463; EVID_LIT_002464,WEBR1_PROTOCOL_0399,ASSAY_P1A_PDB_COMPASSR_20260602_FIGS4D_M3,6,1,6,0,literature,1,60,2,25,pNPB colorimetric lipase activity assay in organic-solvent resistance profile,p-nitrophenyl butyrate (pNPB),100,,main text p. 2795 Experimental Section; Supporting Information S3 and S10; Figure S4(d),10.1002/chem.202004471,,variants/LMT_0240.html,-1
LMT_0241,LMT_0241,Proteus mirabilis lipase GMS mutant,Proteus mirabilis lipase GMS mutant,Proteus mirabilis lipase GMS mutant,Proteus mirabilis,,,,mutant_or_engineered_construct,LMT_0247,Proteus mirabilis lipase GMS mutant,B4EVM3,,,,,sequence_ready,no,,,,,,1.362073,-0.175927,3.003184,,,evidence_sparse,F9 public display table: 2 reliable observations; 0 independent sources,LMT_0241,evidence_sparse,,Proteus mirabilis lipase GMS mutant,2,,,D,86.56,误差带仅说明测量不精确，不参与T7a评分,独立来源数=，独立性档=D,all_rows_complete; complete_rows=2/2,,,free,,archive_preview_only_not_authoritative,,,holdout_only,EVID_LIT_000337; EVID_LIT_000338,WEBR1_PROTOCOL_0400; WEBR1_PROTOCOL_0401,ASSAY_P1A_B06_01_006; ASSAY_P1A_B06_01_005,2,2,2,0,literature,1,50,2,37,pNPL hydrolysis assay at A410 within 2 min,p-nitrophenyl palmitate,72.93,,pp. 429-435; Fig. 2A; Table 1; Methods Methanol tolerance measurement,10.1007/s43393-023-00179-y,,variants/LMT_0241.html,-1
LMT_0242,LMT_0242,Proteus mirabilis lipase CMS mutant,Proteus mirabilis lipase CMS mutant,Proteus mirabilis lipase CMS mutant,Proteus mirabilis,,,,mutant_or_engineered_construct,LMT_0247,Proteus mirabilis lipase CMS mutant,B4EVM3,,,,,sequence_ready,no,,,,,,1.157885,-0.529548,2.757911,,,evidence_sparse,F9 public display table: 2 reliable observations; 0 independent sources,LMT_0242,evidence_sparse,,Proteus mirabilis lipase CMS mutant,2,,,D,86.72,误差带仅说明测量不精确，不参与T7a评分,独立来源数=，独立性档=D,all_rows_complete; complete_rows=2/2,,,free,,archive_preview_only_not_authoritative,,,holdout_only,EVID_LIT_000339; EVID_LIT_000340,WEBR1_PROTOCOL_0402; WEBR1_PROTOCOL_0403,ASSAY_P1A_B06_01_006; ASSAY_P1A_B06_01_005,2,2,2,0,literature,1,50,2,37,pNPL hydrolysis assay at A410 within 2 min,p-nitrophenyl palmitate,66.11,,pp. 429-435; Fig. 2A; Table 1; Methods Methanol tolerance measurement,10.1007/s43393-023-00179-y,,variants/LMT_0242.html,-1
LMT_0243,LMT_0243,Proteus mirabilis lipase GQS mutant,Proteus mirabilis lipase GQS mutant,Proteus mirabilis lipase GQS mutant,Proteus mirabilis,,,,mutant_or_engineered_construct,LMT_0247,Proteus mirabilis lipase GQS mutant,B4EVM3,,,,,sequence_ready,no,,,,,,1.323099,-0.340124,2.859261,,,evidence_sparse,F9 public display table: 2 reliable observations; 0 independent sources,LMT_0243,evidence_sparse,,Proteus mirabilis lipase GQS mutant,2,,,D,86.89,误差带仅说明测量不精确，不参与T7a评分,独立来源数=，独立性档=D,all_rows_complete; complete_rows=2/2,,,free,,archive_preview_only_not_authoritative,,,holdout_only,EVID_LIT_000341; EVID_LIT_000342,WEBR1_PROTOCOL_0404; WEBR1_PROTOCOL_0405,ASSAY_P1A_B06_01_006; ASSAY_P1A_B06_01_005,2,2,2,0,literature,1,50,2,37,pNPL hydrolysis assay at A410 within 2 min,p-nitrophenyl palmitate,65.17,,pp. 429-435; Fig. 2A; Table 1; Methods Methanol tolerance measurement,10.1007/s43393-023-00179-y,,variants/LMT_0243.html,-1
LMT_0244,LMT_0244,Proteus mirabilis lipase GYS mutant,Proteus mirabilis lipase GYS mutant,Proteus mirabilis lipase GYS mutant,Proteus mirabilis,,,,mutant_or_engineered_construct,LMT_0247,Proteus mirabilis lipase GYS mutant,B4EVM3,,,,,sequence_ready,no,,,,,,1.115717,-0.542877,2.692754,,,evidence_sparse,F9 public display table: 2 reliable observations; 0 independent sources,LMT_0244,evidence_sparse,,Proteus mirabilis lipase GYS mutant,2,,,D,87.05,误差带仅说明测量不精确，不参与T7a评分,独立来源数=，独立性档=D,all_rows_complete; complete_rows=2/2,,,free,,archive_preview_only_not_authoritative,,,holdout_only,EVID_LIT_000343; EVID_LIT_000344,WEBR1_PROTOCOL_0406; WEBR1_PROTOCOL_0407,ASSAY_P1A_B06_01_006; ASSAY_P1A_B06_01_005,2,2,2,0,literature,1,50,2,37,pNPL hydrolysis assay at A410 within 2 min,p-nitrophenyl palmitate,89.84,,pp. 429-435; Fig. 2A; Table 1; Methods Methanol tolerance measurement,10.1007/s43393-023-00179-y,,variants/LMT_0244.html,-1
LMT_0245,LMT_0245,Proteus mirabilis lipase GWS mutant,Proteus mirabilis lipase GWS mutant,Proteus mirabilis lipase GWS mutant,Proteus mirabilis,,,,mutant_or_engineered_construct,LMT_0247,Proteus mirabilis lipase GWS mutant,B4EVM3,,,,,sequence_ready,no,,,,,,1.219042,-0.425929,2.796434,,,evidence_sparse,F9 public display table: 2 reliable observations; 0 independent sources,LMT_0245,evidence_sparse,,Proteus mirabilis lipase GWS mutant,2,,,D,87.21,误差带仅说明测量不精确，不参与T7a评分,独立来源数=，独立性档=D,all_rows_complete; complete_rows=2/2,,,free,,archive_preview_only_not_authoritative,,,holdout_only,EVID_LIT_000345; EVID_LIT_000346,WEBR1_PROTOCOL_0408; WEBR1_PROTOCOL_0409,ASSAY_P1A_B06_01_006; ASSAY_P1A_B06_01_005,2,2,2,0,literature,1,50,2,37,pNPL hydrolysis assay at A410 within 2 min,p-nitrophenyl palmitate,91.66,,pp. 429-435; Fig. 2A; Table 1; Methods Methanol tolerance measurement,10.1007/s43393-023-00179-y,,variants/LMT_0245.html,-1
LMT_0247,LMT_0247,PML WT;Proteus mirabilis lipase WT (GKG);Soluble PML;Proteus mirabilis lipase WT,PML WT;Proteus mirabilis lipase WT (GKG);Soluble PML;Proteus mirabilis lipase WT,Proteus mirabilis lipase,Proteus mirabilis,,,,canonical_entity,,Proteus mirabilis lipase WT,B4EVM3,,,,3W9U;4GW3;4GXN;4HS9,structure_ready,yes,B4EVM3,UniProt,287,a9400dc063073b64e3ec0a4cd1200d77913d2f90960ba985d860215211c4f46b,results/2026-06-16_duplicate_uniprot_fulltext_audit/raw/uniprot_B4EVM3.json,1.55458,0.358304,2.864555,,,evidence_rich,F9 public display table: 88 reliable observations; 0 independent sources,LMT_0247,evidence_rich,,PML WT;Proteus mirabilis lipase WT (GKG);Soluble PML;Proteus mirabilis lipase WT,88,,,D,37.21,误差带仅说明测量不精确，不参与T7a评分,独立来源数=，独立性档=D,partial_rows_complete; complete_rows=88/89,,,free,,archive_preview_only_not_authoritative,,,holdout_only,EVID_LIT_000863; EVID_LIT_000864; EVID_LIT_000865; EVID_LIT_000866; EVID_LIT_000867; EVID_LIT_000868; EVID_LIT_000869; EVID_LIT_000870; EVID_LIT_000871; EVID_LIT_000872; EVID_LIT_000873; EVID_LIT_000874; EVID_LIT_000875; EVID_LIT_000898; EVID_LIT_000899; EVID_LIT_000900; EVID_LIT_000901; EVID_LIT_000902; EVID_LIT_000903; EVID_LIT_000904; EVID_LIT_000905; EVID_LIT_000929; EVID_LIT_000930; EVID_LIT_000931; EVID_LIT_000932; EVID_LIT_000933; EVID_LIT_000934; EVID_LIT_000935; EVID_LIT_000936; EVID_LIT_000937; EVID_LIT_000938; EVID_LIT_000939; EVID_LIT_000940; EVID_LIT_000941; EVID_LIT_001003; EVID_LIT_001004; EVID_LIT_001005; EVID_LIT_001006; EVID_LIT_001007; EVID_LIT_001008; EVID_LIT_001009; EVID_LIT_001010; EVID_LIT_001011; EVID_LIT_001048; EVID_PAT_000357; EVID_PAT_000358; EVID_PAT_000359; EVID_PAT_000360; EVID_PAT_000361; EVID_PAT_000362; EVID_PAT_000363; EVID_PAT_000364; EVID_PAT_000365; EVID_PAT_000366; EVID_PAT_000367; EVID_PAT_000368; EVID_PAT_000369; EVID_PAT_000388; EVID_PAT_000389; EVID_PAT_000390; EVID_PAT_000391; EVID_PAT_000392; EVID_PAT_000393; EVID_PAT_000394; EVID_PAT_000395; EVID_PAT_000396; EVID_PAT_000462; EVID_PAT_000463; EVID_PAT_000464; EVID_PAT_000465; EVID_PAT_000466; EVID_PAT_000467; EVID_PAT_000468; EVID_PAT_000469; EVID_PAT_000470; EVID_PAT_000471; EVID_PAT_000472; EVID_PAT_000473; EVID_PAT_000474; EVID_PAT_000520; EVID_PAT_000521; EVID_PAT_000522; EVID_PAT_000523; EVID_PAT_000524; EVID_PAT_000525; EVID_PAT_000526; EVID_PAT_000527; EVID_PAT_000528; EVID_PAT_000531,WEBR1_PROTOCOL_0420; WEBR1_PROTOCOL_0421; WEBR1_PROTOCOL_0422; WEBR1_PROTOCOL_0423; WEBR1_PROTOCOL_0424; WEBR1_PROTOCOL_0425; WEBR1_PROTOCOL_0426; WEBR1_PROTOCOL_0427; WEBR1_PROTOCOL_0428; WEBR1_PROTOCOL_0429,ASSAY_P1A_B13_01_F2C_CONC_2H; ASSAY_P1A_B13_01_F2D_50MEOH_TIME; ASSAY_P1A_B13_01_F5A_CONC_2H; ASSAY_P1A_B13_01_F5B_50MEOH_TIME; ASSAY_P1A_B13_01_F5C_70MEOH_24H; PAT_ASSAY_WO2014074352_Figure2C; PAT_ASSAY_WO2014074352_Figure2D; PAT_ASSAY_WO2014074352_Figure5A; PAT_ASSAY_WO2014074352_Figure5B; PAT_ASSAY_WO2014074352_Figure5C,89,10,44,45,literature+patent,2,80,24,25 | not_reported,pNPP hydrolysis residual activity assay at 405 nm,p-nitrophenyl palmitate,90,,p. 3; Figure 2C legend; p. 11 Methods Enzyme kinetics and characterization; p. 3; Figure 2D legend; p. 11 Methods Enzyme kinetics and characterization; pp. 5-6; Figure 5A legend; p. 11 Methods Enzyme kinetics and characterization; pp. 5-6; Figure 5B legend; p. 11 Methods Enzyme kinetics and characterization; pp. 5-6; Figure 5C legend; p. 11 Methods Enzyme kinetics and characterization; WO PDF page 49 / figure sheet 1/9; crop=results/2026-06-05_153000_patent_WO2014074352_digitization_sequence/crops/figure2C_meoh_concentration_page49.png; WO PDF page 49 / figure sheet 1/9; crop=results/2026-06-05_153000_patent_WO2014074352_digitization_sequence/crops/figure2D_meoh_time_page49.png; WO PDF page 51 / figure sheet 3/9; crop=results/2026-06-05_153000_patent_WO2014074352_digitization_sequence/crops/figure5A_meoh_concentration_page51.png; WO PDF page 51 / figure sheet 3/9; crop=results/2026-06-05_153000_patent_WO2014074352_digitization_sequence/crops/figure5B_meoh_time_page51.png; WO PDF page 51 / figure sheet 3/9; crop=results/2026-06-05_153000_patent_WO2014074352_digitization_sequence/crops/figure5C_solvent_panel_page51.png,10.1186/1754-6834-6-70 | not_applicable_patent | WO2014074352A1,,variants/LMT_0247.html,-1
LMT_0248,LMT_0248,Proteus mirabilis lipase Dieselzyme 1,Proteus mirabilis lipase Dieselzyme 1,Proteus mirabilis lipase Dieselzyme 1,Proteus mirabilis,,,,mutant_or_engineered_construct,LMT_0247,Proteus mirabilis lipase Dieselzyme 1,B4EVM3,,,,,sequence_ready,no,,,,,,1.727926,0.506652,2.945283,,,evidence_rich,F9 public display table: 72 reliable observations; 0 independent sources,LMT_0248,evidence_rich,,Proteus mirabilis lipase Dieselzyme 1,72,,,D,60.16,误差带仅说明测量不精确，不参与T7a评分,独立来源数=，独立性档=D,all_rows_complete; complete_rows=87/87,,,free,,archive_preview_only_not_authoritative,,,holdout_only,EVID_LIT_000876; EVID_LIT_000877; EVID_LIT_000878; EVID_LIT_000879; EVID_LIT_000880; EVID_LIT_000881; EVID_LIT_000882; EVID_LIT_000883; EVID_LIT_000884; EVID_LIT_000885; EVID_LIT_000886; EVID_LIT_000887; EVID_LIT_000888; EVID_LIT_000907; EVID_LIT_000908; EVID_LIT_000909; EVID_LIT_000910; EVID_LIT_000911; EVID_LIT_000912; EVID_LIT_000913; EVID_LIT_000914; EVID_LIT_000942; EVID_LIT_000943; EVID_LIT_000944; EVID_LIT_000945; EVID_LIT_000946; EVID_LIT_000947; EVID_LIT_000948; EVID_LIT_000949; EVID_LIT_000950; EVID_LIT_000951; EVID_LIT_000952; EVID_LIT_000953; EVID_LIT_000954; EVID_LIT_001012; EVID_LIT_001013; EVID_LIT_001014; EVID_LIT_001015; EVID_LIT_001016; EVID_LIT_001017; EVID_LIT_001018; EVID_LIT_001019; EVID_LIT_001020; EVID_PAT_000344; EVID_PAT_000345; EVID_PAT_000346; EVID_PAT_000347; EVID_PAT_000348; EVID_PAT_000349; EVID_PAT_000350; EVID_PAT_000351; EVID_PAT_000352; EVID_PAT_000353; EVID_PAT_000354; EVID_PAT_000355; EVID_PAT_000356; EVID_PAT_000379; EVID_PAT_000380; EVID_PAT_000381; EVID_PAT_000382; EVID_PAT_000383; EVID_PAT_000384; EVID_PAT_000385; EVID_PAT_000386; EVID_PAT_000387; EVID_PAT_000410; EVID_PAT_000411; EVID_PAT_000412; EVID_PAT_000413; EVID_PAT_000414; EVID_PAT_000415; EVID_PAT_000416; EVID_PAT_000417; EVID_PAT_000418; EVID_PAT_000419; EVID_PAT_000420; EVID_PAT_000421; EVID_PAT_000422; EVID_PAT_000484; EVID_PAT_000485; EVID_PAT_000486; EVID_PAT_000487; EVID_PAT_000488; EVID_PAT_000489; EVID_PAT_000490; EVID_PAT_000491; EVID_PAT_000492,WEBR1_PROTOCOL_0430; WEBR1_PROTOCOL_0431; WEBR1_PROTOCOL_0432; WEBR1_PROTOCOL_0433; WEBR1_PROTOCOL_0434; WEBR1_PROTOCOL_0435; WEBR1_PROTOCOL_0436; WEBR1_PROTOCOL_0437,ASSAY_P1A_B13_01_F2C_CONC_2H; ASSAY_P1A_B13_01_F2D_50MEOH_TIME; ASSAY_P1A_B13_01_F5A_CONC_2H; ASSAY_P1A_B13_01_F5B_50MEOH_TIME; PAT_ASSAY_WO2014074352_Figure2C; PAT_ASSAY_WO2014074352_Figure2D; PAT_ASSAY_WO2014074352_Figure5A; PAT_ASSAY_WO2014074352_Figure5B,87,8,43,44,literature+patent,2,80,24,25,pNPP hydrolysis residual activity assay at 405 nm,p-nitrophenyl palmitate,91,,p. 3; Figure 2C legend; p. 11 Methods Enzyme kinetics and characterization; p. 3; Figure 2D legend; p. 11 Methods Enzyme kinetics and characterization; pp. 5-6; Figure 5A legend; p. 11 Methods Enzyme kinetics and characterization; pp. 5-6; Figure 5B legend; p. 11 Methods Enzyme kinetics and characterization; WO PDF page 49 / figure sheet 1/9; crop=results/2026-06-05_153000_patent_WO2014074352_digitization_sequence/crops/figure2C_meoh_concentration_page49.png; WO PDF page 49 / figure sheet 1/9; crop=results/2026-06-05_153000_patent_WO2014074352_digitization_sequence/crops/figure2D_meoh_time_page49.png; WO PDF page 51 / figure sheet 3/9; crop=results/2026-06-05_153000_patent_WO2014074352_digitization_sequence/crops/figure5A_meoh_concentration_page51.png; WO PDF page 51 / figure sheet 3/9; crop=results/2026-06-05_153000_patent_WO2014074352_digitization_sequence/crops/figure5B_meoh_time_page51.png,10.1186/1754-6834-6-70 | not_applicable_patent | WO2014074352A1,,variants/LMT_0248.html,-1
LMT_0249,LMT_0249,Proteus mirabilis lipase Dieselzyme 2,Proteus mirabilis lipase Dieselzyme 2,Proteus mirabilis lipase Dieselzyme 2,Proteus mirabilis,,,,mutant_or_engineered_construct,LMT_0247,Proteus mirabilis lipase Dieselzyme 2,B4EVM3,,,,,sequence_ready,no,,,,,,0.802944,-0.379225,2.126133,,,evidence_rich,F9 public display table: 42 reliable observations; 0 independent sources,LMT_0249,evidence_rich,,Proteus mirabilis lipase Dieselzyme 2,42,,,D,60.33,误差带仅说明测量不精确，不参与T7a评分,独立来源数=，独立性档=D,all_rows_complete; complete_rows=44/44,,,free,,archive_preview_only_not_authoritative,,,holdout_only,EVID_LIT_000955; EVID_LIT_000956; EVID_LIT_000957; EVID_LIT_000958; EVID_LIT_000959; EVID_LIT_000960; EVID_LIT_000961; EVID_LIT_000962; EVID_LIT_000963; EVID_LIT_000964; EVID_LIT_000965; EVID_LIT_000966; EVID_LIT_000967; EVID_LIT_001021; EVID_LIT_001022; EVID_LIT_001023; EVID_LIT_001024; EVID_LIT_001025; EVID_LIT_001026; EVID_LIT_001027; EVID_LIT_001028; EVID_LIT_001029; EVID_PAT_000423; EVID_PAT_000424; EVID_PAT_000425; EVID_PAT_000426; EVID_PAT_000427; EVID_PAT_000428; EVID_PAT_000429; EVID_PAT_000430; EVID_PAT_000431; EVID_PAT_000432; EVID_PAT_000433; EVID_PAT_000434; EVID_PAT_000435; EVID_PAT_000493; EVID_PAT_000494; EVID_PAT_000495; EVID_PAT_000496; EVID_PAT_000497; EVID_PAT_000498; EVID_PAT_000499; EVID_PAT_000500; EVID_PAT_000501,WEBR1_PROTOCOL_0438; WEBR1_PROTOCOL_0439; WEBR1_PROTOCOL_0440; WEBR1_PROTOCOL_0441,ASSAY_P1A_B13_01_F5A_CONC_2H; ASSAY_P1A_B13_01_F5B_50MEOH_TIME; PAT_ASSAY_WO2014074352_Figure5A; PAT_ASSAY_WO2014074352_Figure5B,44,4,22,22,literature+patent,2,80,24,25,pNPP hydrolysis residual activity assay at 405 nm,p-nitrophenyl palmitate,99,,pp. 5-6; Figure 5A legend; p. 11 Methods Enzyme kinetics and characterization; pp. 5-6; Figure 5B legend; p. 11 Methods Enzyme kinetics and characterization; WO PDF page 51 / figure sheet 3/9; crop=results/2026-06-05_153000_patent_WO2014074352_digitization_sequence/crops/figure5A_meoh_concentration_page51.png; WO PDF page 51 / figure sheet 3/9; crop=results/2026-06-05_153000_patent_WO2014074352_digitization_sequence/crops/figure5B_meoh_time_page51.png,10.1186/1754-6834-6-70 | not_applicable_patent | WO2014074352A1,,variants/LMT_0249.html,-1
LMT_0250,LMT_0250,Proteus mirabilis lipase Dieselzyme 3,Proteus mirabilis lipase Dieselzyme 3,Proteus mirabilis lipase Dieselzyme 3,Proteus mirabilis,,,,mutant_or_engineered_construct,LMT_0247,Proteus mirabilis lipase Dieselzyme 3,B4EVM3,,,,,sequence_ready,no,,,,,,0.052664,-1.150095,1.351062,,,evidence_rich,F9 public display table: 44 reliable observations; 0 independent sources,LMT_0250,evidence_rich,,Proteus mirabilis lipase Dieselzyme 3,44,,,D,60.49,误差带仅说明测量不精确，不参与T7a评分,独立来源数=，独立性档=D,all_rows_complete; complete_rows=44/44,,,free,,archive_preview_only_not_authoritative,,,holdout_only,EVID_LIT_000968; EVID_LIT_000969; EVID_LIT_000970; EVID_LIT_000971; EVID_LIT_000972; EVID_LIT_000973; EVID_LIT_000974; EVID_LIT_000975; EVID_LIT_000976; EVID_LIT_000977; EVID_LIT_000978; EVID_LIT_000979; EVID_LIT_000980; EVID_LIT_001030; EVID_LIT_001031; EVID_LIT_001032; EVID_LIT_001033; EVID_LIT_001034; EVID_LIT_001035; EVID_LIT_001036; EVID_LIT_001037; EVID_LIT_001038; EVID_PAT_000436; EVID_PAT_000437; EVID_PAT_000438; EVID_PAT_000439; EVID_PAT_000440; EVID_PAT_000441; EVID_PAT_000442; EVID_PAT_000443; EVID_PAT_000444; EVID_PAT_000445; EVID_PAT_000446; EVID_PAT_000447; EVID_PAT_000448; EVID_PAT_000502; EVID_PAT_000503; EVID_PAT_000504; EVID_PAT_000505; EVID_PAT_000506; EVID_PAT_000507; EVID_PAT_000508; EVID_PAT_000509; EVID_PAT_000510,WEBR1_PROTOCOL_0442; WEBR1_PROTOCOL_0443; WEBR1_PROTOCOL_0444; WEBR1_PROTOCOL_0445,ASSAY_P1A_B13_01_F5A_CONC_2H; ASSAY_P1A_B13_01_F5B_50MEOH_TIME; PAT_ASSAY_WO2014074352_Figure5A; PAT_ASSAY_WO2014074352_Figure5B,44,4,22,22,literature+patent,2,80,24,25,pNPP hydrolysis residual activity assay at 405 nm,p-nitrophenyl palmitate,101,,pp. 5-6; Figure 5A legend; p. 11 Methods Enzyme kinetics and characterization; pp. 5-6; Figure 5B legend; p. 11 Methods Enzyme kinetics and characterization; WO PDF page 51 / figure sheet 3/9; crop=results/2026-06-05_153000_patent_WO2014074352_digitization_sequence/crops/figure5A_meoh_concentration_page51.png; WO PDF page 51 / figure sheet 3/9; crop=results/2026-06-05_153000_patent_WO2014074352_digitization_sequence/crops/figure5B_meoh_time_page51.png,10.1186/1754-6834-6-70 | not_applicable_patent | WO2014074352A1,,variants/LMT_0250.html,-1
LMT_0251,LMT_0251,Proteus mirabilis lipase Dieselzyme 4,Proteus mirabilis lipase Dieselzyme 4,Proteus mirabilis lipase Dieselzyme 4,Proteus mirabilis,,,,mutant_or_engineered_construct,LMT_0247,Proteus mirabilis lipase Dieselzyme 4,B4EVM3,,,,4HS9,structure_ready,no,,,,,,-0.086597,-1.351398,1.213473,,,evidence_rich,F9 public display table: 46 reliable observations; 0 independent sources,LMT_0251,evidence_rich,,Proteus mirabilis lipase Dieselzyme 4,46,,,D,37.38,误差带仅说明测量不精确，不参与T7a评分,独立来源数=，独立性档=D,partial_rows_complete; complete_rows=45/46,,,free,,archive_preview_only_not_authoritative,,,holdout_only,EVID_LIT_000981; EVID_LIT_000982; EVID_LIT_000983; EVID_LIT_000984; EVID_LIT_000985; EVID_LIT_000986; EVID_LIT_000987; EVID_LIT_000988; EVID_LIT_000989; EVID_LIT_000990; EVID_LIT_000991; EVID_LIT_000992; EVID_LIT_000993; EVID_LIT_001039; EVID_LIT_001040; EVID_LIT_001041; EVID_LIT_001042; EVID_LIT_001043; EVID_LIT_001044; EVID_LIT_001045; EVID_LIT_001046; EVID_LIT_001047; EVID_LIT_001049; EVID_PAT_000449; EVID_PAT_000450; EVID_PAT_000451; EVID_PAT_000452; EVID_PAT_000453; EVID_PAT_000454; EVID_PAT_000455; EVID_PAT_000456; EVID_PAT_000457; EVID_PAT_000458; EVID_PAT_000459; EVID_PAT_000460; EVID_PAT_000461; EVID_PAT_000511; EVID_PAT_000512; EVID_PAT_000513; EVID_PAT_000514; EVID_PAT_000515; EVID_PAT_000516; EVID_PAT_000517; EVID_PAT_000518; EVID_PAT_000519; EVID_PAT_000530,WEBR1_PROTOCOL_0446; WEBR1_PROTOCOL_0447; WEBR1_PROTOCOL_0448; WEBR1_PROTOCOL_0449; WEBR1_PROTOCOL_0450; WEBR1_PROTOCOL_0451,ASSAY_P1A_B13_01_F5A_CONC_2H; ASSAY_P1A_B13_01_F5B_50MEOH_TIME; ASSAY_P1A_B13_01_F5C_70MEOH_24H; PAT_ASSAY_WO2014074352_Figure5A; PAT_ASSAY_WO2014074352_Figure5B; PAT_ASSAY_WO2014074352_Figure5C,46,6,23,23,literature+patent,2,80,24,25 | not_reported,pNPP hydrolysis residual activity assay at 405 nm,p-nitrophenyl palmitate,106,,pp. 5-6; Figure 5A legend; p. 11 Methods Enzyme kinetics and characterization; pp. 5-6; Figure 5B legend; p. 11 Methods Enzyme kinetics and characterization; pp. 5-6; Figure 5C legend; p. 11 Methods Enzyme kinetics and characterization; WO PDF page 51 / figure sheet 3/9; crop=results/2026-06-05_153000_patent_WO2014074352_digitization_sequence/crops/figure5A_meoh_concentration_page51.png; WO PDF page 51 / figure sheet 3/9; crop=results/2026-06-05_153000_patent_WO2014074352_digitization_sequence/crops/figure5B_meoh_time_page51.png; WO PDF page 51 / figure sheet 3/9; crop=results/2026-06-05_153000_patent_WO2014074352_digitization_sequence/crops/figure5C_solvent_panel_page51.png,10.1186/1754-6834-6-70 | not_applicable_patent | WO2014074352A1,,variants/LMT_0251.html,-1
LMT_0253,LMT_0253,Thermomyces lanuginosus lipase TLL-S105C;E. coli whole-cell expressing TLL-S105C,Thermomyces lanuginosus lipase TLL-S105C;E. coli whole-cell expressing TLL-S105C,Thermomyces lanuginosus lipase TLL-S105C,Thermomyces lanuginosus,,,,mutant_or_engineered_construct,LMT_0050,S105C,O59952,,,,,sequence_ready,no,,,,,,0.650101,-1.072113,2.341521,,,evidence_sparse,F9 public display table: 1 reliable observations; 0 independent sources,LMT_0253,evidence_sparse,,Thermomyces lanuginosus lipase TLL-S105C;E. coli whole-cell expressing TLL-S105C,1,,,D,87.38,误差带仅说明测量不精确，不参与T7a评分,独立来源数=，独立性档=D,all_rows_complete; complete_rows=2/2,,,free | whole_cell,,archive_preview_only_not_authoritative,,,holdout_only,EVID_LIT_000844; EVID_LIT_002542,WEBR1_PROTOCOL_0454; WEBR1_PROTOCOL_0455,ASSAY_P1A_B11_05_F2B_PURIFIED_75MEOH_1H; ASSAY_EVID_S8B_SM098_002,2,2,2,0,literature,1,75,1,25,PNPB hydrolysis activity assay | not_reported,p-nitrophenyl butyrate | not_reported,53,,pp. 1494-1495; Figure 2b; purified TLL variant methanol tolerance; Fig. 2c whole-cell condition layer,10.1016/j.biortech.2017.05.108,,variants/LMT_0253.html,-1
LMT_0254,LMT_0254,Thermomyces lanuginosus lipase TLL-S105C/D27R;E. coli whole-cell expressing TLL-S105C/D27R,Thermomyces lanuginosus lipase TLL-S105C/D27R;E. coli whole-cell expressing TLL-S105C/D27R,Thermomyces lanuginosus lipase TLL-S105C/D27R,Thermomyces lanuginosus,,,,mutant_or_engineered_construct,LMT_0050,S105C;D27R,O59952,,,,,sequence_ready,no,,,,,,0.46452,-1.229031,2.033872,,,evidence_sparse,F9 public display table: 1 reliable observations; 0 independent sources,LMT_0254,evidence_sparse,,Thermomyces lanuginosus lipase TLL-S105C/D27R;E. coli whole-cell expressing TLL-S105C/D27R,1,,,D,87.54,误差带仅说明测量不精确，不参与T7a评分,独立来源数=，独立性档=D,all_rows_complete; complete_rows=2/2,,,free | whole_cell,,archive_preview_only_not_authoritative,,,holdout_only,EVID_LIT_000845; EVID_LIT_002544,WEBR1_PROTOCOL_0456; WEBR1_PROTOCOL_0457,ASSAY_P1A_B11_05_F2B_PURIFIED_75MEOH_1H; ASSAY_EVID_S8B_SM098_004,2,2,2,0,literature,1,75,1,25,PNPB hydrolysis activity assay | not_reported,p-nitrophenyl butyrate | not_reported,71,,pp. 1494-1495; Figure 2b; purified TLL variant methanol tolerance; Fig. 2c whole-cell condition layer,10.1016/j.biortech.2017.05.108,,variants/LMT_0254.html,-1
LMT_0255,LMT_0255,Thermomyces lanuginosus lipase TLL-D27R;E. coli whole-cell expressing TLL-D27R,Thermomyces lanuginosus lipase TLL-D27R;E. coli whole-cell expressing TLL-D27R,Thermomyces lanuginosus lipase TLL-D27R,Thermomyces lanuginosus,,,,mutant_or_engineered_construct,LMT_0050,D27R,O59952,,,,,sequence_ready,no,,,,,,0.452742,-1.138381,2.314009,,,evidence_sparse,F9 public display table: 1 reliable observations; 0 independent sources,LMT_0255,evidence_sparse,,Thermomyces lanuginosus lipase TLL-D27R;E. coli whole-cell expressing TLL-D27R,1,,,D,87.70,误差带仅说明测量不精确，不参与T7a评分,独立来源数=，独立性档=D,all_rows_complete; complete_rows=2/2,,,free | whole_cell,,archive_preview_only_not_authoritative,,,holdout_only,EVID_LIT_000846; EVID_LIT_002543,WEBR1_PROTOCOL_0458; WEBR1_PROTOCOL_0459,ASSAY_P1A_B11_05_F2B_PURIFIED_75MEOH_1H; ASSAY_EVID_S8B_SM098_003,2,2,2,0,literature,1,75,1,25,PNPB hydrolysis activity assay | not_reported,p-nitrophenyl butyrate | not_reported,81,,pp. 1494-1495; Figure 2b; purified TLL variant methanol tolerance; Fig. 2c whole-cell condition layer,10.1016/j.biortech.2017.05.108,,variants/LMT_0255.html,-1
LMT_0256,LMT_0256,Thermomyces lanuginosus lipase A28S,Thermomyces lanuginosus lipase A28S,Thermomyces lanuginosus lipase A28S,Thermomyces lanuginosus,DSM 10635,,,mutant_or_engineered_construct,LMT_0050,A28S,O59952,,,,,sequence_ready,no,,,,,,0.534975,-0.955907,2.090561,,,evidence_sparse,F9 public display table: 2 reliable observations; 0 independent sources,LMT_0256,evidence_sparse,,Thermomyces lanuginosus lipase A28S,2,,,D,87.87,误差带仅说明测量不精确，不参与T7a评分,独立来源数=，独立性档=D,all_rows_complete; complete_rows=2/2,,,free,,archive_preview_only_not_authoritative,,,holdout_only,EVID_LIT_001071; EVID_LIT_001072,WEBR1_PROTOCOL_0460,ASSAY_P1A_B14_05_TABLE3_50MEOH_TIME,2,1,2,0,literature,1,50,2,40,BALB-DTNB method,BAL-tributyrate,94.8,,pp. 3-5; Table 3; TLL residual activity in 50% methanol at 0.5 h and 2.0 h,10.1016/j.bej.2022.108659,,variants/LMT_0256.html,-1
LMT_0257,LMT_0257,Thermomyces lanuginosus lipase A29K,Thermomyces lanuginosus lipase A29K,Thermomyces lanuginosus lipase A29K,Thermomyces lanuginosus,DSM 10635,,,mutant_or_engineered_construct,LMT_0050,A29K,O59952,,,,,sequence_ready,no,,,,,,0.749664,-0.645266,2.485046,,,evidence_sparse,F9 public display table: 2 reliable observations; 0 independent sources,LMT_0257,evidence_sparse,,Thermomyces lanuginosus lipase A29K,2,,,D,88.03,误差带仅说明测量不精确，不参与T7a评分,独立来源数=，独立性档=D,all_rows_complete; complete_rows=2/2,,,free,,archive_preview_only_not_authoritative,,,holdout_only,EVID_LIT_001073; EVID_LIT_001074,WEBR1_PROTOCOL_0461,ASSAY_P1A_B14_05_TABLE3_50MEOH_TIME,2,1,2,0,literature,1,50,2,40,BALB-DTNB method,BAL-tributyrate,74.1,,pp. 3-5; Table 3; TLL residual activity in 50% methanol at 0.5 h and 2.0 h,10.1016/j.bej.2022.108659,,variants/LMT_0257.html,-1
LMT_0258,LMT_0258,Thermomyces lanuginosus lipase V45N,Thermomyces lanuginosus lipase V45N,Thermomyces lanuginosus lipase V45N,Thermomyces lanuginosus,DSM 10635,,,mutant_or_engineered_construct,LMT_0050,V45N,O59952,,,,,sequence_ready,no,,,,,,1.306273,-0.349278,2.8209,,,evidence_sparse,F9 public display table: 2 reliable observations; 0 independent sources,LMT_0258,evidence_sparse,,Thermomyces lanuginosus lipase V45N,2,,,D,88.20,误差带仅说明测量不精确，不参与T7a评分,独立来源数=，独立性档=D,all_rows_complete; complete_rows=2/2,,,free,,archive_preview_only_not_authoritative,,,holdout_only,EVID_LIT_001075; EVID_LIT_001076,WEBR1_PROTOCOL_0462,ASSAY_P1A_B14_05_TABLE3_50MEOH_TIME,2,1,2,0,literature,1,50,2,40,BALB-DTNB method,BAL-tributyrate,27.4,,pp. 3-5; Table 3; TLL residual activity in 50% methanol at 0.5 h and 2.0 h,10.1016/j.bej.2022.108659,,variants/LMT_0258.html,-1
LMT_0259,LMT_0259,Thermomyces lanuginosus lipase A51K,Thermomyces lanuginosus lipase A51K,Thermomyces lanuginosus lipase A51K,Thermomyces lanuginosus,DSM 10635,,,mutant_or_engineered_construct,LMT_0050,A51K,O59952,,,,,sequence_ready,no,,,,,,0.740868,-0.81516,2.441566,,,evidence_sparse,F9 public display table: 2 reliable observations; 0 independent sources,LMT_0259,evidence_sparse,,Thermomyces lanuginosus lipase A51K,2,,,D,88.36,误差带仅说明测量不精确，不参与T7a评分,独立来源数=，独立性档=D,all_rows_complete; complete_rows=2/2,,,free,,archive_preview_only_not_authoritative,,,holdout_only,EVID_LIT_001077; EVID_LIT_001078,WEBR1_PROTOCOL_0463,ASSAY_P1A_B14_05_TABLE3_50MEOH_TIME,2,1,2,0,literature,1,50,2,40,BALB-DTNB method,BAL-tributyrate,84.6,,pp. 3-5; Table 3; TLL residual activity in 50% methanol at 0.5 h and 2.0 h,10.1016/j.bej.2022.108659,,variants/LMT_0259.html,-1
LMT_0260,LMT_0260,Thermomyces lanuginosus lipase V119T,Thermomyces lanuginosus lipase V119T,Thermomyces lanuginosus lipase V119T,Thermomyces lanuginosus,DSM 10635,,,mutant_or_engineered_construct,LMT_0050,V119T,O59952,,,,,sequence_ready,no,,,,,,1.175962,-0.515103,2.869128,,,evidence_sparse,F9 public display table: 2 reliable observations; 0 independent sources,LMT_0260,evidence_sparse,,Thermomyces lanuginosus lipase V119T,2,,,D,88.52,误差带仅说明测量不精确，不参与T7a评分,独立来源数=，独立性档=D,all_rows_complete; complete_rows=2/2,,,free,,archive_preview_only_not_authoritative,,,holdout_only,EVID_LIT_001079; EVID_LIT_001080,WEBR1_PROTOCOL_0464,ASSAY_P1A_B14_05_TABLE3_50MEOH_TIME,2,1,2,0,literature,1,50,2,40,BALB-DTNB method,BAL-tributyrate,50.4,,pp. 3-5; Table 3; TLL residual activity in 50% methanol at 0.5 h and 2.0 h,10.1016/j.bej.2022.108659,,variants/LMT_0260.html,-1
LMT_0261,LMT_0261,Thermomyces lanuginosus lipase A163D,Thermomyces lanuginosus lipase A163D,Thermomyces lanuginosus lipase A163D,Thermomyces lanuginosus,DSM 10635,,,mutant_or_engineered_construct,LMT_0050,A163D,O59952,,,,,sequence_ready,no,,,,,,0.911974,-0.70751,2.460477,,,evidence_sparse,F9 public display table: 2 reliable observations; 0 independent sources,LMT_0261,evidence_sparse,,Thermomyces lanuginosus lipase A163D,2,,,D,88.69,误差带仅说明测量不精确，不参与T7a评分,独立来源数=，独立性档=D,all_rows_complete; complete_rows=2/2,,,free,,archive_preview_only_not_authoritative,,,holdout_only,EVID_LIT_001081; EVID_LIT_001082,WEBR1_PROTOCOL_0465,ASSAY_P1A_B14_05_TABLE3_50MEOH_TIME,2,1,2,0,literature,1,50,2,40,BALB-DTNB method,BAL-tributyrate,53.5,,pp. 3-5; Table 3; TLL residual activity in 50% methanol at 0.5 h and 2.0 h,10.1016/j.bej.2022.108659,,variants/LMT_0261.html,-1
LMT_0262,LMT_0262,Thermomyces lanuginosus lipase F174Y,Thermomyces lanuginosus lipase F174Y,Thermomyces lanuginosus lipase F174Y,Thermomyces lanuginosus,DSM 10635,,,mutant_or_engineered_construct,LMT_0050,F174Y,O59952,,,,,sequence_ready,no,,,,,,0.753857,-0.707241,2.238738,,,evidence_sparse,F9 public display table: 2 reliable observations; 0 independent sources,LMT_0262,evidence_sparse,,Thermomyces lanuginosus lipase F174Y,2,,,D,88.85,误差带仅说明测量不精确，不参与T7a评分,独立来源数=，独立性档=D,all_rows_complete; complete_rows=2/2,,,free,,archive_preview_only_not_authoritative,,,holdout_only,EVID_LIT_001083; EVID_LIT_001084,WEBR1_PROTOCOL_0466,ASSAY_P1A_B14_05_TABLE3_50MEOH_TIME,2,1,2,0,literature,1,50,2,40,BALB-DTNB method,BAL-tributyrate,56.4,,pp. 3-5; Table 3; TLL residual activity in 50% methanol at 0.5 h and 2.0 h,10.1016/j.bej.2022.108659,,variants/LMT_0262.html,-1
LMT_0263,LMT_0263,Thermomyces lanuginosus lipase L198N,Thermomyces lanuginosus lipase L198N,Thermomyces lanuginosus lipase L198N,Thermomyces lanuginosus,DSM 10635,,,mutant_or_engineered_construct,LMT_0050,L198N,O59952,,,,,sequence_ready,no,,,,,,0.680867,-0.864329,2.282711,,,evidence_sparse,F9 public display table: 2 reliable observations; 0 independent sources,LMT_0263,evidence_sparse,,Thermomyces lanuginosus lipase L198N,2,,,D,89.02,误差带仅说明测量不精确，不参与T7a评分,独立来源数=，独立性档=D,all_rows_complete; complete_rows=2/2,,,free,,archive_preview_only_not_authoritative,,,holdout_only,EVID_LIT_001085; EVID_LIT_001086,WEBR1_PROTOCOL_0467,ASSAY_P1A_B14_05_TABLE3_50MEOH_TIME,2,1,2,0,literature,1,50,2,40,BALB-DTNB method,BAL-tributyrate,85.4,,pp. 3-5; Table 3; TLL residual activity in 50% methanol at 0.5 h and 2.0 h,10.1016/j.bej.2022.108659,,variants/LMT_0263.html,-1
LMT_0264,LMT_0264,Thermomyces lanuginosus lipase A237R,Thermomyces lanuginosus lipase A237R,Thermomyces lanuginosus lipase A237R,Thermomyces lanuginosus,DSM 10635,,,mutant_or_engineered_construct,LMT_0050,A237R,O59952,,,,,sequence_ready,no,,,,,,0.928438,-0.629261,2.530952,,,evidence_sparse,F9 public display table: 2 reliable observations; 0 independent sources,LMT_0264,evidence_sparse,,Thermomyces lanuginosus lipase A237R,2,,,D,89.18,误差带仅说明测量不精确，不参与T7a评分,独立来源数=，独立性档=D,all_rows_complete; complete_rows=2/2,,,free,,archive_preview_only_not_authoritative,,,holdout_only,EVID_LIT_001087; EVID_LIT_001088,WEBR1_PROTOCOL_0468,ASSAY_P1A_B14_05_TABLE3_50MEOH_TIME,2,1,2,0,literature,1,50,2,40,BALB-DTNB method,BAL-tributyrate,53,,pp. 3-5; Table 3; TLL residual activity in 50% methanol at 0.5 h and 2.0 h,10.1016/j.bej.2022.108659,,variants/LMT_0264.html,-1
LMT_0265,LMT_0265,Thermomyces lanuginosus lipase V242K,Thermomyces lanuginosus lipase V242K,Thermomyces lanuginosus lipase V242K,Thermomyces lanuginosus,DSM 10635,,,mutant_or_engineered_construct,LMT_0050,V242K,O59952,,,,,sequence_ready,no,,,,,,1.070907,-0.518036,2.665319,,,evidence_sparse,F9 public display table: 2 reliable observations; 0 independent sources,LMT_0265,evidence_sparse,,Thermomyces lanuginosus lipase V242K,2,,,D,89.34,误差带仅说明测量不精确，不参与T7a评分,独立来源数=，独立性档=D,all_rows_complete; complete_rows=2/2,,,free,,archive_preview_only_not_authoritative,,,holdout_only,EVID_LIT_001089; EVID_LIT_001090,WEBR1_PROTOCOL_0469,ASSAY_P1A_B14_05_TABLE3_50MEOH_TIME,2,1,2,0,literature,1,50,2,40,BALB-DTNB method,BAL-tributyrate,33.5,,pp. 3-5; Table 3; TLL residual activity in 50% methanol at 0.5 h and 2.0 h,10.1016/j.bej.2022.108659,,variants/LMT_0265.html,-1
LMT_0266,LMT_0266,Thermomyces lanuginosus lipase P261D,Thermomyces lanuginosus lipase P261D,Thermomyces lanuginosus lipase P261D,Thermomyces lanuginosus,DSM 10635,,,mutant_or_engineered_construct,LMT_0050,P261D,O59952,,,,,sequence_ready,no,,,,,,0.799391,-0.80407,2.438287,,,evidence_sparse,F9 public display table: 2 reliable observations; 0 independent sources,LMT_0266,evidence_sparse,,Thermomyces lanuginosus lipase P261D,2,,,D,89.51,误差带仅说明测量不精确，不参与T7a评分,独立来源数=，独立性档=D,all_rows_complete; complete_rows=2/2,,,free,,archive_preview_only_not_authoritative,,,holdout_only,EVID_LIT_001091; EVID_LIT_001092,WEBR1_PROTOCOL_0470,ASSAY_P1A_B14_05_TABLE3_50MEOH_TIME,2,1,2,0,literature,1,50,2,40,BALB-DTNB method,BAL-tributyrate,59,,pp. 3-5; Table 3; TLL residual activity in 50% methanol at 0.5 h and 2.0 h,10.1016/j.bej.2022.108659,,variants/LMT_0266.html,-1
LMT_0267,LMT_0267,Lipase T6 R374W,Lipase T6 R374W,Lipase T6 R374W,Geobacillus stearothermophilus,T6,,,mutant_or_engineered_construct,LMT_0044,Lipase T6 R374W,Q93A71,,,,4FMP,structure_ready,no,,,,,,1.235083,-0.147414,2.604705,,,evidence_rich,F9 public display table: 8 reliable observations; 0 independent sources,LMT_0267,evidence_rich,,Lipase T6 R374W,8,,,D,60.66,误差带仅说明测量不精确，不参与T7a评分,独立来源数=，独立性档=D,all_rows_complete; complete_rows=8/8,,,free,,archive_preview_only_not_authoritative,,,holdout_only,EVID_LIT_000487; EVID_LIT_000488; EVID_LIT_000489; EVID_LIT_000490; EVID_LIT_000491; EVID_LIT_000492; EVID_LIT_000493; EVID_LIT_000494,WEBR1_PROTOCOL_0471,ASSAY_P1A_B09_05_FIG1_70MEOH_TIMECOURSE,8,1,8,0,literature,1,70,10,25,pNPL hydrolysis assay after methanol incubation,p-nitrophenyl laurate,78,,pp. 9452-9454; Half-life determination in 70% methanol; Figure 1; Table 1,10.1007/s00253-015-6700-4,,variants/LMT_0267.html,-1
LMT_0268,LMT_0268,Lipase T6 H86Y/A269T/R374W,Lipase T6 H86Y/A269T/R374W,Lipase T6 H86Y/A269T/R374W,Geobacillus stearothermophilus,T6,,,mutant_or_engineered_construct,LMT_0044,Lipase T6 H86Y/A269T/R374W,Q93A71,,,,4X85,structure_ready,no,,,,,,0.247751,-1.02896,1.541005,,,evidence_rich,F9 public display table: 8 reliable observations; 0 independent sources,LMT_0268,evidence_rich,,Lipase T6 H86Y/A269T/R374W,8,,,D,60.82,误差带仅说明测量不精确，不参与T7a评分,独立来源数=，独立性档=D,all_rows_complete; complete_rows=8/8,,,free,,archive_preview_only_not_authoritative,,,holdout_only,EVID_LIT_000503; EVID_LIT_000504; EVID_LIT_000505; EVID_LIT_000506; EVID_LIT_000507; EVID_LIT_000508; EVID_LIT_000509; EVID_LIT_000510,WEBR1_PROTOCOL_0472,ASSAY_P1A_B09_05_FIG1_70MEOH_TIMECOURSE,8,1,8,0,literature,1,70,10,25,pNPL hydrolysis assay after methanol incubation,p-nitrophenyl laurate,90,,pp. 9452-9454; Half-life determination in 70% methanol; Figure 1; Table 1,10.1007/s00253-015-6700-4,,variants/LMT_0268.html,-1
LMT_0269,LMT_0269,Yarrowia lipolytica Lipase 2;Yarrowia lipolytica YlLip2;Yarrowia lipolytica LIP2,Yarrowia lipolytica Lipase 2;Yarrowia lipolytica YlLip2;Yarrowia lipolytica LIP2,Yarrowia lipolytica YlLip2,Yarrowia lipolytica,,,,canonical_entity,,Yarrowia lipolytica YlLip2,Q9P8F7,,,,3O0D,structure_ready,yes,Q9P8F7,UniProt,334,cf601d867e78e168d8a68cc8e3cb33c620518dec075f871ca64e3d37f0dc7908,results/2026-06-16_duplicate_uniprot_fulltext_audit/raw/uniprot_Q9P8F7.json,1.478211,0.2799,2.816046,,,evidence_rich,F9 public display table: 17 reliable observations; 0 independent sources,LMT_0269,evidence_rich,,Yarrowia lipolytica Lipase 2;Yarrowia lipolytica YlLip2;Yarrowia lipolytica LIP2,17,,,D,89.67,误差带仅说明测量不精确，不参与T7a评分,独立来源数=，独立性档=D,all_rows_complete; complete_rows=3/3,,,free,,archive_preview_only_not_authoritative,,,holdout_only,EVID_LIT_000456; EVID_LIT_000457; EVID_LIT_000458,WEBR1_PROTOCOL_0473,ASSAY_P1A_B08_04_TABLE3_METHANOL_30C_0_5H,3,1,3,0,literature,1,30,0.5,30,titrimetric lipase activity assay,olive oil emulsion,95.7,,PDF pp. 388-389; Section 3.5 Effect of organic solvents on lipase; Table 3,10.1016/j.procbio.2006.09.019,,variants/LMT_0269.html,-1
LMT_0270,LMT_0270,Geobacillus zalihae T1 lipase G35D,Geobacillus zalihae T1 lipase G35D,Geobacillus zalihae T1 lipase G35D,Geobacillus zalihae,T1,,,mutant_or_engineered_construct,LMT_0032,Geobacillus zalihae T1 lipase G35D,Q842J9,,,,,sequence_ready,no,,,,,,1.873304,0.567038,3.310051,,,evidence_rich,F9 public display table: 7 reliable observations; 0 independent sources,LMT_0270,evidence_rich,,Geobacillus zalihae T1 lipase G35D,7,,,D,60.98,误差带仅说明测量不精确，不参与T7a评分,独立来源数=，独立性档=D,all_rows_complete; complete_rows=9/9,,,free,,archive_preview_only_not_authoritative,,,holdout_only,EVID_LIT_000584; EVID_LIT_000585; EVID_LIT_000586; EVID_LIT_000587; EVID_LIT_000588; EVID_LIT_000799; EVID_LIT_000800; EVID_LIT_000801; EVID_LIT_000802,WEBR1_PROTOCOL_0474,ASSAY_P1A_B10_05_METHANOL_TIMECOURSE_60C,9,1,9,0,literature,1,50,24,60,p-nitrophenyl palmitate hydrolysis assay after methanol incubation,p-nitrophenyl palmitate,64.16,,,10.1016/j.jmgm.2021.107897,,variants/LMT_0270.html,-1
LMT_0271,LMT_0271,Geobacillus zalihae T1 lipase M121I,Geobacillus zalihae T1 lipase M121I,Geobacillus zalihae T1 lipase M121I,Geobacillus zalihae,T1,,,mutant_or_engineered_construct,LMT_0032,Geobacillus zalihae T1 lipase M121I,Q842J9,,,,,sequence_ready,no,,,,,,1.374936,0.042499,2.719498,,,evidence_rich,F9 public display table: 12 reliable observations; 0 independent sources,LMT_0271,evidence_rich,,Geobacillus zalihae T1 lipase M121I,12,,,D,61.15,误差带仅说明测量不精确，不参与T7a评分,独立来源数=，独立性档=D,all_rows_complete; complete_rows=14/14,,,free,,archive_preview_only_not_authoritative,,,holdout_only,EVID_LIT_000589; EVID_LIT_000590; EVID_LIT_000591; EVID_LIT_000592; EVID_LIT_000593; EVID_LIT_000629; EVID_LIT_000630; EVID_LIT_000631; EVID_LIT_000632; EVID_LIT_000633; EVID_LIT_000807; EVID_LIT_000808; EVID_LIT_000809; EVID_LIT_000810,WEBR1_PROTOCOL_0475,ASSAY_P1A_B10_05_METHANOL_TIMECOURSE_60C,14,1,14,0,literature,1,60,24,60,p-nitrophenyl palmitate hydrolysis assay after methanol incubation,p-nitrophenyl palmitate,74,,,10.1016/j.jmgm.2021.107897,,variants/LMT_0271.html,-1
LMT_0272,LMT_0272,Geobacillus zalihae T1 lipase S195N,Geobacillus zalihae T1 lipase S195N,Geobacillus zalihae T1 lipase S195N,Geobacillus zalihae,T1,,,mutant_or_engineered_construct,LMT_0032,Geobacillus zalihae T1 lipase S195N,Q842J9,,,,,sequence_ready,no,,,,,,1.044997,-0.321631,2.420483,,,evidence_rich,F9 public display table: 12 reliable observations; 0 independent sources,LMT_0272,evidence_rich,,Geobacillus zalihae T1 lipase S195N,12,,,D,61.31,误差带仅说明测量不精确，不参与T7a评分,独立来源数=，独立性档=D,all_rows_complete; complete_rows=14/14,,,free,,archive_preview_only_not_authoritative,,,holdout_only,EVID_LIT_000594; EVID_LIT_000595; EVID_LIT_000596; EVID_LIT_000597; EVID_LIT_000598; EVID_LIT_000634; EVID_LIT_000635; EVID_LIT_000636; EVID_LIT_000637; EVID_LIT_000638; EVID_LIT_000811; EVID_LIT_000812; EVID_LIT_000813; EVID_LIT_000814,WEBR1_PROTOCOL_0476,ASSAY_P1A_B10_05_METHANOL_TIMECOURSE_60C,14,1,14,0,literature,1,60,24,60,p-nitrophenyl palmitate hydrolysis assay after methanol incubation,p-nitrophenyl palmitate,78,,,10.1016/j.jmgm.2021.107897,,variants/LMT_0272.html,-1
LMT_0273,LMT_0273,Geobacillus zalihae T1 lipase A83D,Geobacillus zalihae T1 lipase A83D,Geobacillus zalihae T1 lipase A83D,Geobacillus zalihae,T1,,,mutant_or_engineered_construct,LMT_0032,Geobacillus zalihae T1 lipase A83D,Q842J9,,,,,sequence_ready,no,,,,,,1.985951,0.635855,3.385626,,,evidence_rich,F9 public display table: 12 reliable observations; 0 independent sources,LMT_0273,evidence_rich,,Geobacillus zalihae T1 lipase A83D,12,,,D,61.48,误差带仅说明测量不精确，不参与T7a评分,独立来源数=，独立性档=D,all_rows_complete; complete_rows=14/14,,,free,,archive_preview_only_not_authoritative,,,holdout_only,EVID_LIT_000599; EVID_LIT_000600; EVID_LIT_000601; EVID_LIT_000602; EVID_LIT_000603; EVID_LIT_000639; EVID_LIT_000640; EVID_LIT_000641; EVID_LIT_000642; EVID_LIT_000643; EVID_LIT_000803; EVID_LIT_000804; EVID_LIT_000805; EVID_LIT_000806,WEBR1_PROTOCOL_0477,ASSAY_P1A_B10_05_METHANOL_TIMECOURSE_60C,14,1,14,0,literature,1,60,24,60,p-nitrophenyl palmitate hydrolysis assay after methanol incubation,p-nitrophenyl palmitate,79,,,10.1016/j.jmgm.2021.107897,,variants/LMT_0273.html,-1
LMT_0274,LMT_0274,Geobacillus zalihae T1 lipase K251E,Geobacillus zalihae T1 lipase K251E,Geobacillus zalihae T1 lipase K251E,Geobacillus zalihae,T1,,,mutant_or_engineered_construct,LMT_0032,Geobacillus zalihae T1 lipase K251E,Q842J9,,,,,sequence_ready,no,,,,,,1.642535,0.230207,2.964519,,,evidence_rich,F9 public display table: 12 reliable observations; 0 independent sources,LMT_0274,evidence_rich,,Geobacillus zalihae T1 lipase K251E,12,,,D,61.64,误差带仅说明测量不精确，不参与T7a评分,独立来源数=，独立性档=D,all_rows_complete; complete_rows=14/14,,,free,,archive_preview_only_not_authoritative,,,holdout_only,EVID_LIT_000604; EVID_LIT_000605; EVID_LIT_000606; EVID_LIT_000607; EVID_LIT_000608; EVID_LIT_000644; EVID_LIT_000645; EVID_LIT_000646; EVID_LIT_000647; EVID_LIT_000648; EVID_LIT_000815; EVID_LIT_000816; EVID_LIT_000817; EVID_LIT_000818,WEBR1_PROTOCOL_0478,ASSAY_P1A_B10_05_METHANOL_TIMECOURSE_60C,14,1,14,0,literature,1,60,24,60,p-nitrophenyl palmitate hydrolysis assay after methanol incubation,p-nitrophenyl palmitate,76,,,10.1016/j.jmgm.2021.107897,,variants/LMT_0274.html,-1
LMT_0275,LMT_0275,Geobacillus zalihae T1 lipase T272M,Geobacillus zalihae T1 lipase T272M,Geobacillus zalihae T1 lipase T272M,Geobacillus zalihae,T1,,,mutant_or_engineered_construct,LMT_0032,Geobacillus zalihae T1 lipase T272M,Q842J9,,,,,sequence_ready,no,,,,,,1.459654,0.212196,2.85657,,,evidence_rich,F9 public display table: 12 reliable observations; 0 independent sources,LMT_0275,evidence_rich,,Geobacillus zalihae T1 lipase T272M,12,,,D,61.80,误差带仅说明测量不精确，不参与T7a评分,独立来源数=，独立性档=D,all_rows_complete; complete_rows=14/14,,,free,,archive_preview_only_not_authoritative,,,holdout_only,EVID_LIT_000609; EVID_LIT_000610; EVID_LIT_000611; EVID_LIT_000612; EVID_LIT_000613; EVID_LIT_000654; EVID_LIT_000655; EVID_LIT_000656; EVID_LIT_000657; EVID_LIT_000658; EVID_LIT_000819; EVID_LIT_000820; EVID_LIT_000821; EVID_LIT_000822,WEBR1_PROTOCOL_0479,ASSAY_P1A_B10_05_METHANOL_TIMECOURSE_60C,14,1,14,0,literature,1,60,24,60,p-nitrophenyl palmitate hydrolysis assay after methanol incubation,p-nitrophenyl palmitate,72,,,10.1016/j.jmgm.2021.107897,,variants/LMT_0275.html,-1
LMT_0276,LMT_0276,Geobacillus zalihae T1 lipase G327S,Geobacillus zalihae T1 lipase G327S,Geobacillus zalihae T1 lipase G327S,Geobacillus zalihae,T1,,,mutant_or_engineered_construct,LMT_0032,Geobacillus zalihae T1 lipase G327S,Q842J9,,,,,sequence_ready,no,,,,,,1.519637,0.118988,2.899168,,,evidence_rich,F9 public display table: 12 reliable observations; 0 independent sources,LMT_0276,evidence_rich,,Geobacillus zalihae T1 lipase G327S,12,,,D,61.97,误差带仅说明测量不精确，不参与T7a评分,独立来源数=，独立性档=D,all_rows_complete; complete_rows=14/14,,,free,,archive_preview_only_not_authoritative,,,holdout_only,EVID_LIT_000614; EVID_LIT_000615; EVID_LIT_000616; EVID_LIT_000617; EVID_LIT_000618; EVID_LIT_000649; EVID_LIT_000650; EVID_LIT_000651; EVID_LIT_000652; EVID_LIT_000653; EVID_LIT_000823; EVID_LIT_000824; EVID_LIT_000825; EVID_LIT_000826,WEBR1_PROTOCOL_0480,ASSAY_P1A_B10_05_METHANOL_TIMECOURSE_60C,14,1,14,0,literature,1,60,24,60,p-nitrophenyl palmitate hydrolysis assay after methanol incubation,p-nitrophenyl palmitate,70,,,10.1016/j.jmgm.2021.107897,,variants/LMT_0276.html,-1
LMT_0277,LMT_0277,Geobacillus zalihae T1 lipase G43D,Geobacillus zalihae T1 lipase G43D,Geobacillus zalihae T1 lipase G43D,Geobacillus zalihae,T1,,,mutant_or_engineered_construct,LMT_0032,Geobacillus zalihae T1 lipase G43D,Q842J9,,,,,sequence_ready,no,,,,,,2.020061,0.491819,3.611487,,,evidence_moderate,F9 public display table: 4 reliable observations; 0 independent sources,LMT_0277,evidence_moderate,,Geobacillus zalihae T1 lipase G43D,4,,,D,62.13,误差带仅说明测量不精确，不参与T7a评分,独立来源数=，独立性档=D,all_rows_complete; complete_rows=5/5,,,free,,archive_preview_only_not_authoritative,,,holdout_only,EVID_LIT_000624; EVID_LIT_000625; EVID_LIT_000626; EVID_LIT_000627; EVID_LIT_000628,WEBR1_PROTOCOL_0481,ASSAY_P1A_B10_05_METHANOL_TIMECOURSE_60C,5,1,5,0,literature,1,60,5,60,p-nitrophenyl palmitate hydrolysis assay after methanol incubation,p-nitrophenyl palmitate,20,,PDF p. 4; Figures 3-4; main text section 2.2 and methods sections 5.3/5.6,10.1016/j.jmgm.2021.107897,,variants/LMT_0277.html,-1
LMT_0278,LMT_0278,Geobacillus zalihae T1 lipase A83D/K251E,Geobacillus zalihae T1 lipase A83D/K251E,Geobacillus zalihae T1 lipase A83D/K251E,Geobacillus zalihae,T1,,,mutant_or_engineered_construct,LMT_0032,Geobacillus zalihae T1 lipase A83D/K251E,Q842J9,,,,,sequence_ready,no,,,,,,0.857662,-0.430668,2.19967,,,evidence_rich,F9 public display table: 28 reliable observations; 0 independent sources,LMT_0278,evidence_rich,,Geobacillus zalihae T1 lipase A83D/K251E,28,,,D,62.30,误差带仅说明测量不精确，不参与T7a评分,独立来源数=，独立性档=D,all_rows_complete; complete_rows=29/29,,,free,,archive_preview_only_not_authoritative,,,holdout_only,EVID_LIT_000664; EVID_LIT_000665; EVID_LIT_000666; EVID_LIT_000667; EVID_LIT_000668; EVID_LIT_000684; EVID_LIT_000685; EVID_LIT_000686; EVID_LIT_000687; EVID_LIT_000688; EVID_LIT_000704; EVID_LIT_000705; EVID_LIT_000706; EVID_LIT_000707; EVID_LIT_000708; EVID_LIT_000719; EVID_LIT_000720; EVID_LIT_000721; EVID_LIT_000722; EVID_LIT_000744; EVID_LIT_000745; EVID_LIT_000746; EVID_LIT_000747; EVID_LIT_000748; EVID_LIT_000774; EVID_LIT_000775; EVID_LIT_000776; EVID_LIT_000777; EVID_LIT_000778,WEBR1_PROTOCOL_0482,ASSAY_P1A_B10_05_METHANOL_TIMECOURSE_60C,29,1,29,0,literature,1,100,24,60,p-nitrophenyl palmitate hydrolysis assay after methanol incubation,p-nitrophenyl palmitate,85,,,10.1016/j.jmgm.2021.107897,,variants/LMT_0278.html,-1
LMT_0279,LMT_0279,Geobacillus zalihae T1 lipase A83D/S195N/K251E/G327S,Geobacillus zalihae T1 lipase A83D/S195N/K251E/G327S,Geobacillus zalihae T1 lipase A83D/S195N/K251E/G327S,Geobacillus zalihae,T1,,,mutant_or_engineered_construct,LMT_0032,Geobacillus zalihae T1 lipase A83D/S195N/K251E/G327S,Q842J9,,,,,sequence_ready,no,,,,,,0.680083,-0.65343,1.903985,,,evidence_rich,F9 public display table: 15 reliable observations; 0 independent sources,LMT_0279,evidence_rich,,Geobacillus zalihae T1 lipase A83D/S195N/K251E/G327S,15,,,D,62.46,误差带仅说明测量不精确，不参与T7a评分,独立来源数=，独立性档=D,all_rows_complete; complete_rows=15/15,,,free,,archive_preview_only_not_authoritative,,,holdout_only,EVID_LIT_000669; EVID_LIT_000670; EVID_LIT_000671; EVID_LIT_000672; EVID_LIT_000673; EVID_LIT_000689; EVID_LIT_000690; EVID_LIT_000691; EVID_LIT_000692; EVID_LIT_000693; EVID_LIT_000709; EVID_LIT_000710; EVID_LIT_000711; EVID_LIT_000712; EVID_LIT_000713,WEBR1_PROTOCOL_0483,ASSAY_P1A_B10_05_METHANOL_TIMECOURSE_60C,15,1,15,0,literature,1,70,5,60,p-nitrophenyl palmitate hydrolysis assay after methanol incubation,p-nitrophenyl palmitate,73,,PDF p. 4; Figures 3-4; main text section 2.2 and methods sections 5.3/5.6,10.1016/j.jmgm.2021.107897,,variants/LMT_0279.html,-1
LMT_0280,LMT_0280,Geobacillus zalihae T1 lipase A83D/M121I/S195N/T272M,Geobacillus zalihae T1 lipase A83D/M121I/S195N/T272M,Geobacillus zalihae T1 lipase A83D/M121I/S195N/T272M,Geobacillus zalihae,T1,,,mutant_or_engineered_construct,LMT_0032,Geobacillus zalihae T1 lipase A83D/M121I/S195N/T272M,Q842J9,,,,,sequence_ready,no,,,,,,0.929334,-0.368882,2.220536,,,evidence_rich,F9 public display table: 15 reliable observations; 0 independent sources,LMT_0280,evidence_rich,,Geobacillus zalihae T1 lipase A83D/M121I/S195N/T272M,15,,,D,62.62,误差带仅说明测量不精确，不参与T7a评分,独立来源数=，独立性档=D,all_rows_complete; complete_rows=15/15,,,free,,archive_preview_only_not_authoritative,,,holdout_only,EVID_LIT_000674; EVID_LIT_000675; EVID_LIT_000676; EVID_LIT_000677; EVID_LIT_000678; EVID_LIT_000694; EVID_LIT_000695; EVID_LIT_000696; EVID_LIT_000697; EVID_LIT_000698; EVID_LIT_000714; EVID_LIT_000715; EVID_LIT_000716; EVID_LIT_000717; EVID_LIT_000718,WEBR1_PROTOCOL_0484,ASSAY_P1A_B10_05_METHANOL_TIMECOURSE_60C,15,1,15,0,literature,1,70,5,60,p-nitrophenyl palmitate hydrolysis assay after methanol incubation,p-nitrophenyl palmitate,66,,PDF p. 4; Figures 3-4; main text section 2.2 and methods sections 5.3/5.6,10.1016/j.jmgm.2021.107897,,variants/LMT_0280.html,-1
LMT_0281,LMT_0281,Geobacillus zalihae T1 lipase R21C,Geobacillus zalihae T1 lipase R21C,Geobacillus zalihae T1 lipase R21C,Geobacillus zalihae,T1,,,mutant_or_engineered_construct,LMT_0032,Geobacillus zalihae T1 lipase R21C,Q842J9,,,,,sequence_ready,no,,,,,,1.744872,0.393971,3.129392,,,evidence_rich,F9 public display table: 13 reliable observations; 0 independent sources,LMT_0281,evidence_rich,,Geobacillus zalihae T1 lipase R21C,13,,,D,62.79,误差带仅说明测量不精确，不参与T7a评分,独立来源数=，独立性档=D,all_rows_complete; complete_rows=14/14,,,free,,archive_preview_only_not_authoritative,,,holdout_only,EVID_LIT_000723; EVID_LIT_000724; EVID_LIT_000725; EVID_LIT_000726; EVID_LIT_000749; EVID_LIT_000750; EVID_LIT_000751; EVID_LIT_000752; EVID_LIT_000753; EVID_LIT_000779; EVID_LIT_000780; EVID_LIT_000781; EVID_LIT_000782; EVID_LIT_000783,WEBR1_PROTOCOL_0485,ASSAY_P1A_B10_05_METHANOL_TIMECOURSE_60C,14,1,14,0,literature,1,100,24,60,p-nitrophenyl palmitate hydrolysis assay after methanol incubation,p-nitrophenyl palmitate,74,,,10.1016/j.jmgm.2021.107897,,variants/LMT_0281.html,-1
LMT_0282,LMT_0282,Geobacillus zalihae T1 lipase G35D/S195N,Geobacillus zalihae T1 lipase G35D/S195N,Geobacillus zalihae T1 lipase G35D/S195N,Geobacillus zalihae,T1,,,mutant_or_engineered_construct,LMT_0032,Geobacillus zalihae T1 lipase G35D/S195N,Q842J9,,,,,sequence_ready,no,,,,,,1.205153,-0.121329,2.632497,,,evidence_rich,F9 public display table: 13 reliable observations; 0 independent sources,LMT_0282,evidence_rich,,Geobacillus zalihae T1 lipase G35D/S195N,13,,,D,62.95,误差带仅说明测量不精确，不参与T7a评分,独立来源数=，独立性档=D,all_rows_complete; complete_rows=14/14,,,free,,archive_preview_only_not_authoritative,,,holdout_only,EVID_LIT_000727; EVID_LIT_000728; EVID_LIT_000729; EVID_LIT_000730; EVID_LIT_000754; EVID_LIT_000755; EVID_LIT_000756; EVID_LIT_000757; EVID_LIT_000758; EVID_LIT_000784; EVID_LIT_000785; EVID_LIT_000786; EVID_LIT_000787; EVID_LIT_000788,WEBR1_PROTOCOL_0486,ASSAY_P1A_B10_05_METHANOL_TIMECOURSE_60C,14,1,14,0,literature,1,100,24,60,p-nitrophenyl palmitate hydrolysis assay after methanol incubation,p-nitrophenyl palmitate,70,,,10.1016/j.jmgm.2021.107897,,variants/LMT_0282.html,-1
LMT_0283,LMT_0283,Geobacillus zalihae T1 lipase K84R/M121I/T272M/R103C,Geobacillus zalihae T1 lipase K84R/M121I/T272M/R103C,Geobacillus zalihae T1 lipase K84R/M121I/T272M/R103C,Geobacillus zalihae,T1,,,mutant_or_engineered_construct,LMT_0032,Geobacillus zalihae T1 lipase K84R/M121I/T272M/R103C,Q842J9,,,,,sequence_ready,no,,,,,,2.136011,0.844544,3.509408,,,evidence_rich,F9 public display table: 13 reliable observations; 0 independent sources,LMT_0283,evidence_rich,,Geobacillus zalihae T1 lipase K84R/M121I/T272M/R103C,13,,,D,63.11,误差带仅说明测量不精确，不参与T7a评分,独立来源数=，独立性档=D,all_rows_complete; complete_rows=14/14,,,free,,archive_preview_only_not_authoritative,,,holdout_only,EVID_LIT_000731; EVID_LIT_000732; EVID_LIT_000733; EVID_LIT_000734; EVID_LIT_000759; EVID_LIT_000760; EVID_LIT_000761; EVID_LIT_000762; EVID_LIT_000763; EVID_LIT_000789; EVID_LIT_000790; EVID_LIT_000791; EVID_LIT_000792; EVID_LIT_000793,WEBR1_PROTOCOL_0487,ASSAY_P1A_B10_05_METHANOL_TIMECOURSE_60C,14,1,14,0,literature,1,100,24,60,p-nitrophenyl palmitate hydrolysis assay after methanol incubation,p-nitrophenyl palmitate,65,,,10.1016/j.jmgm.2021.107897,,variants/LMT_0283.html,-1
LMT_0284,LMT_0284,Geobacillus zalihae T1 lipase R106H/G327S,Geobacillus zalihae T1 lipase R106H/G327S,Geobacillus zalihae T1 lipase R106H/G327S,Geobacillus zalihae,T1,,,mutant_or_engineered_construct,LMT_0032,Geobacillus zalihae T1 lipase R106H/G327S,Q842J9,,,,,sequence_ready,no,,,,,,1.84665,0.473653,3.193477,,,evidence_rich,F9 public display table: 13 reliable observations; 0 independent sources,LMT_0284,evidence_rich,,Geobacillus zalihae T1 lipase R106H/G327S,13,,,D,63.28,误差带仅说明测量不精确，不参与T7a评分,独立来源数=，独立性档=D,all_rows_complete; complete_rows=14/14,,,free,,archive_preview_only_not_authoritative,,,holdout_only,EVID_LIT_000735; EVID_LIT_000736; EVID_LIT_000737; EVID_LIT_000738; EVID_LIT_000764; EVID_LIT_000765; EVID_LIT_000766; EVID_LIT_000767; EVID_LIT_000768; EVID_LIT_000794; EVID_LIT_000795; EVID_LIT_000796; EVID_LIT_000797; EVID_LIT_000798,WEBR1_PROTOCOL_0488,ASSAY_P1A_B10_05_METHANOL_TIMECOURSE_60C,14,1,14,0,literature,1,100,24,60,p-nitrophenyl palmitate hydrolysis assay after methanol incubation,p-nitrophenyl palmitate,52,,,10.1016/j.jmgm.2021.107897,,variants/LMT_0284.html,-1
LMT_0285,LMT_0285,Candida rugosa recombinant LIP2 lipase;Candida rugosa Lip2 isoenzyme;Candida rugosa lipase 2 isoenzyme,Candida rugosa recombinant LIP2 lipase;Candida rugosa Lip2 isoenzyme;Candida rugosa lipase 2 isoenzyme,Candida rugosa recombinant LIP2 lipase,Candida rugosa,taxonomic_alias=Diutina rugosa,Pichia pastoris,,same_uniprot_wt_alias,,Candida rugosa recombinant LIP2 lipase,P32946,,,,1GZ7,structure_ready,yes,P32946,UniProt,548,78ea7421a90965c210fa143f4101f4da79b8a5db124f031bae9a527363e15fe1,results/2026-06-16_duplicate_uniprot_fulltext_audit/raw/uniprot_P32946.json,1.226336,-0.824032,3.344627,,,evidence_sparse,F9 public display table: 1 reliable observations; 0 independent sources,LMT_0285,evidence_sparse,,Candida rugosa recombinant LIP2 lipase;Candida rugosa Lip2 isoenzyme;Candida rugosa lipase 2 isoenzyme,1,,,D,63.44,误差带仅说明测量不精确，不参与T7a评分,独立来源数=，独立性档=D,all_rows_complete; complete_rows=1/1,,,free,,archive_preview_only_not_authoritative,,,downweighted_train,EVID_LIT_002379,WEBR1_PROTOCOL_0489,ASSAY_P1A_LU39_01_FIG5_30PCT_MEOH_37C_1H,1,1,1,0,literature,1,30,1,37,p-nitrophenyl palmitate residual activity assay after water-miscible solvent incubation,p-nitrophenyl palmitate,45,,PDF p. 6715; Methods Effects of Water-Miscible Solvents; Results Figure 5 text and legend,10.1021/jf200537w,,variants/LMT_0285.html,-1
LMT_0286,LMT_0286,Candida rugosa recombinant nfLIP2 lipase with additional N-terminal peptide,Candida rugosa recombinant nfLIP2 lipase with additional N-terminal peptide,Candida rugosa recombinant nfLIP2 lipase with additional N-terminal peptide,Candida rugosa,taxonomic_alias=Diutina rugosa,Pichia pastoris,,canonical_entity,,Candida rugosa recombinant nfLIP2 lipase with additional N-terminal peptide,,,,,,phenotype_ready,no,,,,,,1.457672,-0.600816,3.409934,,,evidence_sparse,F9 public display table: 1 reliable observations; 0 independent sources,LMT_0286,evidence_sparse,,Candida rugosa recombinant nfLIP2 lipase with additional N-terminal peptide,1,,,D,63.61,误差带仅说明测量不精确，不参与T7a评分,独立来源数=，独立性档=D,all_rows_complete; complete_rows=1/1,,,free,,archive_preview_only_not_authoritative,,,downweighted_train,EVID_LIT_002380,WEBR1_PROTOCOL_0490,ASSAY_P1A_LU39_01_FIG5_30PCT_MEOH_37C_1H,1,1,1,0,literature,1,30,1,37,p-nitrophenyl palmitate residual activity assay after water-miscible solvent incubation,p-nitrophenyl palmitate,28.6,,PDF p. 6715; Methods Effects of Water-Miscible Solvents; Results Figure 5 text and legend,10.1021/jf200537w,,variants/LMT_0286.html,-1
LMT_0287,LMT_0287,Candida antarctica lipase A,Candida antarctica lipase A,Candida antarctica lipase A,Candida antarctica,,,,canonical_entity,,Candida antarctica lipase A,,,,,,phenotype_ready,no,,,,,,,,,,,evidence_absent,F9 public display table: 0 reliable observations; 0 independent sources,LMT_0287,evidence_absent,,Candida antarctica lipase A,0,,,D,0.82,误差带仅说明测量不精确，不参与T7a评分,独立来源数=，独立性档=D,not_evaluable_no_evidence_rows; complete_rows=0/0,,,,,archive_preview_only_not_authoritative,,,,,,,0,0,0,0,no_measurements,0,0,0,,,,0,,,,,variants/LMT_0287.html,-1
LMT_0289,LMT_0289,Bacillus subtilis lipase A,Bacillus subtilis lipase A,Bacillus subtilis lipase A,Bacillus subtilis,,,,canonical_entity,,Bacillus subtilis lipase A,P37957,,,,1I6W;1R4Z,structure_ready,yes,P37957,UniProt,212,8a9ea05c5d2953b5b143b591bea6014aec631be96a4842b274fb3e91ee4907d7,results/2026-06-16_duplicate_uniprot_fulltext_audit/raw/uniprot_P37957.json,,,,,,evidence_absent,F9 public display table: 0 reliable observations; 0 independent sources,LMT_0289,evidence_absent,,Bacillus subtilis lipase A,0,,,D,0.98,误差带仅说明测量不精确，不参与T7a评分,独立来源数=，独立性档=D,not_evaluable_no_evidence_rows; complete_rows=0/0,,,,,archive_preview_only_not_authoritative,,,,,,,0,0,0,0,no_measurements,0,0,0,,,,0,,,,,variants/LMT_0289.html,-1
LMT_0291,LMT_0291,UM-1 / PCL comparative thesis source,UM-1 / PCL comparative thesis source,UM-1 (Streptomyces sp. W007 lipase),Streptomyces sp.,W007,,,same_uniprot_wt_alias,,UM-1 / PCL comparative thesis source,,,,,5H6B;5H6G,phenotype_ready,no,,,,,,,,,,,evidence_absent,F9 public display table: 0 reliable observations; 0 independent sources,LMT_0291,evidence_absent,,UM-1 / PCL comparative thesis source,0,,,D,1.15,误差带仅说明测量不精确，不参与T7a评分,独立来源数=，独立性档=D,not_evaluable_no_evidence_rows; complete_rows=0/0,,,,,archive_preview_only_not_authoritative,,,,,,,0,0,0,0,no_measurements,0,0,0,,,,0,,,,,variants/LMT_0291.html,-1
LMT_0292,LMT_0292,Protein system under methanol-water mixtures,Protein system under methanol-water mixtures,Protein system under methanol-water mixtures,,,,,canonical_entity,,Protein system under methanol-water mixtures,,,,,,phenotype_ready,no,,,,,,,,,,,evidence_absent,F9 public display table: 0 reliable observations; 0 independent sources,LMT_0292,evidence_absent,,Protein system under methanol-water mixtures,0,,,D,1.31,误差带仅说明测量不精确，不参与T7a评分,独立来源数=，独立性档=D,not_evaluable_no_evidence_rows; complete_rows=0/0,,,,,archive_preview_only_not_authoritative,,,,,,,0,0,0,0,no_measurements,0,0,0,,,,0,,,,,variants/LMT_0292.html,-1
LMT_0299,LMT_0299,Thermomyces lanuginosus lipase M21,Thermomyces lanuginosus lipase M21,Thermomyces lanuginosus lipase M21,Thermomyces lanuginosus,,,,mutant_or_engineered_construct,LMT_0050,M21 multipoint mutant,O59952,,,,1DT3,sequence_ready,no,,,,,,0.646603,-0.646662,2.067652,,,evidence_rich,F9 public display table: 9 reliable observations; 0 independent sources,LMT_0299,evidence_rich,,Thermomyces lanuginosus lipase M21,9,,,D,37.54,误差带仅说明测量不精确，不参与T7a评分,独立来源数=，独立性档=D,partial_rows_complete; complete_rows=9/10,,,crude_preparation,,archive_preview_only_not_authoritative,,,holdout_only,EVID_LIT_000568; EVID_LIT_000569; EVID_LIT_000570; EVID_LIT_000571; EVID_LIT_000572; EVID_LIT_000573; EVID_LIT_000574; EVID_LIT_000575; EVID_LIT_000576; EVID_LIT_000577,WEBR1_PROTOCOL_0491,ASSAY_P1A_B10_03_F5C_MEOH_CONC_1H,10,1,10,0,literature,1,90,1,25,colorimetric pNPP activity assay,p-nitrophenyl palmitate,100,,"pp. 7-8; Figure 5c; methanol concentration response for wt-TLL, M11 and M21",10.1186/s13068-024-02478-5,,variants/LMT_0299.html,-1
LMT_0301,LMT_0301,Aspergillus oryzae lipase AOL@ZIF-8,Aspergillus oryzae lipase AOL@ZIF-8,Aspergillus oryzae lipase AOL@ZIF-8,Aspergillus oryzae,,,,canonical_entity,,Aspergillus oryzae lipase AOL@ZIF-8,,,,,,phenotype_ready,no,,,,,,,,,,,evidence_absent,F9 public display table: 0 reliable observations; 0 independent sources,LMT_0301,evidence_absent,,Aspergillus oryzae lipase AOL@ZIF-8,0,,,D,1.48,误差带仅说明测量不精确，不参与T7a评分,独立来源数=，独立性档=D,not_evaluable_no_evidence_rows; complete_rows=0/0,,,,,archive_preview_only_not_authoritative,,,,,,,0,0,0,0,no_measurements,0,0,0,,,,0,,,,,variants/LMT_0301.html,-1
LMT_0303,LMT_0303,Thermomyces lanuginosus lipase TLL-S105C/D27R whole-cell,Thermomyces lanuginosus lipase TLL-S105C/D27R whole-cell,Thermomyces lanuginosus lipase TLL-S105C/D27R whole-cell,Thermomyces lanuginosus,,Escherichia coli,,mutant_or_engineered_construct,LMT_0050,S105C;D27R,O59952,,,,,sequence_ready,no,,,,,,,,,,,evidence_absent,F9 public display table: 0 reliable observations; 0 independent sources,LMT_0303,evidence_absent,,Thermomyces lanuginosus lipase TLL-S105C/D27R whole-cell,0,,,D,1.64,误差带仅说明测量不精确，不参与T7a评分,独立来源数=，独立性档=D,not_evaluable_no_evidence_rows; complete_rows=0/0,,,,,archive_preview_only_not_authoritative,,,,,,,0,0,0,0,no_measurements,0,0,0,,,,0,,,,,variants/LMT_0303.html,-1
LMT_0305,LMT_0305,Rhizopus oryzae R1 lipase,Rhizopus oryzae R1 lipase,Rhizopus oryzae R1 lipase,Rhizopus oryzae,R1,,,canonical_entity,,Rhizopus oryzae R1 lipase,,,,,,phenotype_ready,no,,,,,,,,,,,evidence_absent,F9 public display table: 0 reliable observations; 0 independent sources,LMT_0305,evidence_absent,,Rhizopus oryzae R1 lipase,0,,,D,1.80,误差带仅说明测量不精确，不参与T7a评分,独立来源数=，独立性档=D,not_evaluable_no_evidence_rows; complete_rows=0/0,,,,,archive_preview_only_not_authoritative,,,,,,,0,0,0,0,no_measurements,0,0,0,,,,0,,,,,variants/LMT_0305.html,-1
LMT_0308,LMT_0308,Proteus mirabilis lipase Dieselzyme 4 immobilized,Proteus mirabilis lipase Dieselzyme 4 immobilized,Proteus mirabilis lipase Dieselzyme 4 immobilized,Proteus mirabilis,,,,mutant_or_engineered_construct,LMT_0247,Proteus mirabilis lipase Dieselzyme 4 immobilized,B4EVM3,,,,,sequence_ready,no,,,,,,,,,,,evidence_absent,F9 public display table: 0 reliable observations; 0 independent sources,LMT_0308,evidence_absent,,Proteus mirabilis lipase Dieselzyme 4 immobilized,0,,,D,1.97,误差带仅说明测量不精确，不参与T7a评分,独立来源数=，独立性档=D,not_evaluable_no_evidence_rows; complete_rows=0/0,,,,,archive_preview_only_not_authoritative,,,,,,,0,0,0,0,no_measurements,0,0,0,,,,0,,,,,variants/LMT_0308.html,-1
LMT_0312,LMT_0312,Burkholderia glumae lipase BGL,Burkholderia glumae lipase BGL,Burkholderia glumae lipase BGL,Burkholderia glumae,,,,canonical_entity,,Burkholderia glumae lipase BGL,P0DUB8,,,,1TAH;2ES4,structure_ready,yes,P0DUB8,UniProt,358,2282bcad766765cacefe426f0341d5da4a663e5eb27e515912157adfe44bca45,results/2026-06-16_duplicate_uniprot_fulltext_audit/raw/uniprot_P0DUB8.json,,,,,,evidence_absent,F9 public display table: 0 reliable observations; 0 independent sources,LMT_0312,evidence_absent,,Burkholderia glumae lipase BGL,0,,,D,2.13,误差带仅说明测量不精确，不参与T7a评分,独立来源数=，独立性档=D,not_evaluable_no_evidence_rows; complete_rows=0/0,,,,,archive_preview_only_not_authoritative,,,,,,,0,0,0,0,no_measurements,0,0,0,,,,0,,,,,variants/LMT_0312.html,-1
LMT_0319,LMT_0319,Streptomyces sp. OC119-7 lipase,Streptomyces sp. OC119-7 lipase,Streptomyces sp. OC119-7 lipase,Streptomyces sp.,OC 119-7,,,canonical_entity,,Streptomyces sp. OC119-7 lipase,,,,,,phenotype_ready,no,,,,,,0.33689,-1.02858,1.70488,,,evidence_rich,F9 public display table: 12 reliable observations; 0 independent sources,LMT_0319,evidence_rich,,Streptomyces sp. OC119-7 lipase,12,,,D,89.84,误差带仅说明测量不精确，不参与T7a评分,独立来源数=，独立性档=D,all_rows_complete; complete_rows=13/13,,,purified_free,,archive_preview_only_not_authoritative,,,downweighted_train,EVID_LIT_001258; EVID_LIT_001259; EVID_LIT_001260; EVID_LIT_001261; EVID_LIT_001262; EVID_LIT_001263; EVID_LIT_001264; EVID_LIT_001265; EVID_LIT_001266; EVID_LIT_001267; EVID_LIT_001268; EVID_LIT_001269; EVID_LIT_001270,WEBR1_PROTOCOL_0492; WEBR1_PROTOCOL_0493; WEBR1_PROTOCOL_0494; WEBR1_PROTOCOL_0495; WEBR1_PROTOCOL_0496; WEBR1_PROTOCOL_0497; WEBR1_PROTOCOL_0498; WEBR1_PROTOCOL_0499; WEBR1_PROTOCOL_0500; WEBR1_PROTOCOL_0501; WEBR1_PROTOCOL_0502; WEBR1_PROTOCOL_0503; WEBR1_PROTOCOL_0504,ASSAY_P1A_B17_02_TABLE3_MEOH50_1H_30C; ASSAY_P1A_B17_02_TABLE3_MEOH50_24H_30C; ASSAY_P1A_B17_02_FIG3A_MEOH2P5_1H_30C; ASSAY_P1A_B17_02_FIG3A_MEOH5_1H_30C; ASSAY_P1A_B17_02_FIG3A_MEOH10_1H_30C; ASSAY_P1A_B17_02_FIG3A_MEOH15_1H_30C; ASSAY_P1A_B17_02_FIG3A_MEOH25_1H_30C; ASSAY_P1A_B17_02_FIG3B_MEOH50_1H_50C; ASSAY_P1A_B17_02_FIG3B_MEOH50_12H_50C; ASSAY_P1A_B17_02_FIG3B_MEOH50_24H_50C; ASSAY_P1A_B17_02_FIG3B_MEOH50_36H_50C; ASSAY_P1A_B17_02_FIG3B_MEOH50_48H_50C; ASSAY_P1A_B17_02_FIG3B_MEOH50_60H_50C,13,13,13,0,literature,1,50,60,30 | 50,spectrophotometric p-NPP hydrolysis assay at 410 nm,p-nitrophenyl palmitate (p-NPP),100,,p. 104 Methods 2.5.4; p. 106 Table 3; p. 107 Results 3.3.4; p. 104 Methods 2.5.4; p. 106 Figure 3a; p. 104 Methods 2.5.4; p. 106 Figure 3b; p. 107 Results 3.3.4,10.1016/j.bcab.2014.11.007,,variants/LMT_0319.html,-1
LMT_0323,LMT_0323,LipAMS8 CatIBs immobilized on Seplite LX120,LipAMS8 CatIBs immobilized on Seplite LX120,LipAMS8 CatIBs immobilized on Seplite LX120,Antarctic Pseudomonas,sp.,,,canonical_entity,,LipAMS8 CatIBs immobilized on Seplite LX120,,ADM87309,,,,sequence_ready,no,,,,,,,,,,,evidence_absent,F9 public display table: 0 reliable observations; 0 independent sources,LMT_0323,evidence_absent,,LipAMS8 CatIBs immobilized on Seplite LX120,0,,,D,2.30,误差带仅说明测量不精确，不参与T7a评分,独立来源数=，独立性档=D,not_evaluable_no_evidence_rows; complete_rows=0/0,,,,,archive_preview_only_not_authoritative,,,,,,,0,0,0,0,no_measurements,0,0,0,,,,0,,,,,variants/LMT_0323.html,-1
LMT_0324,LMT_0324,Cry3Aa-PML fusion crystals,Cry3Aa-PML fusion crystals,Cry3Aa-PML fusion crystals,Proteus mirabilis,ATCC 7002,,,mutant_or_engineered_construct,LMT_0455,Cry3Aa-PML fusion crystals,B4EVM3,,,,3W9U;4GW3;4GXN;4HS9,structure_ready,no,,,,,,,,,,,evidence_absent,F9 public display table: 0 reliable observations; 0 independent sources,LMT_0324,evidence_absent,,Cry3Aa-PML fusion crystals,0,,,D,2.46,误差带仅说明测量不精确，不参与T7a评分,独立来源数=，独立性档=D,not_evaluable_no_evidence_rows; complete_rows=0/0,,,,,archive_preview_only_not_authoritative,,,,,,,0,0,0,0,no_measurements,0,0,0,,,,0,,,,,variants/LMT_0324.html,-1
LMT_0325,LMT_0325,Cry3Aa-PMLVG fusion crystals,Cry3Aa-PMLVG fusion crystals,Cry3Aa-PMLVG fusion crystals,Proteus mirabilis,ATCC 7002,,,mutant_or_engineered_construct,LMT_0247,Cry3Aa-PMLVG fusion crystals,,,,,,phenotype_ready,no,,,,,,,,,,,evidence_absent,F9 public display table: 0 reliable observations; 0 independent sources,LMT_0325,evidence_absent,,Cry3Aa-PMLVG fusion crystals,0,,,D,2.62,误差带仅说明测量不精确，不参与T7a评分,独立来源数=，独立性档=D,not_evaluable_no_evidence_rows; complete_rows=0/0,,,,,archive_preview_only_not_authoritative,,,,,,,0,0,0,0,no_measurements,0,0,0,,,,0,,,,,variants/LMT_0325.html,-1
LMT_0326,LMT_0326,Kocuria flava ASU5 lipase-producing culture,Kocuria flava ASU5 lipase-producing culture,Kocuria flava ASU5 lipase-producing culture,Kocuria flava,ASU5,,,canonical_entity,,Kocuria flava ASU5 lipase-producing culture,,,,,,phenotype_ready,no,,,,,,,,,,,evidence_absent,F9 public display table: 0 reliable observations; 0 independent sources,LMT_0326,evidence_absent,,Kocuria flava ASU5 lipase-producing culture,0,,,D,2.79,误差带仅说明测量不精确，不参与T7a评分,独立来源数=，独立性档=D,not_evaluable_no_evidence_rows; complete_rows=0/0,,,,,archive_preview_only_not_authoritative,,,,,,,0,0,0,0,no_measurements,0,0,0,,,,0,,,,,variants/LMT_0326.html,-1
LMT_0327,LMT_0327,Bacillus circulans ASU11 lipase-producing culture,Bacillus circulans ASU11 lipase-producing culture,Bacillus circulans ASU11 lipase-producing culture,Bacillus circulans,ASU11,,,canonical_entity,,Bacillus circulans ASU11 lipase-producing culture,,,,,,phenotype_ready,no,,,,,,,,,,,evidence_absent,F9 public display table: 0 reliable observations; 0 independent sources,LMT_0327,evidence_absent,,Bacillus circulans ASU11 lipase-producing culture,0,,,D,2.95,误差带仅说明测量不精确，不参与T7a评分,独立来源数=，独立性档=D,not_evaluable_no_evidence_rows; complete_rows=0/0,,,,,archive_preview_only_not_authoritative,,,,,,,0,0,0,0,no_measurements,0,0,0,,,,0,,,,,variants/LMT_0327.html,-1
LMT_0328,LMT_0328,ANL@M-ZIF-8-PDMS-6 h,ANL@M-ZIF-8-PDMS-6 h,ANL@M-ZIF-8-PDMS-6 h,Aspergillus niger,,,,canonical_entity,,ANL@M-ZIF-8-PDMS-6 h,,,,,,phenotype_ready,no,,,,,,,,,,,evidence_absent,F9 public display table: 0 reliable observations; 0 independent sources,LMT_0328,evidence_absent,,ANL@M-ZIF-8-PDMS-6 h,0,,,D,3.11,误差带仅说明测量不精确，不参与T7a评分,独立来源数=，独立性档=D,not_evaluable_no_evidence_rows; complete_rows=0/0,,,,,archive_preview_only_not_authoritative,,,,,,,0,0,0,0,no_measurements,0,0,0,,,,0,,,,,variants/LMT_0328.html,-1
LMT_0329,LMT_0329,ANL@M-ZIF-8,ANL@M-ZIF-8,ANL@M-ZIF-8,Aspergillus niger,,,,canonical_entity,,ANL@M-ZIF-8,,,,,,phenotype_ready,no,,,,,,,,,,,evidence_absent,F9 public display table: 0 reliable observations; 0 independent sources,LMT_0329,evidence_absent,,ANL@M-ZIF-8,0,,,D,3.28,误差带仅说明测量不精确，不参与T7a评分,独立来源数=，独立性档=D,not_evaluable_no_evidence_rows; complete_rows=0/0,,,,,archive_preview_only_not_authoritative,,,,,,,0,0,0,0,no_measurements,0,0,0,,,,0,,,,,variants/LMT_0329.html,-1
LMT_0330,LMT_0330,Rasamsonia emersonii ReLip,Rasamsonia emersonii ReLip,Rasamsonia emersonii ReLip,Rasamsonia emersonii,,,,canonical_entity,,Rasamsonia emersonii ReLip,,,,,,phenotype_ready,no,,,,,,,,,,,evidence_absent,F9 public display table: 0 reliable observations; 0 independent sources,LMT_0330,evidence_absent,,Rasamsonia emersonii ReLip,0,,,D,3.44,误差带仅说明测量不精确，不参与T7a评分,独立来源数=，独立性档=D,not_evaluable_no_evidence_rows; complete_rows=0/0,,,,,archive_preview_only_not_authoritative,,,,,,,0,0,0,0,no_measurements,0,0,0,,,,0,,,,,variants/LMT_0330.html,-1
LMT_0331,LMT_0331,Burkholderia sp. lipase with ectoine additive,Burkholderia sp. lipase with ectoine additive,Burkholderia sp. lipase with ectoine additive,Burkholderia sp.,,,,canonical_entity,,Burkholderia sp. lipase with ectoine additive,,,,,,phenotype_ready,no,,,,,,,,,,,evidence_absent,F9 public display table: 0 reliable observations; 0 independent sources,LMT_0331,evidence_absent,,Burkholderia sp. lipase with ectoine additive,0,,,D,3.61,误差带仅说明测量不精确，不参与T7a评分,独立来源数=，独立性档=D,not_evaluable_no_evidence_rows; complete_rows=0/0,,,,,archive_preview_only_not_authoritative,,,,,,,0,0,0,0,no_measurements,0,0,0,,,,0,,,,,variants/LMT_0331.html,-1
LMT_0332,LMT_0332,Bacillus sp. PS35 C-4 lipase immobilized on Sty-Dvb resin,Bacillus sp. PS35 C-4 lipase immobilized on Sty-Dvb resin,Bacillus sp. PS35 C-4 lipase immobilized on Sty-Dvb resin,Bacillus sp.,PS35,,,canonical_entity,,Bacillus sp. PS35 C-4 lipase immobilized on Sty-Dvb resin,,,,,,phenotype_ready,no,,,,,,,,,,,evidence_absent,F9 public display table: 0 reliable observations; 0 independent sources,LMT_0332,evidence_absent,,Bacillus sp. PS35 C-4 lipase immobilized on Sty-Dvb resin,0,,,D,3.77,误差带仅说明测量不精确，不参与T7a评分,独立来源数=，独立性档=D,not_evaluable_no_evidence_rows; complete_rows=0/0,,,,,archive_preview_only_not_authoritative,,,,,,,0,0,0,0,no_measurements,0,0,0,,,,0,,,,,variants/LMT_0332.html,-1
LMT_0333,LMT_0333,Bacillus sp. PS35 immobilized C-4 lipase,Bacillus sp. PS35 immobilized C-4 lipase,Bacillus sp. PS35 immobilized C-4 lipase,Bacillus sp.,PS35,,,canonical_entity,,Bacillus sp. PS35 immobilized C-4 lipase,,,,,,phenotype_ready,no,,,,,,,,,,,evidence_absent,F9 public display table: 0 reliable observations; 0 independent sources,LMT_0333,evidence_absent,,Bacillus sp. PS35 immobilized C-4 lipase,0,,,D,3.93,误差带仅说明测量不精确，不参与T7a评分,独立来源数=，独立性档=D,not_evaluable_no_evidence_rows; complete_rows=0/0,,,,,archive_preview_only_not_authoritative,,,,,,,0,0,0,0,no_measurements,0,0,0,,,,0,,,,,variants/LMT_0333.html,-1
LMT_0336,LMT_0336,Candida rugosa lyophilized lipase,Candida rugosa lyophilized lipase,Candida rugosa commercial CRL preparation (lyophilized; isoenzyme unresolved),Candida rugosa,taxonomic_alias=Diutina rugosa,,,canonical_entity,,Candida rugosa commercial CRL preparation (lyophilized; isoenzyme unresolved),,,,,,phenotype_ready,no,,,,,,,,,,,evidence_absent,F9 public display table: 0 reliable observations; 0 independent sources,LMT_0336,evidence_absent,,Candida rugosa lyophilized lipase,0,,,D,4.10,误差带仅说明测量不精确，不参与T7a评分,独立来源数=，独立性档=D,not_evaluable_no_evidence_rows; complete_rows=0/0,,,,,archive_preview_only_not_authoritative,,,,,,,0,0,0,0,no_measurements,0,0,0,,,,0,,,,,variants/LMT_0336.html,-1
LMT_0337,LMT_0337,LipAMS8 catalytically active inclusion bodies,LipAMS8 catalytically active inclusion bodies,LipAMS8 catalytically active inclusion bodies,Antarctic Pseudomonas,sp. AMS8,,,canonical_entity,,LipAMS8 catalytically active inclusion bodies,,ADM87309,,,,sequence_ready,no,,,,,,,,,,,evidence_absent,F9 public display table: 0 reliable observations; 0 independent sources,LMT_0337,evidence_absent,,LipAMS8 catalytically active inclusion bodies,0,,,D,4.26,误差带仅说明测量不精确，不参与T7a评分,独立来源数=，独立性档=D,not_evaluable_no_evidence_rows; complete_rows=0/0,,,,,archive_preview_only_not_authoritative,,,,,,,0,0,0,0,no_measurements,0,0,0,,,,0,,,,,variants/LMT_0337.html,-1
LMT_0338,LMT_0338,Enterobacter aerogenes immobilized lipase,Enterobacter aerogenes immobilized lipase,Enterobacter aerogenes immobilized lipase,Enterobacter aerogenes,,,,canonical_entity,,Enterobacter aerogenes immobilized lipase,,,,,,phenotype_ready,no,,,,,,,,,,,evidence_absent,F9 public display table: 0 reliable observations; 0 independent sources,LMT_0338,evidence_absent,,Enterobacter aerogenes immobilized lipase,0,,,D,4.43,误差带仅说明测量不精确，不参与T7a评分,独立来源数=，独立性档=D,not_evaluable_no_evidence_rows; complete_rows=0/0,,,,,archive_preview_only_not_authoritative,,,,,,,0,0,0,0,no_measurements,0,0,0,,,,0,,,,,variants/LMT_0338.html,-1
LMT_0339,LMT_0339,Listeria monocytogenes D5 extracellular lipase activity,Listeria monocytogenes D5 extracellular lipase activity,Listeria monocytogenes D5 extracellular lipase activity,Listeria monocytogenes,D5,,,canonical_entity,,Listeria monocytogenes D5 extracellular lipase activity,,,,,,phenotype_ready,no,,,,,,,,,,,evidence_absent,F9 public display table: 0 reliable observations; 0 independent sources,LMT_0339,evidence_absent,,Listeria monocytogenes D5 extracellular lipase activity,0,,,D,32.79,误差带仅说明测量不精确，不参与T7a评分,独立来源数=，独立性档=D,all_rows_complete; complete_rows=1/1,,,crude_extract,,archive_preview_only_not_authoritative,,,holdout_only,EVID_LIT_001345,WEBR1_PROTOCOL_0505,ASSAY_P1A_B25_04_001,1,1,1,0,literature,1,30,24,28,p-NPP microplate assay at 410 nm,p-nitrophenyl palmitate,80,,"PDF page 5, Figure 3a; PDF page 6, solvent stable lipase activity",10.1007/s10529-022-03284-5,,variants/LMT_0339.html,-1
LMT_0340,LMT_0340,Pseudomonas brenneri H3 partially purified lipase biodiesel process,Pseudomonas brenneri H3 partially purified lipase biodiesel process,Pseudomonas brenneri H3 partially purified lipase biodiesel process,Pseudomonas brenneri,H3,,,canonical_entity,,Pseudomonas brenneri H3 partially purified lipase biodiesel process,,,,,,phenotype_ready,no,,,,,,,,,,,evidence_absent,F9 public display table: 0 reliable observations; 0 independent sources,LMT_0340,evidence_absent,,Pseudomonas brenneri H3 partially purified lipase biodiesel process,0,,,D,4.59,误差带仅说明测量不精确，不参与T7a评分,独立来源数=，独立性档=D,not_evaluable_no_evidence_rows; complete_rows=0/0,,,,,archive_preview_only_not_authoritative,,,,,,,0,0,0,0,no_measurements,0,0,0,,,,0,,,,,variants/LMT_0340.html,-1
LMT_0348,LMT_0348,Haloarcula sp. G41 free lipase biodiesel process,Haloarcula sp. G41 free lipase biodiesel process,Haloarcula sp. G41 free lipase biodiesel process,Haloarcula sp.,G41,,,canonical_entity,,Haloarcula sp. G41 free lipase biodiesel process,,,,,,phenotype_ready,no,,,,,,,,,,,evidence_absent,F9 public display table: 0 reliable observations; 0 independent sources,LMT_0348,evidence_absent,,Haloarcula sp. G41 free lipase biodiesel process,0,,,D,4.75,误差带仅说明测量不精确，不参与T7a评分,独立来源数=，独立性档=D,not_evaluable_no_evidence_rows; complete_rows=0/0,,,,,archive_preview_only_not_authoritative,,,,,,,0,0,0,0,no_measurements,0,0,0,,,,0,,,,,variants/LMT_0348.html,-1
LMT_0349,LMT_0349,Haloarcula sp. G41 immobilized lipase biodiesel process,Haloarcula sp. G41 immobilized lipase biodiesel process,Haloarcula sp. G41 immobilized lipase biodiesel process,Haloarcula sp.,G41,,,canonical_entity,,Haloarcula sp. G41 immobilized lipase biodiesel process,,,,,,phenotype_ready,no,,,,,,,,,,,evidence_absent,F9 public display table: 0 reliable observations; 0 independent sources,LMT_0349,evidence_absent,,Haloarcula sp. G41 immobilized lipase biodiesel process,0,,,D,4.92,误差带仅说明测量不精确，不参与T7a评分,独立来源数=，独立性档=D,not_evaluable_no_evidence_rows; complete_rows=0/0,,,,,archive_preview_only_not_authoritative,,,,,,,0,0,0,0,no_measurements,0,0,0,,,,0,,,,,variants/LMT_0349.html,-1
LMT_0350,LMT_0350,Antarctic Pseudomonas sp. AMS8 purified recombinant lipase in methanol kinetic assay,Antarctic Pseudomonas sp. AMS8 purified recombinant lipase in methanol kinetic assay,Antarctic Pseudomonas sp. AMS8 purified recombinant lipase in methanol kinetic assay,Antarctic Pseudomonas,sp. AMS8,Escherichia coli,,canonical_entity,,Antarctic Pseudomonas sp. AMS8 purified recombinant lipase in methanol kinetic assay,,ADM87309,,,,sequence_ready,no,,,,,,,,,,,evidence_absent,F9 public display table: 0 reliable observations; 0 independent sources,LMT_0350,evidence_absent,,Antarctic Pseudomonas sp. AMS8 purified recombinant lipase in methanol kinetic assay,0,,,D,5.08,误差带仅说明测量不精确，不参与T7a评分,独立来源数=，独立性档=D,not_evaluable_no_evidence_rows; complete_rows=0/0,,,,,archive_preview_only_not_authoritative,,,,,,,0,0,0,0,no_measurements,0,0,0,,,,0,,,,,variants/LMT_0350.html,-1
LMT_0358,LMT_0358,Aeromicrobium sp. SCSIO 25071 recombinant Lip98,Aeromicrobium sp. SCSIO 25071 recombinant Lip98,Aeromicrobium sp. SCSIO 25071 recombinant Lip98,Aeromicrobium sp.,SCSIO 25071,Escherichia coli,,canonical_entity,,Aeromicrobium sp. SCSIO 25071 recombinant Lip98,,,KR996514,,,sequence_ready,no,,,,,,,,,,,evidence_absent,F9 public display table: 0 reliable observations; 0 independent sources,LMT_0358,evidence_absent,,Aeromicrobium sp. SCSIO 25071 recombinant Lip98,0,,,D,5.25,误差带仅说明测量不精确，不参与T7a评分,独立来源数=，独立性档=D,not_evaluable_no_evidence_rows; complete_rows=0/0,,,,,archive_preview_only_not_authoritative,,,,,,,0,0,0,0,no_measurements,0,0,0,,,,0,,,,,variants/LMT_0358.html,-1
LMT_0359,LMT_0359,Geobacillus sp. strain 42 Lip42 and V171S in methanol MD systems,Geobacillus sp. strain 42 Lip42 and V171S in methanol MD systems,Geobacillus sp. strain 42 Lip42 and V171S in methanol MD systems,Geobacillus sp.,42,,,mutant_or_engineered_construct,LMT_0147,Geobacillus sp. strain 42 Lip42 and V171S in methanol MD systems,,,,,,sequence_ready,no,,,,,,,,,,,evidence_absent,F9 public display table: 0 reliable observations; 0 independent sources,LMT_0359,evidence_absent,,Geobacillus sp. strain 42 Lip42 and V171S in methanol MD systems,0,,,D,5.41,误差带仅说明测量不精确，不参与T7a评分,独立来源数=，独立性档=D,not_evaluable_no_evidence_rows; complete_rows=0/0,,,,,archive_preview_only_not_authoritative,,,,,,,0,0,0,0,no_measurements,0,0,0,,,,0,,,,,variants/LMT_0359.html,-1
LMT_0360,LMT_0360,Pseudomonas sp. BCNU 154 crude extracellular lipase,Pseudomonas sp. BCNU 154 crude extracellular lipase,Pseudomonas sp. BCNU 154 crude extracellular lipase,Pseudomonas sp.,BCNU 154,,,canonical_entity,,Pseudomonas sp. BCNU 154 crude extracellular lipase,,,,,,phenotype_ready,no,,,,,,,,,,,evidence_absent,F9 public display table: 0 reliable observations; 0 independent sources,LMT_0360,evidence_absent,,Pseudomonas sp. BCNU 154 crude extracellular lipase,0,,,D,5.57,误差带仅说明测量不精确，不参与T7a评分,独立来源数=，独立性档=D,not_evaluable_no_evidence_rows; complete_rows=0/0,,,,,archive_preview_only_not_authoritative,,,,,,,0,0,0,0,no_measurements,0,0,0,,,,0,,,,,variants/LMT_0360.html,-1
LMT_0361,LMT_0361,commercial lipases in natural deep eutectic solvents,commercial lipases in natural deep eutectic solvents,commercial lipases in natural deep eutectic solvents,multiple commercial,,,,canonical_entity,,commercial lipases in natural deep eutectic solvents,,,,,,phenotype_ready,no,,,,,,,,,,,evidence_absent,F9 public display table: 0 reliable observations; 0 independent sources,LMT_0361,evidence_absent,,commercial lipases in natural deep eutectic solvents,0,,,D,5.74,误差带仅说明测量不精确，不参与T7a评分,独立来源数=，独立性档=D,not_evaluable_no_evidence_rows; complete_rows=0/0,,,,,archive_preview_only_not_authoritative,,,,,,,0,0,0,0,no_measurements,0,0,0,,,,0,,,,,variants/LMT_0361.html,-1
LMT_0362,LMT_0362,UM-1 WT and high-methanol-tolerant mutants Q0S/SEE/SKE/TED,UM-1 WT and high-methanol-tolerant mutants Q0S/SEE/SKE/TED,UM-1 WT and high-methanol-tolerant mutants Q0S/SEE/SKE/TED,Streptomyces sp.,W007,,,canonical_entity,,Q0S,,,,,5H6B;5H6G,phenotype_ready,no,,,,,,,,,,,evidence_absent,F9 public display table: 0 reliable observations; 0 independent sources,LMT_0362,evidence_absent,,UM-1 WT and high-methanol-tolerant mutants Q0S/SEE/SKE/TED,0,,,D,5.90,误差带仅说明测量不精确，不参与T7a评分,独立来源数=，独立性档=D,not_evaluable_no_evidence_rows; complete_rows=0/0,,,,,archive_preview_only_not_authoritative,,,,,,,0,0,0,0,no_measurements,0,0,0,,,,0,,,,,variants/LMT_0362.html,-1
LMT_0363,LMT_0363,Penicillium corylophilum non-induced mycelium-bound lipase preparation,Penicillium corylophilum non-induced mycelium-bound lipase preparation,Penicillium corylophilum non-induced mycelium-bound lipase preparation,Penicillium corylophilum,,,,canonical_entity,,Penicillium corylophilum non-induced mycelium-bound lipase preparation,,,,,,phenotype_ready,no,,,,,,,,,,,evidence_absent,F9 public display table: 0 reliable observations; 0 independent sources,LMT_0363,evidence_absent,,Penicillium corylophilum non-induced mycelium-bound lipase preparation,0,,,D,6.07,误差带仅说明测量不精确，不参与T7a评分,独立来源数=，独立性档=D,not_evaluable_no_evidence_rows; complete_rows=0/0,,,,,archive_preview_only_not_authoritative,,,,,,,0,0,0,0,no_measurements,0,0,0,,,,0,,,,,variants/LMT_0363.html,-1
LMT_0364,LMT_0364,Penicillium corylophilum induced mycelium-bound lipase preparation,Penicillium corylophilum induced mycelium-bound lipase preparation,Penicillium corylophilum induced mycelium-bound lipase preparation,Penicillium corylophilum,,,,canonical_entity,,Penicillium corylophilum induced mycelium-bound lipase preparation,,,,,,phenotype_ready,no,,,,,,,,,,,evidence_absent,F9 public display table: 0 reliable observations; 0 independent sources,LMT_0364,evidence_absent,,Penicillium corylophilum induced mycelium-bound lipase preparation,0,,,D,6.23,误差带仅说明测量不精确，不参与T7a评分,独立来源数=，独立性档=D,not_evaluable_no_evidence_rows; complete_rows=0/0,,,,,archive_preview_only_not_authoritative,,,,,,,0,0,0,0,no_measurements,0,0,0,,,,0,,,,,variants/LMT_0364.html,-1
LMT_0365,LMT_0365,Meyerozyma guilliermondii strain RT lipase expressed in Komagataella phaffii X-33,Meyerozyma guilliermondii strain RT lipase expressed in Komagataella phaffii X-33,Meyerozyma guilliermondii strain RT lipase expressed in Komagataella phaffii X-33,Meyerozyma guilliermondii,RT,Komagataella phaffii,,canonical_entity,,Meyerozyma guilliermondii strain RT lipase expressed in Komagataella phaffii X-33,,,,,,phenotype_ready,no,,,,,,,,,,,evidence_absent,F9 public display table: 0 reliable observations; 0 independent sources,LMT_0365,evidence_absent,,Meyerozyma guilliermondii strain RT lipase expressed in Komagataella phaffii X-33,0,,,D,6.39,误差带仅说明测量不精确，不参与T7a评分,独立来源数=，独立性档=D,not_evaluable_no_evidence_rows; complete_rows=0/0,,,,,archive_preview_only_not_authoritative,,,,,,,0,0,0,0,no_measurements,0,0,0,,,,0,,,,,variants/LMT_0365.html,-1
LMT_0366,LMT_0366,Pseudomonas pseudomallei 12Sm extracellular lipase,Pseudomonas pseudomallei 12Sm extracellular lipase,Pseudomonas pseudomallei 12Sm extracellular lipase,Pseudomonas pseudomallei,12Sm,,,canonical_entity,,Pseudomonas pseudomallei 12Sm extracellular lipase,,,,,,phenotype_ready,no,,,,,,,,,,,evidence_absent,F9 public display table: 0 reliable observations; 0 independent sources,LMT_0366,evidence_absent,,Pseudomonas pseudomallei 12Sm extracellular lipase,0,,,D,6.56,误差带仅说明测量不精确，不参与T7a评分,独立来源数=，独立性档=D,not_evaluable_no_evidence_rows; complete_rows=0/0,,,,,archive_preview_only_not_authoritative,,,,,,,0,0,0,0,no_measurements,0,0,0,,,,0,,,,,variants/LMT_0366.html,-1
LMT_0367,LMT_0367,Pseudomonas aeruginosa san-ai extracellular protease,Pseudomonas aeruginosa san-ai extracellular protease,Pseudomonas aeruginosa san-ai extracellular protease,Pseudomonas aeruginosa,san-ai,,,canonical_entity,,Pseudomonas aeruginosa san-ai extracellular protease,,,,,,phenotype_ready,no,,,,,,,,,,,evidence_absent,F9 public display table: 0 reliable observations; 0 independent sources,LMT_0367,evidence_absent,,Pseudomonas aeruginosa san-ai extracellular protease,0,,,D,6.72,误差带仅说明测量不精确，不参与T7a评分,独立来源数=，独立性档=D,not_evaluable_no_evidence_rows; complete_rows=0/0,,,,,archive_preview_only_not_authoritative,,,,,,,0,0,0,0,no_measurements,0,0,0,,,,0,,,,,variants/LMT_0367.html,-1
LMT_0368,LMT_0368,Geobacillus thermocatenulatus BTL2 expressed in Aspergillus oryzae whole-cell biocatalyst (r-BTL),Geobacillus thermocatenulatus BTL2 expressed in Aspergillus oryzae whole-cell biocatalyst (r-BTL),Geobacillus thermocatenulatus BTL2 expressed in Aspergillus oryzae whole-cell biocatalyst (r-BTL),Geobacillus thermocatenulatus,NBRC 15316,Aspergillus oryzae,,canonical_entity,,Geobacillus thermocatenulatus BTL2 expressed in Aspergillus oryzae whole-cell biocatalyst (r-BTL),Q59260,,,,2W22;5CE5,structure_ready,yes,Q59260,UniProt,417,107af35699fc08bd967af6c2c9ba8fcf910d6a508a977dc637984111000ab875,results/2026-06-16_duplicate_uniprot_fulltext_audit/raw/uniprot_Q59260.json,,,,,,evidence_absent,F9 public display table: 0 reliable observations; 0 independent sources,LMT_0368,evidence_absent,,Geobacillus thermocatenulatus BTL2 expressed in Aspergillus oryzae whole-cell biocatalyst (r-BTL),0,,,D,6.89,误差带仅说明测量不精确，不参与T7a评分,独立来源数=，独立性档=D,not_evaluable_no_evidence_rows; complete_rows=0/0,,,,,archive_preview_only_not_authoritative,,,,,,,0,0,0,0,no_measurements,0,0,0,,,,0,,,,,variants/LMT_0368.html,-1
LMT_0369,LMT_0369,Hypocrea pseudokoningii lipase GA immobilized derivative,Hypocrea pseudokoningii lipase GA immobilized derivative,Hypocrea pseudokoningii lipase GA immobilized derivative,Hypocrea pseudokoningii,,,,canonical_entity,,Hypocrea pseudokoningii lipase GA immobilized derivative,,,,,,phenotype_ready,no,,,,,,,,,,,evidence_absent,F9 public display table: 0 reliable observations; 0 independent sources,LMT_0369,evidence_absent,,Hypocrea pseudokoningii lipase GA immobilized derivative,0,,,D,7.05,误差带仅说明测量不精确，不参与T7a评分,独立来源数=，独立性档=D,not_evaluable_no_evidence_rows; complete_rows=0/0,,,,,archive_preview_only_not_authoritative,,,,,,,0,0,0,0,no_measurements,0,0,0,,,,0,,,,,variants/LMT_0369.html,-1
LMT_0370,LMT_0370,mouse hepatic lipase and lipoprotein lipase plasma activity assay (not Phase 1A methanol challenge),mouse hepatic lipase and lipoprotein lipase plasma activity assay (not Phase 1A methanol challenge),mouse hepatic lipase and lipoprotein lipase plasma activity assay (not Phase 1A methanol challenge),Mus musculus,plasma,,,canonical_entity,,mouse hepatic lipase and lipoprotein lipase plasma activity assay (not Phase 1A methanol challenge),,,,,,phenotype_ready,no,,,,,,,,,,,evidence_absent,F9 public display table: 0 reliable observations; 0 independent sources,LMT_0370,evidence_absent,,mouse hepatic lipase and lipoprotein lipase plasma activity assay (not Phase 1A methanol challenge),0,,,D,7.21,误差带仅说明测量不精确，不参与T7a评分,独立来源数=，独立性档=D,not_evaluable_no_evidence_rows; complete_rows=0/0,,,,,archive_preview_only_not_authoritative,,,,,,,0,0,0,0,no_measurements,0,0,0,,,,0,,,,,variants/LMT_0370.html,-1
LMT_0371,LMT_0371,Staphylococcus capitis SH6 immobilized lipase on CaCO3,Staphylococcus capitis SH6 immobilized lipase on CaCO3,Staphylococcus capitis SH6 immobilized lipase on CaCO3,Staphylococcus capitis,SH6,,,canonical_entity,,Staphylococcus capitis SH6 immobilized lipase on CaCO3,,,,,,phenotype_ready,no,,,,,,,,,,,evidence_absent,F9 public display table: 0 reliable observations; 0 independent sources,LMT_0371,evidence_absent,,Staphylococcus capitis SH6 immobilized lipase on CaCO3,0,,,D,7.38,误差带仅说明测量不精确，不参与T7a评分,独立来源数=，独立性档=D,not_evaluable_no_evidence_rows; complete_rows=0/0,,,,,archive_preview_only_not_authoritative,,,,,,,0,0,0,0,no_measurements,0,0,0,,,,0,,,,,variants/LMT_0371.html,-1
LMT_0372,LMT_0372,Candida antarctica ZJB09193 lipase,Candida antarctica ZJB09193 lipase,Candida antarctica ZJB09193 lipase,Candida antarctica,ZJB09193,Pichia pastoris,,canonical_entity,,Candida antarctica ZJB09193 lipase,,,,,,phenotype_ready,no,,,,,,,,,,,evidence_absent,F9 public display table: 0 reliable observations; 0 independent sources,LMT_0372,evidence_absent,,Candida antarctica ZJB09193 lipase,0,,,D,7.54,误差带仅说明测量不精确，不参与T7a评分,独立来源数=，独立性档=D,not_evaluable_no_evidence_rows; complete_rows=0/0,,,,,archive_preview_only_not_authoritative,,,,,,,0,0,0,0,no_measurements,0,0,0,,,,0,,,,,variants/LMT_0372.html,-1
LMT_0374,LMT_0374,Rasamsonia emersonii LIPR GS54 immobilized mutant enzyme,Rasamsonia emersonii LIPR GS54 immobilized mutant enzyme,Rasamsonia emersonii LIPR GS54 immobilized mutant enzyme,Rasamsonia emersonii,,,,mutant_or_engineered_construct,LMT_0468,Rasamsonia emersonii LIPR GS54 immobilized mutant enzyme,,,,,,sequence_ready,no,,,,,,,,,,,evidence_absent,F9 public display table: 0 reliable observations; 0 independent sources,LMT_0374,evidence_absent,,Rasamsonia emersonii LIPR GS54 immobilized mutant enzyme,0,,,D,7.70,误差带仅说明测量不精确，不参与T7a评分,独立来源数=，独立性档=D,not_evaluable_no_evidence_rows; complete_rows=0/0,,,,,archive_preview_only_not_authoritative,,,,,,,0,0,0,0,no_measurements,0,0,0,,,,0,,,,,variants/LMT_0374.html,-1
LMT_0375,LMT_0375,Thermotolerant Bacillus sp. RN2 Lip-SBRN2 recombinant lipase,Thermotolerant Bacillus sp. RN2 Lip-SBRN2 recombinant lipase,Thermotolerant Bacillus sp. RN2 Lip-SBRN2 recombinant lipase,Thermotolerant Bacillus,sp. RN2,,,canonical_entity,,Thermotolerant Bacillus sp. RN2 Lip-SBRN2 recombinant lipase,,,EF584562,,,sequence_ready,no,,,,,,,,,,,evidence_absent,F9 public display table: 0 reliable observations; 0 independent sources,LMT_0375,evidence_absent,,Thermotolerant Bacillus sp. RN2 Lip-SBRN2 recombinant lipase,0,,,D,7.87,误差带仅说明测量不精确，不参与T7a评分,独立来源数=，独立性档=D,not_evaluable_no_evidence_rows; complete_rows=0/0,,,,,archive_preview_only_not_authoritative,,,,,,,0,0,0,0,no_measurements,0,0,0,,,,0,,,,,variants/LMT_0375.html,-1
LMT_0378,LMT_0378,Eversa Transform 2.0 lipase immobilized on steam activated coconut shell carbon,Eversa Transform 2.0 lipase immobilized on steam activated coconut shell carbon,Eversa Transform 2.0 lipase immobilized on steam activated coconut shell carbon,commercial Eversa,Transform 2.0,,,canonical_entity,,Eversa Transform 2.0 lipase immobilized on steam activated coconut shell carbon,,,,,,phenotype_ready,no,,,,,,,,,,,evidence_absent,F9 public display table: 0 reliable observations; 0 independent sources,LMT_0378,evidence_absent,,Eversa Transform 2.0 lipase immobilized on steam activated coconut shell carbon,0,,,D,8.03,误差带仅说明测量不精确，不参与T7a评分,独立来源数=，独立性档=D,not_evaluable_no_evidence_rows; complete_rows=0/0,,,,,archive_preview_only_not_authoritative,,,,,,,0,0,0,0,no_measurements,0,0,0,,,,0,,,,,variants/LMT_0378.html,-1
LMT_0379,LMT_0379,LUCA lipase immobilized on Seplite LX120,LUCA lipase immobilized on Seplite LX120,LUCA lipase immobilized on Seplite LX120,ancestral sequence,reconstructed family I.3 bacterial,Escherichia coli,,canonical_entity,,LUCA lipase immobilized on Seplite LX120,,,,,,phenotype_ready,no,,,,,,,,,,,evidence_absent,F9 public display table: 0 reliable observations; 0 independent sources,LMT_0379,evidence_absent,,LUCA lipase immobilized on Seplite LX120,0,,,D,8.20,误差带仅说明测量不精确，不参与T7a评分,独立来源数=，独立性档=D,not_evaluable_no_evidence_rows; complete_rows=0/0,,,,,archive_preview_only_not_authoritative,,,,,,,0,0,0,0,no_measurements,0,0,0,,,,0,,,,,variants/LMT_0379.html,-1
LMT_0380,LMT_0380,free soluble LUCA lipase crude lysate biodiesel process,free soluble LUCA lipase crude lysate biodiesel process,free soluble LUCA lipase crude lysate biodiesel process,ancestral sequence,reconstructed family I.3 bacterial,Escherichia coli,,canonical_entity,,free soluble LUCA lipase crude lysate biodiesel process,,,,,,phenotype_ready,no,,,,,,,,,,,evidence_absent,F9 public display table: 0 reliable observations; 0 independent sources,LMT_0380,evidence_absent,,free soluble LUCA lipase crude lysate biodiesel process,0,,,D,8.36,误差带仅说明测量不精确，不参与T7a评分,独立来源数=，独立性档=D,not_evaluable_no_evidence_rows; complete_rows=0/0,,,,,archive_preview_only_not_authoritative,,,,,,,0,0,0,0,no_measurements,0,0,0,,,,0,,,,,variants/LMT_0380.html,-1
LMT_0381,LMT_0381,LUCA lipase immobilized on Seplite LX120 biodiesel process,LUCA lipase immobilized on Seplite LX120 biodiesel process,LUCA lipase immobilized on Seplite LX120 biodiesel process,ancestral sequence,reconstructed family I.3 bacterial,Escherichia coli,,canonical_entity,,LUCA lipase immobilized on Seplite LX120 biodiesel process,,,,,,phenotype_ready,no,,,,,,,,,,,evidence_absent,F9 public display table: 0 reliable observations; 0 independent sources,LMT_0381,evidence_absent,,LUCA lipase immobilized on Seplite LX120 biodiesel process,0,,,D,8.52,误差带仅说明测量不精确，不参与T7a评分,独立来源数=，独立性档=D,not_evaluable_no_evidence_rows; complete_rows=0/0,,,,,archive_preview_only_not_authoritative,,,,,,,0,0,0,0,no_measurements,0,0,0,,,,0,,,,,variants/LMT_0381.html,-1
LMT_0383,LMT_0383,Eversa Transform 2.0 liquid lipase,Eversa Transform 2.0 liquid lipase,Eversa Transform 2.0 liquid lipase,Thermomyces lanuginosus,,Aspergillus oryzae,,canonical_entity,,Eversa Transform 2.0 liquid lipase,,,,,,phenotype_ready,no,,,,,,,,,,,evidence_absent,F9 public display table: 0 reliable observations; 0 independent sources,LMT_0383,evidence_absent,,Eversa Transform 2.0 liquid lipase,0,,,D,8.69,误差带仅说明测量不精确，不参与T7a评分,独立来源数=，独立性档=D,not_evaluable_no_evidence_rows; complete_rows=0/0,,,,,archive_preview_only_not_authoritative,,,,,,,0,0,0,0,no_measurements,0,0,0,,,,0,,,,,variants/LMT_0383.html,-1
LMT_0385,LMT_0385,immobilized recombinant Rhizopus oryzae lipase rROL on HFA-Relizyme;immobilized recombinant Rhizopus oryzae lipase,immobilized recombinant Rhizopus oryzae lipase rROL on HFA-Relizyme;immobilized recombinant Rhizopus oryzae lipase,immobilized recombinant Rhizopus oryzae lipase rROL on HFA-Relizyme,Rhizopus oryzae,,,,canonical_entity,,immobilized recombinant Rhizopus oryzae lipase rROL on HFA-Relizyme,,,,,,phenotype_ready,no,,,,,,,,,,,evidence_absent,F9 public display table: 0 reliable observations; 0 independent sources,LMT_0385,evidence_absent,,immobilized recombinant Rhizopus oryzae lipase rROL on HFA-Relizyme;immobilized recombinant Rhizopus oryzae lipase,0,,,D,8.85,误差带仅说明测量不精确，不参与T7a评分,独立来源数=，独立性档=D,not_evaluable_no_evidence_rows; complete_rows=0/0,,,,,archive_preview_only_not_authoritative,,,,,,,0,0,0,0,no_measurements,0,0,0,,,,0,,,,,variants/LMT_0385.html,-1
LMT_0386,LMT_0386,Rhizopus oryzae commercial lipase immobilized on Accurel MP 1000,Rhizopus oryzae commercial lipase immobilized on Accurel MP 1000,Rhizopus oryzae commercial lipase immobilized on Accurel MP 1000,Rhizopus oryzae,,,,canonical_entity,,Rhizopus oryzae commercial lipase immobilized on Accurel MP 1000,,,,,,phenotype_ready,no,,,,,,,,,,,evidence_absent,F9 public display table: 0 reliable observations; 0 independent sources,LMT_0386,evidence_absent,,Rhizopus oryzae commercial lipase immobilized on Accurel MP 1000,0,,,D,9.02,误差带仅说明测量不精确，不参与T7a评分,独立来源数=，独立性档=D,not_evaluable_no_evidence_rows; complete_rows=0/0,,,,,archive_preview_only_not_authoritative,,,,,,,0,0,0,0,no_measurements,0,0,0,,,,0,,,,,variants/LMT_0386.html,-1
LMT_0387,LMT_0387,Rhizopus oryzae commercial lipase immobilized on Accurel MP 1000 with glutaraldehyde crosslinking,Rhizopus oryzae commercial lipase immobilized on Accurel MP 1000 with glutaraldehyde crosslinking,Rhizopus oryzae commercial lipase immobilized on Accurel MP 1000 with glutaraldehyde crosslinking,Rhizopus oryzae,,,,canonical_entity,,Rhizopus oryzae commercial lipase immobilized on Accurel MP 1000 with glutaraldehyde crosslinking,,,,,,phenotype_ready,no,,,,,,,,,,,evidence_absent,F9 public display table: 0 reliable observations; 0 independent sources,LMT_0387,evidence_absent,,Rhizopus oryzae commercial lipase immobilized on Accurel MP 1000 with glutaraldehyde crosslinking,0,,,D,9.18,误差带仅说明测量不精确，不参与T7a评分,独立来源数=，独立性档=D,not_evaluable_no_evidence_rows; complete_rows=0/0,,,,,archive_preview_only_not_authoritative,,,,,,,0,0,0,0,no_measurements,0,0,0,,,,0,,,,,variants/LMT_0387.html,-1
LMT_0388,LMT_0388,Rhizopus niveus commercial lipase immobilized on Accurel MP 1000,Rhizopus niveus commercial lipase immobilized on Accurel MP 1000,Rhizopus niveus commercial lipase immobilized on Accurel MP 1000,Rhizopus niveus,,,,canonical_entity,,Rhizopus niveus commercial lipase immobilized on Accurel MP 1000,,,,,,phenotype_ready,no,,,,,,,,,,,evidence_absent,F9 public display table: 0 reliable observations; 0 independent sources,LMT_0388,evidence_absent,,Rhizopus niveus commercial lipase immobilized on Accurel MP 1000,0,,,D,9.34,误差带仅说明测量不精确，不参与T7a评分,独立来源数=，独立性档=D,not_evaluable_no_evidence_rows; complete_rows=0/0,,,,,archive_preview_only_not_authoritative,,,,,,,0,0,0,0,no_measurements,0,0,0,,,,0,,,,,variants/LMT_0388.html,-1
LMT_0389,LMT_0389,Rhizopus niveus commercial lipase immobilized on Accurel MP 1000 with glutaraldehyde crosslinking,Rhizopus niveus commercial lipase immobilized on Accurel MP 1000 with glutaraldehyde crosslinking,Rhizopus niveus commercial lipase immobilized on Accurel MP 1000 with glutaraldehyde crosslinking,Rhizopus niveus,,,,canonical_entity,,Rhizopus niveus commercial lipase immobilized on Accurel MP 1000 with glutaraldehyde crosslinking,,,,,,phenotype_ready,no,,,,,,,,,,,evidence_absent,F9 public display table: 0 reliable observations; 0 independent sources,LMT_0389,evidence_absent,,Rhizopus niveus commercial lipase immobilized on Accurel MP 1000 with glutaraldehyde crosslinking,0,,,D,9.51,误差带仅说明测量不精确，不参与T7a评分,独立来源数=，独立性档=D,not_evaluable_no_evidence_rows; complete_rows=0/0,,,,,archive_preview_only_not_authoritative,,,,,,,0,0,0,0,no_measurements,0,0,0,,,,0,,,,,variants/LMT_0389.html,-1
LMT_0390,LMT_0390,Aspergillus niger commercial lipase immobilized on Accurel MP 1000,Aspergillus niger commercial lipase immobilized on Accurel MP 1000,Aspergillus niger commercial lipase immobilized on Accurel MP 1000,Aspergillus niger,,,,canonical_entity,,Aspergillus niger commercial lipase immobilized on Accurel MP 1000,,,,,,phenotype_ready,no,,,,,,,,,,,evidence_absent,F9 public display table: 0 reliable observations; 0 independent sources,LMT_0390,evidence_absent,,Aspergillus niger commercial lipase immobilized on Accurel MP 1000,0,,,D,9.67,误差带仅说明测量不精确，不参与T7a评分,独立来源数=，独立性档=D,not_evaluable_no_evidence_rows; complete_rows=0/0,,,,,archive_preview_only_not_authoritative,,,,,,,0,0,0,0,no_measurements,0,0,0,,,,0,,,,,variants/LMT_0390.html,-1
LMT_0391,LMT_0391,Aspergillus niger commercial lipase immobilized on Accurel MP 1000 with glutaraldehyde crosslinking,Aspergillus niger commercial lipase immobilized on Accurel MP 1000 with glutaraldehyde crosslinking,Aspergillus niger commercial lipase immobilized on Accurel MP 1000 with glutaraldehyde crosslinking,Aspergillus niger,,,,canonical_entity,,Aspergillus niger commercial lipase immobilized on Accurel MP 1000 with glutaraldehyde crosslinking,,,,,,phenotype_ready,no,,,,,,,,,,,evidence_absent,F9 public display table: 0 reliable observations; 0 independent sources,LMT_0391,evidence_absent,,Aspergillus niger commercial lipase immobilized on Accurel MP 1000 with glutaraldehyde crosslinking,0,,,D,9.84,误差带仅说明测量不精确，不参与T7a评分,独立来源数=，独立性档=D,not_evaluable_no_evidence_rows; complete_rows=0/0,,,,,archive_preview_only_not_authoritative,,,,,,,0,0,0,0,no_measurements,0,0,0,,,,0,,,,,variants/LMT_0391.html,-1
LMT_0392,LMT_0392,Rhizomucor miehei commercial lipase immobilized on Accurel MP 1000,Rhizomucor miehei commercial lipase immobilized on Accurel MP 1000,Rhizomucor miehei commercial lipase immobilized on Accurel MP 1000,Rhizomucor miehei,,,,canonical_entity,,Rhizomucor miehei commercial lipase immobilized on Accurel MP 1000,P19515,,,,4TGL,structure_ready,no,,,,,,,,,,,evidence_absent,F9 public display table: 0 reliable observations; 0 independent sources,LMT_0392,evidence_absent,,Rhizomucor miehei commercial lipase immobilized on Accurel MP 1000,0,,,D,10.00,误差带仅说明测量不精确，不参与T7a评分,独立来源数=，独立性档=D,not_evaluable_no_evidence_rows; complete_rows=0/0,,,,,archive_preview_only_not_authoritative,,,,,,,0,0,0,0,no_measurements,0,0,0,,,,0,,,,,variants/LMT_0392.html,-1
LMT_0393,LMT_0393,Rhizomucor miehei commercial lipase immobilized on Accurel MP 1000 with glutaraldehyde crosslinking,Rhizomucor miehei commercial lipase immobilized on Accurel MP 1000 with glutaraldehyde crosslinking,Rhizomucor miehei commercial lipase immobilized on Accurel MP 1000 with glutaraldehyde crosslinking,Rhizomucor miehei,,,,canonical_entity,,Rhizomucor miehei commercial lipase immobilized on Accurel MP 1000 with glutaraldehyde crosslinking,P19515,,,,4TGL,structure_ready,no,,,,,,,,,,,evidence_absent,F9 public display table: 0 reliable observations; 0 independent sources,LMT_0393,evidence_absent,,Rhizomucor miehei commercial lipase immobilized on Accurel MP 1000 with glutaraldehyde crosslinking,0,,,D,10.16,误差带仅说明测量不精确，不参与T7a评分,独立来源数=，独立性档=D,not_evaluable_no_evidence_rows; complete_rows=0/0,,,,,archive_preview_only_not_authoritative,,,,,,,0,0,0,0,no_measurements,0,0,0,,,,0,,,,,variants/LMT_0393.html,-1
LMT_0394,LMT_0394,Candida rugosa commercial lipase immobilized on Accurel MP 1000,Candida rugosa commercial lipase immobilized on Accurel MP 1000,Candida rugosa commercial CRL preparation immobilized on Accurel MP 1000 (isoenzyme unresolved),Candida rugosa,taxonomic_alias=Diutina rugosa,,,canonical_entity,,Candida rugosa commercial CRL preparation immobilized on Accurel MP 1000 (isoenzyme unresolved),,,,,,phenotype_ready,no,,,,,,,,,,,evidence_absent,F9 public display table: 0 reliable observations; 0 independent sources,LMT_0394,evidence_absent,,Candida rugosa commercial lipase immobilized on Accurel MP 1000,0,,,D,10.33,误差带仅说明测量不精确，不参与T7a评分,独立来源数=，独立性档=D,not_evaluable_no_evidence_rows; complete_rows=0/0,,,,,archive_preview_only_not_authoritative,,,,,,,0,0,0,0,no_measurements,0,0,0,,,,0,,,,,variants/LMT_0394.html,-1
LMT_0395,LMT_0395,Candida rugosa commercial lipase immobilized on Accurel MP 1000 with glutaraldehyde crosslinking,Candida rugosa commercial lipase immobilized on Accurel MP 1000 with glutaraldehyde crosslinking,Candida rugosa commercial CRL preparation immobilized on Accurel MP 1000 with glutaraldehyde crosslinking (isoenzyme unresolved),Candida rugosa,taxonomic_alias=Diutina rugosa,,,canonical_entity,,Candida rugosa commercial CRL preparation immobilized on Accurel MP 1000 with glutaraldehyde crosslinking (isoenzyme unresolved),,,,,,phenotype_ready,no,,,,,,,,,,,evidence_absent,F9 public display table: 0 reliable observations; 0 independent sources,LMT_0395,evidence_absent,,Candida rugosa commercial lipase immobilized on Accurel MP 1000 with glutaraldehyde crosslinking,0,,,D,10.49,误差带仅说明测量不精确，不参与T7a评分,独立来源数=，独立性档=D,not_evaluable_no_evidence_rows; complete_rows=0/0,,,,,archive_preview_only_not_authoritative,,,,,,,0,0,0,0,no_measurements,0,0,0,,,,0,,,,,variants/LMT_0395.html,-1
LMT_0396,LMT_0396,Rhizopus oryzae lipase displayed on Saccharomyces cerevisiae surface,Rhizopus oryzae lipase displayed on Saccharomyces cerevisiae surface,Rhizopus oryzae lipase displayed on Saccharomyces cerevisiae surface,Rhizopus oryzae,,,,canonical_entity,,Rhizopus oryzae lipase displayed on Saccharomyces cerevisiae surface,,,,,,phenotype_ready,no,,,,,,,,,,,evidence_absent,F9 public display table: 0 reliable observations; 0 independent sources,LMT_0396,evidence_absent,,Rhizopus oryzae lipase displayed on Saccharomyces cerevisiae surface,0,,,D,10.66,误差带仅说明测量不精确，不参与T7a评分,独立来源数=，独立性档=D,not_evaluable_no_evidence_rows; complete_rows=0/0,,,,,archive_preview_only_not_authoritative,,,,,,,0,0,0,0,no_measurements,0,0,0,,,,0,,,,,variants/LMT_0396.html,-1
LMT_0398,LMT_0398,LipG9-LifG9 complex immobilized on Accurel MP1000,LipG9-LifG9 complex immobilized on Accurel MP1000,LipG9-LifG9 complex immobilized on Accurel MP1000,metagenomic library,from fat-contaminated soil,,,canonical_entity,,LipG9-LifG9 complex immobilized on Accurel MP1000,,,KM023399,,,sequence_ready,no,,,,,,,,,,,evidence_absent,F9 public display table: 0 reliable observations; 0 independent sources,LMT_0398,evidence_absent,,LipG9-LifG9 complex immobilized on Accurel MP1000,0,,,D,10.82,误差带仅说明测量不精确，不参与T7a评分,独立来源数=，独立性档=D,not_evaluable_no_evidence_rows; complete_rows=0/0,,,,,archive_preview_only_not_authoritative,,,,,,,0,0,0,0,no_measurements,0,0,0,,,,0,,,,,variants/LMT_0398.html,-1
LMT_0399,LMT_0399,Acinetobacter baumannii lipase produced by cells immobilized on paddy straw powder,Acinetobacter baumannii lipase produced by cells immobilized on paddy straw powder,Acinetobacter baumannii lipase produced by cells immobilized on paddy straw powder,Acinetobacter baumannii,isolated from oil-contaminated soil,,,canonical_entity,,Acinetobacter baumannii lipase produced by cells immobilized on paddy straw powder,,,,,,phenotype_ready,no,,,,,,,,,,,evidence_absent,F9 public display table: 0 reliable observations; 0 independent sources,LMT_0399,evidence_absent,,Acinetobacter baumannii lipase produced by cells immobilized on paddy straw powder,0,,,D,10.98,误差带仅说明测量不精确，不参与T7a评分,独立来源数=，独立性档=D,not_evaluable_no_evidence_rows; complete_rows=0/0,,,,,archive_preview_only_not_authoritative,,,,,,,0,0,0,0,no_measurements,0,0,0,,,,0,,,,,variants/LMT_0399.html,-1
LMT_0400,LMT_0400,Acinetobacter baylyi lipase immobilized on Sepabeads EC-OD,Acinetobacter baylyi lipase immobilized on Sepabeads EC-OD,Acinetobacter baylyi lipase immobilized on Sepabeads EC-OD,Acinetobacter baylyi,isolated from marine sludge in Thailand,,,canonical_entity,,Acinetobacter baylyi lipase immobilized on Sepabeads EC-OD,,,,,,phenotype_ready,no,,,,,,,,,,,evidence_absent,F9 public display table: 0 reliable observations; 0 independent sources,LMT_0400,evidence_absent,,Acinetobacter baylyi lipase immobilized on Sepabeads EC-OD,0,,,D,11.15,误差带仅说明测量不精确，不参与T7a评分,独立来源数=，独立性档=D,not_evaluable_no_evidence_rows; complete_rows=0/0,,,,,archive_preview_only_not_authoritative,,,,,,,0,0,0,0,no_measurements,0,0,0,,,,0,,,,,variants/LMT_0400.html,-1
LMT_0401,LMT_0401,Lipase GH2 fermentation-supernatant free lipase,Lipase GH2 fermentation-supernatant free lipase,Lipase GH2 fermentation-supernatant free lipase,Rhizomucor miehei,,Pichia pastoris,,canonical_entity,,Lipase GH2 fermentation-supernatant free lipase,P19515,,,,4TGL,structure_ready,no,,,,,,,,,,,evidence_absent,F9 public display table: 0 reliable observations; 0 independent sources,LMT_0401,evidence_absent,,Lipase GH2 fermentation-supernatant free lipase,0,,,D,11.31,误差带仅说明测量不精确，不参与T7a评分,独立来源数=，独立性档=D,not_evaluable_no_evidence_rows; complete_rows=0/0,,,,,archive_preview_only_not_authoritative,,,,,,,0,0,0,0,no_measurements,0,0,0,,,,0,,,,,variants/LMT_0401.html,-1
LMT_0402,LMT_0402,Thermomyces lanuginosus lipase in recombinant Pichia pastoris integrated biodiesel system,Thermomyces lanuginosus lipase in recombinant Pichia pastoris integrated biodiesel system,Thermomyces lanuginosus lipase,Thermomyces lanuginosus,,Pichia pastoris,,same_uniprot_wt_alias,,Thermomyces lanuginosus lipase in recombinant Pichia pastoris integrated biodiesel system,O59952,,,,1DT3,structure_ready,yes,O59952,UniProt,291,c6cb4fa8a559c00f4f75196aa65d5b4e53a61893888093afd08ebc09d87464ed,results/2026-06-16_duplicate_uniprot_fulltext_audit/raw/uniprot_O59952.json,,,,,,evidence_absent,F9 public display table: 0 reliable observations; 0 independent sources,LMT_0402,evidence_absent,,Thermomyces lanuginosus lipase in recombinant Pichia pastoris integrated biodiesel system,0,,,D,11.48,误差带仅说明测量不精确，不参与T7a评分,独立来源数=，独立性档=D,not_evaluable_no_evidence_rows; complete_rows=0/0,,,,,archive_preview_only_not_authoritative,,,,,,,0,0,0,0,no_measurements,0,0,0,,,,0,,,,,variants/LMT_0402.html,-1
LMT_0407,LMT_0407,Rhizopus oryzae 3562 lipase covalently immobilized on celite,Rhizopus oryzae 3562 lipase covalently immobilized on celite,Rhizopus oryzae 3562 lipase covalently immobilized on celite,Rhizopus oryzae,3562,,,canonical_entity,,Rhizopus oryzae 3562 lipase covalently immobilized on celite,,,,,,phenotype_ready,no,,,,,,,,,,,evidence_absent,F9 public display table: 0 reliable observations; 0 independent sources,LMT_0407,evidence_absent,,Rhizopus oryzae 3562 lipase covalently immobilized on celite,0,,,D,11.64,误差带仅说明测量不精确，不参与T7a评分,独立来源数=，独立性档=D,not_evaluable_no_evidence_rows; complete_rows=0/0,,,,,archive_preview_only_not_authoritative,,,,,,,0,0,0,0,no_measurements,0,0,0,,,,0,,,,,variants/LMT_0407.html,-1
LMT_0408,LMT_0408,Candida antarctica lipase A V278S+S429G and WT comparison,Candida antarctica lipase A V278S+S429G and WT comparison,Candida antarctica lipase A V278S+S429G and WT comparison,Candida antarctica,,Pichia pastoris,,canonical_entity,,Candida antarctica lipase A V278S+S429G and WT comparison,P53590,,,,2VEO,structure_ready,no,,,,,,,,,,,evidence_absent,F9 public display table: 0 reliable observations; 0 independent sources,LMT_0408,evidence_absent,,Candida antarctica lipase A V278S+S429G and WT comparison,0,,,D,11.80,误差带仅说明测量不精确，不参与T7a评分,独立来源数=，独立性档=D,not_evaluable_no_evidence_rows; complete_rows=0/0,,,,,archive_preview_only_not_authoritative,,,,,,,0,0,0,0,no_measurements,0,0,0,,,,0,,,,,variants/LMT_0408.html,-1
LMT_0409,LMT_0409,Geotrichum candidum lipase I/II recombinants and site-directed mutants,Geotrichum candidum lipase I/II recombinants and site-directed mutants,Geotrichum candidum lipase I/II recombinants and site-directed mutants,Geotrichum candidum,,Pichia pastoris,,engineered_chimera,,Geotrichum candidum lipase I/II recombinants and site-directed mutants,,,,,,needs_manual_check,no,,,,,,,,,,,evidence_absent,F9 public display table: 0 reliable observations; 0 independent sources,LMT_0409,evidence_absent,,Geotrichum candidum lipase I/II recombinants and site-directed mutants,0,,,D,11.97,误差带仅说明测量不精确，不参与T7a评分,独立来源数=，独立性档=D,not_evaluable_no_evidence_rows; complete_rows=0/0,,,,,archive_preview_only_not_authoritative,,,,,,,0,0,0,0,no_measurements,0,0,0,,,,0,,,,,variants/LMT_0409.html,-1
LMT_0410,LMT_0410,Penicillium expansum lipase PEL-ep8-K115R double mutant,Penicillium expansum lipase PEL-ep8-K115R double mutant,Penicillium expansum lipase PEL-ep8-K115R double mutant,Penicillium expansum,,Pichia pastoris,,mutant_or_engineered_construct,LMT_0416,Penicillium expansum lipase PEL-ep8-K115R double mutant,,,,,,sequence_ready,no,,,,,,,,,,,evidence_absent,F9 public display table: 0 reliable observations; 0 independent sources,LMT_0410,evidence_absent,,Penicillium expansum lipase PEL-ep8-K115R double mutant,0,,,D,12.13,误差带仅说明测量不精确，不参与T7a评分,独立来源数=，独立性档=D,not_evaluable_no_evidence_rows; complete_rows=0/0,,,,,archive_preview_only_not_authoritative,,,,,,,0,0,0,0,no_measurements,0,0,0,,,,0,,,,,variants/LMT_0410.html,-1
LMT_0412,LMT_0412,Geobacillus thermoleovorans GTL mature lipase,Geobacillus thermoleovorans GTL mature lipase,Geobacillus thermoleovorans GTL mature lipase,Geobacillus thermoleovorans,MTCC 4219,,,canonical_entity,,Geobacillus thermoleovorans GTL mature lipase,Q8L1V2,,,,6A12,structure_ready,no,,,,,,,,,,,evidence_absent,F9 public display table: 0 reliable observations; 0 independent sources,LMT_0412,evidence_absent,,Geobacillus thermoleovorans GTL mature lipase,0,,,D,12.30,误差带仅说明测量不精确，不参与T7a评分,独立来源数=，独立性档=D,not_evaluable_no_evidence_rows; complete_rows=0/0,,,,,archive_preview_only_not_authoritative,,,,,,,0,0,0,0,no_measurements,0,0,0,,,,0,,,,,variants/LMT_0412.html,-1
LMT_0413,LMT_0413,Bacillus sp. strain L2 extracellular thermostable lipase;Bacillus sp. strain L2 recombinant thermostable lipase;Bacillus sp. strain L2 mature recombinant lipase expressed in Pichia pastoris,Bacillus sp. strain L2 extracellular thermostable lipase;Bacillus sp. strain L2 recombinant thermostable lipase;Bacillus sp. strain L2 mature recombinant lipase expressed in Pichia pastoris,Bacillus sp. strain L2 extracellular thermostable lipase,Bacillus sp.,L2,Pichia pastoris,,canonical_entity,,Bacillus sp. strain L2 extracellular thermostable lipase,Q5I4I3,,,,4FDM,structure_ready,yes,Q5I4I3,UniProt,416,c5bb682e691f35cc42f219b161d5b272b31a1ee8e6fdf19a8787e5675cf025a7,results/2026-06-16_duplicate_uniprot_fulltext_audit/raw/uniprot_Q5I4I3.json,,,,,,evidence_absent,F9 public display table: 0 reliable observations; 0 independent sources,LMT_0413,evidence_absent,,Bacillus sp. strain L2 extracellular thermostable lipase;Bacillus sp. strain L2 recombinant thermostable lipase;Bacillus sp. strain L2 mature recombinant lipase expressed in Pichia pastoris,0,,,D,12.46,误差带仅说明测量不精确，不参与T7a评分,独立来源数=，独立性档=D,not_evaluable_no_evidence_rows; complete_rows=0/0,,,,,archive_preview_only_not_authoritative,,,,,,,0,0,0,0,no_measurements,0,0,0,,,,0,,,,,variants/LMT_0413.html,-1
LMT_0414,LMT_0414,Streptomyces rimosus SGNH lipase WT and active-site variants,Streptomyces rimosus SGNH lipase WT and active-site variants,Streptomyces rimosus SGNH lipase WT and active-site variants,Streptomyces rimosus,,,,canonical_entity,,Streptomyces rimosus SGNH lipase WT and active-site variants,,,,,5MAL,phenotype_ready,no,,,,,,,,,,,evidence_absent,F9 public display table: 0 reliable observations; 0 independent sources,LMT_0414,evidence_absent,,Streptomyces rimosus SGNH lipase WT and active-site variants,0,,,D,12.62,误差带仅说明测量不精确，不参与T7a评分,独立来源数=，独立性档=D,not_evaluable_no_evidence_rows; complete_rows=0/0,,,,,archive_preview_only_not_authoritative,,,,,,,0,0,0,0,no_measurements,0,0,0,,,,0,,,,,variants/LMT_0414.html,-1
LMT_0415,LMT_0415,Rhizopus niveus lipase wild type and P18H/A36T/E218V mutant,Rhizopus niveus lipase wild type and P18H/A36T/E218V mutant,Rhizopus niveus lipase wild type and P18H/A36T/E218V mutant,Rhizopus niveus,,,,canonical_entity,,Rhizopus niveus lipase wild type and P18H/A36T/E218V mutant,,,,,,needs_manual_check,no,,,,,,,,,,,evidence_absent,F9 public display table: 0 reliable observations; 0 independent sources,LMT_0415,evidence_absent,,Rhizopus niveus lipase wild type and P18H/A36T/E218V mutant,0,,,D,12.79,误差带仅说明测量不精确，不参与T7a评分,独立来源数=，独立性档=D,not_evaluable_no_evidence_rows; complete_rows=0/0,,,,,archive_preview_only_not_authoritative,,,,,,,0,0,0,0,no_measurements,0,0,0,,,,0,,,,,variants/LMT_0415.html,-1
LMT_0416,LMT_0416,Penicillium expansum lipase WT and lid-hinge mutants,Penicillium expansum lipase WT and lid-hinge mutants,Penicillium expansum lipase WT and lid-hinge mutants,Penicillium expansum,,,,canonical_entity,,Penicillium expansum lipase WT and lid-hinge mutants,Q7LST4,AAF99329.1,,,3G7N,structure_ready,no,,,,,,,,,,,evidence_absent,F9 public display table: 0 reliable observations; 0 independent sources,LMT_0416,evidence_absent,,Penicillium expansum lipase WT and lid-hinge mutants,0,,,D,12.95,误差带仅说明测量不精确，不参与T7a评分,独立来源数=，独立性档=D,not_evaluable_no_evidence_rows; complete_rows=0/0,,,,,archive_preview_only_not_authoritative,,,,,,,0,0,0,0,no_measurements,0,0,0,,,,0,,,,,variants/LMT_0416.html,-1
LMT_0417,LMT_0417,Penicillium cyclopium lipase I WT and L41P/G47I mutants,Penicillium cyclopium lipase I WT and L41P/G47I mutants,Penicillium cyclopium lipase I WT and L41P/G47I mutants,Penicillium cyclopium,,,,canonical_entity,,Penicillium cyclopium lipase I WT and L41P/G47I mutants,Q9P451,Q9P451.1;AAF82375.1,,,,sequence_ready,no,,,,,,,,,,,evidence_absent,F9 public display table: 0 reliable observations; 0 independent sources,LMT_0417,evidence_absent,,Penicillium cyclopium lipase I WT and L41P/G47I mutants,0,,,D,13.11,误差带仅说明测量不精确，不参与T7a评分,独立来源数=，独立性档=D,not_evaluable_no_evidence_rows; complete_rows=0/0,,,,,archive_preview_only_not_authoritative,,,,,,,0,0,0,0,no_measurements,0,0,0,,,,0,,,,,variants/LMT_0417.html,-1
LMT_0418,LMT_0418,Streptomyces bambergiensis OC 25-4 LipSB 25-4 biodiesel reaction,Streptomyces bambergiensis OC 25-4 LipSB 25-4 biodiesel reaction,Streptomyces bambergiensis OC 25-4 LipSB 25-4 biodiesel reaction,Streptomyces bambergiensis,OC 25-4,,,canonical_entity,,Streptomyces bambergiensis OC 25-4 LipSB 25-4 biodiesel reaction,,,,,,phenotype_ready,no,,,,,,,,,,,evidence_absent,F9 public display table: 0 reliable observations; 0 independent sources,LMT_0418,evidence_absent,,Streptomyces bambergiensis OC 25-4 LipSB 25-4 biodiesel reaction,0,,,D,13.28,误差带仅说明测量不精确，不参与T7a评分,独立来源数=，独立性档=D,not_evaluable_no_evidence_rows; complete_rows=0/0,,,,,archive_preview_only_not_authoritative,,,,,,,0,0,0,0,no_measurements,0,0,0,,,,0,,,,,variants/LMT_0418.html,-1
LMT_0419,LMT_0419,Thermomyces lanuginosus lipase WT and I241E MD model,Thermomyces lanuginosus lipase WT and I241E MD model,Thermomyces lanuginosus lipase WT and I241E MD model,Thermomyces lanuginosus,,,,canonical_entity,,I241E,O59952,,,,1DT3,structure_ready,no,,,,,,,,,,,evidence_absent,F9 public display table: 0 reliable observations; 0 independent sources,LMT_0419,evidence_absent,,Thermomyces lanuginosus lipase WT and I241E MD model,0,,,D,13.44,误差带仅说明测量不精确，不参与T7a评分,独立来源数=，独立性档=D,not_evaluable_no_evidence_rows; complete_rows=0/0,,,,,archive_preview_only_not_authoritative,,,,,,,0,0,0,0,no_measurements,0,0,0,,,,0,,,,,variants/LMT_0419.html,-1
LMT_0422,LMT_0422,Penicillium crustosum Thom P22 PCrL-CaCO3,Penicillium crustosum Thom P22 PCrL-CaCO3,Penicillium crustosum Thom P22 PCrL-CaCO3,Penicillium crustosum,Thom strain P22,,,canonical_entity,,Penicillium crustosum Thom P22 PCrL-CaCO3,,,,,,phenotype_ready,no,,,,,,,,,,,evidence_absent,F9 public display table: 0 reliable observations; 0 independent sources,LMT_0422,evidence_absent,,Penicillium crustosum Thom P22 PCrL-CaCO3,0,,,D,13.61,误差带仅说明测量不精确，不参与T7a评分,独立来源数=，独立性档=D,not_evaluable_no_evidence_rows; complete_rows=0/0,,,,,archive_preview_only_not_authoritative,,,,,,,0,0,0,0,no_measurements,0,0,0,,,,0,,,,,variants/LMT_0422.html,-1
LMT_0423,LMT_0423,Penicillium crustosum Thom P22 free PCrL oleic-acid esterification,Penicillium crustosum Thom P22 free PCrL oleic-acid esterification,Penicillium crustosum Thom P22 free PCrL oleic-acid esterification,Penicillium crustosum,Thom strain P22,,,canonical_entity,,Penicillium crustosum Thom P22 free PCrL oleic-acid esterification,,,,,,phenotype_ready,no,,,,,,,,,,,evidence_absent,F9 public display table: 0 reliable observations; 0 independent sources,LMT_0423,evidence_absent,,Penicillium crustosum Thom P22 free PCrL oleic-acid esterification,0,,,D,13.77,误差带仅说明测量不精确，不参与T7a评分,独立来源数=，独立性档=D,not_evaluable_no_evidence_rows; complete_rows=0/0,,,,,archive_preview_only_not_authoritative,,,,,,,0,0,0,0,no_measurements,0,0,0,,,,0,,,,,variants/LMT_0423.html,-1
LMT_0424,LMT_0424,Penicillium crustosum Thom P22 PCrL-CaCO3 oleic-acid esterification,Penicillium crustosum Thom P22 PCrL-CaCO3 oleic-acid esterification,Penicillium crustosum Thom P22 PCrL-CaCO3 oleic-acid esterification,Penicillium crustosum,Thom strain P22,,,canonical_entity,,Penicillium crustosum Thom P22 PCrL-CaCO3 oleic-acid esterification,,,,,,phenotype_ready,no,,,,,,,,,,,evidence_absent,F9 public display table: 0 reliable observations; 0 independent sources,LMT_0424,evidence_absent,,Penicillium crustosum Thom P22 PCrL-CaCO3 oleic-acid esterification,0,,,D,13.93,误差带仅说明测量不精确，不参与T7a评分,独立来源数=，独立性档=D,not_evaluable_no_evidence_rows; complete_rows=0/0,,,,,archive_preview_only_not_authoritative,,,,,,,0,0,0,0,no_measurements,0,0,0,,,,0,,,,,variants/LMT_0424.html,-1
LMT_0425,LMT_0425,Candida guilliermondii partially purified extracellular lipase,Candida guilliermondii partially purified extracellular lipase,Candida guilliermondii partially purified extracellular lipase,Candida guilliermondii,endophytic yeast from castor leaves,,,canonical_entity,,Candida guilliermondii partially purified extracellular lipase,,,,,,phenotype_ready,no,,,,,,,,,,,evidence_absent,F9 public display table: 0 reliable observations; 0 independent sources,LMT_0425,evidence_absent,,Candida guilliermondii partially purified extracellular lipase,0,,,D,14.10,误差带仅说明测量不精确，不参与T7a评分,独立来源数=，独立性档=D,not_evaluable_no_evidence_rows; complete_rows=0/0,,,,,archive_preview_only_not_authoritative,,,,,,,0,0,0,0,no_measurements,0,0,0,,,,0,,,,,variants/LMT_0425.html,-1
LMT_0427,LMT_0427,Proteus vulgaris OR34 lipase immobilized on CaCO3,Proteus vulgaris OR34 lipase immobilized on CaCO3,Proteus vulgaris OR34 lipase immobilized on CaCO3,Proteus vulgaris,OR34,,,canonical_entity,,Proteus vulgaris OR34 lipase immobilized on CaCO3,,,,,,phenotype_ready,no,,,,,,,,,,,evidence_absent,F9 public display table: 0 reliable observations; 0 independent sources,LMT_0427,evidence_absent,,Proteus vulgaris OR34 lipase immobilized on CaCO3,0,,,D,14.26,误差带仅说明测量不精确，不参与T7a评分,独立来源数=，独立性档=D,not_evaluable_no_evidence_rows; complete_rows=0/0,,,,,archive_preview_only_not_authoritative,,,,,,,0,0,0,0,no_measurements,0,0,0,,,,0,,,,,variants/LMT_0427.html,-1
LMT_0428,LMT_0428,Proteus vulgaris OR34 lipase immobilized on CaCO3 methyl-oleate reaction,Proteus vulgaris OR34 lipase immobilized on CaCO3 methyl-oleate reaction,Proteus vulgaris OR34 lipase immobilized on CaCO3 methyl-oleate reaction,Proteus vulgaris,OR34,,,canonical_entity,,Proteus vulgaris OR34 lipase immobilized on CaCO3 methyl-oleate reaction,,,,,,phenotype_ready,no,,,,,,,,,,,evidence_absent,F9 public display table: 0 reliable observations; 0 independent sources,LMT_0428,evidence_absent,,Proteus vulgaris OR34 lipase immobilized on CaCO3 methyl-oleate reaction,0,,,D,14.43,误差带仅说明测量不精确，不参与T7a评分,独立来源数=，独立性档=D,not_evaluable_no_evidence_rows; complete_rows=0/0,,,,,archive_preview_only_not_authoritative,,,,,,,0,0,0,0,no_measurements,0,0,0,,,,0,,,,,variants/LMT_0428.html,-1
LMT_0429,LMT_0429,Acinetobacter sp. K5b4 extracellular lipase immobilized on cellulose powder,Acinetobacter sp. K5b4 extracellular lipase immobilized on cellulose powder,Acinetobacter sp. K5b4 extracellular lipase immobilized on cellulose powder,Acinetobacter sp.,K5b4,,,canonical_entity,,Acinetobacter sp. K5b4 extracellular lipase immobilized on cellulose powder,,,,,,phenotype_ready,no,,,,,,,,,,,evidence_absent,F9 public display table: 0 reliable observations; 0 independent sources,LMT_0429,evidence_absent,,Acinetobacter sp. K5b4 extracellular lipase immobilized on cellulose powder,0,,,D,14.59,误差带仅说明测量不精确，不参与T7a评分,独立来源数=，独立性档=D,not_evaluable_no_evidence_rows; complete_rows=0/0,,,,,archive_preview_only_not_authoritative,,,,,,,0,0,0,0,no_measurements,0,0,0,,,,0,,,,,variants/LMT_0429.html,-1
LMT_0430,LMT_0430,Candida rugosa Lip1 isoenzyme,Candida rugosa Lip1 isoenzyme,Candida rugosa Lip1 isoenzyme,Candida rugosa,taxonomic_alias=Diutina rugosa,,,canonical_entity,,Candida rugosa Lip1 isoenzyme,P20261,,,,1TRH,structure_ready,yes,P20261,UniProt,549,92020bb16c3dc5928e9b89a343f00227f5dd4b553241738071373746da78b731,results/2026-06-16_duplicate_uniprot_fulltext_audit/raw/uniprot_P20261.json,,,,,,evidence_absent,F9 public display table: 0 reliable observations; 0 independent sources,LMT_0430,evidence_absent,,Candida rugosa Lip1 isoenzyme,0,,,D,14.75,误差带仅说明测量不精确，不参与T7a评分,独立来源数=，独立性档=D,not_evaluable_no_evidence_rows; complete_rows=0/0,,,,,archive_preview_only_not_authoritative,,,,,,,0,0,0,0,no_measurements,0,0,0,,,,0,,,,,variants/LMT_0430.html,-1
LMT_0433,LMT_0433,Geobacillus stearothermophilus T6 LipT6M H86Y/A269T/R374W,Geobacillus stearothermophilus T6 LipT6M H86Y/A269T/R374W,Geobacillus stearothermophilus T6 LipT6M H86Y/A269T/R374W,Geobacillus stearothermophilus,T6,Escherichia coli,,mutant_or_engineered_construct,LMT_0044,Geobacillus stearothermophilus T6 LipT6M H86Y/A269T/R374W,Q93A71,,,,,sequence_ready,no,,,,,,,,,,,evidence_absent,F9 public display table: 0 reliable observations; 0 independent sources,LMT_0433,evidence_absent,,Geobacillus stearothermophilus T6 LipT6M H86Y/A269T/R374W,0,,,D,14.92,误差带仅说明测量不精确，不参与T7a评分,独立来源数=，独立性档=D,not_evaluable_no_evidence_rows; complete_rows=0/0,,,,,archive_preview_only_not_authoritative,,,,,,,0,0,0,0,no_measurements,0,0,0,,,,0,,,,,variants/LMT_0433.html,-1
LMT_0434,LMT_0434,Gibberella zeae lipase GZEL WT and C-terminal truncation mutants,Gibberella zeae lipase GZEL WT and C-terminal truncation mutants,Gibberella zeae lipase GZEL WT and C-terminal truncation mutants,Gibberella zeae,taxonomic_alias=Fusarium graminearum,,,mutant_or_engineered_construct,LMT_0082,Gibberella zeae lipase GZEL WT and C-terminal truncation mutants,,,,,,sequence_ready,no,,,,,,,,,,,evidence_absent,F9 public display table: 0 reliable observations; 0 independent sources,LMT_0434,evidence_absent,,Gibberella zeae lipase GZEL WT and C-terminal truncation mutants,0,,,D,15.08,误差带仅说明测量不精确，不参与T7a评分,独立来源数=，独立性档=D,not_evaluable_no_evidence_rows; complete_rows=0/0,,,,,archive_preview_only_not_authoritative,,,,,,,0,0,0,0,no_measurements,0,0,0,,,,0,,,,,variants/LMT_0434.html,-1
LMT_0435,LMT_0435,Rhizopus oryzae lipase r28ROL and N-glycosylation mutants,Rhizopus oryzae lipase r28ROL and N-glycosylation mutants,Rhizopus oryzae lipase r28ROL and N-glycosylation mutants,Rhizopus oryzae,,Komagataella phaffii,,mutant_or_engineered_construct,LMT_0465,Rhizopus oryzae lipase r28ROL and N-glycosylation mutants,,,,,,sequence_ready,no,,,,,,,,,,,evidence_absent,F9 public display table: 0 reliable observations; 0 independent sources,LMT_0435,evidence_absent,,Rhizopus oryzae lipase r28ROL and N-glycosylation mutants,0,,,D,15.25,误差带仅说明测量不精确，不参与T7a评分,独立来源数=，独立性档=D,not_evaluable_no_evidence_rows; complete_rows=0/0,,,,,archive_preview_only_not_authoritative,,,,,,,0,0,0,0,no_measurements,0,0,0,,,,0,,,,,variants/LMT_0435.html,-1
LMT_0436,LMT_0436,Pelosinus fermentans lipase 1 PFL1;Pelosinus fermentans PfL1 / PFL1 PBAT-hydrolyzing lipase;T1.2-like lipase SEQ ID NO:5,Pelosinus fermentans lipase 1 PFL1;Pelosinus fermentans PfL1 / PFL1 PBAT-hydrolyzing lipase;T1.2-like lipase SEQ ID NO:5,Pelosinus fermentans lipase 1 PFL1,Pelosinus fermentans,DSM 17108,,,same_uniprot_wt_alias,,Pelosinus fermentans lipase 1 PFL1,A0A0A0YMQ9,,,,5AH0,structure_ready,yes,A0A0A0YMQ9,UniProt,389,0534679ee874e0fd151c8d9fde7b52e65cda6a3fa0ee2df30373445bb1877214,results/2026-06-16_duplicate_uniprot_fulltext_audit/raw/uniprot_A0A0A0YMQ9.json,1.675472,0.113353,3.343553,,,evidence_moderate,F9 public display table: 3 reliable observations; 0 independent sources,LMT_0436,evidence_moderate,,Pelosinus fermentans lipase 1 PFL1;Pelosinus fermentans PfL1 / PFL1 PBAT-hydrolyzing lipase;T1.2-like lipase SEQ ID NO:5,3,,,D,42.30,误差带仅说明测量不精确，不参与T7a评分,独立来源数=，独立性档=D,partial_rows_complete; complete_rows=4/5,,,free,,archive_preview_only_not_authoritative,,,downweighted_train,EVID_PAT_000301; EVID_PAT_000302; EVID_PAT_000303; EVID_PAT_000304; EVID_PAT_000305,WEBR1_PROTOCOL_0506,PAT_ASSAY_WO2023282853_T2C_RESORUFIN_MEOH_TOLERANCE,5,1,0,5,patent,1,40,1,25,resorufin lipase substrate fluorescence assay after 1 h methanol preincubation,resorufin lipase substrate,843,,WO2023282853A2 Methanol tolerance assay methods; Table 2c publication pages 34-35; local rendered Table 2c pages page_36_copy.png/page_37_copy.png,not_applicable_patent | WO2023282853A2,,variants/LMT_0436.html,-1
LMT_0437,LMT_0437,Geobacillus thermocatenulatus BTL2 lipase WT and W61/W212 mutants,Geobacillus thermocatenulatus BTL2 lipase WT and W61/W212 mutants,Geobacillus thermocatenulatus BTL2 lipase WT and W61/W212 mutants,Geobacillus thermocatenulatus,,,,mutant_or_engineered_construct,LMT_0236,Geobacillus thermocatenulatus BTL2 lipase WT and W61/W212 mutants,Q59260,,,,,sequence_ready,no,,,,,,,,,,,evidence_absent,F9 public display table: 0 reliable observations; 0 independent sources,LMT_0437,evidence_absent,,Geobacillus thermocatenulatus BTL2 lipase WT and W61/W212 mutants,0,,,D,15.41,误差带仅说明测量不精确，不参与T7a评分,独立来源数=，独立性档=D,not_evaluable_no_evidence_rows; complete_rows=0/0,,,,,archive_preview_only_not_authoritative,,,,,,,0,0,0,0,no_measurements,0,0,0,,,,0,,,,,variants/LMT_0437.html,-1
LMT_0438,LMT_0438,Rhizopus oryzae intracellular mycelial lipase,Rhizopus oryzae intracellular mycelial lipase,Rhizopus oryzae intracellular mycelial lipase,Rhizopus oryzae,,,,canonical_entity,,Rhizopus oryzae intracellular mycelial lipase,,,,,,phenotype_ready,no,,,,,,,,,,,evidence_absent,F9 public display table: 0 reliable observations; 0 independent sources,LMT_0438,evidence_absent,,Rhizopus oryzae intracellular mycelial lipase,0,,,D,15.57,误差带仅说明测量不精确，不参与T7a评分,独立来源数=，独立性档=D,not_evaluable_no_evidence_rows; complete_rows=0/0,,,,,archive_preview_only_not_authoritative,,,,,,,0,0,0,0,no_measurements,0,0,0,,,,0,,,,,variants/LMT_0438.html,-1
LMT_0440,LMT_0440,Caldibacillus thermoamylovorans CtLip WT and loop-region mutants,Caldibacillus thermoamylovorans CtLip WT and loop-region mutants,Caldibacillus thermoamylovorans CtLip WT and loop-region mutants,Caldibacillus thermoamylovorans,,,,canonical_entity,,Caldibacillus thermoamylovorans CtLip WT and loop-region mutants,A0A090IW71,,,,8YYE,structure_ready,no,,,,,,,,,,,evidence_absent,F9 public display table: 0 reliable observations; 0 independent sources,LMT_0440,evidence_absent,,Caldibacillus thermoamylovorans CtLip WT and loop-region mutants,0,,,D,15.74,误差带仅说明测量不精确，不参与T7a评分,独立来源数=，独立性档=D,not_evaluable_no_evidence_rows; complete_rows=0/0,,,,,archive_preview_only_not_authoritative,,,,,,,0,0,0,0,no_measurements,0,0,0,,,,0,,,,,variants/LMT_0440.html,-1
LMT_0441,LMT_0441,Candida rugosa recombinant LIP2 WT and L132A/L132I/G450S/G450A mutants,Candida rugosa recombinant LIP2 WT and L132A/L132I/G450S/G450A mutants,Candida rugosa recombinant LIP2 WT and L132A/L132I/G450S/G450A mutants,Candida rugosa,taxonomic_alias=Diutina rugosa,Pichia pastoris,,mutant_or_engineered_construct,LMT_0285,Candida rugosa recombinant LIP2 WT and L132A/L132I/G450S/G450A mutants,P32946,,,,,sequence_ready,no,,,,,,,,,,,evidence_absent,F9 public display table: 0 reliable observations; 0 independent sources,LMT_0441,evidence_absent,,Candida rugosa recombinant LIP2 WT and L132A/L132I/G450S/G450A mutants,0,,,D,15.90,误差带仅说明测量不精确，不参与T7a评分,独立来源数=，独立性档=D,not_evaluable_no_evidence_rows; complete_rows=0/0,,,,,archive_preview_only_not_authoritative,,,,,,,0,0,0,0,no_measurements,0,0,0,,,,0,,,,,variants/LMT_0441.html,-1
LMT_0442,LMT_0442,Geobacillus thermocatenulatus GTL WT and E316G/E361G mutants,Geobacillus thermocatenulatus GTL WT and E316G/E361G mutants,Geobacillus thermocatenulatus GTL WT and E316G/E361G mutants,Geobacillus thermocatenulatus,,,,mutant_or_engineered_construct,LMT_0236,Geobacillus thermocatenulatus GTL WT and E316G/E361G mutants,Q59260,,,,,sequence_ready,no,,,,,,,,,,,evidence_absent,F9 public display table: 0 reliable observations; 0 independent sources,LMT_0442,evidence_absent,,Geobacillus thermocatenulatus GTL WT and E316G/E361G mutants,0,,,D,16.07,误差带仅说明测量不精确，不参与T7a评分,独立来源数=，独立性档=D,not_evaluable_no_evidence_rows; complete_rows=0/0,,,,,archive_preview_only_not_authoritative,,,,,,,0,0,0,0,no_measurements,0,0,0,,,,0,,,,,variants/LMT_0442.html,-1
LMT_0443,LMT_0443,Clostridium botulinum Cbotu_EstA triacylglycerol lipase with Cbotu_EstB comparison;T1.2-like lipase SEQ ID NO:53,Clostridium botulinum Cbotu_EstA triacylglycerol lipase with Cbotu_EstB comparison;T1.2-like lipase SEQ ID NO:53,Clostridium botulinum Cbotu_EstA triacylglycerol lipase with Cbotu_EstB comparison,Clostridium botulinum,ATCC 3502,,,canonical_entity,,Clostridium botulinum Cbotu_EstA triacylglycerol lipase with Cbotu_EstB comparison,A5I055,,,,5AH1,structure_ready,yes,A5I055,UniProt,480,f3a61ceb376fa6d79f23bf7c073704f46f6ce4f9c30a62411db60dd22f3d7058,results/2026-06-16_duplicate_uniprot_fulltext_audit/raw/uniprot_A5I055.json,2.015885,0.419116,3.66001,,,evidence_moderate,F9 public display table: 3 reliable observations; 0 independent sources,LMT_0443,evidence_moderate,,Clostridium botulinum Cbotu_EstA triacylglycerol lipase with Cbotu_EstB comparison;T1.2-like lipase SEQ ID NO:53,3,,,D,42.46,误差带仅说明测量不精确，不参与T7a评分,独立来源数=，独立性档=D,partial_rows_complete; complete_rows=4/5,,,free,,archive_preview_only_not_authoritative,,,downweighted_train,EVID_PAT_000086; EVID_PAT_000087; EVID_PAT_000088; EVID_PAT_000089; EVID_PAT_000090,WEBR1_PROTOCOL_0507,PAT_ASSAY_WO2023282853_T2C_RESORUFIN_MEOH_TOLERANCE,5,1,0,5,patent,1,40,1,25,resorufin lipase substrate fluorescence assay after 1 h methanol preincubation,resorufin lipase substrate,315,,WO2023282853A2 Methanol tolerance assay methods; Table 2c publication pages 34-35; local rendered Table 2c pages page_36_copy.png/page_37_copy.png,not_applicable_patent | WO2023282853A2,,variants/LMT_0443.html,-1
LMT_0444,LMT_0444,Clostridium botulinum del71Cbotu_EstA truncated esterase,Clostridium botulinum del71Cbotu_EstA truncated esterase,Clostridium botulinum del71Cbotu_EstA truncated esterase,Clostridium botulinum,ATCC 3502,,,mutant_or_engineered_construct,LMT_0443,Clostridium botulinum del71Cbotu_EstA truncated esterase,A5I055,,,,5AH1,sequence_ready,no,,,,,,,,,,,evidence_absent,F9 public display table: 0 reliable observations; 0 independent sources,LMT_0444,evidence_absent,,Clostridium botulinum del71Cbotu_EstA truncated esterase,0,,,D,16.23,误差带仅说明测量不精确，不参与T7a评分,独立来源数=，独立性档=D,not_evaluable_no_evidence_rows; complete_rows=0/0,,,,,archive_preview_only_not_authoritative,,,,,,,0,0,0,0,no_measurements,0,0,0,,,,0,,,,,variants/LMT_0444.html,-1
LMT_0445,LMT_0445,PMGL2 wtPMGL2 and C173T/C202S mPMGL2 esterase,PMGL2 wtPMGL2 and C173T/C202S mPMGL2 esterase,PMGL2 wtPMGL2 and C173T/C202S mPMGL2 esterase,permafrost-derived metagenomic,DNA library,,,mutant_or_engineered_construct,LMT_0232,PMGL2 wtPMGL2 and C173T/C202S mPMGL2 esterase,,,,,,sequence_ready,no,,,,,,,,,,,evidence_absent,F9 public display table: 0 reliable observations; 0 independent sources,LMT_0445,evidence_absent,,PMGL2 wtPMGL2 and C173T/C202S mPMGL2 esterase,0,,,D,16.39,误差带仅说明测量不精确，不参与T7a评分,独立来源数=，独立性档=D,not_evaluable_no_evidence_rows; complete_rows=0/0,,,,,archive_preview_only_not_authoritative,,,,,,,0,0,0,0,no_measurements,0,0,0,,,,0,,,,,variants/LMT_0445.html,-1
LMT_0446,LMT_0446,Geobacillus stearothermophilus P1 thermostable lipase;Geobacillus stearothermophilus P1 thermostable lipase crystal structure;T1.2-like lipase SEQ ID NO:96,Geobacillus stearothermophilus P1 thermostable lipase;Geobacillus stearothermophilus P1 thermostable lipase crystal structure;T1.2-like lipase SEQ ID NO:96,Geobacillus stearothermophilus P1 thermostable lipase,Bacillus stearothermophilus,P1; taxonomic_alias=Geobacillus stearothermophilus P1,,,same_uniprot_wt_alias,,Geobacillus stearothermophilus P1 thermostable lipase,Q9L6D3,,,,1JI3,structure_ready,yes,Q9L6D3,UniProt,417,3f82aff483035ad36a877e32a61ad95ad717c5609fa036e8d83485c8c4aca0ae,results/2026-06-16_duplicate_uniprot_fulltext_audit/raw/uniprot_Q9L6D3.json,2.481599,1.133577,4.155772,,,evidence_moderate,F9 public display table: 4 reliable observations; 0 independent sources,LMT_0446,evidence_moderate,,Geobacillus stearothermophilus P1 thermostable lipase;Geobacillus stearothermophilus P1 thermostable lipase crystal structure;T1.2-like lipase SEQ ID NO:96,4,,,D,42.62,误差带仅说明测量不精确，不参与T7a评分,独立来源数=，独立性档=D,partial_rows_complete; complete_rows=4/5,,,free,,archive_preview_only_not_authoritative,,,downweighted_train,EVID_PAT_000221; EVID_PAT_000222; EVID_PAT_000223; EVID_PAT_000224; EVID_PAT_000225,WEBR1_PROTOCOL_0508,PAT_ASSAY_WO2023282853_T2C_RESORUFIN_MEOH_TOLERANCE,5,1,0,5,patent,1,40,1,25,resorufin lipase substrate fluorescence assay after 1 h methanol preincubation,resorufin lipase substrate,151,,WO2023282853A2 Methanol tolerance assay methods; Table 2c publication pages 34-35; local rendered Table 2c pages page_36_copy.png/page_37_copy.png,not_applicable_patent | WO2023282853A2,,variants/LMT_0446.html,-1
LMT_0447,LMT_0447,Ustilago trichophora CalA-like lipase CL20,Ustilago trichophora CalA-like lipase CL20,Ustilago trichophora CalA-like lipase CL20,Ustilago trichophora,,,,canonical_entity,,Ustilago trichophora CalA-like lipase CL20,A0A5C3EAQ1,,,,9JC9;9JCA,structure_ready,yes,A0A5C3EAQ1,UniProt,458,7aa1cc6f6ea417cd53d1ce20bc7c671b35efe60803618b11721093cea71c86da,results/2026-06-16_duplicate_uniprot_fulltext_audit/raw/uniprot_A0A5C3EAQ1.json,,,,,,evidence_absent,F9 public display table: 0 reliable observations; 0 independent sources,LMT_0447,evidence_absent,,Ustilago trichophora CalA-like lipase CL20,0,,,D,16.56,误差带仅说明测量不精确，不参与T7a评分,独立来源数=，独立性档=D,not_evaluable_no_evidence_rows; complete_rows=0/0,,,,,archive_preview_only_not_authoritative,,,,,,,0,0,0,0,no_measurements,0,0,0,,,,0,,,,,variants/LMT_0447.html,-1
LMT_0448,LMT_0448,Kalmanozyma brasiliensis CalA-like lipase CL23,Kalmanozyma brasiliensis CalA-like lipase CL23,Kalmanozyma brasiliensis CalA-like lipase CL23,Kalmanozyma brasiliensis,,,,canonical_entity,,Kalmanozyma brasiliensis CalA-like lipase CL23,V5F2U3,,,,9JCB,structure_ready,yes,V5F2U3,UniProt,451,51abb5252d90758d7c2733ed883a4c9ca0ee4eb83fec02feee825771b0bd6a30,results/2026-06-16_duplicate_uniprot_fulltext_audit/raw/uniprot_V5F2U3.json,,,,,,evidence_absent,F9 public display table: 0 reliable observations; 0 independent sources,LMT_0448,evidence_absent,,Kalmanozyma brasiliensis CalA-like lipase CL23,0,,,D,16.72,误差带仅说明测量不精确，不参与T7a评分,独立来源数=，独立性档=D,not_evaluable_no_evidence_rows; complete_rows=0/0,,,,,archive_preview_only_not_authoritative,,,,,,,0,0,0,0,no_measurements,0,0,0,,,,0,,,,,variants/LMT_0448.html,-1
LMT_0452,LMT_0452,Bacillus stearothermophilus P1 thermostable lipase structural model and catalytic mutants,Bacillus stearothermophilus P1 thermostable lipase structural model and catalytic mutants,Bacillus stearothermophilus P1 thermostable lipase structural model and catalytic mutants,Bacillus stearothermophilus,P1; taxonomic_alias=Geobacillus stearothermophilus P1,,,mutant_or_engineered_construct,LMT_0446,Bacillus stearothermophilus P1 thermostable lipase structural model and catalytic mutants,Q9L6D3,,,,,sequence_ready,no,,,,,,,,,,,evidence_absent,F9 public display table: 0 reliable observations; 0 independent sources,LMT_0452,evidence_absent,,Bacillus stearothermophilus P1 thermostable lipase structural model and catalytic mutants,0,,,D,16.89,误差带仅说明测量不精确，不参与T7a评分,独立来源数=，独立性档=D,not_evaluable_no_evidence_rows; complete_rows=0/0,,,,,archive_preview_only_not_authoritative,,,,,,,0,0,0,0,no_measurements,0,0,0,,,,0,,,,,variants/LMT_0452.html,-1
LMT_0454,LMT_0454,Penicillium camembertii U-150 mono- and diacylglycerol lipase MDGL,Penicillium camembertii U-150 mono- and diacylglycerol lipase MDGL,Penicillium camembertii U-150 mono- and diacylglycerol lipase MDGL,Penicillium camembertii,U-150,Aspergillus oryzae,,canonical_entity,,Penicillium camembertii U-150 mono- and diacylglycerol lipase MDGL,P61870,,,,1TIA,structure_ready,no,,,,,,,,,,,evidence_absent,F9 public display table: 0 reliable observations; 0 independent sources,LMT_0454,evidence_absent,,Penicillium camembertii U-150 mono- and diacylglycerol lipase MDGL,0,,,D,17.05,误差带仅说明测量不精确，不参与T7a评分,独立来源数=，独立性档=D,not_evaluable_no_evidence_rows; complete_rows=0/0,,,,,archive_preview_only_not_authoritative,,,,,,,0,0,0,0,no_measurements,0,0,0,,,,0,,,,,variants/LMT_0454.html,-1
LMT_0455,LMT_0455,Pseudomonas sp. MIS38 family I.3 lipase PML,Pseudomonas sp. MIS38 family I.3 lipase PML,Pseudomonas sp. MIS38 family I.3 lipase PML,Pseudomonas sp.,MIS38,,,canonical_entity,,Pseudomonas sp. MIS38 family I.3 lipase PML,Q9RBY1,,,,2Z8X,structure_ready,yes,B4EVM3,UniProt,287,a9400dc063073b64e3ec0a4cd1200d77913d2f90960ba985d860215211c4f46b,results/2026-06-16_duplicate_uniprot_fulltext_audit/raw/uniprot_B4EVM3.json,,,,,,evidence_absent,F9 public display table: 0 reliable observations; 0 independent sources,LMT_0455,evidence_absent,,Pseudomonas sp. MIS38 family I.3 lipase PML,0,,,D,17.21,误差带仅说明测量不精确，不参与T7a评分,独立来源数=，独立性档=D,not_evaluable_no_evidence_rows; complete_rows=0/0,,,,,archive_preview_only_not_authoritative,,,,,,,0,0,0,0,no_measurements,0,0,0,,,,0,,,,,variants/LMT_0455.html,-1
LMT_0456,LMT_0456,Lasiodiplodia theobromae lipase LTL1 / Lipase B,Lasiodiplodia theobromae lipase LTL1 / Lipase B,Lasiodiplodia theobromae lipase LTL1 / Lipase B,Lasiodiplodia theobromae,,,,canonical_entity,,Lasiodiplodia theobromae lipase LTL1 / Lipase B,,,,,7V6D,structure_ready,no,,,,,,,,,,,evidence_absent,F9 public display table: 0 reliable observations; 0 independent sources,LMT_0456,evidence_absent,,Lasiodiplodia theobromae lipase LTL1 / Lipase B,0,,,D,17.38,误差带仅说明测量不精确，不参与T7a评分,独立来源数=，独立性档=D,not_evaluable_no_evidence_rows; complete_rows=0/0,,,,,archive_preview_only_not_authoritative,,,,,,,0,0,0,0,no_measurements,0,0,0,,,,0,,,,,variants/LMT_0456.html,-1
LMT_0457,LMT_0457,Rhizopus chinensis lipase r27RCL,Rhizopus chinensis lipase r27RCL,Rhizopus chinensis lipase r27RCL,Rhizopus chinensis,taxonomic_alias=Rhizopus microsporus var. chinensis,,,canonical_entity,,Rhizopus chinensis lipase r27RCL,A3FM73,,,,6A0W,structure_ready,yes,A3FM73,UniProt,389,a4ad3742514863a431af97ade98ab74df32607836300c179cbda02c21bef9355,results/2026-06-16_duplicate_uniprot_fulltext_audit/raw/uniprot_A3FM73.json,,,,,,evidence_absent,F9 public display table: 0 reliable observations; 0 independent sources,LMT_0457,evidence_absent,,Rhizopus chinensis lipase r27RCL,0,,,D,17.54,误差带仅说明测量不精确，不参与T7a评分,独立来源数=，独立性档=D,not_evaluable_no_evidence_rows; complete_rows=0/0,,,,,archive_preview_only_not_authoritative,,,,,,,0,0,0,0,no_measurements,0,0,0,,,,0,,,,,variants/LMT_0457.html,-1
LMT_0458,LMT_0458,Malassezia globosa SMG1 WT lipase;Malassezia globosa LIP1 / SMG1 lipase,Malassezia globosa SMG1 WT lipase;Malassezia globosa LIP1 / SMG1 lipase,Malassezia globosa LIP1 / SMG1 lipase,Malassezia globosa,CBS 7966,,,canonical_entity,,Malassezia globosa LIP1 / SMG1 lipase,A8PUY1,,,,3UUE;3UUF;4ZRD;4ZRE;7SPR,structure_ready,yes,A8PUY1,UniProt,304,20fd319ddc9a9b9388673e81aedfc3a849b4ea6b6b86b6dbb87fefb159acf144,results/2026-06-16_duplicate_uniprot_fulltext_audit/raw/uniprot_A8PUY1.json,0.750852,-1.080006,2.598839,,,evidence_sparse,F9 public display table: 1 reliable observations; 0 independent sources,LMT_0458,evidence_sparse,,Malassezia globosa SMG1 WT lipase;Malassezia globosa LIP1 / SMG1 lipase,1,,,D,37.70,误差带仅说明测量不精确，不参与T7a评分,独立来源数=，独立性档=D,all_rows_complete; complete_rows=1/1,,,purified,,archive_preview_only_not_authoritative,,,downweighted_train,EVID_LIT_002481,WEBR1_PROTOCOL_0509,S8A_SM025_001,1,1,1,0,literature,1,10,8,4,residual lipase activity after methanol preincubation,not_reported,85.7,,manifest SM-025 description,not_reported | SM-025,,variants/LMT_0458.html,-1
LMT_0459,LMT_0459,Bacillus pumilus lipase A pLipA,Bacillus pumilus lipase A pLipA,Bacillus pumilus lipase A pLipA,Bacillus pumilus,,,,canonical_entity,,Bacillus pumilus lipase A pLipA,W8FKE7,,,,7R1K;7R25,structure_ready,no,,,,,,,,,,,evidence_absent,F9 public display table: 0 reliable observations; 0 independent sources,LMT_0459,evidence_absent,,Bacillus pumilus lipase A pLipA,0,,,D,17.70,误差带仅说明测量不精确，不参与T7a评分,独立来源数=，独立性档=D,not_evaluable_no_evidence_rows; complete_rows=0/0,,,,,archive_preview_only_not_authoritative,,,,,,,0,0,0,0,no_measurements,0,0,0,,,,0,,,,,variants/LMT_0459.html,-1
LMT_0460,LMT_0460,Malassezia globosa SMG1 M5DL mutant;Malassezia globosa LIP1 / SMG1 lipase WT and M5D thermostabilized mutant,Malassezia globosa SMG1 M5DL mutant;Malassezia globosa LIP1 / SMG1 lipase WT and M5D thermostabilized mutant,Malassezia globosa LIP1 / SMG1 lipase WT and M5D thermostabilized mutant,Malassezia globosa,CBS 7966,,,mutant_or_engineered_construct,LMT_0458,Malassezia globosa LIP1 / SMG1 lipase WT and M5D thermostabilized mutant,,,,,,sequence_ready,no,,,,,,0.725269,-1.120554,2.727044,,,evidence_sparse,F9 public display table: 1 reliable observations; 0 independent sources,LMT_0460,evidence_sparse,,Malassezia globosa SMG1 M5DL mutant;Malassezia globosa LIP1 / SMG1 lipase WT and M5D thermostabilized mutant,1,,,D,37.87,误差带仅说明测量不精确，不参与T7a评分,独立来源数=，独立性档=D,all_rows_complete; complete_rows=1/1,,,purified,,archive_preview_only_not_authoritative,,,downweighted_train,EVID_LIT_002482,WEBR1_PROTOCOL_0510,S8A_SM025_002,1,1,1,0,literature,1,10,8,4,residual lipase activity after methanol preincubation,not_reported,94,,manifest SM-025 description,not_reported | SM-025,,variants/LMT_0460.html,-1
LMT_0461,LMT_0461,Rhizopus chinensis mature lipase mRCL,Rhizopus chinensis mature lipase mRCL,Rhizopus chinensis mature lipase mRCL,Rhizopus chinensis,CCTCC M201021; taxonomic_alias=Rhizopus microsporus var. chinensis,,,canonical_entity,,Rhizopus chinensis mature lipase mRCL,A3FM73,ABN59381,M201021,,6A0W,structure_ready,yes,A3FM73,UniProt,389,a4ad3742514863a431af97ade98ab74df32607836300c179cbda02c21bef9355,results/2026-06-16_duplicate_uniprot_fulltext_audit/raw/uniprot_A3FM73.json,,,,,,evidence_absent,F9 public display table: 0 reliable observations; 0 independent sources,LMT_0461,evidence_absent,,Rhizopus chinensis mature lipase mRCL,0,,,D,17.87,误差带仅说明测量不精确，不参与T7a评分,独立来源数=，独立性档=D,not_evaluable_no_evidence_rows; complete_rows=0/0,,,,,archive_preview_only_not_authoritative,,,,,,,0,0,0,0,no_measurements,0,0,0,,,,0,,,,,variants/LMT_0461.html,-1
LMT_0462,LMT_0462,Bacillus sp. H257 monoacylglycerol lipase bMGL / MGLP,Bacillus sp. H257 monoacylglycerol lipase bMGL / MGLP,Bacillus sp. H257 monoacylglycerol lipase bMGL / MGLP,Bacillus sp.,H257,,,canonical_entity,,Bacillus sp. H257 monoacylglycerol lipase bMGL / MGLP,,,,,,phenotype_ready,no,,,,,,,,,,,evidence_absent,F9 public display table: 0 reliable observations; 0 independent sources,LMT_0462,evidence_absent,,Bacillus sp. H257 monoacylglycerol lipase bMGL / MGLP,0,,,D,18.03,误差带仅说明测量不精确，不参与T7a评分,独立来源数=，独立性档=D,not_evaluable_no_evidence_rows; complete_rows=0/0,,,,,archive_preview_only_not_authoritative,,,,,,,0,0,0,0,no_measurements,0,0,0,,,,0,,,,,variants/LMT_0462.html,-1
LMT_0463,LMT_0463,Bacillus sp. H257 monoacylglycerol lipase bMGL / MGLP wild type and I145 mutants,Bacillus sp. H257 monoacylglycerol lipase bMGL / MGLP wild type and I145 mutants,Bacillus sp. H257 monoacylglycerol lipase bMGL / MGLP wild type and I145 mutants,Bacillus sp.,H257,,,canonical_entity,,Bacillus sp. H257 monoacylglycerol lipase bMGL / MGLP wild type and I145 mutants,P82597,,,,3RM3;4KE6;4KE7;4KE8;4KE9;4KEA,structure_ready,no,,,,,,,,,,,evidence_absent,F9 public display table: 0 reliable observations; 0 independent sources,LMT_0463,evidence_absent,,Bacillus sp. H257 monoacylglycerol lipase bMGL / MGLP wild type and I145 mutants,0,,,D,18.20,误差带仅说明测量不精确，不参与T7a评分,独立来源数=，独立性档=D,not_evaluable_no_evidence_rows; complete_rows=0/0,,,,,archive_preview_only_not_authoritative,,,,,,,0,0,0,0,no_measurements,0,0,0,,,,0,,,,,variants/LMT_0463.html,-1
LMT_0464,LMT_0464,EstN7 cold-active family IV esterase WT and M187A/N211A/W206A variants,EstN7 cold-active family IV esterase WT and M187A/N211A/W206A variants,EstN7 cold-active family IV esterase WT and M187A/N211A/W206A variants,Bacillus cohnii,N1; taxonomic_alias=Sutcliffiella cohnii,,,canonical_entity,,EstN7 cold-active family IV esterase WT and M187A/N211A/W206A variants,A0A2K9UV39,,,,7B4Q,structure_ready,no,,,,,,,,,,,evidence_absent,F9 public display table: 0 reliable observations; 0 independent sources,LMT_0464,evidence_absent,,EstN7 cold-active family IV esterase WT and M187A/N211A/W206A variants,0,,,D,18.36,误差带仅说明测量不精确，不参与T7a评分,独立来源数=，独立性档=D,not_evaluable_no_evidence_rows; complete_rows=0/0,,,,,archive_preview_only_not_authoritative,,,,,,,0,0,0,0,no_measurements,0,0,0,,,,0,,,,,variants/LMT_0464.html,-1
LMT_0465,LMT_0465,"rProROL (pro-form Rhizopus oryzae lipase);Rhizopus oryzae lipase ROL_WT, ROL_4x, ROL_7x and ROL_10x","rProROL (pro-form Rhizopus oryzae lipase);Rhizopus oryzae lipase ROL_WT, ROL_4x, ROL_7x and ROL_10x","Rhizopus oryzae lipase ROL_WT, ROL_4x, ROL_7x and ROL_10x",Rhizopus oryzae,taxonomic_alias=Rhizopus niveus-like ROL construct,Pichia pastoris,,same_uniprot_wt_alias,LMT_0465,"Rhizopus oryzae lipase ROL_WT, ROL_4x, ROL_7x and ROL_10x",,AAF32408.1,,,,sequence_ready,no,,,,,,0.866196,-0.537709,2.240881,,,evidence_rich,F9 public display table: 6 reliable observations; 0 independent sources,LMT_0465,evidence_rich,,"rProROL (pro-form Rhizopus oryzae lipase);Rhizopus oryzae lipase ROL_WT, ROL_4x, ROL_7x and ROL_10x",6,,,D,18.52,误差带仅说明测量不精确，不参与T7a评分,独立来源数=，独立性档=D,not_evaluable_no_evidence_rows; complete_rows=0/0,,,,,archive_preview_only_not_authoritative,,,,,,,0,0,0,0,no_measurements,0,0,0,,,,0,,,,,variants/LMT_0465.html,-1
LMT_0466,LMT_0466,Rhizopus chinensis lipase r27RCL WT and F113 mutants,Rhizopus chinensis lipase r27RCL WT and F113 mutants,Rhizopus chinensis lipase r27RCL WT and F113 mutants,Rhizopus chinensis,taxonomic_alias=Rhizopus microsporus var. chinensis,,,mutant_or_engineered_construct,LMT_0473,Rhizopus chinensis lipase r27RCL WT and F113 mutants,A3FM73,,,,,sequence_ready,no,,,,,,,,,,,evidence_absent,F9 public display table: 0 reliable observations; 0 independent sources,LMT_0466,evidence_absent,,Rhizopus chinensis lipase r27RCL WT and F113 mutants,0,,,D,18.69,误差带仅说明测量不精确，不参与T7a评分,独立来源数=，独立性档=D,not_evaluable_no_evidence_rows; complete_rows=0/0,,,,,archive_preview_only_not_authoritative,,,,,,,0,0,0,0,no_measurements,0,0,0,,,,0,,,,,variants/LMT_0466.html,-1
LMT_0467,LMT_0467,Thermomyces lanuginosus lipase M11,Thermomyces lanuginosus lipase M11,Thermomyces lanuginosus lipase M11,Thermomyces lanuginosus,,,,mutant_or_engineered_construct,LMT_0050,M11 multipoint mutant,O59952,,,,1DT3,sequence_ready,no,,,,,,0.606952,-0.814085,1.96748,,,evidence_rich,F9 public display table: 9 reliable observations; 0 independent sources,LMT_0467,evidence_rich,,Thermomyces lanuginosus lipase M11,9,,,D,38.03,误差带仅说明测量不精确，不参与T7a评分,独立来源数=，独立性档=D,partial_rows_complete; complete_rows=9/10,,,crude_preparation,,archive_preview_only_not_authoritative,,,holdout_only,EVID_LIT_000558; EVID_LIT_000559; EVID_LIT_000560; EVID_LIT_000561; EVID_LIT_000562; EVID_LIT_000563; EVID_LIT_000564; EVID_LIT_000565; EVID_LIT_000566; EVID_LIT_000567,WEBR1_PROTOCOL_0511,ASSAY_P1A_B10_03_F5C_MEOH_CONC_1H,10,1,10,0,literature,1,90,1,25,colorimetric pNPP activity assay,p-nitrophenyl palmitate,100,,"pp. 7-8; Figure 5c; methanol concentration response for wt-TLL, M11 and M21",10.1186/s13068-024-02478-5,,variants/LMT_0467.html,-1
LMT_0468,LMT_0468,Rasamsonia emersonii LIPR expressed in Pichia pastoris strain P15 culture supernatant,Rasamsonia emersonii LIPR expressed in Pichia pastoris strain P15 culture supernatant,Rasamsonia emersonii LIPR expressed in Pichia pastoris strain P15 culture supernatant,Rasamsonia emersonii,,Pichia pastoris,,canonical_entity,,Rasamsonia emersonii LIPR expressed in Pichia pastoris strain P15 culture supernatant,,,,,6UNV,structure_ready,no,,,,,,,,,,,evidence_absent,F9 public display table: 0 reliable observations; 0 independent sources,LMT_0468,evidence_absent,,Rasamsonia emersonii LIPR expressed in Pichia pastoris strain P15 culture supernatant,0,,,D,18.85,误差带仅说明测量不精确，不参与T7a评分,独立来源数=，独立性档=D,not_evaluable_no_evidence_rows; complete_rows=0/0,,,,,archive_preview_only_not_authoritative,,,,,,,0,0,0,0,no_measurements,0,0,0,,,,0,,,,,variants/LMT_0468.html,-1
LMT_0469,LMT_0469,Staphylococcus aureus ALA1 crude extracellular lipase,Staphylococcus aureus ALA1 crude extracellular lipase,Staphylococcus aureus ALA1 crude extracellular lipase,Staphylococcus aureus,ALA1,,,canonical_entity,,Staphylococcus aureus ALA1 crude extracellular lipase,,,,,,phenotype_ready,no,,,,,,0.96013,-0.674935,2.710637,,,evidence_sparse,F9 public display table: 2 reliable observations; 0 independent sources,LMT_0469,evidence_sparse,,Staphylococcus aureus ALA1 crude extracellular lipase,2,,,D,90.00,误差带仅说明测量不精确，不参与T7a评分,独立来源数=，独立性档=D,all_rows_complete; complete_rows=2/2,,,crude_preparation,,archive_preview_only_not_authoritative,,,holdout_only,EVID_LIT_002374; EVID_LIT_002375,WEBR1_PROTOCOL_0512,ASSAY_P1A_LU38_02_ALA1_TABLE2_SOLVENT_STABILITY,2,1,2,0,literature,1,50,0.5,37,pH-stat/titrimetric tributyrin hydrolysis assay after organic-solvent incubation,tributyrin,98,,PDF p. 380 Methods 2.5; p. 385 Table 2,10.1002/bab.1381,,variants/LMT_0469.html,-1
LMT_0470,LMT_0470,Staphylococcus hyicus lipase SHL mature 46 kDa form,Staphylococcus hyicus lipase SHL mature 46 kDa form,Staphylococcus hyicus lipase SHL mature 46 kDa form,Staphylococcus hyicus,,,,canonical_entity,,Staphylococcus hyicus lipase SHL mature 46 kDa form,,,,,2HIH,structure_ready,no,,,,,,,,,,,evidence_absent,F9 public display table: 0 reliable observations; 0 independent sources,LMT_0470,evidence_absent,,Staphylococcus hyicus lipase SHL mature 46 kDa form,0,,,D,19.02,误差带仅说明测量不精确，不参与T7a评分,独立来源数=，独立性档=D,not_evaluable_no_evidence_rows; complete_rows=0/0,,,,,archive_preview_only_not_authoritative,,,,,,,0,0,0,0,no_measurements,0,0,0,,,,0,,,,,variants/LMT_0470.html,-1
LMT_0471,LMT_0471,Staphylococcus hyicus lipase SHL,Staphylococcus hyicus lipase SHL,Staphylococcus hyicus lipase SHL,Staphylococcus hyicus,,,,canonical_entity,,Staphylococcus hyicus lipase SHL,,,,,2HIH,structure_ready,no,,,,,,,,,,,evidence_absent,F9 public display table: 0 reliable observations; 0 independent sources,LMT_0471,evidence_absent,,Staphylococcus hyicus lipase SHL,0,,,D,19.18,误差带仅说明测量不精确，不参与T7a评分,独立来源数=，独立性档=D,not_evaluable_no_evidence_rows; complete_rows=0/0,,,,,archive_preview_only_not_authoritative,,,,,,,0,0,0,0,no_measurements,0,0,0,,,,0,,,,,variants/LMT_0471.html,-1
LMT_0473,LMT_0473,Rhizopus chinensis lipase r27RCL WT and thermostable variants,Rhizopus chinensis lipase r27RCL WT and thermostable variants,Rhizopus chinensis lipase r27RCL WT and thermostable variants,Rhizopus chinensis,taxonomic_alias=Rhizopus microsporus var. chinensis,,,canonical_entity,,Rhizopus chinensis lipase r27RCL WT and thermostable variants,A3FM73,,,,6A0W,structure_ready,no,,,,,,,,,,,evidence_absent,F9 public display table: 0 reliable observations; 0 independent sources,LMT_0473,evidence_absent,,Rhizopus chinensis lipase r27RCL WT and thermostable variants,0,,,D,19.34,误差带仅说明测量不精确，不参与T7a评分,独立来源数=，独立性档=D,not_evaluable_no_evidence_rows; complete_rows=0/0,,,,,archive_preview_only_not_authoritative,,,,,,,0,0,0,0,no_measurements,0,0,0,,,,0,,,,,variants/LMT_0473.html,-1
LMT_0474,LMT_0474,Rhizopus oryzae lipase ROL WT and E265V/S267W/disulfide variants,Rhizopus oryzae lipase ROL WT and E265V/S267W/disulfide variants,Rhizopus oryzae lipase ROL WT and E265V/S267W/disulfide variants,Rhizopus oryzae,,,,canonical_entity,,Rhizopus oryzae lipase ROL WT and E265V/S267W/disulfide variants,,,,,,needs_manual_check,no,,,,,,,,,,,evidence_absent,F9 public display table: 0 reliable observations; 0 independent sources,LMT_0474,evidence_absent,,Rhizopus oryzae lipase ROL WT and E265V/S267W/disulfide variants,0,,,D,19.51,误差带仅说明测量不精确，不参与T7a评分,独立来源数=，独立性档=D,not_evaluable_no_evidence_rows; complete_rows=0/0,,,,,archive_preview_only_not_authoritative,,,,,,,0,0,0,0,no_measurements,0,0,0,,,,0,,,,,variants/LMT_0474.html,-1
LMT_0475,LMT_0475,Penicillium camembertii U-150 mono- and diacylglycerol lipase MDGL and catalytic-site mutants,Penicillium camembertii U-150 mono- and diacylglycerol lipase MDGL and catalytic-site mutants,Penicillium camembertii U-150 mono- and diacylglycerol lipase MDGL and catalytic-site mutants,Penicillium camembertii,U-150,Saccharomyces cerevisiae,,mutant_or_engineered_construct,LMT_0454,Penicillium camembertii U-150 mono- and diacylglycerol lipase MDGL and catalytic-site mutants,,,,,,sequence_ready,no,,,,,,,,,,,evidence_absent,F9 public display table: 0 reliable observations; 0 independent sources,LMT_0475,evidence_absent,,Penicillium camembertii U-150 mono- and diacylglycerol lipase MDGL and catalytic-site mutants,0,,,D,19.67,误差带仅说明测量不精确，不参与T7a评分,独立来源数=，独立性档=D,not_evaluable_no_evidence_rows; complete_rows=0/0,,,,,archive_preview_only_not_authoritative,,,,,,,0,0,0,0,no_measurements,0,0,0,,,,0,,,,,variants/LMT_0475.html,-1
LMT_0476,LMT_0476,Staphylococcus aureus lipase 2 mature lipase domain rSAL2(296-690),Staphylococcus aureus lipase 2 mature lipase domain rSAL2(296-690),Staphylococcus aureus lipase 2 mature lipase domain rSAL2(296-690),Staphylococcus aureus,ATCC 29213,,,canonical_entity,,Staphylococcus aureus lipase 2 mature lipase domain rSAL2(296-690),,,,,6KSI;6KSM,structure_ready,no,,,,,,,,,,,evidence_absent,F9 public display table: 0 reliable observations; 0 independent sources,LMT_0476,evidence_absent,,Staphylococcus aureus lipase 2 mature lipase domain rSAL2(296-690),0,,,D,19.84,误差带仅说明测量不精确，不参与T7a评分,独立来源数=，独立性档=D,not_evaluable_no_evidence_rows; complete_rows=0/0,,,,,archive_preview_only_not_authoritative,,,,,,,0,0,0,0,no_measurements,0,0,0,,,,0,,,,,variants/LMT_0476.html,-1
LMT_0477,LMT_0477,Streptomyces rimosus purified extracellular lipase;Streptomyces rimosus SGNH lipase SrLip,Streptomyces rimosus purified extracellular lipase;Streptomyces rimosus SGNH lipase SrLip,Streptomyces rimosus SGNH lipase SrLip,Streptomyces rimosus,,,,canonical_entity,,Streptomyces rimosus SGNH lipase SrLip,Q93MW7,,,,5MAL,structure_ready,no,,,,,,,,,,,evidence_absent,F9 public display table: 0 reliable observations; 0 independent sources,LMT_0477,evidence_absent,,Streptomyces rimosus purified extracellular lipase;Streptomyces rimosus SGNH lipase SrLip,0,,,D,20.00,误差带仅说明测量不精确，不参与T7a评分,独立来源数=，独立性档=D,not_evaluable_no_evidence_rows; complete_rows=0/0,,,,,archive_preview_only_not_authoritative,,,,,,,0,0,0,0,no_measurements,0,0,0,,,,0,,,,,variants/LMT_0477.html,-1
LMT_0478,LMT_0478,Streptomyces albidoflavus phospholipase A1 SaPLA1,Streptomyces albidoflavus phospholipase A1 SaPLA1,Streptomyces albidoflavus phospholipase A1 SaPLA1,Streptomyces albidoflavus,,,,canonical_entity,,Streptomyces albidoflavus phospholipase A1 SaPLA1,K0J3J2,,,,4HYQ,structure_ready,no,,,,,,,,,,,evidence_absent,F9 public display table: 0 reliable observations; 0 independent sources,LMT_0478,evidence_absent,,Streptomyces albidoflavus phospholipase A1 SaPLA1,0,,,D,20.16,误差带仅说明测量不精确，不参与T7a评分,独立来源数=，独立性档=D,not_evaluable_no_evidence_rows; complete_rows=0/0,,,,,archive_preview_only_not_authoritative,,,,,,,0,0,0,0,no_measurements,0,0,0,,,,0,,,,,variants/LMT_0478.html,-1
LMT_0479,LMT_0479,Penicillium camembertii mono- and diacylglycerol lipase MDGL,Penicillium camembertii mono- and diacylglycerol lipase MDGL,Penicillium camembertii mono- and diacylglycerol lipase MDGL,Penicillium camembertii,U-150,,,canonical_entity,,Penicillium camembertii mono- and diacylglycerol lipase MDGL,,,,,,phenotype_ready,no,,,,,,,,,,,evidence_absent,F9 public display table: 0 reliable observations; 0 independent sources,LMT_0479,evidence_absent,,Penicillium camembertii mono- and diacylglycerol lipase MDGL,0,,,D,20.33,误差带仅说明测量不精确，不参与T7a评分,独立来源数=，独立性档=D,not_evaluable_no_evidence_rows; complete_rows=0/0,,,,,archive_preview_only_not_authoritative,,,,,,,0,0,0,0,no_measurements,0,0,0,,,,0,,,,,variants/LMT_0479.html,-1
LMT_0480,LMT_0480,Penicillium cyclopium PG37 mono- and diacylglycerol lipase PcMdl,Penicillium cyclopium PG37 mono- and diacylglycerol lipase PcMdl,Penicillium cyclopium PG37 mono- and diacylglycerol lipase PcMdl,Penicillium cyclopium,PG37,Pichia pastoris,,canonical_entity,,Penicillium cyclopium PG37 mono- and diacylglycerol lipase PcMdl,,,AF288219,,,sequence_ready,no,,,,,,,,,,,evidence_absent,F9 public display table: 0 reliable observations; 0 independent sources,LMT_0480,evidence_absent,,Penicillium cyclopium PG37 mono- and diacylglycerol lipase PcMdl,0,,,D,20.49,误差带仅说明测量不精确，不参与T7a评分,独立来源数=，独立性档=D,not_evaluable_no_evidence_rows; complete_rows=0/0,,,,,archive_preview_only_not_authoritative,,,,,,,0,0,0,0,no_measurements,0,0,0,,,,0,,,,,variants/LMT_0480.html,-1
LMT_0481,LMT_0481,Pseudomonas fluorescens lipase AK immobilized on polypropylene support,Pseudomonas fluorescens lipase AK immobilized on polypropylene support,Pseudomonas fluorescens lipase AK immobilized on polypropylene support,Pseudomonas fluorescens,,,,canonical_entity,,Pseudomonas fluorescens lipase AK immobilized on polypropylene support,,,,,,phenotype_ready,no,,,,,,,,,,,evidence_absent,F9 public display table: 0 reliable observations; 0 independent sources,LMT_0481,evidence_absent,,Pseudomonas fluorescens lipase AK immobilized on polypropylene support,0,,,D,20.66,误差带仅说明测量不精确，不参与T7a评分,独立来源数=，独立性档=D,not_evaluable_no_evidence_rows; complete_rows=0/0,,,,,archive_preview_only_not_authoritative,,,,,,,0,0,0,0,no_measurements,0,0,0,,,,0,,,,,variants/LMT_0481.html,-1
LMT_0482,LMT_0482,Cladosporium sp. WBRD3 organic-solvent-tolerant lipase;Lipcs mature lipase (mlipcs) recombinant purified enzyme,Cladosporium sp. WBRD3 organic-solvent-tolerant lipase;Lipcs mature lipase (mlipcs) recombinant purified enzyme,Lipcs mature lipase (mlipcs; CN103865941B SEQ ID NO:2 residues 22-464),Cladosporium sp.,WBRD3,,,canonical_entity,,Lipcs mature lipase (mlipcs; CN103865941B SEQ ID NO:2 residues 22-464),,,,,,sequence_ready,no,,,,,,-0.266022,-1.66656,1.224145,,,evidence_rich,F9 public display table: 6 reliable observations; 0 independent sources,LMT_0482,evidence_rich,,Cladosporium sp. WBRD3 organic-solvent-tolerant lipase;Lipcs mature lipase (mlipcs) recombinant purified enzyme,6,,,D,63.77,误差带仅说明测量不精确，不参与T7a评分,独立来源数=，独立性档=D,all_rows_complete; complete_rows=21/21,,,free | free; recombinant purified enzyme,,archive_preview_only_not_authoritative,,,downweighted_train,EVID_PAT_000704; EVID_PAT_000705; EVID_PAT_000706; EVID_PAT_000707; EVID_PAT_000708; EVID_PAT_000709; EVID_PAT_000710; EVID_PAT_000711; EVID_PAT_000712; EVID_PAT_000713; EVID_PAT_000714; EVID_PAT_000715; EVID_PAT_000716; EVID_PAT_000717; EVID_PAT_000718; EVID_PAT_000719; EVID_PAT_000720; EVID_PAT_000721; EVID_PAT_000722; EVID_PAT_000723; EVID_PAT_000724,WEBR1_PROTOCOL_0513; WEBR1_PROTOCOL_0514; WEBR1_PROTOCOL_0515,PAT_ASSAY_CN103184160A_FIG2_MEOH_24H; PAT_ASSAY_CN103865941B_FIG6_MEOH_22H; PAT_ASSAY_CN103865941B_FIG7_25MEOH_18H,21,3,0,21,patent,2,95,24,4 | 4-8,p-nitrophenyl palmitate (pNPP) hydrolysis assay; pNP absorbance at 405-410 nm | pNPP lipase activity assay,p-nitrophenyl palmitate (p-NPP) | p-NPP (p-nitrophenyl palmitate),136,,CN103184160A description p.8 [0046]-[0049]; Figure 2 on scanned PDF page 16; Description [0248]-[0249]; Figure 6; PDF pages 19 and 31; Description [0250]-[0251]; Figure 7; PDF pages 19-20 and 32,not_applicable_patent | CN103184160A | not_reported | CN103865941B,,variants/LMT_0482.html,-1
LMT_0483,LMT_0483,Rhizomucor miehei lipase L242N,Rhizomucor miehei lipase L242N,Rhizomucor miehei lipase L242N,Rhizomucor miehei,,,,mutant_or_engineered_construct,LMT_0132,L242N,P19515,,,,,sequence_ready,yes,P19515,UniProt,363,c8cb35e7cd0e0c785b30b745687e48371d852020313b84373f3dd06ca084a1b6,results/2026-06-16_duplicate_uniprot_fulltext_audit/raw/uniprot_P19515.json,0.464858,-0.938029,1.77941,,,evidence_rich,F9 public display table: 14 reliable observations; 0 independent sources,LMT_0483,evidence_rich,,Rhizomucor miehei lipase L242N,14,,,D,27.38,误差带仅说明测量不精确，不参与T7a评分,独立来源数=，独立性档=D,no_complete_rows; complete_rows=0/14,,,free_purified,,archive_preview_only_not_authoritative,,,downweighted_train,EVID_PAT_000649; EVID_PAT_000650; EVID_PAT_000651; EVID_PAT_000652; EVID_PAT_000653; EVID_PAT_000654; EVID_PAT_000655; EVID_PAT_000656; EVID_PAT_000657; EVID_PAT_000686; EVID_PAT_000687; EVID_PAT_000688; EVID_PAT_000689; EVID_PAT_000690,WEBR1_PROTOCOL_0516; WEBR1_PROTOCOL_0517,PAT_ASSAY_CN115369099_FIGURE4_FULL; PAT_ASSAY_CN115369099_FIGURE5_FULL,14,2,0,14,patent,1,90,8,not_reported,PNPP/pNPP method mentioned in Example 2,p-nitrophenyl palmitate (PNPP),97,,Example 2; methanol tolerance analysis; Figure 4; Example 2; continuous treatment with 50% methanol; Figure 5,not_applicable_patent | CN115369099B,,variants/LMT_0483.html,-1
LMT_0484,LMT_0484,Rhizomucor miehei lipase P167N,Rhizomucor miehei lipase P167N,Rhizomucor miehei lipase P167N,Rhizomucor miehei,,,,mutant_or_engineered_construct,LMT_0132,P167N,P19515,,,,,sequence_ready,yes,P19515,UniProt,363,c8cb35e7cd0e0c785b30b745687e48371d852020313b84373f3dd06ca084a1b6,results/2026-06-16_duplicate_uniprot_fulltext_audit/raw/uniprot_P19515.json,0.372401,-0.851337,1.680451,,,evidence_rich,F9 public display table: 14 reliable observations; 0 independent sources,LMT_0484,evidence_rich,,Rhizomucor miehei lipase P167N,14,,,D,27.54,误差带仅说明测量不精确，不参与T7a评分,独立来源数=，独立性档=D,no_complete_rows; complete_rows=0/14,,,free_purified,,archive_preview_only_not_authoritative,,,downweighted_train,EVID_PAT_000640; EVID_PAT_000641; EVID_PAT_000642; EVID_PAT_000643; EVID_PAT_000644; EVID_PAT_000645; EVID_PAT_000646; EVID_PAT_000647; EVID_PAT_000648; EVID_PAT_000681; EVID_PAT_000682; EVID_PAT_000683; EVID_PAT_000684; EVID_PAT_000685,WEBR1_PROTOCOL_0518; WEBR1_PROTOCOL_0519,PAT_ASSAY_CN115369099_FIGURE4_FULL; PAT_ASSAY_CN115369099_FIGURE5_FULL,14,2,0,14,patent,1,90,8,not_reported,PNPP/pNPP method mentioned in Example 2,p-nitrophenyl palmitate (PNPP),98,,Example 2; methanol tolerance analysis; Figure 4; Example 2; continuous treatment with 50% methanol; Figure 5,not_applicable_patent | CN115369099B,,variants/LMT_0484.html,-1
LMT_0485,LMT_0485,Rhizomucor miehei lipase P300N,Rhizomucor miehei lipase P300N,Rhizomucor miehei lipase P300N,Rhizomucor miehei,,,,mutant_or_engineered_construct,LMT_0132,P300N,P19515,,,,,sequence_ready,yes,P19515,UniProt,363,c8cb35e7cd0e0c785b30b745687e48371d852020313b84373f3dd06ca084a1b6,results/2026-06-16_duplicate_uniprot_fulltext_audit/raw/uniprot_P19515.json,0.300299,-0.978523,1.661905,,,evidence_rich,F9 public display table: 14 reliable observations; 0 independent sources,LMT_0485,evidence_rich,,Rhizomucor miehei lipase P300N,14,,,D,27.70,误差带仅说明测量不精确，不参与T7a评分,独立来源数=，独立性档=D,no_complete_rows; complete_rows=0/14,,,free_purified,,archive_preview_only_not_authoritative,,,downweighted_train,EVID_PAT_000667; EVID_PAT_000668; EVID_PAT_000669; EVID_PAT_000670; EVID_PAT_000671; EVID_PAT_000672; EVID_PAT_000673; EVID_PAT_000674; EVID_PAT_000675; EVID_PAT_000696; EVID_PAT_000697; EVID_PAT_000698; EVID_PAT_000699; EVID_PAT_000700,WEBR1_PROTOCOL_0520; WEBR1_PROTOCOL_0521,PAT_ASSAY_CN115369099_FIGURE4_FULL; PAT_ASSAY_CN115369099_FIGURE5_FULL,14,2,0,14,patent,1,90,8,not_reported,PNPP/pNPP method mentioned in Example 2,p-nitrophenyl palmitate (PNPP),99,,Example 2; methanol tolerance analysis; Figure 4; Example 2; continuous treatment with 50% methanol; Figure 5,not_applicable_patent | CN115369099B,,variants/LMT_0485.html,-1
LMT_0486,LMT_0486,Rhizomucor miehei lipase R267N,Rhizomucor miehei lipase R267N,Rhizomucor miehei lipase R267N,Rhizomucor miehei,,,,mutant_or_engineered_construct,LMT_0132,R267N,P19515,,,,,sequence_ready,yes,P19515,UniProt,363,c8cb35e7cd0e0c785b30b745687e48371d852020313b84373f3dd06ca084a1b6,results/2026-06-16_duplicate_uniprot_fulltext_audit/raw/uniprot_P19515.json,0.208557,-1.059192,1.536075,,,evidence_rich,F9 public display table: 14 reliable observations; 0 independent sources,LMT_0486,evidence_rich,,Rhizomucor miehei lipase R267N,14,,,D,27.87,误差带仅说明测量不精确，不参与T7a评分,独立来源数=，独立性档=D,no_complete_rows; complete_rows=0/14,,,free_purified,,archive_preview_only_not_authoritative,,,downweighted_train,EVID_PAT_000658; EVID_PAT_000659; EVID_PAT_000660; EVID_PAT_000661; EVID_PAT_000662; EVID_PAT_000663; EVID_PAT_000664; EVID_PAT_000665; EVID_PAT_000666; EVID_PAT_000691; EVID_PAT_000692; EVID_PAT_000693; EVID_PAT_000694; EVID_PAT_000695,WEBR1_PROTOCOL_0522; WEBR1_PROTOCOL_0523,PAT_ASSAY_CN115369099_FIGURE4_FULL; PAT_ASSAY_CN115369099_FIGURE5_FULL,14,2,0,14,patent,1,90,8,not_reported,PNPP/pNPP method mentioned in Example 2,p-nitrophenyl palmitate (PNPP),98,,Example 2; methanol tolerance analysis; Figure 4; Example 2; continuous treatment with 50% methanol; Figure 5,not_applicable_patent | CN115369099B,,variants/LMT_0486.html,-1
LMT_0487,LMT_0487,Candida antarctica lipase B CalB-G I222V/I285T,Candida antarctica lipase B CalB-G I222V/I285T,Candida antarctica lipase B CalB-G I222V/I285T,Candida antarctica,,,,mutant_or_engineered_construct,LMT_0022,I222V;I285T,P41365,,,,,sequence_ready,yes,P41365,UniProt,342,e5014ab42856b5807ef5170d01a0d5da314a320b39e61e3058fba58c10a1bc42,results/2026-06-16_duplicate_uniprot_fulltext_audit/raw/uniprot_P41365.json,,,,,,evidence_absent,F9 public display table: 0 reliable observations; 0 independent sources,LMT_0487,evidence_absent,,Candida antarctica lipase B CalB-G I222V/I285T,0,,,D,20.82,误差带仅说明测量不精确，不参与T7a评分,独立来源数=，独立性档=D,not_evaluable_no_evidence_rows; complete_rows=0/0,,,crude_extract,,archive_preview_only_not_authoritative,,,holdout_only,EVID_PAT_000538; EVID_PAT_000539; EVID_PAT_000540,WEBR1_PROTOCOL_0524,PAT_ASSAY_CN108251400B_EX4_T3_50MEOH,3,1,0,3,patent,1,50,3,30,p-nitrophenyl palmitate hydrolysis assay after methanol treatment; reaction at 40 C for 10 min,p-nitrophenyl palmitate,77,,CN108251400B description pp. 16-17; [0218]-[0231]; Table 3,not_applicable_patent | CN108251400B,,variants/LMT_0487.html,-1
LMT_0488,LMT_0488,Candida antarctica lipase B CalB-3 S150T/Q291L,Candida antarctica lipase B CalB-3 S150T/Q291L,Candida antarctica lipase B CalB-3 S150T/Q291L,Candida antarctica,,,,mutant_or_engineered_construct,LMT_0022,S150T;Q291L,P41365,,,,,sequence_ready,yes,P41365,UniProt,342,e5014ab42856b5807ef5170d01a0d5da314a320b39e61e3058fba58c10a1bc42,results/2026-06-16_duplicate_uniprot_fulltext_audit/raw/uniprot_P41365.json,,,,,,evidence_absent,F9 public display table: 0 reliable observations; 0 independent sources,LMT_0488,evidence_absent,,Candida antarctica lipase B CalB-3 S150T/Q291L,0,,,D,20.98,误差带仅说明测量不精确，不参与T7a评分,独立来源数=，独立性档=D,not_evaluable_no_evidence_rows; complete_rows=0/0,,,crude_extract,,archive_preview_only_not_authoritative,,,holdout_only,EVID_PAT_000535; EVID_PAT_000536; EVID_PAT_000537,WEBR1_PROTOCOL_0525,PAT_ASSAY_CN108251400B_EX4_T3_50MEOH,3,1,0,3,patent,1,50,3,30,p-nitrophenyl palmitate hydrolysis assay after methanol treatment; reaction at 40 C for 10 min,p-nitrophenyl palmitate,138,,CN108251400B description pp. 16-17; [0218]-[0231]; Table 3,not_applicable_patent | CN108251400B,,variants/LMT_0488.html,-1
LMT_0489,LMT_0489,Candida antarctica lipase B G41A,Candida antarctica lipase B G41A,Candida antarctica lipase B G41A,Candida antarctica,,,,mutant_or_engineered_construct,LMT_0022,G41A,P41365,,,,,sequence_ready,yes,P41365,UniProt,342,e5014ab42856b5807ef5170d01a0d5da314a320b39e61e3058fba58c10a1bc42,results/2026-06-16_duplicate_uniprot_fulltext_audit/raw/uniprot_P41365.json,0.466226,-1.121764,2.214569,,,evidence_sparse,F9 public display table: 1 reliable observations; 0 independent sources,LMT_0489,evidence_sparse,,Candida antarctica lipase B G41A,1,,,D,90.16,误差带仅说明测量不精确，不参与T7a评分,独立来源数=，独立性档=D,all_rows_complete; complete_rows=1/1,,,free,,archive_preview_only_not_authoritative,,,holdout_only,EVID_PAT_000602,WEBR1_PROTOCOL_0526,PAT_ASSAY_WO2011067349_EX4_T4,1,1,0,1,patent,1,50,0.33,47,pNPB hydrolysis absorbance assay,p-nitrophenyl butyrate (pNPB),55,,Example 4; Table 4,not_applicable_patent | WO2011067349A1,,variants/LMT_0489.html,-1
LMT_0490,LMT_0490,Candida antarctica lipase B T103G,Candida antarctica lipase B T103G,Candida antarctica lipase B T103G,Candida antarctica,,,,mutant_or_engineered_construct,LMT_0022,T103G,P41365,,,,,sequence_ready,yes,P41365,UniProt,342,e5014ab42856b5807ef5170d01a0d5da314a320b39e61e3058fba58c10a1bc42,results/2026-06-16_duplicate_uniprot_fulltext_audit/raw/uniprot_P41365.json,0.377656,-1.295778,2.097634,,,evidence_sparse,F9 public display table: 1 reliable observations; 0 independent sources,LMT_0490,evidence_sparse,,Candida antarctica lipase B T103G,1,,,D,90.33,误差带仅说明测量不精确，不参与T7a评分,独立来源数=，独立性档=D,all_rows_complete; complete_rows=1/1,,,free,,archive_preview_only_not_authoritative,,,holdout_only,EVID_PAT_000603,WEBR1_PROTOCOL_0527,PAT_ASSAY_WO2011067349_EX4_T4,1,1,0,1,patent,1,50,0.33,47,pNPB hydrolysis absorbance assay,p-nitrophenyl butyrate (pNPB),61,,Example 4; Table 4,not_applicable_patent | WO2011067349A1,,variants/LMT_0490.html,-1
LMT_0491,LMT_0491,Candida antarctica lipase B M83L,Candida antarctica lipase B M83L,Candida antarctica lipase B M83L,Candida antarctica,,,,mutant_or_engineered_construct,LMT_0022,M83L,P41365,,,,,sequence_ready,yes,P41365,UniProt,342,e5014ab42856b5807ef5170d01a0d5da314a320b39e61e3058fba58c10a1bc42,results/2026-06-16_duplicate_uniprot_fulltext_audit/raw/uniprot_P41365.json,0.287798,-1.343411,1.950671,,,evidence_sparse,F9 public display table: 1 reliable observations; 0 independent sources,LMT_0491,evidence_sparse,,Candida antarctica lipase B M83L,1,,,D,90.49,误差带仅说明测量不精确，不参与T7a评分,独立来源数=，独立性档=D,all_rows_complete; complete_rows=1/1,,,free,,archive_preview_only_not_authoritative,,,holdout_only,EVID_PAT_000604,WEBR1_PROTOCOL_0528,PAT_ASSAY_WO2011067349_EX4_T4,1,1,0,1,patent,1,50,0.33,47,pNPB hydrolysis absorbance assay,p-nitrophenyl butyrate (pNPB),67,,Example 4; Table 4,not_applicable_patent | WO2011067349A1,,variants/LMT_0491.html,-1
LMT_0492,LMT_0492,Candida antarctica lipase B M129L,Candida antarctica lipase B M129L,Candida antarctica lipase B M129L,Candida antarctica,,,,mutant_or_engineered_construct,LMT_0022,M129L,P41365,,,,,sequence_ready,yes,P41365,UniProt,342,e5014ab42856b5807ef5170d01a0d5da314a320b39e61e3058fba58c10a1bc42,results/2026-06-16_duplicate_uniprot_fulltext_audit/raw/uniprot_P41365.json,0.477838,-1.278246,2.19774,,,evidence_sparse,F9 public display table: 1 reliable observations; 0 independent sources,LMT_0492,evidence_sparse,,Candida antarctica lipase B M129L,1,,,D,90.66,误差带仅说明测量不精确，不参与T7a评分,独立来源数=，独立性档=D,all_rows_complete; complete_rows=1/1,,,free,,archive_preview_only_not_authoritative,,,holdout_only,EVID_PAT_000605,WEBR1_PROTOCOL_0529,PAT_ASSAY_WO2011067349_EX4_T4,1,1,0,1,patent,1,50,0.33,47,pNPB hydrolysis absorbance assay,p-nitrophenyl butyrate (pNPB),46,,Example 4; Table 4,not_applicable_patent | WO2011067349A1,,variants/LMT_0492.html,-1
LMT_0493,LMT_0493,Candida antarctica lipase B A148P,Candida antarctica lipase B A148P,Candida antarctica lipase B A148P,Candida antarctica,,,,mutant_or_engineered_construct,LMT_0022,A148P,P41365,,,,,sequence_ready,yes,P41365,UniProt,342,e5014ab42856b5807ef5170d01a0d5da314a320b39e61e3058fba58c10a1bc42,results/2026-06-16_duplicate_uniprot_fulltext_audit/raw/uniprot_P41365.json,0.35616,-1.287926,2.015948,,,evidence_sparse,F9 public display table: 1 reliable observations; 0 independent sources,LMT_0493,evidence_sparse,,Candida antarctica lipase B A148P,1,,,D,90.82,误差带仅说明测量不精确，不参与T7a评分,独立来源数=，独立性档=D,all_rows_complete; complete_rows=1/1,,,free,,archive_preview_only_not_authoritative,,,holdout_only,EVID_PAT_000606,WEBR1_PROTOCOL_0530,PAT_ASSAY_WO2011067349_EX4_T4,1,1,0,1,patent,1,50,0.33,47,pNPB hydrolysis absorbance assay,p-nitrophenyl butyrate (pNPB),67,,Example 4; Table 4,not_applicable_patent | WO2011067349A1,,variants/LMT_0493.html,-1
LMT_0494,LMT_0494,Candida antarctica lipase B S197G,Candida antarctica lipase B S197G,Candida antarctica lipase B S197G,Candida antarctica,,,,mutant_or_engineered_construct,LMT_0022,S197G,P41365,,,,,sequence_ready,yes,P41365,UniProt,342,e5014ab42856b5807ef5170d01a0d5da314a320b39e61e3058fba58c10a1bc42,results/2026-06-16_duplicate_uniprot_fulltext_audit/raw/uniprot_P41365.json,0.448334,-1.219874,2.096088,,,evidence_sparse,F9 public display table: 1 reliable observations; 0 independent sources,LMT_0494,evidence_sparse,,Candida antarctica lipase B S197G,1,,,D,90.98,误差带仅说明测量不精确，不参与T7a评分,独立来源数=，独立性档=D,all_rows_complete; complete_rows=1/1,,,free,,archive_preview_only_not_authoritative,,,holdout_only,EVID_PAT_000607,WEBR1_PROTOCOL_0531,PAT_ASSAY_WO2011067349_EX4_T4,1,1,0,1,patent,1,50,0.33,47,pNPB hydrolysis absorbance assay,p-nitrophenyl butyrate (pNPB),62,,Example 4; Table 4,not_applicable_patent | WO2011067349A1,,variants/LMT_0494.html,-1
LMT_0495,LMT_0495,Candida antarctica lipase B G207A,Candida antarctica lipase B G207A,Candida antarctica lipase B G207A,Candida antarctica,,,,mutant_or_engineered_construct,LMT_0022,G207A,P41365,,,,,sequence_ready,yes,P41365,UniProt,342,e5014ab42856b5807ef5170d01a0d5da314a320b39e61e3058fba58c10a1bc42,results/2026-06-16_duplicate_uniprot_fulltext_audit/raw/uniprot_P41365.json,0.318587,-1.393739,2.141562,,,evidence_sparse,F9 public display table: 1 reliable observations; 0 independent sources,LMT_0495,evidence_sparse,,Candida antarctica lipase B G207A,1,,,D,91.15,误差带仅说明测量不精确，不参与T7a评分,独立来源数=，独立性档=D,all_rows_complete; complete_rows=1/1,,,free,,archive_preview_only_not_authoritative,,,holdout_only,EVID_PAT_000608,WEBR1_PROTOCOL_0532,PAT_ASSAY_WO2011067349_EX4_T4,1,1,0,1,patent,1,50,0.33,47,pNPB hydrolysis absorbance assay,p-nitrophenyl butyrate (pNPB),75,,Example 4; Table 4,not_applicable_patent | WO2011067349A1,,variants/LMT_0495.html,-1
LMT_0496,LMT_0496,Candida antarctica lipase B P303K,Candida antarctica lipase B P303K,Candida antarctica lipase B P303K,Candida antarctica,,,,mutant_or_engineered_construct,LMT_0022,P303K,P41365,,,,,sequence_ready,yes,P41365,UniProt,342,e5014ab42856b5807ef5170d01a0d5da314a320b39e61e3058fba58c10a1bc42,results/2026-06-16_duplicate_uniprot_fulltext_audit/raw/uniprot_P41365.json,0.484943,-1.182836,2.267214,,,evidence_sparse,F9 public display table: 1 reliable observations; 0 independent sources,LMT_0496,evidence_sparse,,Candida antarctica lipase B P303K,1,,,D,91.31,误差带仅说明测量不精确，不参与T7a评分,独立来源数=，独立性档=D,all_rows_complete; complete_rows=1/1,,,free,,archive_preview_only_not_authoritative,,,holdout_only,EVID_PAT_000609,WEBR1_PROTOCOL_0533,PAT_ASSAY_WO2011067349_EX4_T4,1,1,0,1,patent,1,50,0.33,47,pNPB hydrolysis absorbance assay,p-nitrophenyl butyrate (pNPB),45,,Example 4; Table 4,not_applicable_patent | WO2011067349A1,,variants/LMT_0496.html,-1
LMT_0497,LMT_0497,Candida antarctica lipase B G44A,Candida antarctica lipase B G44A,Candida antarctica lipase B G44A,Candida antarctica,,,,mutant_or_engineered_construct,LMT_0022,G44A,P41365,,,,,sequence_ready,yes,P41365,UniProt,342,e5014ab42856b5807ef5170d01a0d5da314a320b39e61e3058fba58c10a1bc42,results/2026-06-16_duplicate_uniprot_fulltext_audit/raw/uniprot_P41365.json,0.490345,-1.207654,2.224035,,,evidence_sparse,F9 public display table: 1 reliable observations; 0 independent sources,LMT_0497,evidence_sparse,,Candida antarctica lipase B G44A,1,,,D,91.48,误差带仅说明测量不精确，不参与T7a评分,独立来源数=，独立性档=D,all_rows_complete; complete_rows=1/1,,,free,,archive_preview_only_not_authoritative,,,holdout_only,EVID_PAT_000610,WEBR1_PROTOCOL_0534,PAT_ASSAY_WO2011067349_EX4_T4,1,1,0,1,patent,1,50,0.33,47,pNPB hydrolysis absorbance assay,p-nitrophenyl butyrate (pNPB),42,,Example 4; Table 4,not_applicable_patent | WO2011067349A1,,variants/LMT_0497.html,-1
LMT_0498,LMT_0498,Candida antarctica lipase B T174N,Candida antarctica lipase B T174N,Candida antarctica lipase B T174N,Candida antarctica,,,,mutant_or_engineered_construct,LMT_0022,T174N,P41365,,,,,sequence_ready,yes,P41365,UniProt,342,e5014ab42856b5807ef5170d01a0d5da314a320b39e61e3058fba58c10a1bc42,results/2026-06-16_duplicate_uniprot_fulltext_audit/raw/uniprot_P41365.json,0.437543,-1.106773,2.002436,,,evidence_sparse,F9 public display table: 1 reliable observations; 0 independent sources,LMT_0498,evidence_sparse,,Candida antarctica lipase B T174N,1,,,D,91.64,误差带仅说明测量不精确，不参与T7a评分,独立来源数=，独立性档=D,all_rows_complete; complete_rows=1/1,,,free,,archive_preview_only_not_authoritative,,,holdout_only,EVID_PAT_000611,WEBR1_PROTOCOL_0535,PAT_ASSAY_WO2011067349_EX4_T4,1,1,0,1,patent,1,50,0.33,47,pNPB hydrolysis absorbance assay,p-nitrophenyl butyrate (pNPB),46,,Example 4; Table 4,not_applicable_patent | WO2011067349A1,,variants/LMT_0498.html,-1
LMT_0499,LMT_0499,Candida antarctica lipase B S31R,Candida antarctica lipase B S31R,Candida antarctica lipase B S31R,Candida antarctica,,,,mutant_or_engineered_construct,LMT_0022,S31R,P41365,,,,,sequence_ready,yes,P41365,UniProt,342,e5014ab42856b5807ef5170d01a0d5da314a320b39e61e3058fba58c10a1bc42,results/2026-06-16_duplicate_uniprot_fulltext_audit/raw/uniprot_P41365.json,0.435317,-1.228162,2.229765,,,evidence_sparse,F9 public display table: 1 reliable observations; 0 independent sources,LMT_0499,evidence_sparse,,Candida antarctica lipase B S31R,1,,,D,91.80,误差带仅说明测量不精确，不参与T7a评分,独立来源数=，独立性档=D,all_rows_complete; complete_rows=1/1,,,free,,archive_preview_only_not_authoritative,,,holdout_only,EVID_PAT_000612,WEBR1_PROTOCOL_0536,PAT_ASSAY_WO2011067349_EX4_T4,1,1,0,1,patent,1,50,0.33,47,pNPB hydrolysis absorbance assay,p-nitrophenyl butyrate (pNPB),59,,Example 4; Table 4,not_applicable_patent | WO2011067349A1,,variants/LMT_0499.html,-1
LMT_0500,LMT_0500,Candida antarctica lipase B T244P,Candida antarctica lipase B T244P,Candida antarctica lipase B T244P,Candida antarctica,,,,mutant_or_engineered_construct,LMT_0022,T244P,P41365,,,,,sequence_ready,yes,P41365,UniProt,342,e5014ab42856b5807ef5170d01a0d5da314a320b39e61e3058fba58c10a1bc42,results/2026-06-16_duplicate_uniprot_fulltext_audit/raw/uniprot_P41365.json,0.194365,-1.5563,2.054775,,,evidence_sparse,F9 public display table: 1 reliable observations; 0 independent sources,LMT_0500,evidence_sparse,,Candida antarctica lipase B T244P,1,,,D,91.97,误差带仅说明测量不精确，不参与T7a评分,独立来源数=，独立性档=D,all_rows_complete; complete_rows=1/1,,,free,,archive_preview_only_not_authoritative,,,holdout_only,EVID_PAT_000613,WEBR1_PROTOCOL_0537,PAT_ASSAY_WO2011067349_EX4_T4,1,1,0,1,patent,1,50,0.33,47,pNPB hydrolysis absorbance assay,p-nitrophenyl butyrate (pNPB),95,,Example 4; Table 4,not_applicable_patent | WO2011067349A1,,variants/LMT_0500.html,-1
LMT_0501,LMT_0501,Candida antarctica lipase B G114A,Candida antarctica lipase B G114A,Candida antarctica lipase B G114A,Candida antarctica,,,,mutant_or_engineered_construct,LMT_0022,G114A,P41365,,,,,sequence_ready,yes,P41365,UniProt,342,e5014ab42856b5807ef5170d01a0d5da314a320b39e61e3058fba58c10a1bc42,results/2026-06-16_duplicate_uniprot_fulltext_audit/raw/uniprot_P41365.json,0.435345,-1.261623,2.115131,,,evidence_sparse,F9 public display table: 1 reliable observations; 0 independent sources,LMT_0501,evidence_sparse,,Candida antarctica lipase B G114A,1,,,D,92.13,误差带仅说明测量不精确，不参与T7a评分,独立来源数=，独立性档=D,all_rows_complete; complete_rows=1/1,,,free,,archive_preview_only_not_authoritative,,,holdout_only,EVID_PAT_000614,WEBR1_PROTOCOL_0538,PAT_ASSAY_WO2011067349_EX4_T4,1,1,0,1,patent,1,50,0.33,47,pNPB hydrolysis absorbance assay,p-nitrophenyl butyrate (pNPB),51,,Example 4; Table 4,not_applicable_patent | WO2011067349A1,,variants/LMT_0501.html,-1
LMT_0502,LMT_0502,Candida antarctica lipase B A284N,Candida antarctica lipase B A284N,Candida antarctica lipase B A284N,Candida antarctica,,,,mutant_or_engineered_construct,LMT_0022,A284N,P41365,,,,,sequence_ready,yes,P41365,UniProt,342,e5014ab42856b5807ef5170d01a0d5da314a320b39e61e3058fba58c10a1bc42,results/2026-06-16_duplicate_uniprot_fulltext_audit/raw/uniprot_P41365.json,0.222957,-1.429502,1.907356,,,evidence_sparse,F9 public display table: 1 reliable observations; 0 independent sources,LMT_0502,evidence_sparse,,Candida antarctica lipase B A284N,1,,,D,92.30,误差带仅说明测量不精确，不参与T7a评分,独立来源数=，独立性档=D,all_rows_complete; complete_rows=1/1,,,free,,archive_preview_only_not_authoritative,,,holdout_only,EVID_PAT_000615,WEBR1_PROTOCOL_0539,PAT_ASSAY_WO2011067349_EX4_T4,1,1,0,1,patent,1,50,0.33,47,pNPB hydrolysis absorbance assay,p-nitrophenyl butyrate (pNPB),88,,Example 4; Table 4,not_applicable_patent | WO2011067349A1,,variants/LMT_0502.html,-1
LMT_0503,LMT_0503,Candida antarctica lipase B V315I,Candida antarctica lipase B V315I,Candida antarctica lipase B V315I,Candida antarctica,,,,mutant_or_engineered_construct,LMT_0022,V315I,P41365,,,,,sequence_ready,yes,P41365,UniProt,342,e5014ab42856b5807ef5170d01a0d5da314a320b39e61e3058fba58c10a1bc42,results/2026-06-16_duplicate_uniprot_fulltext_audit/raw/uniprot_P41365.json,0.393645,-1.324093,2.024432,,,evidence_sparse,F9 public display table: 1 reliable observations; 0 independent sources,LMT_0503,evidence_sparse,,Candida antarctica lipase B V315I,1,,,D,92.46,误差带仅说明测量不精确，不参与T7a评分,独立来源数=，独立性档=D,all_rows_complete; complete_rows=1/1,,,free,,archive_preview_only_not_authoritative,,,holdout_only,EVID_PAT_000616,WEBR1_PROTOCOL_0540,PAT_ASSAY_WO2011067349_EX4_T4,1,1,0,1,patent,1,50,0.33,47,pNPB hydrolysis absorbance assay,p-nitrophenyl butyrate (pNPB),62,,Example 4; Table 4,not_applicable_patent | WO2011067349A1,,variants/LMT_0503.html,-1
LMT_0504,LMT_0504,Candida antarctica lipase B D223G,Candida antarctica lipase B D223G,Candida antarctica lipase B D223G,Candida antarctica,,,,mutant_or_engineered_construct,LMT_0022,D223G,P41365,,,,,sequence_ready,yes,P41365,UniProt,342,e5014ab42856b5807ef5170d01a0d5da314a320b39e61e3058fba58c10a1bc42,results/2026-06-16_duplicate_uniprot_fulltext_audit/raw/uniprot_P41365.json,0.417109,-1.109636,2.245893,,,evidence_sparse,F9 public display table: 1 reliable observations; 0 independent sources,LMT_0504,evidence_sparse,,Candida antarctica lipase B D223G,1,,,D,92.62,误差带仅说明测量不精确，不参与T7a评分,独立来源数=，独立性档=D,all_rows_complete; complete_rows=1/1,,,free,,archive_preview_only_not_authoritative,,,holdout_only,EVID_PAT_000617,WEBR1_PROTOCOL_0541,PAT_ASSAY_WO2011067349_EX4_T4,1,1,0,1,patent,1,50,0.33,47,pNPB hydrolysis absorbance assay,p-nitrophenyl butyrate (pNPB),58,,Example 4; Table 4,not_applicable_patent | WO2011067349A1,,variants/LMT_0504.html,-1
LMT_0505,LMT_0505,Candida antarctica lipase B A263P,Candida antarctica lipase B A263P,Candida antarctica lipase B A263P,Candida antarctica,,,,mutant_or_engineered_construct,LMT_0022,A263P,P41365,,,,,sequence_ready,yes,P41365,UniProt,342,e5014ab42856b5807ef5170d01a0d5da314a320b39e61e3058fba58c10a1bc42,results/2026-06-16_duplicate_uniprot_fulltext_audit/raw/uniprot_P41365.json,0.521367,-1.172352,2.242216,,,evidence_sparse,F9 public display table: 1 reliable observations; 0 independent sources,LMT_0505,evidence_sparse,,Candida antarctica lipase B A263P,1,,,D,92.79,误差带仅说明测量不精确，不参与T7a评分,独立来源数=，独立性档=D,all_rows_complete; complete_rows=1/1,,,free,,archive_preview_only_not_authoritative,,,holdout_only,EVID_PAT_000618,WEBR1_PROTOCOL_0542,PAT_ASSAY_WO2011067349_EX4_T4,1,1,0,1,patent,1,50,0.33,47,pNPB hydrolysis absorbance assay,p-nitrophenyl butyrate (pNPB),39,,Example 4; Table 4,not_applicable_patent | WO2011067349A1,,variants/LMT_0505.html,-1
LMT_0506,LMT_0506,Candida antarctica lipase B S250R,Candida antarctica lipase B S250R,Candida antarctica lipase B S250R,Candida antarctica,,,,mutant_or_engineered_construct,LMT_0022,S250R,P41365,,,,,sequence_ready,yes,P41365,UniProt,342,e5014ab42856b5807ef5170d01a0d5da314a320b39e61e3058fba58c10a1bc42,results/2026-06-16_duplicate_uniprot_fulltext_audit/raw/uniprot_P41365.json,0.454804,-1.359597,2.142903,,,evidence_sparse,F9 public display table: 1 reliable observations; 0 independent sources,LMT_0506,evidence_sparse,,Candida antarctica lipase B S250R,1,,,D,92.95,误差带仅说明测量不精确，不参与T7a评分,独立来源数=，独立性档=D,all_rows_complete; complete_rows=1/1,,,free,,archive_preview_only_not_authoritative,,,holdout_only,EVID_PAT_000619,WEBR1_PROTOCOL_0543,PAT_ASSAY_WO2011067349_EX4_T4,1,1,0,1,patent,1,50,0.33,47,pNPB hydrolysis absorbance assay,p-nitrophenyl butyrate (pNPB),48,,Example 4; Table 4,not_applicable_patent | WO2011067349A1,,variants/LMT_0506.html,-1
LMT_0507,LMT_0507,Candida antarctica lipase B G41A/M129L/A148P/S197G/G207A/D223G,Candida antarctica lipase B G41A/M129L/A148P/S197G/G207A/D223G,Candida antarctica lipase B G41A/M129L/A148P/S197G/G207A/D223G,Candida antarctica,,,,mutant_or_engineered_construct,LMT_0022,G41A;M129L;A148P;S197G;G207A;D223G,P41365,,,,,sequence_ready,yes,P41365,UniProt,342,e5014ab42856b5807ef5170d01a0d5da314a320b39e61e3058fba58c10a1bc42,results/2026-06-16_duplicate_uniprot_fulltext_audit/raw/uniprot_P41365.json,0.160984,-1.536397,1.837071,,,evidence_sparse,F9 public display table: 1 reliable observations; 0 independent sources,LMT_0507,evidence_sparse,,Candida antarctica lipase B G41A/M129L/A148P/S197G/G207A/D223G,1,,,D,93.11,误差带仅说明测量不精确，不参与T7a评分,独立来源数=，独立性档=D,all_rows_complete; complete_rows=1/1,,,free,,archive_preview_only_not_authoritative,,,holdout_only,EVID_PAT_000620,WEBR1_PROTOCOL_0544,PAT_ASSAY_WO2011067349_EX4_T4,1,1,0,1,patent,1,50,0.33,47,pNPB hydrolysis absorbance assay,p-nitrophenyl butyrate (pNPB),100,,Example 4; Table 4,not_applicable_patent | WO2011067349A1,,variants/LMT_0507.html,-1
LMT_0508,LMT_0508,Candida antarctica lipase B T103G/M129L/G207A/D223G,Candida antarctica lipase B T103G/M129L/G207A/D223G,Candida antarctica lipase B T103G/M129L/G207A/D223G,Candida antarctica,,,,mutant_or_engineered_construct,LMT_0022,T103G;M129L;G207A;D223G,P41365,,,,,sequence_ready,yes,P41365,UniProt,342,e5014ab42856b5807ef5170d01a0d5da314a320b39e61e3058fba58c10a1bc42,results/2026-06-16_duplicate_uniprot_fulltext_audit/raw/uniprot_P41365.json,0.242405,-1.431667,1.96599,,,evidence_sparse,F9 public display table: 1 reliable observations; 0 independent sources,LMT_0508,evidence_sparse,,Candida antarctica lipase B T103G/M129L/G207A/D223G,1,,,D,93.28,误差带仅说明测量不精确，不参与T7a评分,独立来源数=，独立性档=D,all_rows_complete; complete_rows=1/1,,,free,,archive_preview_only_not_authoritative,,,holdout_only,EVID_PAT_000621,WEBR1_PROTOCOL_0545,PAT_ASSAY_WO2011067349_EX4_T4,1,1,0,1,patent,1,50,0.33,47,pNPB hydrolysis absorbance assay,p-nitrophenyl butyrate (pNPB),99,,Example 4; Table 4,not_applicable_patent | WO2011067349A1,,variants/LMT_0508.html,-1
LMT_0509,LMT_0509,Candida antarctica lipase B M83L/T103G/M129L/G207A/D223G/A263P,Candida antarctica lipase B M83L/T103G/M129L/G207A/D223G/A263P,Candida antarctica lipase B M83L/T103G/M129L/G207A/D223G/A263P,Candida antarctica,,,,mutant_or_engineered_construct,LMT_0022,M83L;T103G;M129L;G207A;D223G;A263P,P41365,,,,,sequence_ready,yes,P41365,UniProt,342,e5014ab42856b5807ef5170d01a0d5da314a320b39e61e3058fba58c10a1bc42,results/2026-06-16_duplicate_uniprot_fulltext_audit/raw/uniprot_P41365.json,0.182845,-1.471114,1.870061,,,evidence_sparse,F9 public display table: 1 reliable observations; 0 independent sources,LMT_0509,evidence_sparse,,Candida antarctica lipase B M83L/T103G/M129L/G207A/D223G/A263P,1,,,D,93.44,误差带仅说明测量不精确，不参与T7a评分,独立来源数=，独立性档=D,all_rows_complete; complete_rows=1/1,,,free,,archive_preview_only_not_authoritative,,,holdout_only,EVID_PAT_000622,WEBR1_PROTOCOL_0546,PAT_ASSAY_WO2011067349_EX4_T4,1,1,0,1,patent,1,50,0.33,47,pNPB hydrolysis absorbance assay,p-nitrophenyl butyrate (pNPB),99,,Example 4; Table 4,not_applicable_patent | WO2011067349A1,,variants/LMT_0509.html,-1
LMT_0510,LMT_0510,Candida antarctica lipase B M83L/T103G/M129L/D223G,Candida antarctica lipase B M83L/T103G/M129L/D223G,Candida antarctica lipase B M83L/T103G/M129L/D223G,Candida antarctica,,,,mutant_or_engineered_construct,LMT_0022,M83L;T103G;M129L;D223G,P41365,,,,,sequence_ready,yes,P41365,UniProt,342,e5014ab42856b5807ef5170d01a0d5da314a320b39e61e3058fba58c10a1bc42,results/2026-06-16_duplicate_uniprot_fulltext_audit/raw/uniprot_P41365.json,0.220088,-1.507336,2.00383,,,evidence_sparse,F9 public display table: 1 reliable observations; 0 independent sources,LMT_0510,evidence_sparse,,Candida antarctica lipase B M83L/T103G/M129L/D223G,1,,,D,93.61,误差带仅说明测量不精确，不参与T7a评分,独立来源数=，独立性档=D,all_rows_complete; complete_rows=1/1,,,free,,archive_preview_only_not_authoritative,,,holdout_only,EVID_PAT_000623,WEBR1_PROTOCOL_0547,PAT_ASSAY_WO2011067349_EX4_T4,1,1,0,1,patent,1,50,0.33,47,pNPB hydrolysis absorbance assay,p-nitrophenyl butyrate (pNPB),98,,Example 4; Table 4,not_applicable_patent | WO2011067349A1,,variants/LMT_0510.html,-1
LMT_0511,LMT_0511,Candida antarctica lipase B T103G/A148P/S197G/G207A,Candida antarctica lipase B T103G/A148P/S197G/G207A,Candida antarctica lipase B T103G/A148P/S197G/G207A,Candida antarctica,,,,mutant_or_engineered_construct,LMT_0022,T103G;A148P;S197G;G207A,P41365,,,,,sequence_ready,yes,P41365,UniProt,342,e5014ab42856b5807ef5170d01a0d5da314a320b39e61e3058fba58c10a1bc42,results/2026-06-16_duplicate_uniprot_fulltext_audit/raw/uniprot_P41365.json,0.219104,-1.652988,1.862666,,,evidence_sparse,F9 public display table: 1 reliable observations; 0 independent sources,LMT_0511,evidence_sparse,,Candida antarctica lipase B T103G/A148P/S197G/G207A,1,,,D,93.77,误差带仅说明测量不精确，不参与T7a评分,独立来源数=，独立性档=D,all_rows_complete; complete_rows=1/1,,,free,,archive_preview_only_not_authoritative,,,holdout_only,EVID_PAT_000624,WEBR1_PROTOCOL_0548,PAT_ASSAY_WO2011067349_EX4_T4,1,1,0,1,patent,1,50,0.33,47,pNPB hydrolysis absorbance assay,p-nitrophenyl butyrate (pNPB),98,,Example 4; Table 4,not_applicable_patent | WO2011067349A1,,variants/LMT_0511.html,-1
LMT_0512,LMT_0512,Candida antarctica lipase B M83L/T103G/M129L/G207A/D223G/S250R,Candida antarctica lipase B M83L/T103G/M129L/G207A/D223G/S250R,Candida antarctica lipase B M83L/T103G/M129L/G207A/D223G/S250R,Candida antarctica,,,,mutant_or_engineered_construct,LMT_0022,M83L;T103G;M129L;G207A;D223G;S250R,P41365,,,,,sequence_ready,yes,P41365,UniProt,342,e5014ab42856b5807ef5170d01a0d5da314a320b39e61e3058fba58c10a1bc42,results/2026-06-16_duplicate_uniprot_fulltext_audit/raw/uniprot_P41365.json,0.295422,-1.308115,1.950486,,,evidence_sparse,F9 public display table: 1 reliable observations; 0 independent sources,LMT_0512,evidence_sparse,,Candida antarctica lipase B M83L/T103G/M129L/G207A/D223G/S250R,1,,,D,93.93,误差带仅说明测量不精确，不参与T7a评分,独立来源数=，独立性档=D,all_rows_complete; complete_rows=1/1,,,free,,archive_preview_only_not_authoritative,,,holdout_only,EVID_PAT_000625,WEBR1_PROTOCOL_0549,PAT_ASSAY_WO2011067349_EX4_T4,1,1,0,1,patent,1,50,0.33,47,pNPB hydrolysis absorbance assay,p-nitrophenyl butyrate (pNPB),97,,Example 4; Table 4,not_applicable_patent | WO2011067349A1,,variants/LMT_0512.html,-1
LMT_0513,LMT_0513,Candida antarctica lipase B T103G/M129L/G207A,Candida antarctica lipase B T103G/M129L/G207A,Candida antarctica lipase B T103G/M129L/G207A,Candida antarctica,,,,mutant_or_engineered_construct,LMT_0022,T103G;M129L;G207A,P41365,,,,,sequence_ready,yes,P41365,UniProt,342,e5014ab42856b5807ef5170d01a0d5da314a320b39e61e3058fba58c10a1bc42,results/2026-06-16_duplicate_uniprot_fulltext_audit/raw/uniprot_P41365.json,0.237175,-1.363832,1.935292,,,evidence_sparse,F9 public display table: 1 reliable observations; 0 independent sources,LMT_0513,evidence_sparse,,Candida antarctica lipase B T103G/M129L/G207A,1,,,D,94.10,误差带仅说明测量不精确，不参与T7a评分,独立来源数=，独立性档=D,all_rows_complete; complete_rows=1/1,,,free,,archive_preview_only_not_authoritative,,,holdout_only,EVID_PAT_000626,WEBR1_PROTOCOL_0550,PAT_ASSAY_WO2011067349_EX4_T4,1,1,0,1,patent,1,50,0.33,47,pNPB hydrolysis absorbance assay,p-nitrophenyl butyrate (pNPB),97,,Example 4; Table 4,not_applicable_patent | WO2011067349A1,,variants/LMT_0513.html,-1
LMT_0514,LMT_0514,Candida antarctica lipase B T103G/M129L/G207A/P303K,Candida antarctica lipase B T103G/M129L/G207A/P303K,Candida antarctica lipase B T103G/M129L/G207A/P303K,Candida antarctica,,,,mutant_or_engineered_construct,LMT_0022,T103G;M129L;G207A;P303K,P41365,,,,,sequence_ready,yes,P41365,UniProt,342,e5014ab42856b5807ef5170d01a0d5da314a320b39e61e3058fba58c10a1bc42,results/2026-06-16_duplicate_uniprot_fulltext_audit/raw/uniprot_P41365.json,0.261613,-1.44286,2.074742,,,evidence_sparse,F9 public display table: 1 reliable observations; 0 independent sources,LMT_0514,evidence_sparse,,Candida antarctica lipase B T103G/M129L/G207A/P303K,1,,,D,94.26,误差带仅说明测量不精确，不参与T7a评分,独立来源数=，独立性档=D,all_rows_complete; complete_rows=1/1,,,free,,archive_preview_only_not_authoritative,,,holdout_only,EVID_PAT_000627,WEBR1_PROTOCOL_0551,PAT_ASSAY_WO2011067349_EX4_T4,1,1,0,1,patent,1,50,0.33,47,pNPB hydrolysis absorbance assay,p-nitrophenyl butyrate (pNPB),96,,Example 4; Table 4,not_applicable_patent | WO2011067349A1,,variants/LMT_0514.html,-1
LMT_0515,LMT_0515,Candida antarctica lipase B G44A/M83L/T103G/M129L/G207A/D223G,Candida antarctica lipase B G44A/M83L/T103G/M129L/G207A/D223G,Candida antarctica lipase B G44A/M83L/T103G/M129L/G207A/D223G,Candida antarctica,,,,mutant_or_engineered_construct,LMT_0022,G44A;M83L;T103G;M129L;G207A;D223G,P41365,,,,,sequence_ready,yes,P41365,UniProt,342,e5014ab42856b5807ef5170d01a0d5da314a320b39e61e3058fba58c10a1bc42,results/2026-06-16_duplicate_uniprot_fulltext_audit/raw/uniprot_P41365.json,0.240287,-1.558553,2.051905,,,evidence_sparse,F9 public display table: 1 reliable observations; 0 independent sources,LMT_0515,evidence_sparse,,Candida antarctica lipase B G44A/M83L/T103G/M129L/G207A/D223G,1,,,D,94.43,误差带仅说明测量不精确，不参与T7a评分,独立来源数=，独立性档=D,all_rows_complete; complete_rows=1/1,,,free,,archive_preview_only_not_authoritative,,,holdout_only,EVID_PAT_000628,WEBR1_PROTOCOL_0552,PAT_ASSAY_WO2011067349_EX4_T4,1,1,0,1,patent,1,50,0.33,47,pNPB hydrolysis absorbance assay,p-nitrophenyl butyrate (pNPB),96,,Example 4; Table 4,not_applicable_patent | WO2011067349A1,,variants/LMT_0515.html,-1
LMT_0516,LMT_0516,Candida antarctica lipase B T103G/M129L/T174N/P303K,Candida antarctica lipase B T103G/M129L/T174N/P303K,Candida antarctica lipase B T103G/M129L/T174N/P303K,Candida antarctica,,,,mutant_or_engineered_construct,LMT_0022,T103G;M129L;T174N;P303K,P41365,,,,,sequence_ready,yes,P41365,UniProt,342,e5014ab42856b5807ef5170d01a0d5da314a320b39e61e3058fba58c10a1bc42,results/2026-06-16_duplicate_uniprot_fulltext_audit/raw/uniprot_P41365.json,0.234198,-1.352574,1.957688,,,evidence_sparse,F9 public display table: 1 reliable observations; 0 independent sources,LMT_0516,evidence_sparse,,Candida antarctica lipase B T103G/M129L/T174N/P303K,1,,,D,94.59,误差带仅说明测量不精确，不参与T7a评分,独立来源数=，独立性档=D,all_rows_complete; complete_rows=1/1,,,free,,archive_preview_only_not_authoritative,,,holdout_only,EVID_PAT_000629,WEBR1_PROTOCOL_0553,PAT_ASSAY_WO2011067349_EX4_T4,1,1,0,1,patent,1,50,0.33,47,pNPB hydrolysis absorbance assay,p-nitrophenyl butyrate (pNPB),96,,Example 4; Table 4,not_applicable_patent | WO2011067349A1,,variants/LMT_0516.html,-1
LMT_0517,LMT_0517,Candida antarctica lipase B S31R/M83L/T103G/M129L/G207A/D223G,Candida antarctica lipase B S31R/M83L/T103G/M129L/G207A/D223G,Candida antarctica lipase B S31R/M83L/T103G/M129L/G207A/D223G,Candida antarctica,,,,mutant_or_engineered_construct,LMT_0022,S31R;M83L;T103G;M129L;G207A;D223G,P41365,,,,,sequence_ready,yes,P41365,UniProt,342,e5014ab42856b5807ef5170d01a0d5da314a320b39e61e3058fba58c10a1bc42,results/2026-06-16_duplicate_uniprot_fulltext_audit/raw/uniprot_P41365.json,0.223499,-1.416417,1.926435,,,evidence_sparse,F9 public display table: 1 reliable observations; 0 independent sources,LMT_0517,evidence_sparse,,Candida antarctica lipase B S31R/M83L/T103G/M129L/G207A/D223G,1,,,D,94.75,误差带仅说明测量不精确，不参与T7a评分,独立来源数=，独立性档=D,all_rows_complete; complete_rows=1/1,,,free,,archive_preview_only_not_authoritative,,,holdout_only,EVID_PAT_000630,WEBR1_PROTOCOL_0554,PAT_ASSAY_WO2011067349_EX4_T4,1,1,0,1,patent,1,50,0.33,47,pNPB hydrolysis absorbance assay,p-nitrophenyl butyrate (pNPB),95,,Example 4; Table 4,not_applicable_patent | WO2011067349A1,,variants/LMT_0517.html,-1
LMT_0518,LMT_0518,Candida antarctica lipase B S197G/G207A/D223G/T244P/A284N/P303K/V315I,Candida antarctica lipase B S197G/G207A/D223G/T244P/A284N/P303K/V315I,Candida antarctica lipase B S197G/G207A/D223G/T244P/A284N/P303K/V315I,Candida antarctica,,,,mutant_or_engineered_construct,LMT_0022,S197G;G207A;D223G;T244P;A284N;P303K;V315I,P41365,,,,,sequence_ready,yes,P41365,UniProt,342,e5014ab42856b5807ef5170d01a0d5da314a320b39e61e3058fba58c10a1bc42,results/2026-06-16_duplicate_uniprot_fulltext_audit/raw/uniprot_P41365.json,0.266937,-1.438369,2.257987,,,evidence_sparse,F9 public display table: 1 reliable observations; 0 independent sources,LMT_0518,evidence_sparse,,Candida antarctica lipase B S197G/G207A/D223G/T244P/A284N/P303K/V315I,1,,,D,94.92,误差带仅说明测量不精确，不参与T7a评分,独立来源数=，独立性档=D,all_rows_complete; complete_rows=1/1,,,free,,archive_preview_only_not_authoritative,,,holdout_only,EVID_PAT_000631,WEBR1_PROTOCOL_0555,PAT_ASSAY_WO2011067349_EX4_T4,1,1,0,1,patent,1,50,0.33,47,pNPB hydrolysis absorbance assay,p-nitrophenyl butyrate (pNPB),95,,Example 4; Table 4,not_applicable_patent | WO2011067349A1,,variants/LMT_0518.html,-1
LMT_0519,LMT_0519,Candida antarctica lipase B T103G/M129L/G207A/D223G/P303K,Candida antarctica lipase B T103G/M129L/G207A/D223G/P303K,Candida antarctica lipase B T103G/M129L/G207A/D223G/P303K,Candida antarctica,,,,mutant_or_engineered_construct,LMT_0022,T103G;M129L;G207A;D223G;P303K,P41365,,,,,sequence_ready,yes,P41365,UniProt,342,e5014ab42856b5807ef5170d01a0d5da314a320b39e61e3058fba58c10a1bc42,results/2026-06-16_duplicate_uniprot_fulltext_audit/raw/uniprot_P41365.json,0.267797,-1.351925,1.918132,,,evidence_sparse,F9 public display table: 1 reliable observations; 0 independent sources,LMT_0519,evidence_sparse,,Candida antarctica lipase B T103G/M129L/G207A/D223G/P303K,1,,,D,95.08,误差带仅说明测量不精确，不参与T7a评分,独立来源数=，独立性档=D,all_rows_complete; complete_rows=1/1,,,free,,archive_preview_only_not_authoritative,,,holdout_only,EVID_PAT_000632,WEBR1_PROTOCOL_0556,PAT_ASSAY_WO2011067349_EX4_T4,1,1,0,1,patent,1,50,0.33,47,pNPB hydrolysis absorbance assay,p-nitrophenyl butyrate (pNPB),95,,Example 4; Table 4,not_applicable_patent | WO2011067349A1,,variants/LMT_0519.html,-1
LMT_0520,LMT_0520,Candida antarctica lipase B M83L/T103G/G114A/M129L/G207A/D223G,Candida antarctica lipase B M83L/T103G/G114A/M129L/G207A/D223G,Candida antarctica lipase B M83L/T103G/G114A/M129L/G207A/D223G,Candida antarctica,,,,mutant_or_engineered_construct,LMT_0022,M83L;T103G;G114A;M129L;G207A;D223G,P41365,,,,,sequence_ready,yes,P41365,UniProt,342,e5014ab42856b5807ef5170d01a0d5da314a320b39e61e3058fba58c10a1bc42,results/2026-06-16_duplicate_uniprot_fulltext_audit/raw/uniprot_P41365.json,0.237461,-1.557099,2.036874,,,evidence_sparse,F9 public display table: 1 reliable observations; 0 independent sources,LMT_0520,evidence_sparse,,Candida antarctica lipase B M83L/T103G/G114A/M129L/G207A/D223G,1,,,D,95.25,误差带仅说明测量不精确，不参与T7a评分,独立来源数=，独立性档=D,all_rows_complete; complete_rows=1/1,,,free,,archive_preview_only_not_authoritative,,,holdout_only,EVID_PAT_000633,WEBR1_PROTOCOL_0557,PAT_ASSAY_WO2011067349_EX4_T4,1,1,0,1,patent,1,50,0.33,47,pNPB hydrolysis absorbance assay,p-nitrophenyl butyrate (pNPB),95,,Example 4; Table 4,not_applicable_patent | WO2011067349A1,,variants/LMT_0520.html,-1
LMT_0521,LMT_0521,TLL291/A113G/L74N lipase mutant crude enzyme,TLL291/A113G/L74N lipase mutant crude enzyme,TLL291/A113G/L74N lipase mutant crude enzyme,Thermomyces lanuginosus,,,,mutant_or_engineered_construct,LMT_0050,A113G;L74N,O59952,,,,,sequence_ready,yes,O59952,UniProt,291,c6cb4fa8a559c00f4f75196aa65d5b4e53a61893888093afd08ebc09d87464ed,results/2026-06-16_duplicate_uniprot_fulltext_audit/raw/uniprot_O59952.json,,,,,,evidence_absent,F9 public display table: 0 reliable observations; 0 independent sources,LMT_0521,evidence_absent,,TLL291/A113G/L74N lipase mutant crude enzyme,0,,,D,21.15,误差带仅说明测量不精确，不参与T7a评分,独立来源数=，独立性档=D,not_evaluable_no_evidence_rows; complete_rows=0/0,,,crude_extract,,archive_preview_only_not_authoritative,,,holdout_only,EVID_PAT_000703,WEBR1_PROTOCOL_0558,PAT_ASSAY_CN117887688_EX4_60MEOH_24H,1,1,0,1,patent,1,60,24,50,pNPP hydrolysis assay; 50 C water bath 10 min; acetone stop; pNP standard curve,p-nitrophenyl palmitate (pNPP),33.6,,Description [0030]-[0031]; Figure 5,not_applicable_patent | CN117887688A,,variants/LMT_0521.html,-1
LMT_0522,LMT_0522,Thermomyces lanuginosus lipase TLL-NDTQ,Thermomyces lanuginosus lipase TLL-NDTQ,Thermomyces lanuginosus lipase TLL-NDTQ,Thermomyces lanuginosus,,,,mutant_or_engineered_construct,LMT_0050,NDTQ,O59952,,,,,sequence_ready,yes,O59952,UniProt,291,c6cb4fa8a559c00f4f75196aa65d5b4e53a61893888093afd08ebc09d87464ed,results/2026-06-16_duplicate_uniprot_fulltext_audit/raw/uniprot_O59952.json,0.802007,-0.824167,2.531479,,,evidence_sparse,F9 public display table: 1 reliable observations; 0 independent sources,LMT_0522,evidence_sparse,,Thermomyces lanuginosus lipase TLL-NDTQ,1,,,D,32.95,误差带仅说明测量不精确，不参与T7a评分,独立来源数=，独立性档=D,no_complete_rows; complete_rows=0/1,,,free,,archive_preview_only_not_authoritative,,,downweighted_train,EVID_PAT_000702,WEBR1_PROTOCOL_0559,PAT_ASSAY_CN119082082_FIG7_10MEOH_1H,1,1,0,1,patent,1,10,1,not_reported,lipase activity assay under each enzyme's optimum temperature and pH; exact substrate not extracted,not_reported,94.57,,Experiment example 1 [0052]-[0053]; Figure 7,not_applicable_patent | CN119082082B,,variants/LMT_0522.html,-1
LMT_0523,LMT_0523,T1.2-like lipase SEQ ID NO:1,T1.2-like lipase SEQ ID NO:1,T1.2-like lipase SEQ ID NO:1,Bacillus manliponensis,,,,canonical_entity,,T1.2-like lipase SEQ ID NO:1,A0A073JVM2,,,WP_034641604,,sequence_ready,no,,,,,,2.123742,0.496089,3.843018,,,evidence_moderate,F9 public display table: 3 reliable observations; 0 independent sources,LMT_0523,evidence_moderate,,T1.2-like lipase SEQ ID NO:1,3,,,D,42.79,误差带仅说明测量不精确，不参与T7a评分,独立来源数=，独立性档=D,partial_rows_complete; complete_rows=4/5,,,free,,archive_preview_only_not_authoritative,,,downweighted_train,EVID_PAT_000001; EVID_PAT_000002; EVID_PAT_000003; EVID_PAT_000004; EVID_PAT_000005,WEBR1_PROTOCOL_0560,PAT_ASSAY_WO2023282853_T2C_RESORUFIN_MEOH_TOLERANCE,5,1,0,5,patent,1,40,1,25,resorufin lipase substrate fluorescence assay after 1 h methanol preincubation,resorufin lipase substrate,111,,WO2023282853A2 Methanol tolerance assay methods; Table 2c publication pages 34-35; local rendered Table 2c pages page_36_copy.png/page_37_copy.png,not_applicable_patent | WO2023282853A2,,variants/LMT_0523.html,-1
LMT_0524,LMT_0524,T1.2-like lipase SEQ ID NO:2,T1.2-like lipase SEQ ID NO:2,T1.2-like lipase SEQ ID NO:2,Bacillus gaemokensis,,,,canonical_entity,,T1.2-like lipase SEQ ID NO:2,A0A073K489,,,WP_033678103,,sequence_ready,no,,,,,,1.190093,-0.251311,2.757796,,,evidence_moderate,F9 public display table: 4 reliable observations; 0 independent sources,LMT_0524,evidence_moderate,,T1.2-like lipase SEQ ID NO:2,4,,,D,42.95,误差带仅说明测量不精确，不参与T7a评分,独立来源数=，独立性档=D,partial_rows_complete; complete_rows=4/5,,,free,,archive_preview_only_not_authoritative,,,downweighted_train,EVID_PAT_000006; EVID_PAT_000007; EVID_PAT_000008; EVID_PAT_000009; EVID_PAT_000010,WEBR1_PROTOCOL_0561,PAT_ASSAY_WO2023282853_T2C_RESORUFIN_MEOH_TOLERANCE,5,1,0,5,patent,1,40,1,25,resorufin lipase substrate fluorescence assay after 1 h methanol preincubation,resorufin lipase substrate,100,,WO2023282853A2 Methanol tolerance assay methods; Table 2c publication pages 34-35; local rendered Table 2c pages page_36_copy.png/page_37_copy.png,not_applicable_patent | WO2023282853A2,,variants/LMT_0524.html,-1
LMT_0525,LMT_0525,T1.2-like lipase SEQ ID NO:19,T1.2-like lipase SEQ ID NO:19,T1.2-like lipase SEQ ID NO:19,Deinococcus actinosclerus,,,,canonical_entity,,T1.2-like lipase SEQ ID NO:19,,,,WP_062157600,,sequence_ready,no,,,,,,0.983153,-0.747722,2.630735,,,evidence_sparse,F9 public display table: 2 reliable observations; 0 independent sources,LMT_0525,evidence_sparse,,T1.2-like lipase SEQ ID NO:19,2,,,D,43.11,误差带仅说明测量不精确，不参与T7a评分,独立来源数=，独立性档=D,partial_rows_complete; complete_rows=4/5,,,free,,archive_preview_only_not_authoritative,,,downweighted_train,EVID_PAT_000011; EVID_PAT_000012; EVID_PAT_000013; EVID_PAT_000014; EVID_PAT_000015,WEBR1_PROTOCOL_0562,PAT_ASSAY_WO2023282853_T2C_RESORUFIN_MEOH_TOLERANCE,5,1,0,5,patent,1,40,1,25,resorufin lipase substrate fluorescence assay after 1 h methanol preincubation,resorufin lipase substrate,586,,WO2023282853A2 Methanol tolerance assay methods; Table 2c publication pages 34-35; local rendered Table 2c pages page_36_copy.png/page_37_copy.png,not_applicable_patent | WO2023282853A2,,variants/LMT_0525.html,-1
LMT_0526,LMT_0526,T1.2-like lipase SEQ ID NO:21,T1.2-like lipase SEQ ID NO:21,T1.2-like lipase SEQ ID NO:21,Staphylococcus simulans,,,,canonical_entity,,T1.2-like lipase SEQ ID NO:21,,,,WP_060804605,,sequence_ready,no,,,,,,1.15765,-0.351131,2.713969,,,evidence_moderate,F9 public display table: 3 reliable observations; 0 independent sources,LMT_0526,evidence_moderate,,T1.2-like lipase SEQ ID NO:21,3,,,D,43.28,误差带仅说明测量不精确，不参与T7a评分,独立来源数=，独立性档=D,partial_rows_complete; complete_rows=4/5,,,free,,archive_preview_only_not_authoritative,,,downweighted_train,EVID_PAT_000281; EVID_PAT_000282; EVID_PAT_000283; EVID_PAT_000284; EVID_PAT_000285,WEBR1_PROTOCOL_0563,PAT_ASSAY_WO2023282853_T2C_RESORUFIN_MEOH_TOLERANCE,5,1,0,5,patent,1,40,1,25,resorufin lipase substrate fluorescence assay after 1 h methanol preincubation,resorufin lipase substrate,3925,,WO2023282853A2 Methanol tolerance assay methods; Table 2c publication pages 34-35; local rendered Table 2c pages page_36_copy.png/page_37_copy.png,not_applicable_patent | WO2023282853A2,,variants/LMT_0526.html,-1
LMT_0527,LMT_0527,T1.2-like lipase SEQ ID NO:22,T1.2-like lipase SEQ ID NO:22,T1.2-like lipase SEQ ID NO:22,Geobacillus sp.,B4113_201601,,,canonical_entity,,T1.2-like lipase SEQ ID NO:22,,,,WP_033843744,,sequence_ready,no,,,,,,1.87209,0.256854,3.596278,,,evidence_moderate,F9 public display table: 3 reliable observations; 0 independent sources,LMT_0527,evidence_moderate,,T1.2-like lipase SEQ ID NO:22,3,,,D,43.44,误差带仅说明测量不精确，不参与T7a评分,独立来源数=，独立性档=D,partial_rows_complete; complete_rows=4/5,,,free,,archive_preview_only_not_authoritative,,,downweighted_train,EVID_PAT_000016; EVID_PAT_000017; EVID_PAT_000018; EVID_PAT_000019; EVID_PAT_000020,WEBR1_PROTOCOL_0564,PAT_ASSAY_WO2023282853_T2C_RESORUFIN_MEOH_TOLERANCE,5,1,0,5,patent,1,40,1,25,resorufin lipase substrate fluorescence assay after 1 h methanol preincubation,resorufin lipase substrate,224,,WO2023282853A2 Methanol tolerance assay methods; Table 2c publication pages 34-35; local rendered Table 2c pages page_36_copy.png/page_37_copy.png,not_applicable_patent | WO2023282853A2,,variants/LMT_0527.html,-1
LMT_0528,LMT_0528,T1.2-like lipase SEQ ID NO:23,T1.2-like lipase SEQ ID NO:23,T1.2-like lipase SEQ ID NO:23,Staphylococcus pseudintermedius,,,,canonical_entity,,T1.2-like lipase SEQ ID NO:23,,ANS88560,,,,sequence_ready,no,,,,,,0.444236,-0.990472,1.954192,,,evidence_moderate,F9 public display table: 4 reliable observations; 0 independent sources,LMT_0528,evidence_moderate,,T1.2-like lipase SEQ ID NO:23,4,,,D,43.61,误差带仅说明测量不精确，不参与T7a评分,独立来源数=，独立性档=D,partial_rows_complete; complete_rows=4/5,,,free,,archive_preview_only_not_authoritative,,,downweighted_train,EVID_PAT_000021; EVID_PAT_000022; EVID_PAT_000023; EVID_PAT_000024; EVID_PAT_000025,WEBR1_PROTOCOL_0565,PAT_ASSAY_WO2023282853_T2C_RESORUFIN_MEOH_TOLERANCE,5,1,0,5,patent,1,40,1,25,resorufin lipase substrate fluorescence assay after 1 h methanol preincubation,resorufin lipase substrate,139,,WO2023282853A2 Methanol tolerance assay methods; Table 2c publication pages 34-35; local rendered Table 2c pages page_36_copy.png/page_37_copy.png,not_applicable_patent | WO2023282853A2,,variants/LMT_0528.html,-1
LMT_0529,LMT_0529,T1.2-like lipase SEQ ID NO:25,T1.2-like lipase SEQ ID NO:25,T1.2-like lipase SEQ ID NO:25,Clostridium sp.,W14A,,,canonical_entity,,T1.2-like lipase SEQ ID NO:25,A0A1C0BQG4,,,WP_066643301,,sequence_ready,no,,,,,,0.817577,-1.242801,2.802626,,,evidence_sparse,F9 public display table: 1 reliable observations; 0 independent sources,LMT_0529,evidence_sparse,,T1.2-like lipase SEQ ID NO:25,1,,,D,43.77,误差带仅说明测量不精确，不参与T7a评分,独立来源数=，独立性档=D,partial_rows_complete; complete_rows=4/5,,,free,,archive_preview_only_not_authoritative,,,downweighted_train,EVID_PAT_000026; EVID_PAT_000027; EVID_PAT_000028; EVID_PAT_000029; EVID_PAT_000030,WEBR1_PROTOCOL_0566,PAT_ASSAY_WO2023282853_T2C_RESORUFIN_MEOH_TOLERANCE,5,1,0,5,patent,1,40,1,25,resorufin lipase substrate fluorescence assay after 1 h methanol preincubation,resorufin lipase substrate,656,,WO2023282853A2 Methanol tolerance assay methods; Table 2c publication pages 34-35; local rendered Table 2c pages page_36_copy.png/page_37_copy.png,not_applicable_patent | WO2023282853A2,,variants/LMT_0529.html,-1
LMT_0530,LMT_0530,T1.2-like lipase SEQ ID NO:26,T1.2-like lipase SEQ ID NO:26,T1.2-like lipase SEQ ID NO:26,Clostridium taeniosporum,,,,canonical_entity,,T1.2-like lipase SEQ ID NO:26,,,,WP_069680770,,sequence_ready,no,,,,,,3.134122,1.632604,4.655967,,,evidence_moderate,F9 public display table: 4 reliable observations; 0 independent sources,LMT_0530,evidence_moderate,,T1.2-like lipase SEQ ID NO:26,4,,,D,43.93,误差带仅说明测量不精确，不参与T7a评分,独立来源数=，独立性档=D,partial_rows_complete; complete_rows=4/5,,,free,,archive_preview_only_not_authoritative,,,downweighted_train,EVID_PAT_000031; EVID_PAT_000032; EVID_PAT_000033; EVID_PAT_000034; EVID_PAT_000035,WEBR1_PROTOCOL_0567,PAT_ASSAY_WO2023282853_T2C_RESORUFIN_MEOH_TOLERANCE,5,1,0,5,patent,1,40,1,25,resorufin lipase substrate fluorescence assay after 1 h methanol preincubation,resorufin lipase substrate,100,,WO2023282853A2 Methanol tolerance assay methods; Table 2c publication pages 34-35; local rendered Table 2c pages page_36_copy.png/page_37_copy.png,not_applicable_patent | WO2023282853A2,,variants/LMT_0530.html,-1
LMT_0531,LMT_0531,T1.2-like lipase SEQ ID NO:27,T1.2-like lipase SEQ ID NO:27,T1.2-like lipase SEQ ID NO:27,Clostridium taeniosporum,,,,canonical_entity,,T1.2-like lipase SEQ ID NO:27,,,,WP_069680769,,sequence_ready,no,,,,,,2.051464,0.562836,3.543557,,,evidence_moderate,F9 public display table: 4 reliable observations; 0 independent sources,LMT_0531,evidence_moderate,,T1.2-like lipase SEQ ID NO:27,4,,,D,44.10,误差带仅说明测量不精确，不参与T7a评分,独立来源数=，独立性档=D,partial_rows_complete; complete_rows=4/5,,,free,,archive_preview_only_not_authoritative,,,downweighted_train,EVID_PAT_000036; EVID_PAT_000037; EVID_PAT_000038; EVID_PAT_000039; EVID_PAT_000040,WEBR1_PROTOCOL_0568,PAT_ASSAY_WO2023282853_T2C_RESORUFIN_MEOH_TOLERANCE,5,1,0,5,patent,1,40,1,25,resorufin lipase substrate fluorescence assay after 1 h methanol preincubation,resorufin lipase substrate,100,,WO2023282853A2 Methanol tolerance assay methods; Table 2c publication pages 34-35; local rendered Table 2c pages page_36_copy.png/page_37_copy.png,not_applicable_patent | WO2023282853A2,,variants/LMT_0531.html,-1
LMT_0532,LMT_0532,T1.2-like lipase SEQ ID NO:30,T1.2-like lipase SEQ ID NO:30,T1.2-like lipase SEQ ID NO:30,Dyella sp.,AtDHG13,,,canonical_entity,,T1.2-like lipase SEQ ID NO:30,A0A1G8VHQ4,,,WP_074547075,,sequence_ready,no,,,,,,2.219647,0.482752,3.991053,,,evidence_sparse,F9 public display table: 2 reliable observations; 0 independent sources,LMT_0532,evidence_sparse,,T1.2-like lipase SEQ ID NO:30,2,,,D,44.26,误差带仅说明测量不精确，不参与T7a评分,独立来源数=，独立性档=D,partial_rows_complete; complete_rows=4/5,,,free,,archive_preview_only_not_authoritative,,,downweighted_train,EVID_PAT_000041; EVID_PAT_000042; EVID_PAT_000043; EVID_PAT_000044; EVID_PAT_000045,WEBR1_PROTOCOL_0569,PAT_ASSAY_WO2023282853_T2C_RESORUFIN_MEOH_TOLERANCE,5,1,0,5,patent,1,40,1,25,resorufin lipase substrate fluorescence assay after 1 h methanol preincubation,resorufin lipase substrate,384,,WO2023282853A2 Methanol tolerance assay methods; Table 2c publication pages 34-35; local rendered Table 2c pages page_36_copy.png/page_37_copy.png,not_applicable_patent | WO2023282853A2,,variants/LMT_0532.html,-1
LMT_0533,LMT_0533,T1.2-like lipase SEQ ID NO:31,T1.2-like lipase SEQ ID NO:31,T1.2-like lipase SEQ ID NO:31,Marininema halotolerans,,,,canonical_entity,,T1.2-like lipase SEQ ID NO:31,,,,WP_091836826,,sequence_ready,no,,,,,,0.40223,-1.119389,1.855276,,,evidence_moderate,F9 public display table: 4 reliable observations; 0 independent sources,LMT_0533,evidence_moderate,,T1.2-like lipase SEQ ID NO:31,4,,,D,44.43,误差带仅说明测量不精确，不参与T7a评分,独立来源数=，独立性档=D,partial_rows_complete; complete_rows=4/5,,,free,,archive_preview_only_not_authoritative,,,downweighted_train,EVID_PAT_000046; EVID_PAT_000047; EVID_PAT_000048; EVID_PAT_000049; EVID_PAT_000050,WEBR1_PROTOCOL_0570,PAT_ASSAY_WO2023282853_T2C_RESORUFIN_MEOH_TOLERANCE,5,1,0,5,patent,1,40,1,25,resorufin lipase substrate fluorescence assay after 1 h methanol preincubation,resorufin lipase substrate,197,,WO2023282853A2 Methanol tolerance assay methods; Table 2c publication pages 34-35; local rendered Table 2c pages page_36_copy.png/page_37_copy.png,not_applicable_patent | WO2023282853A2,,variants/LMT_0533.html,-1
LMT_0534,LMT_0534,T1.2-like lipase SEQ ID NO:35,T1.2-like lipase SEQ ID NO:35,T1.2-like lipase SEQ ID NO:35,Thermosyntropha lipolytica,DSM 11003,,,canonical_entity,,T1.2-like lipase SEQ ID NO:35,A0A1M5LUW5,,,WP_073090264,,sequence_ready,no,,,,,,2.65017,1.016231,4.276568,,,evidence_moderate,F9 public display table: 3 reliable observations; 0 independent sources,LMT_0534,evidence_moderate,,T1.2-like lipase SEQ ID NO:35,3,,,D,44.59,误差带仅说明测量不精确，不参与T7a评分,独立来源数=，独立性档=D,partial_rows_complete; complete_rows=4/5,,,free,,archive_preview_only_not_authoritative,,,downweighted_train,EVID_PAT_000051; EVID_PAT_000052; EVID_PAT_000053; EVID_PAT_000054; EVID_PAT_000055,WEBR1_PROTOCOL_0571,PAT_ASSAY_WO2023282853_T2C_RESORUFIN_MEOH_TOLERANCE,5,1,0,5,patent,1,40,1,25,resorufin lipase substrate fluorescence assay after 1 h methanol preincubation,resorufin lipase substrate,360,,WO2023282853A2 Methanol tolerance assay methods; Table 2c publication pages 34-35; local rendered Table 2c pages page_36_copy.png/page_37_copy.png,not_applicable_patent | WO2023282853A2,,variants/LMT_0534.html,-1
LMT_0535,LMT_0535,T1.2-like lipase SEQ ID NO:36,T1.2-like lipase SEQ ID NO:36,T1.2-like lipase SEQ ID NO:36,Clostridium cavendishii,DSM 21758,,,canonical_entity,,T1.2-like lipase SEQ ID NO:36,,,,WP_072986104,,sequence_ready,no,,,,,,2.632099,1.00126,4.288272,,,evidence_sparse,F9 public display table: 2 reliable observations; 0 independent sources,LMT_0535,evidence_sparse,,T1.2-like lipase SEQ ID NO:36,2,,,D,44.75,误差带仅说明测量不精确，不参与T7a评分,独立来源数=，独立性档=D,partial_rows_complete; complete_rows=4/5,,,free,,archive_preview_only_not_authoritative,,,downweighted_train,EVID_PAT_000316; EVID_PAT_000317; EVID_PAT_000318; EVID_PAT_000319; EVID_PAT_000320,WEBR1_PROTOCOL_0572,PAT_ASSAY_WO2023282853_T2C_RESORUFIN_MEOH_TOLERANCE,5,1,0,5,patent,1,40,1,25,resorufin lipase substrate fluorescence assay after 1 h methanol preincubation,resorufin lipase substrate,1128,,WO2023282853A2 Methanol tolerance assay methods; Table 2c publication pages 34-35; local rendered Table 2c pages page_36_copy.png/page_37_copy.png,not_applicable_patent | WO2023282853A2,,variants/LMT_0535.html,-1
LMT_0536,LMT_0536,T1.2-like lipase SEQ ID NO:38,T1.2-like lipase SEQ ID NO:38,T1.2-like lipase SEQ ID NO:38,Paenibacillus macerans,,,,canonical_entity,,T1.2-like lipase SEQ ID NO:38,A0A1R1HF91,MCG1381978,,,,sequence_ready,no,,,,,,1.909087,0.543956,3.368389,,,evidence_moderate,F9 public display table: 4 reliable observations; 0 independent sources,LMT_0536,evidence_moderate,,T1.2-like lipase SEQ ID NO:38,4,,,D,44.92,误差带仅说明测量不精确，不参与T7a评分,独立来源数=，独立性档=D,partial_rows_complete; complete_rows=4/5,,,free,,archive_preview_only_not_authoritative,,,downweighted_train,EVID_PAT_000056; EVID_PAT_000057; EVID_PAT_000058; EVID_PAT_000059; EVID_PAT_000060,WEBR1_PROTOCOL_0573,PAT_ASSAY_WO2023282853_T2C_RESORUFIN_MEOH_TOLERANCE,5,1,0,5,patent,1,40,1,25,resorufin lipase substrate fluorescence assay after 1 h methanol preincubation,resorufin lipase substrate,100,,WO2023282853A2 Methanol tolerance assay methods; Table 2c publication pages 34-35; local rendered Table 2c pages page_36_copy.png/page_37_copy.png,not_applicable_patent | WO2023282853A2,,variants/LMT_0536.html,-1
LMT_0537,LMT_0537,T1.2-like lipase SEQ ID NO:39,T1.2-like lipase SEQ ID NO:39,T1.2-like lipase SEQ ID NO:39,Crenothrix polyspora,,,,canonical_entity,,T1.2-like lipase SEQ ID NO:39,A0A1R4HDF8,SJM94288,,,,sequence_ready,no,,,,,,,,,,,evidence_absent,F9 public display table: 0 reliable observations; 0 independent sources,LMT_0537,evidence_absent,,T1.2-like lipase SEQ ID NO:39,0,,,D,45.08,误差带仅说明测量不精确，不参与T7a评分,独立来源数=，独立性档=D,partial_rows_complete; complete_rows=4/5,,,free,,archive_preview_only_not_authoritative,,,downweighted_train,EVID_PAT_000061; EVID_PAT_000062; EVID_PAT_000063; EVID_PAT_000064; EVID_PAT_000065,WEBR1_PROTOCOL_0574,PAT_ASSAY_WO2023282853_T2C_RESORUFIN_MEOH_TOLERANCE,5,1,0,5,patent,1,40,1,25,resorufin lipase substrate fluorescence assay after 1 h methanol preincubation,resorufin lipase substrate,394,,WO2023282853A2 Methanol tolerance assay methods; Table 2c publication pages 34-35; local rendered Table 2c pages page_36_copy.png/page_37_copy.png,not_applicable_patent | WO2023282853A2,,variants/LMT_0537.html,-1
LMT_0538,LMT_0538,T1.2-like lipase SEQ ID NO:40,T1.2-like lipase SEQ ID NO:40,T1.2-like lipase SEQ ID NO:40,Clostridium felsineum,DSM 794,,,canonical_entity,,T1.2-like lipase SEQ ID NO:40,,,,WP_077894319,,sequence_ready,no,,,,,,2.221981,0.48053,4.016003,,,evidence_sparse,F9 public display table: 2 reliable observations; 0 independent sources,LMT_0538,evidence_sparse,,T1.2-like lipase SEQ ID NO:40,2,,,D,45.25,误差带仅说明测量不精确，不参与T7a评分,独立来源数=，独立性档=D,partial_rows_complete; complete_rows=4/5,,,free,,archive_preview_only_not_authoritative,,,downweighted_train,EVID_PAT_000066; EVID_PAT_000067; EVID_PAT_000068; EVID_PAT_000069; EVID_PAT_000070,WEBR1_PROTOCOL_0575,PAT_ASSAY_WO2023282853_T2C_RESORUFIN_MEOH_TOLERANCE,5,1,0,5,patent,1,40,1,25,resorufin lipase substrate fluorescence assay after 1 h methanol preincubation,resorufin lipase substrate,891,,WO2023282853A2 Methanol tolerance assay methods; Table 2c publication pages 34-35; local rendered Table 2c pages page_36_copy.png/page_37_copy.png,not_applicable_patent | WO2023282853A2,,variants/LMT_0538.html,-1
LMT_0539,LMT_0539,T1.2-like lipase SEQ ID NO:42,T1.2-like lipase SEQ ID NO:42,T1.2-like lipase SEQ ID NO:42,Clostridium oryzae,,,,canonical_entity,,T1.2-like lipase SEQ ID NO:42,,,,WP_079423464,,sequence_ready,no,,,,,,1.056856,-0.710648,2.846361,,,evidence_sparse,F9 public display table: 2 reliable observations; 0 independent sources,LMT_0539,evidence_sparse,,T1.2-like lipase SEQ ID NO:42,2,,,D,45.41,误差带仅说明测量不精确，不参与T7a评分,独立来源数=，独立性档=D,partial_rows_complete; complete_rows=4/5,,,free,,archive_preview_only_not_authoritative,,,downweighted_train,EVID_PAT_000071; EVID_PAT_000072; EVID_PAT_000073; EVID_PAT_000074; EVID_PAT_000075,WEBR1_PROTOCOL_0576,PAT_ASSAY_WO2023282853_T2C_RESORUFIN_MEOH_TOLERANCE,5,1,0,5,patent,1,40,1,25,resorufin lipase substrate fluorescence assay after 1 h methanol preincubation,resorufin lipase substrate,570,,WO2023282853A2 Methanol tolerance assay methods; Table 2c publication pages 34-35; local rendered Table 2c pages page_36_copy.png/page_37_copy.png,not_applicable_patent | WO2023282853A2,,variants/LMT_0539.html,-1
LMT_0540,LMT_0540,T1.2-like lipase SEQ ID NO:43,T1.2-like lipase SEQ ID NO:43,T1.2-like lipase SEQ ID NO:43,Firmicutes bacterium,ADurb.Bin262,,,canonical_entity,,T1.2-like lipase SEQ ID NO:43,,OQA65321,,,,sequence_ready,no,,,,,,0.330207,-1.227501,1.915251,,,evidence_moderate,F9 public display table: 3 reliable observations; 0 independent sources,LMT_0540,evidence_moderate,,T1.2-like lipase SEQ ID NO:43,3,,,D,45.57,误差带仅说明测量不精确，不参与T7a评分,独立来源数=，独立性档=D,partial_rows_complete; complete_rows=4/5,,,free,,archive_preview_only_not_authoritative,,,downweighted_train,EVID_PAT_000076; EVID_PAT_000077; EVID_PAT_000078; EVID_PAT_000079; EVID_PAT_000080,WEBR1_PROTOCOL_0577,PAT_ASSAY_WO2023282853_T2C_RESORUFIN_MEOH_TOLERANCE,5,1,0,5,patent,1,40,1,25,resorufin lipase substrate fluorescence assay after 1 h methanol preincubation,resorufin lipase substrate,732,,WO2023282853A2 Methanol tolerance assay methods; Table 2c publication pages 34-35; local rendered Table 2c pages page_36_copy.png/page_37_copy.png,not_applicable_patent | WO2023282853A2,,variants/LMT_0540.html,-1
LMT_0541,LMT_0541,T1.2-like lipase SEQ ID NO:44,T1.2-like lipase SEQ ID NO:44,T1.2-like lipase SEQ ID NO:44,Firmicutes bacterium,ADurb.Bin262,,,canonical_entity,,T1.2-like lipase SEQ ID NO:44,,OQA66558,,,,sequence_ready,no,,,,,,1.056373,-0.964526,2.940979,,,evidence_sparse,F9 public display table: 1 reliable observations; 0 independent sources,LMT_0541,evidence_sparse,,T1.2-like lipase SEQ ID NO:44,1,,,D,45.74,误差带仅说明测量不精确，不参与T7a评分,独立来源数=，独立性档=D,partial_rows_complete; complete_rows=4/5,,,free,,archive_preview_only_not_authoritative,,,downweighted_train,EVID_PAT_000081; EVID_PAT_000082; EVID_PAT_000083; EVID_PAT_000084; EVID_PAT_000085,WEBR1_PROTOCOL_0578,PAT_ASSAY_WO2023282853_T2C_RESORUFIN_MEOH_TOLERANCE,5,1,0,5,patent,1,40,1,25,resorufin lipase substrate fluorescence assay after 1 h methanol preincubation,resorufin lipase substrate,331,,WO2023282853A2 Methanol tolerance assay methods; Table 2c publication pages 34-35; local rendered Table 2c pages page_36_copy.png/page_37_copy.png,not_applicable_patent | WO2023282853A2,,variants/LMT_0541.html,-1
LMT_0542,LMT_0542,T1.2-like lipase SEQ ID NO:45,T1.2-like lipase SEQ ID NO:45,T1.2-like lipase SEQ ID NO:45,Spirochaetes bacterium,ADurb.Bin215,,,canonical_entity,,T1.2-like lipase SEQ ID NO:45,,OQB03353,,,,sequence_ready,no,,,,,,0.561749,-1.287691,2.439329,,,evidence_moderate,F9 public display table: 3 reliable observations; 0 independent sources,LMT_0542,evidence_moderate,,T1.2-like lipase SEQ ID NO:45,3,,,D,45.90,误差带仅说明测量不精确，不参与T7a评分,独立来源数=，独立性档=D,partial_rows_complete; complete_rows=4/5,,,free,,archive_preview_only_not_authoritative,,,downweighted_train,EVID_PAT_000286; EVID_PAT_000287; EVID_PAT_000288; EVID_PAT_000289; EVID_PAT_000290,WEBR1_PROTOCOL_0579,PAT_ASSAY_WO2023282853_T2C_RESORUFIN_MEOH_TOLERANCE,5,1,0,5,patent,1,40,1,25,resorufin lipase substrate fluorescence assay after 1 h methanol preincubation,resorufin lipase substrate,219,,WO2023282853A2 Methanol tolerance assay methods; Table 2c publication pages 34-35; local rendered Table 2c pages page_36_copy.png/page_37_copy.png,not_applicable_patent | WO2023282853A2,,variants/LMT_0542.html,-1
LMT_0543,LMT_0543,T1.2-like lipase SEQ ID NO:46,T1.2-like lipase SEQ ID NO:46,T1.2-like lipase SEQ ID NO:46,Clostridium acidisoli,DSM 12555,,,canonical_entity,,T1.2-like lipase SEQ ID NO:46,,,,WP_084114757,,sequence_ready,no,,,,,,,,,,,evidence_absent,F9 public display table: 0 reliable observations; 0 independent sources,LMT_0543,evidence_absent,,T1.2-like lipase SEQ ID NO:46,0,,,D,46.07,误差带仅说明测量不精确，不参与T7a评分,独立来源数=，独立性档=D,partial_rows_complete; complete_rows=4/5,,,free,,archive_preview_only_not_authoritative,,,downweighted_train,EVID_PAT_000321; EVID_PAT_000322; EVID_PAT_000323; EVID_PAT_000324; EVID_PAT_000325,WEBR1_PROTOCOL_0580,PAT_ASSAY_WO2023282853_T2C_RESORUFIN_MEOH_TOLERANCE,5,1,0,5,patent,1,40,1,25,resorufin lipase substrate fluorescence assay after 1 h methanol preincubation,resorufin lipase substrate,2295,,WO2023282853A2 Methanol tolerance assay methods; Table 2c publication pages 34-35; local rendered Table 2c pages page_36_copy.png/page_37_copy.png,not_applicable_patent | WO2023282853A2,,variants/LMT_0543.html,-1
LMT_0544,LMT_0544,T1.2-like lipase SEQ ID NO:54,T1.2-like lipase SEQ ID NO:54,T1.2-like lipase SEQ ID NO:54,Clostridium botulinum,C str. Eklund,,,canonical_entity,,T1.2-like lipase SEQ ID NO:54,,,,WP_003364599,,sequence_ready,no,,,,,,1.120776,-0.406454,2.635852,,,evidence_moderate,F9 public display table: 4 reliable observations; 0 independent sources,LMT_0544,evidence_moderate,,T1.2-like lipase SEQ ID NO:54,4,,,D,46.23,误差带仅说明测量不精确，不参与T7a评分,独立来源数=，独立性档=D,partial_rows_complete; complete_rows=4/5,,,free,,archive_preview_only_not_authoritative,,,downweighted_train,EVID_PAT_000091; EVID_PAT_000092; EVID_PAT_000093; EVID_PAT_000094; EVID_PAT_000095,WEBR1_PROTOCOL_0581,PAT_ASSAY_WO2023282853_T2C_RESORUFIN_MEOH_TOLERANCE,5,1,0,5,patent,1,40,1,25,resorufin lipase substrate fluorescence assay after 1 h methanol preincubation,resorufin lipase substrate,178,,WO2023282853A2 Methanol tolerance assay methods; Table 2c publication pages 34-35; local rendered Table 2c pages page_36_copy.png/page_37_copy.png,not_applicable_patent | WO2023282853A2,,variants/LMT_0544.html,-1
LMT_0545,LMT_0545,T1.2-like lipase SEQ ID NO:55,T1.2-like lipase SEQ ID NO:55,T1.2-like lipase SEQ ID NO:55,Clostridium botulinum,(strain Eklund 17B; taxonomic_alias=Type B),,,canonical_entity,,T1.2-like lipase SEQ ID NO:55,,,,WP_252221616,,sequence_ready,no,,,,,,2.424787,0.887015,3.97121,,,evidence_moderate,F9 public display table: 4 reliable observations; 0 independent sources,LMT_0545,evidence_moderate,,T1.2-like lipase SEQ ID NO:55,4,,,D,46.39,误差带仅说明测量不精确，不参与T7a评分,独立来源数=，独立性档=D,partial_rows_complete; complete_rows=4/5,,,free,,archive_preview_only_not_authoritative,,,downweighted_train,EVID_PAT_000096; EVID_PAT_000097; EVID_PAT_000098; EVID_PAT_000099; EVID_PAT_000100,WEBR1_PROTOCOL_0582,PAT_ASSAY_WO2023282853_T2C_RESORUFIN_MEOH_TOLERANCE,5,1,0,5,patent,1,40,1,25,resorufin lipase substrate fluorescence assay after 1 h methanol preincubation,resorufin lipase substrate,100,,WO2023282853A2 Methanol tolerance assay methods; Table 2c publication pages 34-35; local rendered Table 2c pages page_36_copy.png/page_37_copy.png,not_applicable_patent | WO2023282853A2,,variants/LMT_0545.html,-1
LMT_0546,LMT_0546,T1.2-like lipase SEQ ID NO:56,T1.2-like lipase SEQ ID NO:56,T1.2-like lipase SEQ ID NO:56,Clostridium botulinum,(strain Eklund 17B; taxonomic_alias=Type B),,,canonical_entity,,T1.2-like lipase SEQ ID NO:56,,,,WP_252248617,,sequence_ready,no,,,,,,2.317769,0.761502,3.859343,,,evidence_moderate,F9 public display table: 3 reliable observations; 0 independent sources,LMT_0546,evidence_moderate,,T1.2-like lipase SEQ ID NO:56,3,,,D,46.56,误差带仅说明测量不精确，不参与T7a评分,独立来源数=，独立性档=D,partial_rows_complete; complete_rows=4/5,,,free,,archive_preview_only_not_authoritative,,,downweighted_train,EVID_PAT_000101; EVID_PAT_000102; EVID_PAT_000103; EVID_PAT_000104; EVID_PAT_000105,WEBR1_PROTOCOL_0583,PAT_ASSAY_WO2023282853_T2C_RESORUFIN_MEOH_TOLERANCE,5,1,0,5,patent,1,40,1,25,resorufin lipase substrate fluorescence assay after 1 h methanol preincubation,resorufin lipase substrate,100,,WO2023282853A2 Methanol tolerance assay methods; Table 2c publication pages 34-35; local rendered Table 2c pages page_36_copy.png/page_37_copy.png,not_applicable_patent | WO2023282853A2,,variants/LMT_0546.html,-1
LMT_0547,LMT_0547,T1.2-like lipase SEQ ID NO:57,T1.2-like lipase SEQ ID NO:57,T1.2-like lipase SEQ ID NO:57,Geobacillus sp.,SBS-4S,,,canonical_entity,,T1.2-like lipase SEQ ID NO:57,B9ZZP0,,,,3AUK,sequence_ready,no,,,,,,2.380155,0.889802,3.903951,,,evidence_moderate,F9 public display table: 4 reliable observations; 0 independent sources,LMT_0547,evidence_moderate,,T1.2-like lipase SEQ ID NO:57,4,,,D,46.72,误差带仅说明测量不精确，不参与T7a评分,独立来源数=，独立性档=D,partial_rows_complete; complete_rows=4/5,,,free,,archive_preview_only_not_authoritative,,,downweighted_train,EVID_PAT_000106; EVID_PAT_000107; EVID_PAT_000108; EVID_PAT_000109; EVID_PAT_000110,WEBR1_PROTOCOL_0584,PAT_ASSAY_WO2023282853_T2C_RESORUFIN_MEOH_TOLERANCE,5,1,0,5,patent,1,40,1,25,resorufin lipase substrate fluorescence assay after 1 h methanol preincubation,resorufin lipase substrate,136,,WO2023282853A2 Methanol tolerance assay methods; Table 2c publication pages 34-35; local rendered Table 2c pages page_36_copy.png/page_37_copy.png,not_applicable_patent | WO2023282853A2,,variants/LMT_0547.html,-1
LMT_0548,LMT_0548,T1.2-like lipase SEQ ID NO:59,T1.2-like lipase SEQ ID NO:59,T1.2-like lipase SEQ ID NO:59,uncultured bacterium,,,,canonical_entity,,T1.2-like lipase SEQ ID NO:59,C1ING4,,,WP_458884124,,sequence_ready,no,,,,,,1.789821,0.324907,3.373841,,,evidence_moderate,F9 public display table: 3 reliable observations; 0 independent sources,LMT_0548,evidence_moderate,,T1.2-like lipase SEQ ID NO:59,3,,,D,46.89,误差带仅说明测量不精确，不参与T7a评分,独立来源数=，独立性档=D,partial_rows_complete; complete_rows=4/5,,,free,,archive_preview_only_not_authoritative,,,downweighted_train,EVID_PAT_000111; EVID_PAT_000112; EVID_PAT_000113; EVID_PAT_000114; EVID_PAT_000115,WEBR1_PROTOCOL_0585,PAT_ASSAY_WO2023282853_T2C_RESORUFIN_MEOH_TOLERANCE,5,1,0,5,patent,1,40,1,25,resorufin lipase substrate fluorescence assay after 1 h methanol preincubation,resorufin lipase substrate,100,,WO2023282853A2 Methanol tolerance assay methods; Table 2c publication pages 34-35; local rendered Table 2c pages page_36_copy.png/page_37_copy.png,not_applicable_patent | WO2023282853A2,,variants/LMT_0548.html,-1
LMT_0549,LMT_0549,T1.2-like lipase SEQ ID NO:60,T1.2-like lipase SEQ ID NO:60,T1.2-like lipase SEQ ID NO:60,Bacillus thermoamylovorans,,,,canonical_entity,,T1.2-like lipase SEQ ID NO:60,C4T9I5,BAH70300,,,,sequence_ready,no,,,,,,1.858205,0.375653,3.442376,,,evidence_moderate,F9 public display table: 4 reliable observations; 0 independent sources,LMT_0549,evidence_moderate,,T1.2-like lipase SEQ ID NO:60,4,,,D,47.05,误差带仅说明测量不精确，不参与T7a评分,独立来源数=，独立性档=D,partial_rows_complete; complete_rows=4/5,,,free,,archive_preview_only_not_authoritative,,,downweighted_train,EVID_PAT_000116; EVID_PAT_000117; EVID_PAT_000118; EVID_PAT_000119; EVID_PAT_000120,WEBR1_PROTOCOL_0586,PAT_ASSAY_WO2023282853_T2C_RESORUFIN_MEOH_TOLERANCE,5,1,0,5,patent,1,40,1,25,resorufin lipase substrate fluorescence assay after 1 h methanol preincubation,resorufin lipase substrate,166,,WO2023282853A2 Methanol tolerance assay methods; Table 2c publication pages 34-35; local rendered Table 2c pages page_36_copy.png/page_37_copy.png,not_applicable_patent | WO2023282853A2,,variants/LMT_0549.html,-1
LMT_0550,LMT_0550,T1.2-like lipase SEQ ID NO:61,T1.2-like lipase SEQ ID NO:61,T1.2-like lipase SEQ ID NO:61,Clostridium botulinum,E1 str. 'BoNT E Beluga',,,canonical_entity,,T1.2-like lipase SEQ ID NO:61,,,,WP_003370297,,sequence_ready,no,,,,,,0.811057,-0.714914,2.412559,,,evidence_moderate,F9 public display table: 4 reliable observations; 0 independent sources,LMT_0550,evidence_moderate,,T1.2-like lipase SEQ ID NO:61,4,,,D,47.21,误差带仅说明测量不精确，不参与T7a评分,独立来源数=，独立性档=D,partial_rows_complete; complete_rows=4/5,,,free,,archive_preview_only_not_authoritative,,,downweighted_train,EVID_PAT_000121; EVID_PAT_000122; EVID_PAT_000123; EVID_PAT_000124; EVID_PAT_000125,WEBR1_PROTOCOL_0587,PAT_ASSAY_WO2023282853_T2C_RESORUFIN_MEOH_TOLERANCE,5,1,0,5,patent,1,40,1,25,resorufin lipase substrate fluorescence assay after 1 h methanol preincubation,resorufin lipase substrate,131,,WO2023282853A2 Methanol tolerance assay methods; Table 2c publication pages 34-35; local rendered Table 2c pages page_36_copy.png/page_37_copy.png,not_applicable_patent | WO2023282853A2,,variants/LMT_0550.html,-1
LMT_0551,LMT_0551,T1.2-like lipase SEQ ID NO:62,T1.2-like lipase SEQ ID NO:62,T1.2-like lipase SEQ ID NO:62,Clostridium novyi;,Clostridium botulinum D str. 1873,,,canonical_entity,,T1.2-like lipase SEQ ID NO:62,,,,WP_004443940,,sequence_ready,no,,,,,,1.715158,0.158896,3.195037,,,evidence_moderate,F9 public display table: 4 reliable observations; 0 independent sources,LMT_0551,evidence_moderate,,T1.2-like lipase SEQ ID NO:62,4,,,D,47.38,误差带仅说明测量不精确，不参与T7a评分,独立来源数=，独立性档=D,partial_rows_complete; complete_rows=4/5,,,free,,archive_preview_only_not_authoritative,,,downweighted_train,EVID_PAT_000126; EVID_PAT_000127; EVID_PAT_000128; EVID_PAT_000129; EVID_PAT_000130,WEBR1_PROTOCOL_0588,PAT_ASSAY_WO2023282853_T2C_RESORUFIN_MEOH_TOLERANCE,5,1,0,5,patent,1,40,1,25,resorufin lipase substrate fluorescence assay after 1 h methanol preincubation,resorufin lipase substrate,100,,WO2023282853A2 Methanol tolerance assay methods; Table 2c publication pages 34-35; local rendered Table 2c pages page_36_copy.png/page_37_copy.png,not_applicable_patent | WO2023282853A2,,variants/LMT_0551.html,-1
LMT_0552,LMT_0552,T1.2-like lipase SEQ ID NO:64,T1.2-like lipase SEQ ID NO:64,T1.2-like lipase SEQ ID NO:64,Aneurinibacillus thermoaerophilus,,,,canonical_entity,,T1.2-like lipase SEQ ID NO:64,D3XB96,ADC84241,,,,sequence_ready,no,,,,,,3.020099,1.594875,4.515285,,,evidence_moderate,F9 public display table: 4 reliable observations; 0 independent sources,LMT_0552,evidence_moderate,,T1.2-like lipase SEQ ID NO:64,4,,,D,47.54,误差带仅说明测量不精确，不参与T7a评分,独立来源数=，独立性档=D,partial_rows_complete; complete_rows=4/5,,,free,,archive_preview_only_not_authoritative,,,downweighted_train,EVID_PAT_000131; EVID_PAT_000132; EVID_PAT_000133; EVID_PAT_000134; EVID_PAT_000135,WEBR1_PROTOCOL_0589,PAT_ASSAY_WO2023282853_T2C_RESORUFIN_MEOH_TOLERANCE,5,1,0,5,patent,1,40,1,25,resorufin lipase substrate fluorescence assay after 1 h methanol preincubation,resorufin lipase substrate,100,,WO2023282853A2 Methanol tolerance assay methods; Table 2c publication pages 34-35; local rendered Table 2c pages page_36_copy.png/page_37_copy.png,not_applicable_patent | WO2023282853A2,,variants/LMT_0552.html,-1
LMT_0553,LMT_0553,T1.2-like lipase SEQ ID NO:66,T1.2-like lipase SEQ ID NO:66,T1.2-like lipase SEQ ID NO:66,Deinococcus maricopensis,(strain DSM 21211; taxonomic_alias=LMG 22137 / NRRL B-23946 / LB-34),,,canonical_entity,,T1.2-like lipase SEQ ID NO:66,,,,WP_013556638,,sequence_ready,no,,,,,,1.078866,-0.496651,2.712675,,,evidence_moderate,F9 public display table: 3 reliable observations; 0 independent sources,LMT_0553,evidence_moderate,,T1.2-like lipase SEQ ID NO:66,3,,,D,47.70,误差带仅说明测量不精确，不参与T7a评分,独立来源数=，独立性档=D,partial_rows_complete; complete_rows=4/5,,,free,,archive_preview_only_not_authoritative,,,downweighted_train,EVID_PAT_000136; EVID_PAT_000137; EVID_PAT_000138; EVID_PAT_000139; EVID_PAT_000140,WEBR1_PROTOCOL_0590,PAT_ASSAY_WO2023282853_T2C_RESORUFIN_MEOH_TOLERANCE,5,1,0,5,patent,1,40,1,25,resorufin lipase substrate fluorescence assay after 1 h methanol preincubation,resorufin lipase substrate,264,,WO2023282853A2 Methanol tolerance assay methods; Table 2c publication pages 34-35; local rendered Table 2c pages page_36_copy.png/page_37_copy.png,not_applicable_patent | WO2023282853A2,,variants/LMT_0553.html,-1
LMT_0554,LMT_0554,T1.2-like lipase SEQ ID NO:67,T1.2-like lipase SEQ ID NO:67,T1.2-like lipase SEQ ID NO:67,Treponema brennaborense,(strain DSM 12168; taxonomic_alias=CIP 105900 / DD5/3),,,canonical_entity,,T1.2-like lipase SEQ ID NO:67,F4LN14,,,WP_013757519,,sequence_ready,no,,,,,,0.530327,-1.411065,2.505598,,,evidence_sparse,F9 public display table: 1 reliable observations; 0 independent sources,LMT_0554,evidence_sparse,,T1.2-like lipase SEQ ID NO:67,1,,,D,47.87,误差带仅说明测量不精确，不参与T7a评分,独立来源数=，独立性档=D,partial_rows_complete; complete_rows=4/5,,,free,,archive_preview_only_not_authoritative,,,downweighted_train,EVID_PAT_000306; EVID_PAT_000307; EVID_PAT_000308; EVID_PAT_000309; EVID_PAT_000310,WEBR1_PROTOCOL_0591,PAT_ASSAY_WO2023282853_T2C_RESORUFIN_MEOH_TOLERANCE,5,1,0,5,patent,1,40,1,25,resorufin lipase substrate fluorescence assay after 1 h methanol preincubation,resorufin lipase substrate,464,,WO2023282853A2 Methanol tolerance assay methods; Table 2c publication pages 34-35; local rendered Table 2c pages page_36_copy.png/page_37_copy.png,not_applicable_patent | WO2023282853A2,,variants/LMT_0554.html,-1
LMT_0555,LMT_0555,T1.2-like lipase SEQ ID NO:68,T1.2-like lipase SEQ ID NO:68,T1.2-like lipase SEQ ID NO:68,Desmospora sp.,8437,,,canonical_entity,,T1.2-like lipase SEQ ID NO:68,F5SFI7,SIS95128,,,,sequence_ready,no,,,,,,2.142131,0.172031,4.099912,,,evidence_sparse,F9 public display table: 1 reliable observations; 0 independent sources,LMT_0555,evidence_sparse,,T1.2-like lipase SEQ ID NO:68,1,,,D,48.03,误差带仅说明测量不精确，不参与T7a评分,独立来源数=，独立性档=D,partial_rows_complete; complete_rows=4/5,,,free,,archive_preview_only_not_authoritative,,,downweighted_train,EVID_PAT_000141; EVID_PAT_000142; EVID_PAT_000143; EVID_PAT_000144; EVID_PAT_000145,WEBR1_PROTOCOL_0592,PAT_ASSAY_WO2023282853_T2C_RESORUFIN_MEOH_TOLERANCE,5,1,0,5,patent,1,40,1,25,resorufin lipase substrate fluorescence assay after 1 h methanol preincubation,resorufin lipase substrate,1464,,WO2023282853A2 Methanol tolerance assay methods; Table 2c publication pages 34-35; local rendered Table 2c pages page_36_copy.png/page_37_copy.png,not_applicable_patent | WO2023282853A2,,variants/LMT_0555.html,-1
LMT_0556,LMT_0556,T1.2-like lipase SEQ ID NO:70,T1.2-like lipase SEQ ID NO:70,T1.2-like lipase SEQ ID NO:70,Desulfosporosinus orientis,(strain ATCC 19365; taxonomic_alias=DSM 765 / NCIMB 8382 / VKM B-1628 / Singapore I) (Desulfotomaculum orientis),,,canonical_entity,,T1.2-like lipase SEQ ID NO:70,G7WDF7,,,WP_014184735,,sequence_ready,no,,,,,,2.810147,1.316704,4.408798,,,evidence_moderate,F9 public display table: 4 reliable observations; 0 independent sources,LMT_0556,evidence_moderate,,T1.2-like lipase SEQ ID NO:70,4,,,D,48.20,误差带仅说明测量不精确，不参与T7a评分,独立来源数=，独立性档=D,partial_rows_complete; complete_rows=4/5,,,free,,archive_preview_only_not_authoritative,,,downweighted_train,EVID_PAT_000146; EVID_PAT_000147; EVID_PAT_000148; EVID_PAT_000149; EVID_PAT_000150,WEBR1_PROTOCOL_0593,PAT_ASSAY_WO2023282853_T2C_RESORUFIN_MEOH_TOLERANCE,5,1,0,5,patent,1,40,1,25,resorufin lipase substrate fluorescence assay after 1 h methanol preincubation,resorufin lipase substrate,175,,WO2023282853A2 Methanol tolerance assay methods; Table 2c publication pages 34-35; local rendered Table 2c pages page_36_copy.png/page_37_copy.png,not_applicable_patent | WO2023282853A2,,variants/LMT_0556.html,-1
LMT_0557,LMT_0557,T1.2-like lipase SEQ ID NO:72,T1.2-like lipase SEQ ID NO:72,T1.2-like lipase SEQ ID NO:72,Paenibacillus dendritiformis,C454,,,canonical_entity,,T1.2-like lipase SEQ ID NO:72,,,,WP_006679935,,sequence_ready,no,,,,,,1.026427,-0.524315,2.534594,,,evidence_moderate,F9 public display table: 3 reliable observations; 0 independent sources,LMT_0557,evidence_moderate,,T1.2-like lipase SEQ ID NO:72,3,,,D,48.36,误差带仅说明测量不精确，不参与T7a评分,独立来源数=，独立性档=D,partial_rows_complete; complete_rows=4/5,,,free,,archive_preview_only_not_authoritative,,,downweighted_train,EVID_PAT_000151; EVID_PAT_000152; EVID_PAT_000153; EVID_PAT_000154; EVID_PAT_000155,WEBR1_PROTOCOL_0594,PAT_ASSAY_WO2023282853_T2C_RESORUFIN_MEOH_TOLERANCE,5,1,0,5,patent,1,40,1,25,resorufin lipase substrate fluorescence assay after 1 h methanol preincubation,resorufin lipase substrate,748,,WO2023282853A2 Methanol tolerance assay methods; Table 2c publication pages 34-35; local rendered Table 2c pages page_36_copy.png/page_37_copy.png,not_applicable_patent | WO2023282853A2,,variants/LMT_0557.html,-1
LMT_0558,LMT_0558,T1.2-like lipase SEQ ID NO:73,T1.2-like lipase SEQ ID NO:73,T1.2-like lipase SEQ ID NO:73,uncultured bacterium,,,,canonical_entity,,T1.2-like lipase SEQ ID NO:73,,AEA72266,,,,sequence_ready,no,,,,,,1.60303,-0.113317,3.226477,,,evidence_sparse,F9 public display table: 2 reliable observations; 0 independent sources,LMT_0558,evidence_sparse,,T1.2-like lipase SEQ ID NO:73,2,,,D,48.52,误差带仅说明测量不精确，不参与T7a评分,独立来源数=，独立性档=D,partial_rows_complete; complete_rows=4/5,,,free,,archive_preview_only_not_authoritative,,,downweighted_train,EVID_PAT_000291; EVID_PAT_000292; EVID_PAT_000293; EVID_PAT_000294; EVID_PAT_000295,WEBR1_PROTOCOL_0595,PAT_ASSAY_WO2023282853_T2C_RESORUFIN_MEOH_TOLERANCE,5,1,0,5,patent,1,40,1,25,resorufin lipase substrate fluorescence assay after 1 h methanol preincubation,resorufin lipase substrate,10446,,WO2023282853A2 Methanol tolerance assay methods; Table 2c publication pages 34-35; local rendered Table 2c pages page_36_copy.png/page_37_copy.png,not_applicable_patent | WO2023282853A2,,variants/LMT_0558.html,-1
LMT_0559,LMT_0559,T1.2-like lipase SEQ ID NO:74,T1.2-like lipase SEQ ID NO:74,T1.2-like lipase SEQ ID NO:74,Desulfosporosinus acidiphilus,(strain DSM 22704; taxonomic_alias=JCM 16185 / SJ4),,,canonical_entity,,T1.2-like lipase SEQ ID NO:74,I4D483,,,WP_014826614,,sequence_ready,no,,,,,,1.453121,-0.153102,3.08479,,,evidence_moderate,F9 public display table: 3 reliable observations; 0 independent sources,LMT_0559,evidence_moderate,,T1.2-like lipase SEQ ID NO:74,3,,,D,48.69,误差带仅说明测量不精确，不参与T7a评分,独立来源数=，独立性档=D,partial_rows_complete; complete_rows=4/5,,,free,,archive_preview_only_not_authoritative,,,downweighted_train,EVID_PAT_000156; EVID_PAT_000157; EVID_PAT_000158; EVID_PAT_000159; EVID_PAT_000160,WEBR1_PROTOCOL_0596,PAT_ASSAY_WO2023282853_T2C_RESORUFIN_MEOH_TOLERANCE,5,1,0,5,patent,1,40,1,25,resorufin lipase substrate fluorescence assay after 1 h methanol preincubation,resorufin lipase substrate,204,,WO2023282853A2 Methanol tolerance assay methods; Table 2c publication pages 34-35; local rendered Table 2c pages page_36_copy.png/page_37_copy.png,not_applicable_patent | WO2023282853A2,,variants/LMT_0559.html,-1
LMT_0560,LMT_0560,T1.2-like lipase SEQ ID NO:77,T1.2-like lipase SEQ ID NO:77,T1.2-like lipase SEQ ID NO:77,Clostridium sporogenes,ATCC 15579,,,canonical_entity,,T1.2-like lipase SEQ ID NO:77,,,,WP_042384885,,sequence_ready,no,,,,,,1.14268,-0.770059,2.960284,,,evidence_sparse,F9 public display table: 1 reliable observations; 0 independent sources,LMT_0560,evidence_sparse,,T1.2-like lipase SEQ ID NO:77,1,,,D,48.85,误差带仅说明测量不精确，不参与T7a评分,独立来源数=，独立性档=D,partial_rows_complete; complete_rows=4/5,,,free,,archive_preview_only_not_authoritative,,,downweighted_train,EVID_PAT_000296; EVID_PAT_000297; EVID_PAT_000298; EVID_PAT_000299; EVID_PAT_000300,WEBR1_PROTOCOL_0597,PAT_ASSAY_WO2023282853_T2C_RESORUFIN_MEOH_TOLERANCE,5,1,0,5,patent,1,40,1,25,resorufin lipase substrate fluorescence assay after 1 h methanol preincubation,resorufin lipase substrate,3040,,WO2023282853A2 Methanol tolerance assay methods; Table 2c publication pages 34-35; local rendered Table 2c pages page_36_copy.png/page_37_copy.png,not_applicable_patent | WO2023282853A2,,variants/LMT_0560.html,-1
LMT_0561,LMT_0561,T1.2-like lipase SEQ ID NO:79,T1.2-like lipase SEQ ID NO:79,T1.2-like lipase SEQ ID NO:79,Burkholderia sp.,SJ98,,,canonical_entity,,T1.2-like lipase SEQ ID NO:79,,,,WP_144403729,,sequence_ready,no,,,,,,2.14866,0.663604,3.648837,,,evidence_moderate,F9 public display table: 4 reliable observations; 0 independent sources,LMT_0561,evidence_moderate,,T1.2-like lipase SEQ ID NO:79,4,,,D,49.02,误差带仅说明测量不精确，不参与T7a评分,独立来源数=，独立性档=D,partial_rows_complete; complete_rows=4/5,,,free,,archive_preview_only_not_authoritative,,,downweighted_train,EVID_PAT_000161; EVID_PAT_000162; EVID_PAT_000163; EVID_PAT_000164; EVID_PAT_000165,WEBR1_PROTOCOL_0598,PAT_ASSAY_WO2023282853_T2C_RESORUFIN_MEOH_TOLERANCE,5,1,0,5,patent,1,40,1,25,resorufin lipase substrate fluorescence assay after 1 h methanol preincubation,resorufin lipase substrate,100,,WO2023282853A2 Methanol tolerance assay methods; Table 2c publication pages 34-35; local rendered Table 2c pages page_36_copy.png/page_37_copy.png,not_applicable_patent | WO2023282853A2,,variants/LMT_0561.html,-1
LMT_0562,LMT_0562,T1.2-like lipase SEQ ID NO:80,T1.2-like lipase SEQ ID NO:80,T1.2-like lipase SEQ ID NO:80,Staphylococcus massiliensis,S46,,,canonical_entity,,T1.2-like lipase SEQ ID NO:80,,,,WP_009382350,,sequence_ready,no,,,,,,0.415355,-1.161229,1.9906,,,evidence_moderate,F9 public display table: 4 reliable observations; 0 independent sources,LMT_0562,evidence_moderate,,T1.2-like lipase SEQ ID NO:80,4,,,D,49.18,误差带仅说明测量不精确，不参与T7a评分,独立来源数=，独立性档=D,partial_rows_complete; complete_rows=4/5,,,free,,archive_preview_only_not_authoritative,,,downweighted_train,EVID_PAT_000166; EVID_PAT_000167; EVID_PAT_000168; EVID_PAT_000169; EVID_PAT_000170,WEBR1_PROTOCOL_0599,PAT_ASSAY_WO2023282853_T2C_RESORUFIN_MEOH_TOLERANCE,5,1,0,5,patent,1,40,1,25,resorufin lipase substrate fluorescence assay after 1 h methanol preincubation,resorufin lipase substrate,173,,WO2023282853A2 Methanol tolerance assay methods; Table 2c publication pages 34-35; local rendered Table 2c pages page_36_copy.png/page_37_copy.png,not_applicable_patent | WO2023282853A2,,variants/LMT_0562.html,-1
LMT_0563,LMT_0563,T1.2-like lipase SEQ ID NO:82,T1.2-like lipase SEQ ID NO:82,T1.2-like lipase SEQ ID NO:82,Staphylococcus massiliensis,S46,,,canonical_entity,,T1.2-like lipase SEQ ID NO:82,,,,WP_009383811,,sequence_ready,no,,,,,,0.694538,-1.199395,2.598366,,,evidence_sparse,F9 public display table: 1 reliable observations; 0 independent sources,LMT_0563,evidence_sparse,,T1.2-like lipase SEQ ID NO:82,1,,,D,49.34,误差带仅说明测量不精确，不参与T7a评分,独立来源数=，独立性档=D,partial_rows_complete; complete_rows=4/5,,,free,,archive_preview_only_not_authoritative,,,downweighted_train,EVID_PAT_000326; EVID_PAT_000327; EVID_PAT_000328; EVID_PAT_000329; EVID_PAT_000330,WEBR1_PROTOCOL_0600,PAT_ASSAY_WO2023282853_T2C_RESORUFIN_MEOH_TOLERANCE,5,1,0,5,patent,1,40,1,25,resorufin lipase substrate fluorescence assay after 1 h methanol preincubation,resorufin lipase substrate,2077,,WO2023282853A2 Methanol tolerance assay methods; Table 2c publication pages 34-35; local rendered Table 2c pages page_36_copy.png/page_37_copy.png,not_applicable_patent | WO2023282853A2,,variants/LMT_0563.html,-1
LMT_0564,LMT_0564,T1.2-like lipase SEQ ID NO:83,T1.2-like lipase SEQ ID NO:83,T1.2-like lipase SEQ ID NO:83,Staphylococcus massiliensis,S46,,,canonical_entity,,T1.2-like lipase SEQ ID NO:83,K9B5G6,,,WP_009382294,,sequence_ready,no,,,,,,3.010959,1.465226,4.598033,,,evidence_moderate,F9 public display table: 4 reliable observations; 0 independent sources,LMT_0564,evidence_moderate,,T1.2-like lipase SEQ ID NO:83,4,,,D,49.51,误差带仅说明测量不精确，不参与T7a评分,独立来源数=，独立性档=D,partial_rows_complete; complete_rows=4/5,,,free,,archive_preview_only_not_authoritative,,,downweighted_train,EVID_PAT_000171; EVID_PAT_000172; EVID_PAT_000173; EVID_PAT_000174; EVID_PAT_000175,WEBR1_PROTOCOL_0601,PAT_ASSAY_WO2023282853_T2C_RESORUFIN_MEOH_TOLERANCE,5,1,0,5,patent,1,40,1,25,resorufin lipase substrate fluorescence assay after 1 h methanol preincubation,resorufin lipase substrate,100,,WO2023282853A2 Methanol tolerance assay methods; Table 2c publication pages 34-35; local rendered Table 2c pages page_36_copy.png/page_37_copy.png,not_applicable_patent | WO2023282853A2,,variants/LMT_0564.html,-1
LMT_0565,LMT_0565,T1.2-like lipase SEQ ID NO:85,T1.2-like lipase SEQ ID NO:85,T1.2-like lipase SEQ ID NO:85,Clostridium saccharoperbutylacetonicum,N1-4,,,canonical_entity,,T1.2-like lipase SEQ ID NO:85,,,,WP_026106464,,sequence_ready,no,,,,,,0.548894,-0.992165,2.013503,,,evidence_moderate,F9 public display table: 4 reliable observations; 0 independent sources,LMT_0565,evidence_moderate,,T1.2-like lipase SEQ ID NO:85,4,,,D,49.67,误差带仅说明测量不精确，不参与T7a评分,独立来源数=，独立性档=D,partial_rows_complete; complete_rows=4/5,,,free,,archive_preview_only_not_authoritative,,,downweighted_train,EVID_PAT_000176; EVID_PAT_000177; EVID_PAT_000178; EVID_PAT_000179; EVID_PAT_000180,WEBR1_PROTOCOL_0602,PAT_ASSAY_WO2023282853_T2C_RESORUFIN_MEOH_TOLERANCE,5,1,0,5,patent,1,40,1,25,resorufin lipase substrate fluorescence assay after 1 h methanol preincubation,resorufin lipase substrate,128,,WO2023282853A2 Methanol tolerance assay methods; Table 2c publication pages 34-35; local rendered Table 2c pages page_36_copy.png/page_37_copy.png,not_applicable_patent | WO2023282853A2,,variants/LMT_0565.html,-1
LMT_0566,LMT_0566,T1.2-like lipase SEQ ID NO:86,T1.2-like lipase SEQ ID NO:86,T1.2-like lipase SEQ ID NO:86,Bacillus sp.,GeD10,,,canonical_entity,,T1.2-like lipase SEQ ID NO:86,N1LN49,,,WP_006918395,,sequence_ready,no,,,,,,0.591891,-1.196059,2.322894,,,evidence_sparse,F9 public display table: 2 reliable observations; 0 independent sources,LMT_0566,evidence_sparse,,T1.2-like lipase SEQ ID NO:86,2,,,D,49.84,误差带仅说明测量不精确，不参与T7a评分,独立来源数=，独立性档=D,partial_rows_complete; complete_rows=4/5,,,free,,archive_preview_only_not_authoritative,,,downweighted_train,EVID_PAT_000181; EVID_PAT_000182; EVID_PAT_000183; EVID_PAT_000184; EVID_PAT_000185,WEBR1_PROTOCOL_0603,PAT_ASSAY_WO2023282853_T2C_RESORUFIN_MEOH_TOLERANCE,5,1,0,5,patent,1,40,1,25,resorufin lipase substrate fluorescence assay after 1 h methanol preincubation,resorufin lipase substrate,1848,,WO2023282853A2 Methanol tolerance assay methods; Table 2c publication pages 34-35; local rendered Table 2c pages page_36_copy.png/page_37_copy.png,not_applicable_patent | WO2023282853A2,,variants/LMT_0566.html,-1
LMT_0567,LMT_0567,T1.2-like lipase SEQ ID NO:87,T1.2-like lipase SEQ ID NO:87,T1.2-like lipase SEQ ID NO:87,Geobacillus stearothermophilus,,,,canonical_entity,,T1.2-like lipase SEQ ID NO:87,,AAC12257,,,,sequence_ready,no,,,,,,1.934286,0.439426,3.583923,,,evidence_moderate,F9 public display table: 4 reliable observations; 0 independent sources,LMT_0567,evidence_moderate,,T1.2-like lipase SEQ ID NO:87,4,,,D,50.00,误差带仅说明测量不精确，不参与T7a评分,独立来源数=，独立性档=D,partial_rows_complete; complete_rows=4/5,,,free,,archive_preview_only_not_authoritative,,,downweighted_train,EVID_PAT_000186; EVID_PAT_000187; EVID_PAT_000188; EVID_PAT_000189; EVID_PAT_000190,WEBR1_PROTOCOL_0604,PAT_ASSAY_WO2023282853_T2C_RESORUFIN_MEOH_TOLERANCE,5,1,0,5,patent,1,40,1,25,resorufin lipase substrate fluorescence assay after 1 h methanol preincubation,resorufin lipase substrate,100,,WO2023282853A2 Methanol tolerance assay methods; Table 2c publication pages 34-35; local rendered Table 2c pages page_36_copy.png/page_37_copy.png,not_applicable_patent | WO2023282853A2,,variants/LMT_0567.html,-1
LMT_0568,LMT_0568,T1.2-like lipase SEQ ID NO:88,T1.2-like lipase SEQ ID NO:88,T1.2-like lipase SEQ ID NO:88,Staphylococcus aureus,(strain Mu50; taxonomic_alias=ATCC 700699),,,canonical_entity,,T1.2-like lipase SEQ ID NO:88,P65288,HHO5062574,,,,sequence_ready,no,,,,,,0.681496,-0.908612,2.283805,,,evidence_moderate,F9 public display table: 3 reliable observations; 0 independent sources,LMT_0568,evidence_moderate,,T1.2-like lipase SEQ ID NO:88,3,,,D,50.16,误差带仅说明测量不精确，不参与T7a评分,独立来源数=，独立性档=D,partial_rows_complete; complete_rows=4/5,,,free,,archive_preview_only_not_authoritative,,,downweighted_train,EVID_PAT_000191; EVID_PAT_000192; EVID_PAT_000193; EVID_PAT_000194; EVID_PAT_000195,WEBR1_PROTOCOL_0605,PAT_ASSAY_WO2023282853_T2C_RESORUFIN_MEOH_TOLERANCE,5,1,0,5,patent,1,40,1,25,resorufin lipase substrate fluorescence assay after 1 h methanol preincubation,resorufin lipase substrate,204,,WO2023282853A2 Methanol tolerance assay methods; Table 2c publication pages 34-35; local rendered Table 2c pages page_36_copy.png/page_37_copy.png,not_applicable_patent | WO2023282853A2,,variants/LMT_0568.html,-1
LMT_0569,LMT_0569,T1.2-like lipase SEQ ID NO:90,T1.2-like lipase SEQ ID NO:90,T1.2-like lipase SEQ ID NO:90,Bacillus sp.,L2,,,canonical_entity,,T1.2-like lipase SEQ ID NO:90,Q5I4I3,AAW47928,,,4FDM,structure_ready,yes,Q5I4I3,UniProt,416,c5bb682e691f35cc42f219b161d5b272b31a1ee8e6fdf19a8787e5675cf025a7,results/2026-06-16_duplicate_uniprot_fulltext_audit/raw/uniprot_Q5I4I3.json,3.146737,1.622472,4.66471,,,evidence_moderate,F9 public display table: 4 reliable observations; 0 independent sources,LMT_0569,evidence_moderate,,T1.2-like lipase SEQ ID NO:90,4,,,D,50.33,误差带仅说明测量不精确，不参与T7a评分,独立来源数=，独立性档=D,partial_rows_complete; complete_rows=4/5,,,free,,archive_preview_only_not_authoritative,,,downweighted_train,EVID_PAT_000311; EVID_PAT_000312; EVID_PAT_000313; EVID_PAT_000314; EVID_PAT_000315,WEBR1_PROTOCOL_0606,PAT_ASSAY_WO2023282853_T2C_RESORUFIN_MEOH_TOLERANCE,5,1,0,5,patent,1,40,1,25,resorufin lipase substrate fluorescence assay after 1 h methanol preincubation,resorufin lipase substrate,100,,WO2023282853A2 Methanol tolerance assay methods; Table 2c publication pages 34-35; local rendered Table 2c pages page_36_copy.png/page_37_copy.png,not_applicable_patent | WO2023282853A2,,variants/LMT_0569.html,-1
LMT_0570,LMT_0570,T1.2-like lipase SEQ ID NO:91,T1.2-like lipase SEQ ID NO:91,T1.2-like lipase SEQ ID NO:91,Geobacillus kaustophilus,,,,canonical_entity,,T1.2-like lipase SEQ ID NO:91,,,,WP_041468011,,sequence_ready,no,,,,,,3.412013,1.5687,4.950267,,,evidence_moderate,F9 public display table: 3 reliable observations; 0 independent sources,LMT_0570,evidence_moderate,,T1.2-like lipase SEQ ID NO:91,3,,,D,50.49,误差带仅说明测量不精确，不参与T7a评分,独立来源数=，独立性档=D,partial_rows_complete; complete_rows=4/5,,,free,,archive_preview_only_not_authoritative,,,downweighted_train,EVID_PAT_000201; EVID_PAT_000202; EVID_PAT_000203; EVID_PAT_000204; EVID_PAT_000205,WEBR1_PROTOCOL_0607,PAT_ASSAY_WO2023282853_T2C_RESORUFIN_MEOH_TOLERANCE,5,1,0,5,patent,1,40,1,25,resorufin lipase substrate fluorescence assay after 1 h methanol preincubation,resorufin lipase substrate,247,,WO2023282853A2 Methanol tolerance assay methods; Table 2c publication pages 34-35; local rendered Table 2c pages page_36_copy.png/page_37_copy.png,not_applicable_patent | WO2023282853A2,,variants/LMT_0570.html,-1
LMT_0571,LMT_0571,T1.2-like lipase SEQ ID NO:92,T1.2-like lipase SEQ ID NO:92,T1.2-like lipase SEQ ID NO:92,Bacillus sp.,,,,canonical_entity,,T1.2-like lipase SEQ ID NO:92,,AKQ44144,,,,sequence_ready,yes,Q5U780,UniProt,416,fd75008a4810dbd823faf33974be0cc267252fe3401f580354e29d40405d526a,results/2026-06-16_duplicate_uniprot_fulltext_audit/raw/uniprot_Q5U780.json,2.237603,0.673204,3.791203,,,evidence_moderate,F9 public display table: 3 reliable observations; 0 independent sources,LMT_0571,evidence_moderate,,T1.2-like lipase SEQ ID NO:92,3,,,D,50.66,误差带仅说明测量不精确，不参与T7a评分,独立来源数=，独立性档=D,partial_rows_complete; complete_rows=4/5,,,free,,archive_preview_only_not_authoritative,,,downweighted_train,EVID_PAT_000206; EVID_PAT_000207; EVID_PAT_000208; EVID_PAT_000209; EVID_PAT_000210,WEBR1_PROTOCOL_0608,PAT_ASSAY_WO2023282853_T2C_RESORUFIN_MEOH_TOLERANCE,5,1,0,5,patent,1,40,1,25,resorufin lipase substrate fluorescence assay after 1 h methanol preincubation,resorufin lipase substrate,145,,WO2023282853A2 Methanol tolerance assay methods; Table 2c publication pages 34-35; local rendered Table 2c pages page_36_copy.png/page_37_copy.png,not_applicable_patent | WO2023282853A2,,variants/LMT_0571.html,-1
LMT_0572,LMT_0572,T1.2-like lipase SEQ ID NO:97,T1.2-like lipase SEQ ID NO:97,T1.2-like lipase SEQ ID NO:97,Deinococcus radiodurans,(strain ATCC 13939; taxonomic_alias=DSM 20539 / JCM 16871 / LMG 4051 / NBRC 15346 / NCIMB 9279 / R1 / VKM B-1422),,,canonical_entity,,T1.2-like lipase SEQ ID NO:97,Q9RXH9,AAF09912,,,,sequence_ready,no,,,,,,3.490231,1.782888,4.939447,,,evidence_moderate,F9 public display table: 3 reliable observations; 0 independent sources,LMT_0572,evidence_moderate,,T1.2-like lipase SEQ ID NO:97,3,,,D,50.82,误差带仅说明测量不精确，不参与T7a评分,独立来源数=，独立性档=D,partial_rows_complete; complete_rows=4/5,,,free,,archive_preview_only_not_authoritative,,,downweighted_train,EVID_PAT_000226; EVID_PAT_000227; EVID_PAT_000228; EVID_PAT_000229; EVID_PAT_000230,WEBR1_PROTOCOL_0609,PAT_ASSAY_WO2023282853_T2C_RESORUFIN_MEOH_TOLERANCE,5,1,0,5,patent,1,40,1,25,resorufin lipase substrate fluorescence assay after 1 h methanol preincubation,resorufin lipase substrate,227,,WO2023282853A2 Methanol tolerance assay methods; Table 2c publication pages 34-35; local rendered Table 2c pages page_36_copy.png/page_37_copy.png,not_applicable_patent | WO2023282853A2,,variants/LMT_0572.html,-1
LMT_0573,LMT_0573,T1.2-like lipase SEQ ID NO:98,T1.2-like lipase SEQ ID NO:98,T1.2-like lipase SEQ ID NO:98,Firmicutes bacterium,CAG:103,,,canonical_entity,,T1.2-like lipase SEQ ID NO:98,R5ASH5,CCX46340,,,,sequence_ready,no,,,,,,1.360119,-0.078029,2.937158,,,evidence_moderate,F9 public display table: 4 reliable observations; 0 independent sources,LMT_0573,evidence_moderate,,T1.2-like lipase SEQ ID NO:98,4,,,D,50.98,误差带仅说明测量不精确，不参与T7a评分,独立来源数=，独立性档=D,partial_rows_complete; complete_rows=4/5,,,free,,archive_preview_only_not_authoritative,,,downweighted_train,EVID_PAT_000231; EVID_PAT_000232; EVID_PAT_000233; EVID_PAT_000234; EVID_PAT_000235,WEBR1_PROTOCOL_0610,PAT_ASSAY_WO2023282853_T2C_RESORUFIN_MEOH_TOLERANCE,5,1,0,5,patent,1,40,1,25,resorufin lipase substrate fluorescence assay after 1 h methanol preincubation,resorufin lipase substrate,110,,WO2023282853A2 Methanol tolerance assay methods; Table 2c publication pages 34-35; local rendered Table 2c pages page_36_copy.png/page_37_copy.png,not_applicable_patent | WO2023282853A2,,variants/LMT_0573.html,-1
LMT_0574,LMT_0574,T1.2-like lipase SEQ ID NO:100,T1.2-like lipase SEQ ID NO:100,T1.2-like lipase SEQ ID NO:100,Firmicutes bacterium,CAG:555,,,canonical_entity,,T1.2-like lipase SEQ ID NO:100,R5CTD5,CCX71190,,,,sequence_ready,no,,,,,,2.453272,1.062444,3.987436,,,evidence_moderate,F9 public display table: 4 reliable observations; 0 independent sources,LMT_0574,evidence_moderate,,T1.2-like lipase SEQ ID NO:100,4,,,D,51.15,误差带仅说明测量不精确，不参与T7a评分,独立来源数=，独立性档=D,partial_rows_complete; complete_rows=4/5,,,free,,archive_preview_only_not_authoritative,,,downweighted_train,EVID_PAT_000236; EVID_PAT_000237; EVID_PAT_000238; EVID_PAT_000239; EVID_PAT_000240,WEBR1_PROTOCOL_0611,PAT_ASSAY_WO2023282853_T2C_RESORUFIN_MEOH_TOLERANCE,5,1,0,5,patent,1,40,1,25,resorufin lipase substrate fluorescence assay after 1 h methanol preincubation,resorufin lipase substrate,100,,WO2023282853A2 Methanol tolerance assay methods; Table 2c publication pages 34-35; local rendered Table 2c pages page_36_copy.png/page_37_copy.png,not_applicable_patent | WO2023282853A2,,variants/LMT_0574.html,-1
LMT_0575,LMT_0575,T1.2-like lipase SEQ ID NO:101,T1.2-like lipase SEQ ID NO:101,T1.2-like lipase SEQ ID NO:101,Ruminococcus sp.,CAG:488,,,canonical_entity,,T1.2-like lipase SEQ ID NO:101,,CDA18888,,,,sequence_ready,no,,,,,,0.576759,-1.176935,2.438263,,,evidence_sparse,F9 public display table: 2 reliable observations; 0 independent sources,LMT_0575,evidence_sparse,,T1.2-like lipase SEQ ID NO:101,2,,,D,51.31,误差带仅说明测量不精确，不参与T7a评分,独立来源数=，独立性档=D,partial_rows_complete; complete_rows=4/5,,,free,,archive_preview_only_not_authoritative,,,downweighted_train,EVID_PAT_000241; EVID_PAT_000242; EVID_PAT_000243; EVID_PAT_000244; EVID_PAT_000245,WEBR1_PROTOCOL_0612,PAT_ASSAY_WO2023282853_T2C_RESORUFIN_MEOH_TOLERANCE,5,1,0,5,patent,1,40,1,25,resorufin lipase substrate fluorescence assay after 1 h methanol preincubation,resorufin lipase substrate,330,,WO2023282853A2 Methanol tolerance assay methods; Table 2c publication pages 34-35; local rendered Table 2c pages page_36_copy.png/page_37_copy.png,not_applicable_patent | WO2023282853A2,,variants/LMT_0575.html,-1
LMT_0576,LMT_0576,T1.2-like lipase SEQ ID NO:103,T1.2-like lipase SEQ ID NO:103,T1.2-like lipase SEQ ID NO:103,Ruminococcus sp.,CAG:177,,,canonical_entity,,T1.2-like lipase SEQ ID NO:103,,MEI3560485,,,,sequence_ready,no,,,,,,0.467364,-1.214963,2.037559,,,evidence_sparse,F9 public display table: 2 reliable observations; 0 independent sources,LMT_0576,evidence_sparse,,T1.2-like lipase SEQ ID NO:103,2,,,D,51.48,误差带仅说明测量不精确，不参与T7a评分,独立来源数=，独立性档=D,partial_rows_complete; complete_rows=4/5,,,free,,archive_preview_only_not_authoritative,,,downweighted_train,EVID_PAT_000246; EVID_PAT_000247; EVID_PAT_000248; EVID_PAT_000249; EVID_PAT_000250,WEBR1_PROTOCOL_0613,PAT_ASSAY_WO2023282853_T2C_RESORUFIN_MEOH_TOLERANCE,5,1,0,5,patent,1,40,1,25,resorufin lipase substrate fluorescence assay after 1 h methanol preincubation,resorufin lipase substrate,559,,WO2023282853A2 Methanol tolerance assay methods; Table 2c publication pages 34-35; local rendered Table 2c pages page_36_copy.png/page_37_copy.png,not_applicable_patent | WO2023282853A2,,variants/LMT_0576.html,-1
LMT_0577,LMT_0577,T1.2-like lipase SEQ ID NO:105,T1.2-like lipase SEQ ID NO:105,T1.2-like lipase SEQ ID NO:105,Clostridium sp.,CAG:413,,,canonical_entity,,T1.2-like lipase SEQ ID NO:105,,CDC09885,,,,sequence_ready,no,,,,,,0.131417,-1.896343,2.317614,,,evidence_sparse,F9 public display table: 1 reliable observations; 0 independent sources,LMT_0577,evidence_sparse,,T1.2-like lipase SEQ ID NO:105,1,,,D,51.64,误差带仅说明测量不精确，不参与T7a评分,独立来源数=，独立性档=D,partial_rows_complete; complete_rows=4/5,,,free,,archive_preview_only_not_authoritative,,,downweighted_train,EVID_PAT_000251; EVID_PAT_000252; EVID_PAT_000253; EVID_PAT_000254; EVID_PAT_000255,WEBR1_PROTOCOL_0614,PAT_ASSAY_WO2023282853_T2C_RESORUFIN_MEOH_TOLERANCE,5,1,0,5,patent,1,40,1,25,resorufin lipase substrate fluorescence assay after 1 h methanol preincubation,resorufin lipase substrate,1179,,WO2023282853A2 Methanol tolerance assay methods; Table 2c publication pages 34-35; local rendered Table 2c pages page_36_copy.png/page_37_copy.png,not_applicable_patent | WO2023282853A2,,variants/LMT_0577.html,-1
LMT_0578,LMT_0578,T1.2-like lipase SEQ ID NO:107,T1.2-like lipase SEQ ID NO:107,T1.2-like lipase SEQ ID NO:107,Clostridium sp.,CAG:413,,,canonical_entity,,T1.2-like lipase SEQ ID NO:107,,HIQ9174402,,,,sequence_ready,no,,,,,,1.166896,-0.292429,2.791696,,,evidence_moderate,F9 public display table: 4 reliable observations; 0 independent sources,LMT_0578,evidence_moderate,,T1.2-like lipase SEQ ID NO:107,4,,,D,51.80,误差带仅说明测量不精确，不参与T7a评分,独立来源数=，独立性档=D,partial_rows_complete; complete_rows=4/5,,,free,,archive_preview_only_not_authoritative,,,downweighted_train,EVID_PAT_000256; EVID_PAT_000257; EVID_PAT_000258; EVID_PAT_000259; EVID_PAT_000260,WEBR1_PROTOCOL_0615,PAT_ASSAY_WO2023282853_T2C_RESORUFIN_MEOH_TOLERANCE,5,1,0,5,patent,1,40,1,25,resorufin lipase substrate fluorescence assay after 1 h methanol preincubation,resorufin lipase substrate,198,,WO2023282853A2 Methanol tolerance assay methods; Table 2c publication pages 34-35; local rendered Table 2c pages page_36_copy.png/page_37_copy.png,not_applicable_patent | WO2023282853A2,,variants/LMT_0578.html,-1
LMT_0579,LMT_0579,T1.2-like lipase SEQ ID NO:108,T1.2-like lipase SEQ ID NO:108,T1.2-like lipase SEQ ID NO:108,Geobacillus kaustophilus,GBlys,,,canonical_entity,,T1.2-like lipase SEQ ID NO:108,,,,,6A12,sequence_ready,no,,,,,,2.285068,0.873607,3.805891,,,evidence_moderate,F9 public display table: 4 reliable observations; 0 independent sources,LMT_0579,evidence_moderate,,T1.2-like lipase SEQ ID NO:108,4,,,D,51.97,误差带仅说明测量不精确，不参与T7a评分,独立来源数=，独立性档=D,partial_rows_complete; complete_rows=4/5,,,free,,archive_preview_only_not_authoritative,,,downweighted_train,EVID_PAT_000261; EVID_PAT_000262; EVID_PAT_000263; EVID_PAT_000264; EVID_PAT_000265,WEBR1_PROTOCOL_0616,PAT_ASSAY_WO2023282853_T2C_RESORUFIN_MEOH_TOLERANCE,5,1,0,5,patent,1,40,1,25,resorufin lipase substrate fluorescence assay after 1 h methanol preincubation,resorufin lipase substrate,107,,WO2023282853A2 Methanol tolerance assay methods; Table 2c publication pages 34-35; local rendered Table 2c pages page_36_copy.png/page_37_copy.png,not_applicable_patent | WO2023282853A2,,variants/LMT_0579.html,-1
LMT_0580,LMT_0580,T1.2-like lipase SEQ ID NO:109,T1.2-like lipase SEQ ID NO:109,T1.2-like lipase SEQ ID NO:109,Clostridium tetani,12124569,,,canonical_entity,,T1.2-like lipase SEQ ID NO:109,,,,WP_023437807,,sequence_ready,no,,,,,,1.29669,-0.221151,2.824937,,,evidence_moderate,F9 public display table: 4 reliable observations; 0 independent sources,LMT_0580,evidence_moderate,,T1.2-like lipase SEQ ID NO:109,4,,,D,52.13,误差带仅说明测量不精确，不参与T7a评分,独立来源数=，独立性档=D,partial_rows_complete; complete_rows=4/5,,,free,,archive_preview_only_not_authoritative,,,downweighted_train,EVID_PAT_000266; EVID_PAT_000267; EVID_PAT_000268; EVID_PAT_000269; EVID_PAT_000270,WEBR1_PROTOCOL_0617,PAT_ASSAY_WO2023282853_T2C_RESORUFIN_MEOH_TOLERANCE,5,1,0,5,patent,1,40,1,25,resorufin lipase substrate fluorescence assay after 1 h methanol preincubation,resorufin lipase substrate,116,,WO2023282853A2 Methanol tolerance assay methods; Table 2c publication pages 34-35; local rendered Table 2c pages page_36_copy.png/page_37_copy.png,not_applicable_patent | WO2023282853A2,,variants/LMT_0580.html,-1
LMT_0581,LMT_0581,T1.2-like lipase SEQ ID NO:110,T1.2-like lipase SEQ ID NO:110,T1.2-like lipase SEQ ID NO:110,Enterobacter cloacae,S611,,,canonical_entity,,T1.2-like lipase SEQ ID NO:110,,ESS56375,,,,sequence_ready,no,,,,,,1.595573,0.119629,3.185854,,,evidence_moderate,F9 public display table: 4 reliable observations; 0 independent sources,LMT_0581,evidence_moderate,,T1.2-like lipase SEQ ID NO:110,4,,,D,52.30,误差带仅说明测量不精确，不参与T7a评分,独立来源数=，独立性档=D,partial_rows_complete; complete_rows=4/5,,,free,,archive_preview_only_not_authoritative,,,downweighted_train,EVID_PAT_000271; EVID_PAT_000272; EVID_PAT_000273; EVID_PAT_000274; EVID_PAT_000275,WEBR1_PROTOCOL_0618,PAT_ASSAY_WO2023282853_T2C_RESORUFIN_MEOH_TOLERANCE,5,1,0,5,patent,1,40,1,25,resorufin lipase substrate fluorescence assay after 1 h methanol preincubation,resorufin lipase substrate,124,,WO2023282853A2 Methanol tolerance assay methods; Table 2c publication pages 34-35; local rendered Table 2c pages page_36_copy.png/page_37_copy.png,not_applicable_patent | WO2023282853A2,,variants/LMT_0581.html,-1
LMT_0582,LMT_0582,T1.2-like lipase SEQ ID NO:113,T1.2-like lipase SEQ ID NO:113,T1.2-like lipase SEQ ID NO:113,Clostridium bornimense,,,,canonical_entity,,T1.2-like lipase SEQ ID NO:113,,,,WP_044036066,,sequence_ready,no,,,,,,0.925582,-0.548563,2.424145,,,evidence_moderate,F9 public display table: 4 reliable observations; 0 independent sources,LMT_0582,evidence_moderate,,T1.2-like lipase SEQ ID NO:113,4,,,D,52.46,误差带仅说明测量不精确，不参与T7a评分,独立来源数=，独立性档=D,partial_rows_complete; complete_rows=4/5,,,free,,archive_preview_only_not_authoritative,,,downweighted_train,EVID_PAT_000276; EVID_PAT_000277; EVID_PAT_000278; EVID_PAT_000279; EVID_PAT_000280,WEBR1_PROTOCOL_0619,PAT_ASSAY_WO2023282853_T2C_RESORUFIN_MEOH_TOLERANCE,5,1,0,5,patent,1,40,1,25,resorufin lipase substrate fluorescence assay after 1 h methanol preincubation,resorufin lipase substrate,109,,WO2023282853A2 Methanol tolerance assay methods; Table 2c publication pages 34-35; local rendered Table 2c pages page_36_copy.png/page_37_copy.png,not_applicable_patent | WO2023282853A2,,variants/LMT_0582.html,-1
LMT_0583,LMT_0583,F6 lipase WT,F6 lipase WT,F6 lipase WT,Escherichia F6,CGMCC No.7507,,,canonical_entity,,F6 lipase WT,,,,,,queued,no,,,,,,1.900616,0.349283,3.429819,,,evidence_moderate,F9 public display table: 4 reliable observations; 0 independent sources,LMT_0583,evidence_moderate,,F6 lipase WT,4,,,D,63.93,误差带仅说明测量不精确，不参与T7a评分,独立来源数=，独立性档=D,all_rows_complete; complete_rows=5/5,,,free,,archive_preview_only_not_authoritative,,,holdout_only,EVID_PAT_000740; EVID_PAT_000741; EVID_PAT_000742; EVID_PAT_000743; EVID_PAT_000744,WEBR1_PROTOCOL_0620,PAT_ASSAY_CN104278004_ANCHOR,5,1,0,5,patent,1,50,0.5,30,not_reported,not_reported,95,,"CN104278004A description [0163], Figure 8",not_applicable_patent | CN104278004A,,variants/LMT_0583.html,-1
LMT_0584,LMT_0584,Photobacterium lipolyticum NKC-M37 mutant lipase,Photobacterium lipolyticum NKC-M37 mutant lipase,Photobacterium lipolyticum NKC-M37 mutant lipase,Photobacterium lipolyticum,M37,Escherichia coli,,mutant_or_engineered_construct,LMT_0225,Photobacterium lipolyticum NKC-M37 mutant lipase,Q5DRN8,,,,,sequence_ready,yes,Q5DRN8,UniProt,340,e3575edb2530e7ce98c9119acd19060c874b3e44395a068288fd4e3008ac604a,results/2026-06-16_duplicate_uniprot_fulltext_audit/raw/uniprot_Q5DRN8.json,,,,,,evidence_absent,F9 public display table: 0 reliable observations; 0 independent sources,LMT_0584,evidence_absent,,Photobacterium lipolyticum NKC-M37 mutant lipase,0,,,D,21.31,误差带仅说明测量不精确，不参与T7a评分,独立来源数=，独立性档=D,not_evaluable_no_evidence_rows; complete_rows=0/0,,,free,,archive_preview_only_not_authoritative,,,holdout_only,EVID_PAT_000593,WEBR1_PROTOCOL_0621,PAT_ASSAY_WO2013022320_EX5,1,1,0,1,patent,1,0,15,40,biodiesel FAME conversion,waste cooking oil,95,,Google Patents Example 5 excerpt,not_applicable_patent | WO2013022320A2,,variants/LMT_0584.html,-1
LMT_0585,LMT_0585,TDLm2 lipase variant panel,TDLm2 lipase variant panel,TDLm2 lipase variant panel,Thermomyces dupontii,,,,canonical_entity,,TDLm2 lipase variant panel,,,,,,queued,no,,,,,,,,,,,evidence_absent,F9 public display table: 0 reliable observations; 0 independent sources,LMT_0585,evidence_absent,,TDLm2 lipase variant panel,0,,,D,21.48,误差带仅说明测量不精确，不参与T7a评分,独立来源数=，独立性档=D,not_evaluable_no_evidence_rows; complete_rows=0/0,,,,,archive_preview_only_not_authoritative,,,,,,,0,0,0,0,no_measurements,0,0,0,,,,0,,,,,variants/LMT_0585.html,-1
LMT_0586,LMT_0586,porcine pancreatic lipase WT,porcine pancreatic lipase WT,porcine pancreatic lipase WT,Sus scrofa,pancreas,,,canonical_entity,,porcine pancreatic lipase WT,,,,,,phenotype_ready,no,,,,,,,,,,,evidence_absent,F9 public display table: 0 reliable observations; 0 independent sources,LMT_0586,evidence_absent,,porcine pancreatic lipase WT,0,,,D,21.64,误差带仅说明测量不精确，不参与T7a评分,独立来源数=，独立性档=D,not_evaluable_no_evidence_rows; complete_rows=0/0,,,free | immobilized,,archive_preview_only_not_authoritative,,,holdout_only,EVID_PAT_000725; EVID_PAT_000726; EVID_PAT_000727; EVID_PAT_000728; EVID_PAT_000729; EVID_PAT_000730; EVID_PAT_000731; EVID_PAT_000732; EVID_PAT_000733; EVID_PAT_000734; EVID_PAT_000735,WEBR1_PROTOCOL_0622; WEBR1_PROTOCOL_0623; WEBR1_PROTOCOL_0624; WEBR1_PROTOCOL_0625; WEBR1_PROTOCOL_0626; WEBR1_PROTOCOL_0627; WEBR1_PROTOCOL_0628; WEBR1_PROTOCOL_0629; WEBR1_PROTOCOL_0630; WEBR1_PROTOCOL_0631; WEBR1_PROTOCOL_0632,PAT_ASSAY_EP2050823_TABLE3_MEOH; PAT_ASSAY_EP2050823_TABLE6_MEOH,11,11,0,11,patent,1,0,72,45 | 25 | 30 | 35 | 40,biodiesel GC composition process endpoint,pure sunflower oil + methanol | sunflower oil + methanol,100,,EP2050823A1 PDF text Table 3 / p.7; EP2050823A1 PDF text Table 6 / p.9,not_applicable_patent | EP2050823A1,,variants/LMT_0586.html,-1
LMT_0587,LMT_0587,robust multi-enzyme lipase preparation,robust multi-enzyme lipase preparation,robust multi-enzyme lipase preparation,multi-lipase immobilized,preparation; component enzymes vary by example,,,canonical_entity,,robust multi-enzyme lipase preparation,,,,,,phenotype_ready,no,,,,,,,,,,,evidence_absent,F9 public display table: 0 reliable observations; 0 independent sources,LMT_0587,evidence_absent,,robust multi-enzyme lipase preparation,0,,,D,21.80,误差带仅说明测量不精确，不参与T7a评分,独立来源数=，独立性档=D,not_evaluable_no_evidence_rows; complete_rows=0/0,,,,,archive_preview_only_not_authoritative,,,,,,,0,0,0,0,no_measurements,0,0,0,,,,0,,,,,variants/LMT_0587.html,-1
LMT_0588,LMT_0588,Rhizomucor miehei RML fusion-peptide mutant 1,Rhizomucor miehei RML fusion-peptide mutant 1,Rhizomucor miehei RML fusion-peptide mutant 1,Rhizomucor miehei,,Pichia pastoris,,mutant_or_engineered_construct,LMT_0132,Rhizomucor miehei RML fusion-peptide mutant 1,P19515,,,,,sequence_ready,no,,,,,,,,,,,evidence_absent,F9 public display table: 0 reliable observations; 0 independent sources,LMT_0588,evidence_absent,,Rhizomucor miehei RML fusion-peptide mutant 1,0,,,D,21.97,误差带仅说明测量不精确，不参与T7a评分,独立来源数=，独立性档=D,not_evaluable_no_evidence_rows; complete_rows=0/0,,,,,archive_preview_only_not_authoritative,,,,,,,0,0,0,0,no_measurements,0,0,0,,,,0,,,,,variants/LMT_0588.html,-1
LMT_0589,LMT_0589,Yarrowia lipolytica YlLip2 WT and key-residue mutants,Yarrowia lipolytica YlLip2 WT and key-residue mutants,Yarrowia lipolytica YlLip2 WT and key-residue mutants,Yarrowia lipolytica,,,,canonical_entity,,Yarrowia lipolytica YlLip2 WT and key-residue mutants,Q9P8F7,,,,3O0D,structure_ready,no,,,,,,,,,,,evidence_absent,F9 public display table: 0 reliable observations; 0 independent sources,LMT_0589,evidence_absent,,Yarrowia lipolytica YlLip2 WT and key-residue mutants,0,,,D,22.13,误差带仅说明测量不精确，不参与T7a评分,独立来源数=，独立性档=D,not_evaluable_no_evidence_rows; complete_rows=0/0,,,,,archive_preview_only_not_authoritative,,,,,,,0,0,0,0,no_measurements,0,0,0,,,,0,,,,,variants/LMT_0589.html,-1
LMT_0590,LMT_0590,Yarrowia lipolytica YlLip2 disulfide-bond variant panel,Yarrowia lipolytica YlLip2 disulfide-bond variant panel,Yarrowia lipolytica YlLip2 disulfide-bond variant panel,Yarrowia lipolytica,,,,canonical_entity,LMT_0269,Yarrowia lipolytica YlLip2 disulfide-bond variant panel,Q9P8F7,,,,3O0D,structure_ready,no,,,,,,,,,,,evidence_absent,F9 public display table: 0 reliable observations; 0 independent sources,LMT_0590,evidence_absent,,Yarrowia lipolytica YlLip2 disulfide-bond variant panel,0,,,D,22.30,误差带仅说明测量不精确，不参与T7a评分,独立来源数=，独立性档=D,not_evaluable_no_evidence_rows; complete_rows=0/0,,,,,archive_preview_only_not_authoritative,,,,,,,0,0,0,0,no_measurements,0,0,0,,,,0,,,,,variants/LMT_0590.html,-1
LMT_0591,LMT_0591,Yarrowia lipolytica Lip2 WT and structured-lipid disulfide variants,Yarrowia lipolytica Lip2 WT and structured-lipid disulfide variants,Yarrowia lipolytica Lip2 WT and structured-lipid disulfide variants,Yarrowia lipolytica,,,,canonical_entity,LMT_0269,Yarrowia lipolytica Lip2 WT and structured-lipid disulfide variants,Q9P8F7,,,,3O0D,structure_ready,no,,,,,,,,,,,evidence_absent,F9 public display table: 0 reliable observations; 0 independent sources,LMT_0591,evidence_absent,,Yarrowia lipolytica Lip2 WT and structured-lipid disulfide variants,0,,,D,22.46,误差带仅说明测量不精确，不参与T7a评分,独立来源数=，独立性档=D,not_evaluable_no_evidence_rows; complete_rows=0/0,,,,,archive_preview_only_not_authoritative,,,,,,,0,0,0,0,no_measurements,0,0,0,,,,0,,,,,variants/LMT_0591.html,-1
LMT_0592,LMT_0592,Burkholderia pyrrocinia B1213 purified lipase,Burkholderia pyrrocinia B1213 purified lipase,Burkholderia pyrrocinia B1213 lipase,Burkholderia pyrrocinia,B1213,,,canonical_entity,,Burkholderia pyrrocinia B1213 purified lipase,,,,,,phenotype_ready,no,,,,,,0.852498,-1.15147,2.819292,,,evidence_sparse,F9 public display table: 1 reliable observations; 0 independent sources,LMT_0592,evidence_sparse,,Burkholderia pyrrocinia B1213 purified lipase,1,,,D,64.10,误差带仅说明测量不精确，不参与T7a评分,独立来源数=，独立性档=D,all_rows_complete; complete_rows=1/1,,,free,,archive_preview_only_not_authoritative,,,downweighted_train,EVID_LIT_001663,WEBR1_PROTOCOL_0633,ASSAY_P1A_LG11_01_B1213_FIG4D,1,1,1,0,literature,1,75,0.17,30,p-NPP hydrolysis residual activity assay after organic-solvent incubation,p-nitrophenyl palmitate (p-NPP),41,,pages 4 and 10; Organic solvents and metal ions tolerance method; Figure 4d,10.1007/s13205-018-1414-9,,variants/LMT_0592.html,-1
LMT_0593,LMT_0593,Streptomyces exfoliatus DSMZ 41693 SeLipC,Streptomyces exfoliatus DSMZ 41693 SeLipC,Streptomyces exfoliatus DSMZ 41693 SeLipC,Streptomyces exfoliatus,DSMZ 41693,,,canonical_entity,,Streptomyces exfoliatus DSMZ 41693 SeLipC,,,,WP_024761750.1,,sequence_ready,no,,,,,,,,,,,evidence_absent,F9 public display table: 0 reliable observations; 0 independent sources,LMT_0593,evidence_absent,,Streptomyces exfoliatus DSMZ 41693 SeLipC,0,,,D,22.62,误差带仅说明测量不精确，不参与T7a评分,独立来源数=，独立性档=D,not_evaluable_no_evidence_rows; complete_rows=0/0,,,,,archive_preview_only_not_authoritative,,,,,,,0,0,0,0,no_measurements,0,0,0,,,,0,,,,,variants/LMT_0593.html,-1
LMT_0594,LMT_0594,Mrakia blollopis SK-4 purified lipase,Mrakia blollopis SK-4 purified lipase,Mrakia blollopis SK-4 lipase,Mrakia blollopis,SK-4,,,canonical_entity,,Mrakia blollopis SK-4 purified lipase,,,,,,phenotype_ready,no,,,,,,,,,,,evidence_absent,F9 public display table: 0 reliable observations; 0 independent sources,LMT_0594,evidence_absent,,Mrakia blollopis SK-4 purified lipase,0,,,D,22.79,误差带仅说明测量不精确，不参与T7a评分,独立来源数=，独立性档=D,not_evaluable_no_evidence_rows; complete_rows=0/0,,,,,archive_preview_only_not_authoritative,,,,,,,0,0,0,0,no_measurements,0,0,0,,,,0,,,,,variants/LMT_0594.html,-1
LMT_0595,LMT_0595,Aspergillus niger LPF-5 lipase,Aspergillus niger LPF-5 lipase,Aspergillus niger LPF-5 lipase,Aspergillus niger,LPF-5,,,canonical_entity,,Aspergillus niger LPF-5 lipase,,,,,,phenotype_ready,no,,,,,,0.906101,-0.793196,2.722382,,,evidence_sparse,F9 public display table: 1 reliable observations; 0 independent sources,LMT_0595,evidence_sparse,,Aspergillus niger LPF-5 lipase,1,,,D,95.41,误差带仅说明测量不精确，不参与T7a评分,独立来源数=，独立性档=D,all_rows_complete; complete_rows=1/1,,,free,,archive_preview_only_not_authoritative,,,downweighted_train,EVID_LIT_002430,WEBR1_PROTOCOL_0634,ASSAY_P1A_OGF_B1_001_FIG5_METHANOL10,1,1,1,0,literature,1,10,1,37,residual activity assay after 1 h solvent pre-incubation,not_reported,110.52,,pages 683-687; Impact of organic solvents on the activity of purified lipase; Figure 5,10.20546/ijcmas.2016.511.079,,variants/LMT_0595.html,-1
LMT_0596,LMT_0596,Aspergillus niger HN1 lipase,Aspergillus niger HN1 lipase,Aspergillus niger HN1 lipase,Aspergillus niger,HN1,,,mutant_or_engineered_construct,LMT_0595,Aspergillus niger HN1 lipase,,,,,,phenotype_ready,no,,,,,,0.852021,-0.881512,2.730704,,,evidence_sparse,F9 public display table: 1 reliable observations; 0 independent sources,LMT_0596,evidence_sparse,,Aspergillus niger HN1 lipase,1,,,D,95.57,误差带仅说明测量不精确，不参与T7a评分,独立来源数=，独立性档=D,all_rows_complete; complete_rows=1/1,,,free,,archive_preview_only_not_authoritative,,,downweighted_train,EVID_LIT_002431,WEBR1_PROTOCOL_0635,ASSAY_P1A_OGF_B1_001_FIG5_METHANOL10,1,1,1,0,literature,1,10,1,37,residual activity assay after 1 h solvent pre-incubation,not_reported,128.97,,pages 683-687; Impact of organic solvents on the activity of purified lipase; Figure 5,10.20546/ijcmas.2016.511.079,,variants/LMT_0596.html,-1
LMT_0597,LMT_0597,Geobacillus stearothermophilus PS11 purified lipase,Geobacillus stearothermophilus PS11 purified lipase,Geobacillus stearothermophilus PS11 lipase,Geobacillus stearothermophilus,PS11,,,canonical_entity,,Geobacillus stearothermophilus PS11 purified lipase,,,,,,phenotype_ready,no,,,,,,0.262497,-1.784602,2.369813,,,evidence_sparse,F9 public display table: 1 reliable observations; 0 independent sources,LMT_0597,evidence_sparse,,Geobacillus stearothermophilus PS11 purified lipase,1,,,D,95.74,误差带仅说明测量不精确，不参与T7a评分,独立来源数=，独立性档=D,all_rows_complete; complete_rows=1/1,,,free,,archive_preview_only_not_authoritative,,,downweighted_train,EVID_LIT_002432,WEBR1_PROTOCOL_0636,ASSAY_P1A_OGF_B1_007_TABLE2_METHANOL25,1,1,1,0,literature,1,25,48,4,pNPP residual activity assay after solvent incubation,p-nitrophenyl palmitate,90,,page 603-604; Table 2 Effect of different organic solvent on lipase stability,10.15414/jmbfs.2016.5.6.602-605,,variants/LMT_0597.html,-1
LMT_0598,LMT_0598,"Aspergillus niger extracellular sn-1,3 lipase","Aspergillus niger extracellular sn-1,3 lipase","Aspergillus niger extracellular sn-1,3 lipase",Aspergillus niger,,,,canonical_entity,,"Aspergillus niger extracellular sn-1,3 lipase",,,,,,phenotype_ready,no,,,,,,,,,,,evidence_absent,F9 public display table: 0 reliable observations; 0 independent sources,LMT_0598,evidence_absent,,"Aspergillus niger extracellular sn-1,3 lipase",0,,,D,38.20,误差带仅说明测量不精确，不参与T7a评分,独立来源数=，独立性档=D,all_rows_complete; complete_rows=1/1,,,free,,archive_preview_only_not_authoritative,,,holdout_only,EVID_LIT_002433,WEBR1_PROTOCOL_0637,ASSAY_P1A_OGF_B1_010_FIG6_METHANOL10,1,1,1,0,literature,1,10,1,25,residual activity after 60 min solvent stability assay in CPO hydrolysis system,crude palm oil hydrolysis,91.7,,pages 152-153; Figure 6 Effect of organic solvents on lipase stability for 60 minutes,10.22302/iribb.jur.mp.v93i2.673,,variants/LMT_0598.html,-1
LMT_0599,LMT_0599,"Rhizopus oryzae extracellular sn-1,3 lipase","Rhizopus oryzae extracellular sn-1,3 lipase","Rhizopus oryzae extracellular sn-1,3 lipase",Rhizopus oryzae,,,,canonical_entity,,"Rhizopus oryzae extracellular sn-1,3 lipase",,,,,,phenotype_ready,no,,,,,,,,,,,evidence_absent,F9 public display table: 0 reliable observations; 0 independent sources,LMT_0599,evidence_absent,,"Rhizopus oryzae extracellular sn-1,3 lipase",0,,,D,38.36,误差带仅说明测量不精确，不参与T7a评分,独立来源数=，独立性档=D,all_rows_complete; complete_rows=1/1,,,free,,archive_preview_only_not_authoritative,,,holdout_only,EVID_LIT_002434,WEBR1_PROTOCOL_0638,ASSAY_P1A_OGF_B1_010_FIG6_METHANOL10,1,1,1,0,literature,1,10,1,25,residual activity after 60 min solvent stability assay in CPO hydrolysis system,crude palm oil hydrolysis,89.2,,pages 152-153; Figure 6 Effect of organic solvents on lipase stability for 60 minutes,10.22302/iribb.jur.mp.v93i2.673,,variants/LMT_0599.html,-1
LMT_0600,LMT_0600,Aspergillus oryzae ST11 purified lipase,Aspergillus oryzae ST11 purified lipase,Aspergillus oryzae ST11 lipase,Aspergillus oryzae,ST11,,,canonical_entity,,Aspergillus oryzae ST11 purified lipase,,,,,,phenotype_ready,no,,,,,,2.966774,1.152696,4.811603,,,evidence_sparse,F9 public display table: 1 reliable observations; 0 independent sources,LMT_0600,evidence_sparse,,Aspergillus oryzae ST11 purified lipase,1,,,D,95.90,误差带仅说明测量不精确，不参与T7a评分,独立来源数=，独立性档=D,all_rows_complete; complete_rows=1/1,,,free,,archive_preview_only_not_authoritative,,,downweighted_train,EVID_LIT_002435,WEBR1_PROTOCOL_0639,ASSAY_P1A_OGF_B1_013_TABLE4_METHANOL25,1,1,1,0,literature,1,25,1,30,relative activity assay after solvent pre-incubation,not_reported,2.6,,pages 12-13; Table 4 Effects of organic solvents on the lipase activity,10.48048/tis.2021.45,,variants/LMT_0600.html,-1
LMT_0601,LMT_0601,Burkholderia territorii GP3 LipBT,Burkholderia territorii GP3 LipBT,Burkholderia territorii GP3 LipBT,Burkholderia territorii,GP3,,,canonical_entity,,Burkholderia territorii GP3 LipBT,,,,,,phenotype_ready,no,,,,,,,,,,,evidence_absent,F9 public display table: 0 reliable observations; 0 independent sources,LMT_0601,evidence_absent,,Burkholderia territorii GP3 LipBT,0,,,D,96.07,误差带仅说明测量不精确，不参与T7a评分,独立来源数=，独立性档=D,all_rows_complete; complete_rows=1/1,,,free,,archive_preview_only_not_authoritative,,,holdout_only,EVID_LIT_002436,WEBR1_PROTOCOL_0640,ASSAY_P1A_OGF_B1_015_TABLE4_METHANOL,1,1,1,0,literature,1,50,0.5,40,residual activity assay after solvent pre-incubation,p-nitrophenyl substrate,94.9,,page 775-776; Table 4 Effect of organic solvents on LipBT stability,10.4014/jmb.1812.12013,,variants/LMT_0601.html,-1
LMT_0602,LMT_0602,Pseudoxanthomonas sp. lipase 1 peak,Pseudoxanthomonas sp. lipase 1 peak,Pseudoxanthomonas sp. lipase 1 peak,Pseudoxanthomonas sp.,,,,canonical_entity,,Pseudoxanthomonas sp. lipase 1 peak,,,,,,phenotype_ready,no,,,,,,,,,,,evidence_absent,F9 public display table: 0 reliable observations; 0 independent sources,LMT_0602,evidence_absent,,Pseudoxanthomonas sp. lipase 1 peak,0,,,D,22.95,误差带仅说明测量不精确，不参与T7a评分,独立来源数=，独立性档=D,not_evaluable_no_evidence_rows; complete_rows=0/0,,,,,archive_preview_only_not_authoritative,,,,,,,0,0,0,0,no_measurements,0,0,0,,,,0,,,,,variants/LMT_0602.html,-1
LMT_0603,LMT_0603,Lacticaseibacillus rhamnosus IDCC 3201 Lac-Rh lipase,Lacticaseibacillus rhamnosus IDCC 3201 Lac-Rh lipase,Lacticaseibacillus rhamnosus IDCC 3201 Lac-Rh lipase,Lacticaseibacillus rhamnosus,IDCC 3201,,,canonical_entity,,Lacticaseibacillus rhamnosus IDCC 3201 Lac-Rh lipase,,,,WP_033573053,,sequence_ready,no,,,,,,0.950337,-0.9969,2.828452,,,evidence_sparse,F9 public display table: 1 reliable observations; 0 independent sources,LMT_0603,evidence_sparse,,Lacticaseibacillus rhamnosus IDCC 3201 Lac-Rh lipase,1,,,D,96.23,误差带仅说明测量不精确，不参与T7a评分,独立来源数=，独立性档=D,all_rows_complete; complete_rows=1/1,,,free,,archive_preview_only_not_authoritative,,,downweighted_train,EVID_LIT_002438,WEBR1_PROTOCOL_0641,ASSAY_P1A_OGF_B1_021_FIG4_METHANOL10,1,1,1,0,literature,1,10,1,25,residual activity after 1 h solvent pre-incubation,p-nitrophenyl palmitate,107.7,,pages 325-338; Figure 4 text for 10% and 30% solvent conditions,10.1007/s00253-024-13185-4,,variants/LMT_0603.html,-1
LMT_0604,LMT_0604,Geobacillus stearothermophilus CHI1 extracellular lipase,Geobacillus stearothermophilus CHI1 extracellular lipase,Geobacillus stearothermophilus CHI1 extracellular lipase,Geobacillus stearothermophilus,CHI1,,,canonical_entity,,Geobacillus stearothermophilus CHI1 extracellular lipase,,,,,,phenotype_ready,no,,,,,,,,,,,evidence_absent,F9 public display table: 0 reliable observations; 0 independent sources,LMT_0604,evidence_absent,,Geobacillus stearothermophilus CHI1 extracellular lipase,0,,,D,38.52,误差带仅说明测量不精确，不参与T7a评分,独立来源数=，独立性档=D,all_rows_complete; complete_rows=1/1,,,crude_preparation,,archive_preview_only_not_authoritative,,,holdout_only,EVID_LIT_002439,WEBR1_PROTOCOL_0642,ASSAY_P1A_OGF_B1_025_METHANOL30,1,1,1,0,literature,1,30,0.25,37,relative enzyme activity after solvent incubation,p-nitrophenyl palmitate,87.74,,page 4; Methods Effect of solvents on lipolytic activity,10.15174/au.2024.4153,,variants/LMT_0604.html,-1
LMT_0605,LMT_0605,Yersinia enterocolitica KM1 purified extracellular lipase;Yersinia enterocolitica KM1 lipase,Yersinia enterocolitica KM1 purified extracellular lipase;Yersinia enterocolitica KM1 lipase,Yersinia enterocolitica KM1 lipase,Yersinia enterocolitica,KM1,,,canonical_entity,,Yersinia enterocolitica KM1 purified extracellular lipase,,,,,,phenotype_ready,no,,,,,,0.67804,-0.647526,2.10195,,,evidence_rich,F9 public display table: 8 reliable observations; 0 independent sources,LMT_0605,evidence_rich,,Yersinia enterocolitica KM1 purified extracellular lipase;Yersinia enterocolitica KM1 lipase,8,,,D,96.39,误差带仅说明测量不精确，不参与T7a评分,独立来源数=，独立性档=D,all_rows_complete; complete_rows=8/8,,,purified | cell_free_extract,,archive_preview_only_not_authoritative,,,downweighted_train,EVID_LIT_002397; EVID_LIT_002398; EVID_LIT_002399; EVID_LIT_002400; EVID_LIT_001290; EVID_LIT_001291; EVID_LIT_001292; EVID_LIT_001293,WEBR1_PROTOCOL_0643; WEBR1_PROTOCOL_0644,ASSAY_P1A_MAN42_01_KM1_TABLE4; ASSAY_P1A_B1D_CNKI_01_KM1_TABLE3,8,2,8,0,literature,2,80,2,4,pNPB residual activity assay after solvent preincubation,p-nitrophenyl butyrate,145,,Table 4; Methods solvent stability section; PDF p. 110 methods 1.2.5(5); PDF p. 112 Table 3,10.1002/jobm.201400730 | not_reported | REF_P1A_B1D_CNKI_01,,variants/LMT_0605.html,-1
LMT_0606,LMT_0606,Bacillus megaterium F25 purified lipase,Bacillus megaterium F25 purified lipase,Bacillus megaterium F25 lipase,Bacillus megaterium,F25,,,canonical_entity,,Bacillus megaterium F25 purified lipase,,,,,,phenotype_ready,no,,,,,,0.808832,-1.058848,2.70145,,,evidence_sparse,F9 public display table: 1 reliable observations; 0 independent sources,LMT_0606,evidence_sparse,,Bacillus megaterium F25 purified lipase,1,,,D,96.56,误差带仅说明测量不精确，不参与T7a评分,独立来源数=，独立性档=D,all_rows_complete; complete_rows=1/1,,,purified,,archive_preview_only_not_authoritative,,,downweighted_train,EVID_LIT_002406,WEBR1_PROTOCOL_0645,ASSAY_P1A_MAN42_04_F25_FIG7C,1,1,1,0,literature,1,20,0.5,25,relative activity after solvent preincubation under optimal pH and temperature,not_reported,111,,Methods solvent-effect section; Figure 7c discussion,10.1111/gcbb.70009,,variants/LMT_0606.html,-1
LMT_0607,LMT_0607,Bacillus coagulans purified thermo-alkaline lipase,Bacillus coagulans purified thermo-alkaline lipase,Bacillus coagulans thermo-alkaline lipase,Bacillus coagulans,,,,canonical_entity,,Bacillus coagulans purified thermo-alkaline lipase,,,,,,phenotype_ready,no,,,,,,1.666152,-0.044643,3.405688,,,evidence_sparse,F9 public display table: 2 reliable observations; 0 independent sources,LMT_0607,evidence_sparse,,Bacillus coagulans purified thermo-alkaline lipase,2,,,D,33.11,误差带仅说明测量不精确，不参与T7a评分,独立来源数=，独立性档=D,no_complete_rows; complete_rows=0/2,,,purified,,archive_preview_only_not_authoritative,,,downweighted_train,EVID_LIT_002407; EVID_LIT_002408,WEBR1_PROTOCOL_0646,ASSAY_P1A_MAN42_05_BCOAG_TABLE4,2,1,2,0,literature,1,10,1,not_reported,residual activity after 1 h solvent exposure followed by standard lipase assay,not_reported,49.5,,Methods solvent-effect section; Table 4,10.25083/rbl/26.5/2994.3001,,variants/LMT_0607.html,-1
LMT_0608,LMT_0608,Pseudomonas reinekei H1 purified lipase,Pseudomonas reinekei H1 purified lipase,Pseudomonas reinekei H1 lipase,Pseudomonas reinekei,H1,,,canonical_entity,,Pseudomonas reinekei H1 purified lipase,,,,,,phenotype_ready,no,,,,,,0.74034,-0.696551,2.09925,,,evidence_rich,F9 public display table: 6 reliable observations; 0 independent sources,LMT_0608,evidence_rich,,Pseudomonas reinekei H1 purified lipase,6,,,D,96.72,误差带仅说明测量不精确，不参与T7a评分,独立来源数=，独立性档=D,all_rows_complete; complete_rows=6/6,,,purified,,archive_preview_only_not_authoritative,,,downweighted_train,EVID_LIT_002409; EVID_LIT_002410; EVID_LIT_002411; EVID_LIT_002412; EVID_LIT_002413; EVID_LIT_002414,WEBR1_PROTOCOL_0647; WEBR1_PROTOCOL_0648,ASSAY_P1A_MAN42_06_PREINEKEI_TABLE3,6,2,6,0,literature,1,20,24,28 | 40,residual activity after solvent incubation in screw-cap vials,p-nitrophenyl palmitate,97.86,,Table 3; organic-solvent stability section,10.1016/j.pep.2018.08.007,,variants/LMT_0608.html,-1
LMT_0609,LMT_0609,Bacillus thuringiensis recombinant lipase,Bacillus thuringiensis recombinant lipase,Bacillus thuringiensis recombinant lipase,Bacillus thuringiensis,,,,canonical_entity,,Bacillus thuringiensis recombinant thermostable alkali-stable lipase,,,,,,phenotype_ready,no,,,,,,1.165092,-0.824878,3.117211,,,evidence_sparse,F9 public display table: 1 reliable observations; 0 independent sources,LMT_0609,evidence_sparse,,Bacillus thuringiensis recombinant lipase,1,,,D,96.89,误差带仅说明测量不精确，不参与T7a评分,独立来源数=，独立性档=D,all_rows_complete; complete_rows=1/1,,,purified_recombinant,,archive_preview_only_not_authoritative,,,downweighted_train,EVID_LIT_002415,WEBR1_PROTOCOL_0649,ASSAY_P1A_MAN42_07_LIP7_FIG4E_TEXT,1,1,1,0,literature,1,10,1,25,residual activity after 1 h solvent incubation at ambient temperature,not_reported,78,,Organic-solvent stability method and Figure 4e text description,10.1002/jsde.12731,,variants/LMT_0609.html,-1
LMT_0610,LMT_0610,Burkholderia gladioli BRM58833 crude lipolytic extract,Burkholderia gladioli BRM58833 crude lipolytic extract,Burkholderia gladioli BRM58833 lipase,Burkholderia gladioli,BRM58833,,,canonical_entity,,Burkholderia gladioli BRM58833 crude lipolytic extract,,,,,,phenotype_ready,no,,,,,,1.123184,-0.921263,3.007256,,,evidence_sparse,F9 public display table: 1 reliable observations; 0 independent sources,LMT_0610,evidence_sparse,,Burkholderia gladioli BRM58833 crude lipolytic extract,1,,,D,97.05,误差带仅说明测量不精确，不参与T7a评分,独立来源数=，独立性档=D,all_rows_complete; complete_rows=1/1,,,crude_preparation,,archive_preview_only_not_authoritative,,,holdout_only,EVID_LIT_002419,WEBR1_PROTOCOL_0650,ASSAY_P1A_MAN42_09_BRM58833_TABLE3,1,1,1,0,literature,1,10,0.08,37,colorimetric pNPP hydrolysis after short solvent exposure,p-nitrophenyl palmitate,96.8,,"Table 3; effects of ions, solvents and surfactants",10.1080/10826068.2021.1910959,,variants/LMT_0610.html,-1
LMT_0611,LMT_0611,Acinetobacter sp. K5b4 purified extracellular lipase,Acinetobacter sp. K5b4 purified extracellular lipase,Acinetobacter sp. K5b4 extracellular lipase,Acinetobacter sp.,K5b4,,,canonical_entity,,Acinetobacter sp. K5b4 purified extracellular lipase,,,,,,phenotype_ready,no,,,,,,,,,,,evidence_absent,F9 public display table: 0 reliable observations; 0 independent sources,LMT_0611,evidence_absent,,Acinetobacter sp. K5b4 purified extracellular lipase,0,,,D,23.11,误差带仅说明测量不精确，不参与T7a评分,独立来源数=，独立性档=D,not_evaluable_no_evidence_rows; complete_rows=0/0,,,,,archive_preview_only_not_authoritative,,,,,,,0,0,0,0,no_measurements,0,0,0,,,,0,,,,,variants/LMT_0611.html,-1
LMT_0612,LMT_0612,Pseudomonas sp. LSK25 recombinant purified lipase,Pseudomonas sp. LSK25 recombinant purified lipase,Pseudomonas sp. LSK25 recombinant lipase,Pseudomonas sp.,LSK25,,,canonical_entity,,Pseudomonas sp. LSK25 recombinant purified lipase,,,MK075242,,,sequence_ready,no,,,,,,0.898494,-1.273443,3.06233,,,evidence_sparse,F9 public display table: 1 reliable observations; 0 independent sources,LMT_0612,evidence_sparse,,Pseudomonas sp. LSK25 recombinant purified lipase,1,,,D,64.26,误差带仅说明测量不精确，不参与T7a评分,独立来源数=，独立性档=D,all_rows_complete; complete_rows=1/1,,,purified_recombinant,,archive_preview_only_not_authoritative,,,downweighted_train,EVID_LIT_001644,WEBR1_PROTOCOL_0651,ASSAY_P1A_B2GF_S1_LSK25,1,1,1,0,literature,1,25,0.5,25,Kwon and Rhee olive-oil colorimetric lipase assay after solvent preincubation,olive oil emulsion,99,,page 10 Figure 10; Methods section 4.10.5 Effect of Organic Solvents on Lipase Activity,10.3390/ijms20061264,,variants/LMT_0612.html,-1
LMT_0613,LMT_0613,Geobacillus sp. ID17 recombinant Lip7,Geobacillus sp. ID17 recombinant Lip7,Geobacillus sp. ID17 Lip7,Geobacillus sp.,ID17,,,canonical_entity,,Geobacillus sp. ID17 recombinant Lip7,,,,,,phenotype_ready,no,,,,,,0.706228,-0.812699,2.231965,,,evidence_rich,F9 public display table: 6 reliable observations; 0 independent sources,LMT_0613,evidence_rich,,Geobacillus sp. ID17 recombinant Lip7,6,,,D,64.43,误差带仅说明测量不精确，不参与T7a评分,独立来源数=，独立性档=D,all_rows_complete; complete_rows=6/6,,,purified_recombinant,,archive_preview_only_not_authoritative,,,downweighted_train,EVID_LIT_001646; EVID_LIT_001647; EVID_LIT_001648; EVID_LIT_001649; EVID_LIT_001650; EVID_LIT_001651,WEBR1_PROTOCOL_0652; WEBR1_PROTOCOL_0653; WEBR1_PROTOCOL_0654; WEBR1_PROTOCOL_0655; WEBR1_PROTOCOL_0656; WEBR1_PROTOCOL_0657,ASSAY_P1A_B2GF_S1_LIP7_10; ASSAY_P1A_B2GF_S1_LIP7_20; ASSAY_P1A_B2GF_S1_LIP7_40; ASSAY_P1A_B2GF_S1_LIP7_50; ASSAY_P1A_B2GF_S1_LIP7_70; ASSAY_P1A_B2GF_S1_LIP7_90,6,6,6,0,literature,1,90,0.5,25,microplate pNPL spectrophotometric assay at 405/347 nm after solvent preincubation,p-nitrophenyl laurate (pNPL),80,,page 5 Figure 4; Methods section 4.4.3 Stability against Organic Solvents,10.3390/ijms25147928,,variants/LMT_0613.html,-1
LMT_0614,LMT_0614,Antarctic Pseudomonas sp. AMS3 truncated recombinant lipase,Antarctic Pseudomonas sp. AMS3 truncated recombinant lipase,Antarctic Pseudomonas sp. AMS3 truncated lipase,Antarctic Pseudomonas,sp. AMS3,,,mutant_or_engineered_construct,LMT_0113,Antarctic Pseudomonas sp. AMS3 truncated recombinant lipase,,,,,,phenotype_ready,no,,,,,,2.095403,0.289885,4.10353,,,evidence_sparse,F9 public display table: 1 reliable observations; 0 independent sources,LMT_0614,evidence_sparse,,Antarctic Pseudomonas sp. AMS3 truncated recombinant lipase,1,,,D,64.59,误差带仅说明测量不精确，不参与T7a评分,独立来源数=，独立性档=D,all_rows_complete; complete_rows=1/1,,,purified_recombinant,,archive_preview_only_not_authoritative,,,holdout_only,EVID_LIT_001645,WEBR1_PROTOCOL_0658,ASSAY_P1A_B2GF_S1_AMS3_TRUNC,1,1,1,0,literature,1,25,0.5,50,Kwon and Rhee olive-oil colorimetric assay at 60 C after solvent preincubation,olive oil emulsion,10,,page 12 Figure 11; Methods section 3.7.6 Solvent Tolerant Profile of Truncated AMS3 Lipase,10.3390/ijms19020560,,variants/LMT_0614.html,-1
LMT_0615,LMT_0615,Staphylococcus epidermidis AT2 rT-M386 truncated recombinant lipase,Staphylococcus epidermidis AT2 rT-M386 truncated recombinant lipase,Staphylococcus epidermidis AT2 rT-M386 truncated lipase,Staphylococcus epidermidis,AT2,,,mutant_or_engineered_construct,LMT_0229,Staphylococcus epidermidis AT2 rT-M386 truncated recombinant lipase,,,,,,phenotype_ready,no,,,,,,1.298163,-0.607798,3.127612,,,evidence_sparse,F9 public display table: 1 reliable observations; 0 independent sources,LMT_0615,evidence_sparse,,Staphylococcus epidermidis AT2 rT-M386 truncated recombinant lipase,1,,,D,64.75,误差带仅说明测量不精确，不参与T7a评分,独立来源数=，独立性档=D,all_rows_complete; complete_rows=1/1,,,purified_recombinant,,archive_preview_only_not_authoritative,,,holdout_only,EVID_LIT_001642,WEBR1_PROTOCOL_0659,ASSAY_P1A_B2GF_S1_AT2_RTM386,1,1,1,0,literature,1,50,0.5,50,pNPP colorimetric absorbance assay at 410 nm after solvent preincubation,p-nitrophenyl palmitate (pNPP),111,,page 8 Figure 4; Methods section 4.8.3 Effect of Organic Solvents on Lipase Activity,10.3390/ijms18112202,,variants/LMT_0615.html,-1
LMT_0616,LMT_0616,Staphylococcus epidermidis AT2 G210C truncated recombinant lipase;G210C truncated recombinant Staphylococcus epidermidis AT2 lipase,Staphylococcus epidermidis AT2 G210C truncated recombinant lipase;G210C truncated recombinant Staphylococcus epidermidis AT2 lipase,Staphylococcus epidermidis AT2 G210C truncated lipase,Staphylococcus epidermidis,AT2,,,mutant_or_engineered_construct,LMT_0229,Staphylococcus epidermidis AT2 G210C truncated recombinant lipase,,,,,,phenotype_ready,no,,,,,,,,,,,evidence_absent,F9 public display table: 0 reliable observations; 0 independent sources,LMT_0616,evidence_absent,,Staphylococcus epidermidis AT2 G210C truncated recombinant lipase;G210C truncated recombinant Staphylococcus epidermidis AT2 lipase,0,,,D,64.92,误差带仅说明测量不精确，不参与T7a评分,独立来源数=，独立性档=D,all_rows_complete; complete_rows=19/19,,,purified_recombinant | purified,,archive_preview_only_not_authoritative,,,holdout_only | downweighted_train,EVID_LIT_001643; EVID_LIT_000044; EVID_LIT_000045; EVID_LIT_000046; EVID_LIT_000047; EVID_LIT_000048; EVID_LIT_000049; EVID_LIT_000051; EVID_LIT_000052; EVID_LIT_000053; EVID_LIT_000054; EVID_LIT_000055; EVID_LIT_000056; EVID_LIT_000058; EVID_LIT_000059; EVID_LIT_000060; EVID_LIT_000061; EVID_LIT_000062; EVID_LIT_000063,WEBR1_PROTOCOL_0660; WEBR1_PROTOCOL_0661; WEBR1_PROTOCOL_0662; WEBR1_PROTOCOL_0663; WEBR1_PROTOCOL_0664; WEBR1_PROTOCOL_0665; WEBR1_PROTOCOL_0666; WEBR1_PROTOCOL_0667; WEBR1_PROTOCOL_0668; WEBR1_PROTOCOL_0669; WEBR1_PROTOCOL_0670; WEBR1_PROTOCOL_0671; WEBR1_PROTOCOL_0672; WEBR1_PROTOCOL_0673; WEBR1_PROTOCOL_0674; WEBR1_PROTOCOL_0675; WEBR1_PROTOCOL_0676; WEBR1_PROTOCOL_0677; WEBR1_PROTOCOL_0678,ASSAY_P1A_B2GF_S1_AT2_G210C; ASSAY_S3_L84_B_LMT_0616_30_0_5_00; ASSAY_S3_L84_B_LMT_0616_30_1_0_00; ASSAY_S3_L84_B_LMT_0616_30_1_5_00; ASSAY_S3_L84_B_LMT_0616_30_2_0_00; ASSAY_S3_L84_B_LMT_0616_30_2_5_00; ASSAY_S3_L84_B_LMT_0616_30_3_0_00; ASSAY_S3_L84_B_LMT_0616_40_0_5_00; ASSAY_S3_L84_B_LMT_0616_40_1_0_01; ASSAY_S3_L84_B_LMT_0616_40_1_5_01; ASSAY_S3_L84_B_LMT_0616_40_2_0_01; ASSAY_S3_L84_B_LMT_0616_40_2_5_01; ASSAY_S3_L84_B_LMT_0616_40_3_0_01; ASSAY_S3_L84_B_LMT_0616_50_0_5_01; ASSAY_S3_L84_B_LMT_0616_50_1_0_01; ASSAY_S3_L84_B_LMT_0616_50_1_5_01; ASSAY_S3_L84_B_LMT_0616_50_2_0_01; ASSAY_S3_L84_B_LMT_0616_50_2_5_02; ASSAY_S3_L84_B_LMT_0616_50_3_0_02,19,19,19,0,literature,2,50,3,50 | 45,pNPP colorimetric absorbance assay at 410 nm after solvent preincubation | residual lipase activity,p-nitrophenyl palmitate (pNPP) | p-nitrophenyl palmitate (p-NPP),267,,"page 8 Figure 4; Methods section 4.8.3 Effect of Organic Solvents on Lipase Activity; PDF p.463, Fig.12",10.3390/ijms18112202 | 10.1080/07391102.2023.2282177,,variants/LMT_0616.html,-1
LMT_0617,LMT_0617,Bacillus subtilis strain Kakrayal_1 purified lipase (BSK-L),Bacillus subtilis strain Kakrayal_1 purified lipase (BSK-L),Bacillus subtilis strain Kakrayal_1 lipase,Bacillus subtilis,Kakrayal_1,,,canonical_entity,,Bacillus subtilis strain Kakrayal_1 purified lipase (BSK-L),,,,,,phenotype_ready,no,,,,,,0.687996,-1.294651,2.721671,,,evidence_sparse,F9 public display table: 1 reliable observations; 0 independent sources,LMT_0617,evidence_sparse,,Bacillus subtilis strain Kakrayal_1 purified lipase (BSK-L),1,,,D,97.21,误差带仅说明测量不精确，不参与T7a评分,独立来源数=，独立性档=D,all_rows_complete; complete_rows=1/1,,,purified,,archive_preview_only_not_authoritative,,,downweighted_train,EVID_LIT_001652,WEBR1_PROTOCOL_0679,ASSAY_P1A_B2M11_BSKL_MEOH50_6H,1,1,1,0,literature,1,50,6,37,spectrophotometric pNPP assay at 420 nm after solvent preincubation,p-nitrophenyl palmitate (pNPP),42.2,,page 4 Methods: Effect of organic solvents; page 9 Results: Effect of organic solvents,10.1007/s13205-018-1506-6,,variants/LMT_0617.html,-1
LMT_0618,LMT_0618,Aspergillus eucalypticola CBS 122712 LFS-7 purified lipase,Aspergillus eucalypticola CBS 122712 LFS-7 purified lipase,Aspergillus eucalypticola CBS 122712 LFS-7 purified lipase,Aspergillus eucalypticola,CBS 122712 LFS-7,,,canonical_entity,,Aspergillus eucalypticola CBS 122712 LFS-7 purified lipase,,,,,,phenotype_ready,no,,,,,,0.679562,-1.257243,2.659712,,,evidence_sparse,F9 public display table: 1 reliable observations; 0 independent sources,LMT_0618,evidence_sparse,,Aspergillus eucalypticola CBS 122712 LFS-7 purified lipase,1,,,D,97.38,误差带仅说明测量不精确，不参与T7a评分,独立来源数=，独立性档=D,all_rows_complete; complete_rows=1/1,,,purified,,archive_preview_only_not_authoritative,,,downweighted_train,EVID_LIT_001653,WEBR1_PROTOCOL_0680,ASSAY_P1A_B2M12_AEUC_001_MEOH10_5H,1,1,1,0,literature,1,10,5,25,residual lipase activity after organic solvent preincubation,not_reported,106.48,,page 2 Methods section 2.5; page 4 Results section 3.2.3; Figure 1,10.1016/j.biteb.2022.101228,,variants/LMT_0618.html,-1
LMT_0619,LMT_0619,Aspergillus eucalypticola CBS 122712 MTS-03 purified lipase,Aspergillus eucalypticola CBS 122712 MTS-03 purified lipase,Aspergillus eucalypticola CBS 122712 MTS-03 purified lipase,Aspergillus eucalypticola,CBS 122712 MTS-03,,,mutant_or_engineered_construct,LMT_0618,Aspergillus eucalypticola CBS 122712 MTS-03 purified lipase,,,,,,phenotype_ready,no,,,,,,0.704257,-1.296254,2.828098,,,evidence_sparse,F9 public display table: 1 reliable observations; 0 independent sources,LMT_0619,evidence_sparse,,Aspergillus eucalypticola CBS 122712 MTS-03 purified lipase,1,,,D,97.54,误差带仅说明测量不精确，不参与T7a评分,独立来源数=，独立性档=D,all_rows_complete; complete_rows=1/1,,,purified,,archive_preview_only_not_authoritative,,,downweighted_train,EVID_LIT_001654,WEBR1_PROTOCOL_0681,ASSAY_P1A_B2M12_AEUC_002_MEOH10_5H,1,1,1,0,literature,1,10,5,25,residual lipase activity after organic solvent preincubation,not_reported,127.82,,page 2 Methods section 2.5; page 4 Results section 3.2.3; Figure 1,10.1016/j.biteb.2022.101228,,variants/LMT_0619.html,-1
LMT_0620,LMT_0620,UM-1 G40L mutant,UM-1 G40L mutant,UM-1 G40L mutant,Streptomyces sp.,W007,,,mutant_or_engineered_construct,LMT_0001,UM-1 G40L mutant,,,,,,sequence_ready,no,,,,,,-0.197667,-1.921414,1.723747,,,evidence_sparse,F9 public display table: 1 reliable observations; 0 independent sources,LMT_0620,evidence_sparse,,UM-1 G40L mutant,1,,,D,65.08,误差带仅说明测量不精确，不参与T7a评分,独立来源数=，独立性档=D,all_rows_complete; complete_rows=1/1,,,free,,archive_preview_only_not_authoritative,,,downweighted_train,EVID_LIT_002471,WEBR1_PROTOCOL_0682,ASSAY_P1A_UM1_FORMAL_06_FIG3_14_MEOH24H,1,1,1,0,literature,1,50,24,4,titrimetric olive-oil hydrolysis residual activity assay after solvent preincubation,olive oil emulsion,92,,thesis page 40 method section 3.3.3.7; thesis page 51 section 3.4.2.6; Figure 3-14,not_reported | REF_P1A_UM1_FORMAL_06_XIAO2022,,variants/LMT_0620.html,-1
LMT_0621,LMT_0621,UM-1 G40F mutant,UM-1 G40F mutant,UM-1 G40F mutant,Streptomyces sp.,W007,,,mutant_or_engineered_construct,LMT_0001,UM-1 G40F mutant,,,,,,sequence_ready,no,,,,,,-0.220961,-2.038299,1.612505,,,evidence_sparse,F9 public display table: 1 reliable observations; 0 independent sources,LMT_0621,evidence_sparse,,UM-1 G40F mutant,1,,,D,65.25,误差带仅说明测量不精确，不参与T7a评分,独立来源数=，独立性档=D,all_rows_complete; complete_rows=1/1,,,free,,archive_preview_only_not_authoritative,,,downweighted_train,EVID_LIT_002472,WEBR1_PROTOCOL_0683,ASSAY_P1A_UM1_FORMAL_06_FIG3_14_MEOH24H,1,1,1,0,literature,1,50,24,4,titrimetric olive-oil hydrolysis residual activity assay after solvent preincubation,olive oil emulsion,92,,thesis page 40 method section 3.3.3.7; thesis page 51 section 3.4.2.6; Figure 3-14,not_reported | REF_P1A_UM1_FORMAL_06_XIAO2022,,variants/LMT_0621.html,-1
LMT_0622,LMT_0622,UM-1 V233F mutant,UM-1 V233F mutant,UM-1 V233F mutant,Streptomyces sp.,W007,,,mutant_or_engineered_construct,LMT_0001,UM-1 V233F mutant,,,,,,sequence_ready,no,,,,,,-0.261561,-1.994671,1.469204,,,evidence_sparse,F9 public display table: 1 reliable observations; 0 independent sources,LMT_0622,evidence_sparse,,UM-1 V233F mutant,1,,,D,65.41,误差带仅说明测量不精确，不参与T7a评分,独立来源数=，独立性档=D,all_rows_complete; complete_rows=1/1,,,free,,archive_preview_only_not_authoritative,,,downweighted_train,EVID_LIT_002473,WEBR1_PROTOCOL_0684,ASSAY_P1A_UM1_FORMAL_06_FIG3_14_MEOH24H,1,1,1,0,literature,1,50,24,4,titrimetric olive-oil hydrolysis residual activity assay after solvent preincubation,olive oil emulsion,99,,thesis page 40 method section 3.3.3.7; thesis page 51 section 3.4.2.6; Figure 3-14,not_reported | REF_P1A_UM1_FORMAL_06_XIAO2022,,variants/LMT_0622.html,-1
LMT_0623,LMT_0623,UM-1 T237A mutant,UM-1 T237A mutant,UM-1 T237A mutant,Streptomyces sp.,W007,,,mutant_or_engineered_construct,LMT_0001,UM-1 T237A mutant,,,,,,sequence_ready,no,,,,,,-0.232785,-2.08767,1.600959,,,evidence_sparse,F9 public display table: 1 reliable observations; 0 independent sources,LMT_0623,evidence_sparse,,UM-1 T237A mutant,1,,,D,65.57,误差带仅说明测量不精确，不参与T7a评分,独立来源数=，独立性档=D,all_rows_complete; complete_rows=1/1,,,free,,archive_preview_only_not_authoritative,,,downweighted_train,EVID_LIT_002474,WEBR1_PROTOCOL_0685,ASSAY_P1A_UM1_FORMAL_06_FIG3_14_MEOH24H,1,1,1,0,literature,1,50,24,4,titrimetric olive-oil hydrolysis residual activity assay after solvent preincubation,olive oil emulsion,96,,thesis page 40 method section 3.3.3.7; thesis page 51 section 3.4.2.6; Figure 3-14,not_reported | REF_P1A_UM1_FORMAL_06_XIAO2022,,variants/LMT_0623.html,-1
LMT_0624,LMT_0624,UM-1 T237F mutant,UM-1 T237F mutant,UM-1 T237F mutant,Streptomyces sp.,W007,,,mutant_or_engineered_construct,LMT_0001,UM-1 T237F mutant,,,,,,sequence_ready,no,,,,,,-0.142956,-1.967886,1.66014,,,evidence_sparse,F9 public display table: 1 reliable observations; 0 independent sources,LMT_0624,evidence_sparse,,UM-1 T237F mutant,1,,,D,97.70,误差带仅说明测量不精确，不参与T7a评分,独立来源数=，独立性档=D,all_rows_complete; complete_rows=1/1,,,free,,archive_preview_only_not_authoritative,,,downweighted_train,EVID_LIT_002475,WEBR1_PROTOCOL_0686,ASSAY_P1A_UM1_FORMAL_06_FIG3_14_MEOH24H,1,1,1,0,literature,1,50,24,4,titrimetric olive-oil hydrolysis residual activity assay after solvent preincubation,olive oil emulsion,72.3,,thesis page 40 method section 3.3.3.7; thesis page 51 section 3.4.2.6; Figure 3-14,not_reported | REF_P1A_UM1_FORMAL_06_XIAO2022,,variants/LMT_0624.html,-1
LMT_0625,LMT_0625,UM-1 T237L mutant,UM-1 T237L mutant,UM-1 T237L mutant,Streptomyces sp.,W007,,,mutant_or_engineered_construct,LMT_0001,UM-1 T237L mutant,,,,,,sequence_ready,no,,,,,,-0.200572,-2.238097,1.5785,,,evidence_sparse,F9 public display table: 1 reliable observations; 0 independent sources,LMT_0625,evidence_sparse,,UM-1 T237L mutant,1,,,D,65.74,误差带仅说明测量不精确，不参与T7a评分,独立来源数=，独立性档=D,all_rows_complete; complete_rows=1/1,,,free,,archive_preview_only_not_authoritative,,,downweighted_train,EVID_LIT_002476,WEBR1_PROTOCOL_0687,ASSAY_P1A_UM1_FORMAL_06_FIG3_14_MEOH24H,1,1,1,0,literature,1,50,24,4,titrimetric olive-oil hydrolysis residual activity assay after solvent preincubation,olive oil emulsion,95,,thesis page 40 method section 3.3.3.7; thesis page 51 section 3.4.2.6; Figure 3-14,not_reported | REF_P1A_UM1_FORMAL_06_XIAO2022,,variants/LMT_0625.html,-1
LMT_0626,LMT_0626,UM-1 T237R mutant,UM-1 T237R mutant,UM-1 T237R mutant,Streptomyces sp.,W007,,,mutant_or_engineered_construct,LMT_0001,UM-1 T237R mutant,,,,,,sequence_ready,no,,,,,,-0.281734,-2.219739,1.449735,,,evidence_sparse,F9 public display table: 1 reliable observations; 0 independent sources,LMT_0626,evidence_sparse,,UM-1 T237R mutant,1,,,D,97.87,误差带仅说明测量不精确，不参与T7a评分,独立来源数=，独立性档=D,all_rows_complete; complete_rows=1/1,,,free,,archive_preview_only_not_authoritative,,,downweighted_train,EVID_LIT_002478,WEBR1_PROTOCOL_0688,ASSAY_P1A_UM1_FORMAL_09_FIG4_4_MEOH24H,1,1,1,0,literature,1,60,24,4,titrimetric olive-oil hydrolysis residual activity assay after solvent preincubation,olive oil emulsion,92.55,,thesis page 42 method section 4.3.5; thesis pages 46-47 section 4.4.4; Figure 4-4,not_reported | REF_P1A_UM1_FORMAL_09_YANG2022,,variants/LMT_0626.html,-1
LMT_0627,LMT_0627,UM-1 G40D/T237R mutant,UM-1 G40D/T237R mutant,UM-1 G40D/T237R mutant,Streptomyces sp.,W007,,,mutant_or_engineered_construct,LMT_0001,UM-1 G40D/T237R mutant,,,,,,sequence_ready,no,,,,,,-0.274361,-2.018886,1.565825,,,evidence_sparse,F9 public display table: 1 reliable observations; 0 independent sources,LMT_0627,evidence_sparse,,UM-1 G40D/T237R mutant,1,,,D,98.03,误差带仅说明测量不精确，不参与T7a评分,独立来源数=，独立性档=D,all_rows_complete; complete_rows=1/1,,,free,,archive_preview_only_not_authoritative,,,downweighted_train,EVID_LIT_002479,WEBR1_PROTOCOL_0689,ASSAY_P1A_UM1_FORMAL_09_FIG4_4_MEOH24H,1,1,1,0,literature,1,60,24,4,titrimetric olive-oil hydrolysis residual activity assay after solvent preincubation,olive oil emulsion,99.84,,thesis page 42 method section 4.3.5; thesis pages 46-47 section 4.4.4; Figure 4-4,not_reported | REF_P1A_UM1_FORMAL_09_YANG2022,,variants/LMT_0627.html,-1
LMT_0628,LMT_0628,EstSP2 carboxylesterase,EstSP2 carboxylesterase,EstSP2 carboxylesterase,Sphingomonas glacialis,PAMC 26605,,,canonical_entity,,EstSP2 carboxylesterase,,,,WP_010183419,,sequence_ready,no,,,,,,0.849914,-0.765486,2.499305,,,evidence_moderate,F9 public display table: 4 reliable observations; 0 independent sources,LMT_0628,evidence_moderate,,EstSP2 carboxylesterase,4,,,D,24.10,误差带仅说明测量不精确，不参与T7a评分,独立来源数=，独立性档=D,no_complete_rows; complete_rows=0/4,,,purified_free,,archive_preview_only_not_authoritative,,,downweighted_train,EVID_LIT_001347; EVID_LIT_001348; EVID_LIT_001349; EVID_LIT_001350,WEBR1_PROTOCOL_0690,ASSAY_P1A_B26_01_FIG4_ESTSP2_MEOH_1H,4,1,4,0,literature,1,40,1,not_reported,pNP acetate spectrophotometric hydrolysis assay at 405 nm,p-nitrophenyl acetate,100,,PDF pp. 6-7; Results Organic Solvent Stability; Fig. 4 caption,10.4014/jmb.1806.06032,,variants/LMT_0628.html,-1
LMT_0629,LMT_0629,Rhizopus JK-1 extracellular lipase,Rhizopus JK-1 extracellular lipase,Rhizopus JK-1 extracellular lipase,Rhizopus arrhizus,JK-1,,,canonical_entity,,Rhizopus JK-1 extracellular lipase,,,,,,phenotype_ready,no,,,,,,0.897995,-0.880637,2.7535,,,evidence_sparse,F9 public display table: 1 reliable observations; 0 independent sources,LMT_0629,evidence_sparse,,Rhizopus JK-1 extracellular lipase,1,,,D,98.20,误差带仅说明测量不精确，不参与T7a评分,独立来源数=，独立性档=D,all_rows_complete; complete_rows=1/1,,,purified_free,,archive_preview_only_not_authoritative,,,downweighted_train,EVID_LIT_001351,WEBR1_PROTOCOL_0691,ASSAY_P1A_B27_JK1_TABLE4_MEOH30,1,1,1,0,literature,1,30,2,25,pNPP spectrophotometric hydrolysis assay at 410 nm after solvent preincubation,p-nitrophenyl palmitate (pNPP),62.99,,PDF pp. 5 and 11; Stability of Lipase in Different Organic Solvents; Table 4,10.1007/s12010-012-9584-0,,variants/LMT_0629.html,-1
LMT_0630,LMT_0630,CALB-[HOOCMMIm][Cl],CALB-[HOOCMMIm][Cl],CALB-[HOOCMMIm][Cl],Candida antarctica,,,,mutant_or_engineered_construct,LMT_0022,CALB-[HOOCMMIm][Cl],P41365,,,,,phenotype_ready,no,,,,,,0.685401,-0.749739,2.086382,,,evidence_moderate,F9 public display table: 5 reliable observations; 0 independent sources,LMT_0630,evidence_moderate,,CALB-[HOOCMMIm][Cl],5,,,D,38.69,误差带仅说明测量不精确，不参与T7a评分,独立来源数=，独立性档=D,partial_rows_complete; complete_rows=5/6,,,free,,archive_preview_only_not_authoritative,,,downweighted_train,EVID_LIT_001369; EVID_LIT_001370; EVID_LIT_001371; EVID_LIT_001372; EVID_LIT_001373; EVID_LIT_001374,WEBR1_PROTOCOL_0692,ASSAY_P1A_B28_ITEM2_FIG2B_CALB_IL_MEOH_2H_RT,6,1,6,0,literature,1,50,2,25,p-nitrophenyl palmitate hydrolysis assay at A405,p-nitrophenyl palmitate,120,,PDF pp. 2-3 and 6; Figure 2B; Methods catalytic stability in aqueous organic solvents,10.1039/c3ob41076e,,variants/LMT_0630.html,-1
LMT_0631,LMT_0631,CALB-[HOOCEMIm][Cl],CALB-[HOOCEMIm][Cl],CALB-[HOOCEMIm][Cl],Candida antarctica,,,,mutant_or_engineered_construct,LMT_0022,CALB-[HOOCEMIm][Cl],P41365,,,,,phenotype_ready,no,,,,,,0.662746,-0.58513,2.058648,,,evidence_moderate,F9 public display table: 5 reliable observations; 0 independent sources,LMT_0631,evidence_moderate,,CALB-[HOOCEMIm][Cl],5,,,D,38.85,误差带仅说明测量不精确，不参与T7a评分,独立来源数=，独立性档=D,partial_rows_complete; complete_rows=5/6,,,free,,archive_preview_only_not_authoritative,,,downweighted_train,EVID_LIT_001375; EVID_LIT_001376; EVID_LIT_001377; EVID_LIT_001378; EVID_LIT_001379; EVID_LIT_001380,WEBR1_PROTOCOL_0693,ASSAY_P1A_B28_ITEM2_FIG2B_CALB_IL_MEOH_2H_RT,6,1,6,0,literature,1,50,2,25,p-nitrophenyl palmitate hydrolysis assay at A405,p-nitrophenyl palmitate,110,,PDF pp. 2-3 and 6; Figure 2B; Methods catalytic stability in aqueous organic solvents,10.1039/c3ob41076e,,variants/LMT_0631.html,-1
LMT_0632,LMT_0632,CALB-[HOOCBMIm][Cl],CALB-[HOOCBMIm][Cl],CALB-[HOOCBMIm][Cl],Candida antarctica,,,,mutant_or_engineered_construct,LMT_0022,CALB-[HOOCBMIm][Cl],P41365,,,,,phenotype_ready,no,,,,,,0.609303,-0.753948,2.124305,,,evidence_moderate,F9 public display table: 5 reliable observations; 0 independent sources,LMT_0632,evidence_moderate,,CALB-[HOOCBMIm][Cl],5,,,D,39.02,误差带仅说明测量不精确，不参与T7a评分,独立来源数=，独立性档=D,partial_rows_complete; complete_rows=5/6,,,free,,archive_preview_only_not_authoritative,,,downweighted_train,EVID_LIT_001381; EVID_LIT_001382; EVID_LIT_001383; EVID_LIT_001384; EVID_LIT_001385; EVID_LIT_001386,WEBR1_PROTOCOL_0694,ASSAY_P1A_B28_ITEM2_FIG2B_CALB_IL_MEOH_2H_RT,6,1,6,0,literature,1,50,2,25,p-nitrophenyl palmitate hydrolysis assay at A405,p-nitrophenyl palmitate,115,,PDF pp. 2-3 and 6; Figure 2B; Methods catalytic stability in aqueous organic solvents,10.1039/c3ob41076e,,variants/LMT_0632.html,-1
LMT_0633,LMT_0633,CALB-[HOOCBMIm][H2PO4],CALB-[HOOCBMIm][H2PO4],CALB-[HOOCBMIm][H2PO4],Candida antarctica,,,,mutant_or_engineered_construct,LMT_0022,CALB-[HOOCBMIm][H2PO4],P41365,,,,,phenotype_ready,no,,,,,,0.560526,-0.925764,2.090919,,,evidence_moderate,F9 public display table: 5 reliable observations; 0 independent sources,LMT_0633,evidence_moderate,,CALB-[HOOCBMIm][H2PO4],5,,,D,39.18,误差带仅说明测量不精确，不参与T7a评分,独立来源数=，独立性档=D,partial_rows_complete; complete_rows=5/6,,,free,,archive_preview_only_not_authoritative,,,downweighted_train,EVID_LIT_001387; EVID_LIT_001388; EVID_LIT_001389; EVID_LIT_001390; EVID_LIT_001391; EVID_LIT_001392,WEBR1_PROTOCOL_0695,ASSAY_P1A_B28_ITEM2_FIG2B_CALB_IL_MEOH_2H_RT,6,1,6,0,literature,1,50,2,25,p-nitrophenyl palmitate hydrolysis assay at A405,p-nitrophenyl palmitate,112,,PDF pp. 2-3 and 6; Figure 2B; Methods catalytic stability in aqueous organic solvents,10.1039/c3ob41076e,,variants/LMT_0633.html,-1
LMT_0634,LMT_0634,CALB-[HOOCMMIm][PF6],CALB-[HOOCMMIm][PF6],CALB-[HOOCMMIm][PF6],Candida antarctica,,,,mutant_or_engineered_construct,LMT_0022,CALB-[HOOCMMIm][PF6],P41365,,,,,phenotype_ready,no,,,,,,0.674058,-0.918291,2.183937,,,evidence_moderate,F9 public display table: 5 reliable observations; 0 independent sources,LMT_0634,evidence_moderate,,CALB-[HOOCMMIm][PF6],5,,,D,39.34,误差带仅说明测量不精确，不参与T7a评分,独立来源数=，独立性档=D,partial_rows_complete; complete_rows=5/6,,,free,,archive_preview_only_not_authoritative,,,downweighted_train,EVID_LIT_001393; EVID_LIT_001394; EVID_LIT_001395; EVID_LIT_001396; EVID_LIT_001397; EVID_LIT_001398,WEBR1_PROTOCOL_0696,ASSAY_P1A_B28_ITEM2_FIG2B_CALB_IL_MEOH_2H_RT,6,1,6,0,literature,1,50,2,25,p-nitrophenyl palmitate hydrolysis assay at A405,p-nitrophenyl palmitate,102,,PDF pp. 2-3 and 6; Figure 2B; Methods catalytic stability in aqueous organic solvents,10.1039/c3ob41076e,,variants/LMT_0634.html,-1
LMT_0635,LMT_0635,RML-G10,RML-G10,RML-G10,Rhizomucor miehei,,,,mutant_or_engineered_construct,LMT_0132,RML-G10,P19515,,,,,phenotype_ready,no,,,,,,1.012461,-0.482753,2.464582,,,evidence_rich,F9 public display table: 8 reliable observations; 0 independent sources,LMT_0635,evidence_rich,,RML-G10,8,,,D,28.03,误差带仅说明测量不精确，不参与T7a评分,独立来源数=，独立性档=D,no_complete_rows; complete_rows=0/8,,,purified_free,,archive_preview_only_not_authoritative,,,downweighted_train,EVID_LIT_001407; EVID_LIT_001408; EVID_LIT_001409; EVID_LIT_001410; EVID_LIT_001411; EVID_LIT_001412; EVID_LIT_001413; EVID_LIT_001414,WEBR1_PROTOCOL_0697,ASSAY_P1A_B28_ITEM4_FIG6A_RML_MEOH_1H,8,1,8,0,literature,1,80,1,not_reported,p-nitrophenyl palmitate hydrolysis residual activity assay,p-nitrophenyl palmitate,90,,PDF pp. 4-5; Section 2.5; Figure 6a,10.1016/j.enzmictec.2017.03.010,,variants/LMT_0635.html,-1
LMT_0636,LMT_0636,RML-G10-11,RML-G10-11,RML-G10-11,Rhizomucor miehei,,,,mutant_or_engineered_construct,LMT_0132,RML-G10-11,P19515,,,,,phenotype_ready,no,,,,,,0.878789,-0.58612,2.213494,,,evidence_rich,F9 public display table: 8 reliable observations; 0 independent sources,LMT_0636,evidence_rich,,RML-G10-11,8,,,D,28.20,误差带仅说明测量不精确，不参与T7a评分,独立来源数=，独立性档=D,no_complete_rows; complete_rows=0/8,,,purified_free,,archive_preview_only_not_authoritative,,,downweighted_train,EVID_LIT_001415; EVID_LIT_001416; EVID_LIT_001417; EVID_LIT_001418; EVID_LIT_001419; EVID_LIT_001420; EVID_LIT_001421; EVID_LIT_001422,WEBR1_PROTOCOL_0698,ASSAY_P1A_B28_ITEM4_FIG6A_RML_MEOH_1H,8,1,8,0,literature,1,80,1,not_reported,p-nitrophenyl palmitate hydrolysis residual activity assay,p-nitrophenyl palmitate,93,,PDF pp. 4-5; Section 2.5; Figure 6a,10.1016/j.enzmictec.2017.03.010,,variants/LMT_0636.html,-1
LMT_0637,LMT_0637,RML-G10-20,RML-G10-20,RML-G10-20,Rhizomucor miehei,,,,mutant_or_engineered_construct,LMT_0132,RML-G10-20,P19515,,,,,phenotype_ready,no,,,,,,0.663624,-0.629252,2.091951,,,evidence_rich,F9 public display table: 8 reliable observations; 0 independent sources,LMT_0637,evidence_rich,,RML-G10-20,8,,,D,28.36,误差带仅说明测量不精确，不参与T7a评分,独立来源数=，独立性档=D,no_complete_rows; complete_rows=0/8,,,purified_free,,archive_preview_only_not_authoritative,,,downweighted_train,EVID_LIT_001423; EVID_LIT_001424; EVID_LIT_001425; EVID_LIT_001426; EVID_LIT_001427; EVID_LIT_001428; EVID_LIT_001429; EVID_LIT_001430,WEBR1_PROTOCOL_0699,ASSAY_P1A_B28_ITEM4_FIG6A_RML_MEOH_1H,8,1,8,0,literature,1,80,1,not_reported,p-nitrophenyl palmitate hydrolysis residual activity assay,p-nitrophenyl palmitate,95,,PDF pp. 4-5; Section 2.5; Figure 6a,10.1016/j.enzmictec.2017.03.010,,variants/LMT_0637.html,-1
LMT_0638,LMT_0638,RML-Nglyco-N151,RML-Nglyco-N151,RML-Nglyco-N151,Rhizomucor miehei,,,,mutant_or_engineered_construct,LMT_0132,RML-Nglyco-N151,P19515,,,,,phenotype_ready,no,,,,,,0.703878,-0.59328,2.09691,,,evidence_rich,F9 public display table: 14 reliable observations; 0 independent sources,LMT_0638,evidence_rich,,RML-Nglyco-N151,14,,,D,28.52,误差带仅说明测量不精确，不参与T7a评分,独立来源数=，独立性档=D,no_complete_rows; complete_rows=0/14,,,purified_free,,archive_preview_only_not_authoritative,,,downweighted_train,EVID_LIT_001449; EVID_LIT_001450; EVID_LIT_001451; EVID_LIT_001452; EVID_LIT_001453; EVID_LIT_001454; EVID_LIT_001455; EVID_LIT_001456; EVID_LIT_001457; EVID_LIT_001502; EVID_LIT_001503; EVID_LIT_001504; EVID_LIT_001505; EVID_LIT_001612,WEBR1_PROTOCOL_0700; WEBR1_PROTOCOL_0701; WEBR1_PROTOCOL_0702,ASSAY_P1A_B28_ITEM5_FIG5A_RML_NGLYCO_MEOH_1H; ASSAY_P1A_B28_ITEM5_FIG5B_RML_NGLYCO_MEOH50_TIME; ASSAY_P1A_B29_RML_NGLYCO_SUPP_S3B_MEOH50_TIME,14,3,14,0,literature,1,90,8,not_reported,p-nitrophenyl palmitate hydrolysis assay at A410,p-nitrophenyl palmitate,100.5,,PDF pp. 5-6; Section 2.8; Figure 5a; PDF pp. 5-6; Section 2.8; Figure 5b; PDF pp. 4-6 Section 2.8 and 3.7; Supplement DOCX Fig. S3b caption/image6,10.1016/j.enzmictec.2022.110072,,variants/LMT_0638.html,-1
LMT_0639,LMT_0639,RML-Nglyco-N174-1,RML-Nglyco-N174-1,RML-Nglyco-N174-1,Rhizomucor miehei,,,,mutant_or_engineered_construct,LMT_0132,RML-Nglyco-N174-1,P19515,,,,,phenotype_ready,no,,,,,,0.648615,-0.661597,2.033711,,,evidence_rich,F9 public display table: 14 reliable observations; 0 independent sources,LMT_0639,evidence_rich,,RML-Nglyco-N174-1,14,,,D,28.69,误差带仅说明测量不精确，不参与T7a评分,独立来源数=，独立性档=D,no_complete_rows; complete_rows=0/14,,,purified_free,,archive_preview_only_not_authoritative,,,downweighted_train,EVID_LIT_001458; EVID_LIT_001459; EVID_LIT_001460; EVID_LIT_001461; EVID_LIT_001462; EVID_LIT_001463; EVID_LIT_001464; EVID_LIT_001465; EVID_LIT_001466; EVID_LIT_001506; EVID_LIT_001507; EVID_LIT_001508; EVID_LIT_001509; EVID_LIT_001613,WEBR1_PROTOCOL_0703; WEBR1_PROTOCOL_0704; WEBR1_PROTOCOL_0705,ASSAY_P1A_B28_ITEM5_FIG5A_RML_NGLYCO_MEOH_1H; ASSAY_P1A_B28_ITEM5_FIG5B_RML_NGLYCO_MEOH50_TIME; ASSAY_P1A_B29_RML_NGLYCO_SUPP_S3B_MEOH50_TIME,14,3,14,0,literature,1,90,8,not_reported,p-nitrophenyl palmitate hydrolysis assay at A410,p-nitrophenyl palmitate,101,,PDF pp. 5-6; Section 2.8; Figure 5a; PDF pp. 5-6; Section 2.8; Figure 5b; PDF pp. 4-6 Section 2.8 and 3.7; Supplement DOCX Fig. S3b caption/image6,10.1016/j.enzmictec.2022.110072,,variants/LMT_0639.html,-1
LMT_0640,LMT_0640,RML-Nglyco-N235,RML-Nglyco-N235,RML-Nglyco-N235,Rhizomucor miehei,,,,mutant_or_engineered_construct,LMT_0132,RML-Nglyco-N235,P19515,,,,,phenotype_ready,no,,,,,,0.678766,-0.622709,1.954585,,,evidence_rich,F9 public display table: 14 reliable observations; 0 independent sources,LMT_0640,evidence_rich,,RML-Nglyco-N235,14,,,D,28.85,误差带仅说明测量不精确，不参与T7a评分,独立来源数=，独立性档=D,no_complete_rows; complete_rows=0/14,,,purified_free,,archive_preview_only_not_authoritative,,,downweighted_train,EVID_LIT_001467; EVID_LIT_001468; EVID_LIT_001469; EVID_LIT_001470; EVID_LIT_001471; EVID_LIT_001472; EVID_LIT_001473; EVID_LIT_001474; EVID_LIT_001475; EVID_LIT_001510; EVID_LIT_001511; EVID_LIT_001512; EVID_LIT_001513; EVID_LIT_001624,WEBR1_PROTOCOL_0706; WEBR1_PROTOCOL_0707; WEBR1_PROTOCOL_0708,ASSAY_P1A_B28_ITEM5_FIG5A_RML_NGLYCO_MEOH_1H; ASSAY_P1A_B28_ITEM5_FIG5B_RML_NGLYCO_MEOH50_TIME; ASSAY_P1A_B29_RML_NGLYCO_SUPP_S3B_MEOH50_TIME,14,3,14,0,literature,1,90,8,not_reported,p-nitrophenyl palmitate hydrolysis assay at A410,p-nitrophenyl palmitate,101,,PDF pp. 5-6; Section 2.8; Figure 5a; PDF pp. 5-6; Section 2.8; Figure 5b; PDF pp. 4-6 Section 2.8 and 3.7; Supplement DOCX Fig. S3b caption/image6,10.1016/j.enzmictec.2022.110072,,variants/LMT_0640.html,-1
LMT_0641,LMT_0641,RML-Nglyco-N288,RML-Nglyco-N288,RML-Nglyco-N288,Rhizomucor miehei,,,,mutant_or_engineered_construct,LMT_0132,RML-Nglyco-N288,P19515,,,,,phenotype_ready,no,,,,,,0.657116,-0.707918,1.998283,,,evidence_rich,F9 public display table: 14 reliable observations; 0 independent sources,LMT_0641,evidence_rich,,RML-Nglyco-N288,14,,,D,29.02,误差带仅说明测量不精确，不参与T7a评分,独立来源数=，独立性档=D,no_complete_rows; complete_rows=0/14,,,purified_free,,archive_preview_only_not_authoritative,,,downweighted_train,EVID_LIT_001476; EVID_LIT_001477; EVID_LIT_001478; EVID_LIT_001479; EVID_LIT_001480; EVID_LIT_001481; EVID_LIT_001482; EVID_LIT_001483; EVID_LIT_001484; EVID_LIT_001514; EVID_LIT_001515; EVID_LIT_001516; EVID_LIT_001517; EVID_LIT_001630,WEBR1_PROTOCOL_0709; WEBR1_PROTOCOL_0710; WEBR1_PROTOCOL_0711,ASSAY_P1A_B28_ITEM5_FIG5A_RML_NGLYCO_MEOH_1H; ASSAY_P1A_B28_ITEM5_FIG5B_RML_NGLYCO_MEOH50_TIME; ASSAY_P1A_B29_RML_NGLYCO_SUPP_S3B_MEOH50_TIME,14,3,14,0,literature,1,90,8,not_reported,p-nitrophenyl palmitate hydrolysis assay at A410,p-nitrophenyl palmitate,98.5,,PDF pp. 5-6; Section 2.8; Figure 5a; PDF pp. 5-6; Section 2.8; Figure 5b; PDF pp. 4-6 Section 2.8 and 3.7; Supplement DOCX Fig. S3b caption/image6,10.1016/j.enzmictec.2022.110072,,variants/LMT_0641.html,-1
LMT_0642,LMT_0642,RML-Nglyco-N314,RML-Nglyco-N314,RML-Nglyco-N314,Rhizomucor miehei,,,,mutant_or_engineered_construct,LMT_0132,RML-Nglyco-N314,P19515,,,,,phenotype_ready,no,,,,,,0.524583,-0.852691,1.78724,,,evidence_rich,F9 public display table: 14 reliable observations; 0 independent sources,LMT_0642,evidence_rich,,RML-Nglyco-N314,14,,,D,29.18,误差带仅说明测量不精确，不参与T7a评分,独立来源数=，独立性档=D,no_complete_rows; complete_rows=0/14,,,purified_free,,archive_preview_only_not_authoritative,,,downweighted_train,EVID_LIT_001485; EVID_LIT_001486; EVID_LIT_001487; EVID_LIT_001488; EVID_LIT_001489; EVID_LIT_001490; EVID_LIT_001491; EVID_LIT_001492; EVID_LIT_001493; EVID_LIT_001518; EVID_LIT_001519; EVID_LIT_001520; EVID_LIT_001521; EVID_LIT_001641,WEBR1_PROTOCOL_0712; WEBR1_PROTOCOL_0713; WEBR1_PROTOCOL_0714,ASSAY_P1A_B28_ITEM5_FIG5A_RML_NGLYCO_MEOH_1H; ASSAY_P1A_B28_ITEM5_FIG5B_RML_NGLYCO_MEOH50_TIME; ASSAY_P1A_B29_RML_NGLYCO_SUPP_S3B_MEOH50_TIME,14,3,14,0,literature,1,90,8,not_reported,p-nitrophenyl palmitate hydrolysis assay at A410,p-nitrophenyl palmitate,100,,PDF pp. 5-6; Section 2.8; Figure 5a; PDF pp. 5-6; Section 2.8; Figure 5b; PDF pp. 4-6 Section 2.8 and 3.7; Supplement DOCX Fig. S3b caption/image6,10.1016/j.enzmictec.2022.110072,,variants/LMT_0642.html,-1
LMT_0643,LMT_0643,RML-Nglyco-N80,RML-Nglyco-N80,RML-Nglyco-N80,Rhizomucor miehei,,,,mutant_or_engineered_construct,LMT_0132,RML-Nglyco-N80,P19515,,,,,phenotype_ready,no,,,,,,1.502161,0.29991,2.812145,,,evidence_rich,F9 public display table: 14 reliable observations; 0 independent sources,LMT_0643,evidence_rich,,RML-Nglyco-N80,14,,,D,29.34,误差带仅说明测量不精确，不参与T7a评分,独立来源数=，独立性档=D,no_complete_rows; complete_rows=0/14,,,purified_free,,archive_preview_only_not_authoritative,,,downweighted_train,EVID_LIT_001523; EVID_LIT_001524; EVID_LIT_001525; EVID_LIT_001526; EVID_LIT_001527; EVID_LIT_001528; EVID_LIT_001529; EVID_LIT_001530; EVID_LIT_001531; EVID_LIT_001597; EVID_LIT_001598; EVID_LIT_001599; EVID_LIT_001600; EVID_LIT_001601,WEBR1_PROTOCOL_0715; WEBR1_PROTOCOL_0716,ASSAY_P1A_B29_RML_NGLYCO_SUPP_S3A_MEOH_1H; ASSAY_P1A_B29_RML_NGLYCO_SUPP_S3B_MEOH50_TIME,14,2,14,0,literature,1,90,8,not_reported,p-nitrophenyl palmitate hydrolysis assay at A410,p-nitrophenyl palmitate,82,,PDF pp. 4-6 Section 2.8 and 3.7; Supplement DOCX Fig. S3a caption/image5; PDF pp. 4-6 Section 2.8 and 3.7; Supplement DOCX Fig. S3b caption/image6,10.1016/j.enzmictec.2022.110072,,variants/LMT_0643.html,-1
LMT_0644,LMT_0644,RML-Nglyco-N142,RML-Nglyco-N142,RML-Nglyco-N142,Rhizomucor miehei,,,,mutant_or_engineered_construct,LMT_0132,RML-Nglyco-N142,P19515,,,,,phenotype_ready,no,,,,,,0.748552,-0.545382,2.192261,,,evidence_rich,F9 public display table: 14 reliable observations; 0 independent sources,LMT_0644,evidence_rich,,RML-Nglyco-N142,14,,,D,29.51,误差带仅说明测量不精确，不参与T7a评分,独立来源数=，独立性档=D,no_complete_rows; complete_rows=0/14,,,purified_free,,archive_preview_only_not_authoritative,,,downweighted_train,EVID_LIT_001532; EVID_LIT_001533; EVID_LIT_001534; EVID_LIT_001535; EVID_LIT_001536; EVID_LIT_001537; EVID_LIT_001538; EVID_LIT_001539; EVID_LIT_001540; EVID_LIT_001602; EVID_LIT_001603; EVID_LIT_001604; EVID_LIT_001605; EVID_LIT_001606,WEBR1_PROTOCOL_0717; WEBR1_PROTOCOL_0718,ASSAY_P1A_B29_RML_NGLYCO_SUPP_S3A_MEOH_1H; ASSAY_P1A_B29_RML_NGLYCO_SUPP_S3B_MEOH50_TIME,14,2,14,0,literature,1,90,8,not_reported,p-nitrophenyl palmitate hydrolysis assay at A410,p-nitrophenyl palmitate,99,,PDF pp. 4-6 Section 2.8 and 3.7; Supplement DOCX Fig. S3a caption/image5; PDF pp. 4-6 Section 2.8 and 3.7; Supplement DOCX Fig. S3b caption/image6,10.1016/j.enzmictec.2022.110072,,variants/LMT_0644.html,-1
LMT_0645,LMT_0645,RML-Nglyco-N143,RML-Nglyco-N143,RML-Nglyco-N143,Rhizomucor miehei,,,,mutant_or_engineered_construct,LMT_0132,RML-Nglyco-N143,P19515,,,,,phenotype_ready,no,,,,,,0.865173,-0.467541,2.243888,,,evidence_rich,F9 public display table: 14 reliable observations; 0 independent sources,LMT_0645,evidence_rich,,RML-Nglyco-N143,14,,,D,29.67,误差带仅说明测量不精确，不参与T7a评分,独立来源数=，独立性档=D,no_complete_rows; complete_rows=0/14,,,purified_free,,archive_preview_only_not_authoritative,,,downweighted_train,EVID_LIT_001541; EVID_LIT_001542; EVID_LIT_001543; EVID_LIT_001544; EVID_LIT_001545; EVID_LIT_001546; EVID_LIT_001547; EVID_LIT_001548; EVID_LIT_001549; EVID_LIT_001607; EVID_LIT_001608; EVID_LIT_001609; EVID_LIT_001610; EVID_LIT_001611,WEBR1_PROTOCOL_0719; WEBR1_PROTOCOL_0720,ASSAY_P1A_B29_RML_NGLYCO_SUPP_S3A_MEOH_1H; ASSAY_P1A_B29_RML_NGLYCO_SUPP_S3B_MEOH50_TIME,14,2,14,0,literature,1,90,8,not_reported,p-nitrophenyl palmitate hydrolysis assay at A410,p-nitrophenyl palmitate,99,,PDF pp. 4-6 Section 2.8 and 3.7; Supplement DOCX Fig. S3a caption/image5; PDF pp. 4-6 Section 2.8 and 3.7; Supplement DOCX Fig. S3b caption/image6,10.1016/j.enzmictec.2022.110072,,variants/LMT_0645.html,-1
LMT_0646,LMT_0646,RML-Nglyco-N174-2,RML-Nglyco-N174-2,RML-Nglyco-N174-2,Rhizomucor miehei,,,,mutant_or_engineered_construct,LMT_0132,RML-Nglyco-N174-2,P19515,,,,,phenotype_ready,no,,,,,,1.232533,-0.021169,2.60498,,,evidence_rich,F9 public display table: 14 reliable observations; 0 independent sources,LMT_0646,evidence_rich,,RML-Nglyco-N174-2,14,,,D,29.84,误差带仅说明测量不精确，不参与T7a评分,独立来源数=，独立性档=D,no_complete_rows; complete_rows=0/14,,,purified_free,,archive_preview_only_not_authoritative,,,downweighted_train,EVID_LIT_001550; EVID_LIT_001551; EVID_LIT_001552; EVID_LIT_001553; EVID_LIT_001554; EVID_LIT_001555; EVID_LIT_001556; EVID_LIT_001557; EVID_LIT_001558; EVID_LIT_001614; EVID_LIT_001615; EVID_LIT_001616; EVID_LIT_001617; EVID_LIT_001618,WEBR1_PROTOCOL_0721; WEBR1_PROTOCOL_0722,ASSAY_P1A_B29_RML_NGLYCO_SUPP_S3A_MEOH_1H; ASSAY_P1A_B29_RML_NGLYCO_SUPP_S3B_MEOH50_TIME,14,2,14,0,literature,1,90,8,not_reported,p-nitrophenyl palmitate hydrolysis assay at A410,p-nitrophenyl palmitate,83,,PDF pp. 4-6 Section 2.8 and 3.7; Supplement DOCX Fig. S3a caption/image5; PDF pp. 4-6 Section 2.8 and 3.7; Supplement DOCX Fig. S3b caption/image6,10.1016/j.enzmictec.2022.110072,,variants/LMT_0646.html,-1
LMT_0647,LMT_0647,RML-Nglyco-N174-3,RML-Nglyco-N174-3,RML-Nglyco-N174-3,Rhizomucor miehei,,,,mutant_or_engineered_construct,LMT_0132,RML-Nglyco-N174-3,P19515,,,,,phenotype_ready,no,,,,,,0.840387,-0.503633,2.189986,,,evidence_rich,F9 public display table: 14 reliable observations; 0 independent sources,LMT_0647,evidence_rich,,RML-Nglyco-N174-3,14,,,D,30.00,误差带仅说明测量不精确，不参与T7a评分,独立来源数=，独立性档=D,no_complete_rows; complete_rows=0/14,,,purified_free,,archive_preview_only_not_authoritative,,,downweighted_train,EVID_LIT_001559; EVID_LIT_001560; EVID_LIT_001561; EVID_LIT_001562; EVID_LIT_001563; EVID_LIT_001564; EVID_LIT_001565; EVID_LIT_001566; EVID_LIT_001567; EVID_LIT_001619; EVID_LIT_001620; EVID_LIT_001621; EVID_LIT_001622; EVID_LIT_001623,WEBR1_PROTOCOL_0723; WEBR1_PROTOCOL_0724,ASSAY_P1A_B29_RML_NGLYCO_SUPP_S3A_MEOH_1H; ASSAY_P1A_B29_RML_NGLYCO_SUPP_S3B_MEOH50_TIME,14,2,14,0,literature,1,90,8,not_reported,p-nitrophenyl palmitate hydrolysis assay at A410,p-nitrophenyl palmitate,99,,PDF pp. 4-6 Section 2.8 and 3.7; Supplement DOCX Fig. S3a caption/image5; PDF pp. 4-6 Section 2.8 and 3.7; Supplement DOCX Fig. S3b caption/image6,10.1016/j.enzmictec.2022.110072,,variants/LMT_0647.html,-1
LMT_0648,LMT_0648,RML-Nglyco-N249-1,RML-Nglyco-N249-1,RML-Nglyco-N249-1,Rhizomucor miehei,,,,mutant_or_engineered_construct,LMT_0132,RML-Nglyco-N249-1,P19515,,,,,phenotype_ready,no,,,,,,0.788665,-0.493615,2.11642,,,evidence_rich,F9 public display table: 14 reliable observations; 0 independent sources,LMT_0648,evidence_rich,,RML-Nglyco-N249-1,14,,,D,30.16,误差带仅说明测量不精确，不参与T7a评分,独立来源数=，独立性档=D,no_complete_rows; complete_rows=0/14,,,purified_free,,archive_preview_only_not_authoritative,,,downweighted_train,EVID_LIT_001568; EVID_LIT_001569; EVID_LIT_001570; EVID_LIT_001571; EVID_LIT_001572; EVID_LIT_001573; EVID_LIT_001574; EVID_LIT_001575; EVID_LIT_001576; EVID_LIT_001625; EVID_LIT_001626; EVID_LIT_001627; EVID_LIT_001628; EVID_LIT_001629,WEBR1_PROTOCOL_0725; WEBR1_PROTOCOL_0726,ASSAY_P1A_B29_RML_NGLYCO_SUPP_S3A_MEOH_1H; ASSAY_P1A_B29_RML_NGLYCO_SUPP_S3B_MEOH50_TIME,14,2,14,0,literature,1,90,8,not_reported,p-nitrophenyl palmitate hydrolysis assay at A410,p-nitrophenyl palmitate,100,,PDF pp. 4-6 Section 2.8 and 3.7; Supplement DOCX Fig. S3a caption/image5; PDF pp. 4-6 Section 2.8 and 3.7; Supplement DOCX Fig. S3b caption/image6,10.1016/j.enzmictec.2022.110072,,variants/LMT_0648.html,-1
LMT_0649,LMT_0649,RML-Nglyco-N298,RML-Nglyco-N298,RML-Nglyco-N298,Rhizomucor miehei,,,,mutant_or_engineered_construct,LMT_0132,RML-Nglyco-N298,P19515,,,,,phenotype_ready,no,,,,,,0.824121,-0.55937,2.212804,,,evidence_rich,F9 public display table: 14 reliable observations; 0 independent sources,LMT_0649,evidence_rich,,RML-Nglyco-N298,14,,,D,30.33,误差带仅说明测量不精确，不参与T7a评分,独立来源数=，独立性档=D,no_complete_rows; complete_rows=0/14,,,purified_free,,archive_preview_only_not_authoritative,,,downweighted_train,EVID_LIT_001577; EVID_LIT_001578; EVID_LIT_001579; EVID_LIT_001580; EVID_LIT_001581; EVID_LIT_001582; EVID_LIT_001583; EVID_LIT_001584; EVID_LIT_001585; EVID_LIT_001631; EVID_LIT_001632; EVID_LIT_001633; EVID_LIT_001634; EVID_LIT_001635,WEBR1_PROTOCOL_0727; WEBR1_PROTOCOL_0728,ASSAY_P1A_B29_RML_NGLYCO_SUPP_S3A_MEOH_1H; ASSAY_P1A_B29_RML_NGLYCO_SUPP_S3B_MEOH50_TIME,14,2,14,0,literature,1,90,8,not_reported,p-nitrophenyl palmitate hydrolysis assay at A410,p-nitrophenyl palmitate,99.5,,PDF pp. 4-6 Section 2.8 and 3.7; Supplement DOCX Fig. S3a caption/image5; PDF pp. 4-6 Section 2.8 and 3.7; Supplement DOCX Fig. S3b caption/image6,10.1016/j.enzmictec.2022.110072,,variants/LMT_0649.html,-1
LMT_0650,LMT_0650,RML-Nglyco-N310-2,RML-Nglyco-N310-2,RML-Nglyco-N310-2,Rhizomucor miehei,,,,mutant_or_engineered_construct,LMT_0132,RML-Nglyco-N310-2,P19515,,,,,phenotype_ready,no,,,,,,1.306121,-0.113866,2.739987,,,evidence_rich,F9 public display table: 14 reliable observations; 0 independent sources,LMT_0650,evidence_rich,,RML-Nglyco-N310-2,14,,,D,30.49,误差带仅说明测量不精确，不参与T7a评分,独立来源数=，独立性档=D,no_complete_rows; complete_rows=0/14,,,purified_free,,archive_preview_only_not_authoritative,,,downweighted_train,EVID_LIT_001586; EVID_LIT_001587; EVID_LIT_001588; EVID_LIT_001589; EVID_LIT_001590; EVID_LIT_001591; EVID_LIT_001592; EVID_LIT_001593; EVID_LIT_001594; EVID_LIT_001636; EVID_LIT_001637; EVID_LIT_001638; EVID_LIT_001639; EVID_LIT_001640,WEBR1_PROTOCOL_0729; WEBR1_PROTOCOL_0730,ASSAY_P1A_B29_RML_NGLYCO_SUPP_S3A_MEOH_1H; ASSAY_P1A_B29_RML_NGLYCO_SUPP_S3B_MEOH50_TIME,14,2,14,0,literature,1,90,8,not_reported,p-nitrophenyl palmitate hydrolysis assay at A410,p-nitrophenyl palmitate,84,,PDF pp. 4-6 Section 2.8 and 3.7; Supplement DOCX Fig. S3a caption/image5; PDF pp. 4-6 Section 2.8 and 3.7; Supplement DOCX Fig. S3b caption/image6,10.1016/j.enzmictec.2022.110072,,variants/LMT_0650.html,-1
LMT_0651,LMT_0651,Marinobacter lipolyticus 27-A9 LipA9,Marinobacter lipolyticus 27-A9 LipA9,Marinobacter lipolyticus LipA9,Marinobacter lipolyticus,27-A9,Escherichia coli,,canonical_entity,,Marinobacter lipolyticus 27-A9 LipA9,,,MG988389,,,sequence_ready,no,,,,,,0.639621,-0.848274,2.21111,,,evidence_rich,F9 public display table: 6 reliable observations; 0 independent sources,LMT_0651,evidence_rich,,Marinobacter lipolyticus 27-A9 LipA9,6,,,D,39.51,误差带仅说明测量不精确，不参与T7a评分,独立来源数=，独立性档=D,partial_rows_complete; complete_rows=7/8,non_abhydrolase_familyVIII,,purified_free,,archive_preview_only_not_authoritative,,,downweighted_train,EVID_LIT_001655; EVID_LIT_001656; EVID_LIT_001657; EVID_LIT_001658; EVID_LIT_001659; EVID_LIT_001660; EVID_LIT_001661; EVID_LIT_001662,WEBR1_PROTOCOL_0731,ASSAY_P1A_E0_LIPA9_2019_FIG4B_MEOH,8,1,8,0,literature,1,65,0.5,25,p-nitrophenyl caproate hydrolysis assay under standard condition,p-nitrophenyl caproate (p-NPC),104,,PDF p. 1056 Fig. 4b caption; pp. 1050 and 1055 organic solvent stability methods/results,10.1007/s12010-018-2865-5,"Family VIII esterase-fold lipolytic enzyme (catalytic S-x-x-K Ser72-Lys75-Tyr188, beta-lactamase-like fold); functions as a TAG-hydrolyzing lipase but is structurally distinct from canonical alpha/beta-hydrolase lipases. Homology template EstU (PDB 4ivi). Excluded from alpha/beta-hydrolase module mapping in Phase 2/3.",variants/LMT_0651.html,-1
LMT_0652,LMT_0652,Aspergillus tamarii JGIF06 lipase,Aspergillus tamarii JGIF06 lipase,Aspergillus tamarii JGIF06 lipase,Aspergillus tamarii JGIF06,,,,enzyme_identity,,Aspergillus tamarii JGIF06 lipase,,,,,,needs_manual_check,no,,,,,,,,,,,evidence_absent,F9 public display table: 0 reliable observations; 0 independent sources,LMT_0652,evidence_absent,,Aspergillus tamarii JGIF06 lipase,0,,,D,23.28,误差带仅说明测量不精确，不参与T7a评分,独立来源数=，独立性档=D,not_evaluable_no_evidence_rows; complete_rows=0/0,,,,,archive_preview_only_not_authoritative,,,,,,,0,0,0,0,no_measurements,0,0,0,,,,0,,,,,variants/LMT_0652.html,-1
LMT_0653,LMT_0653,Aspergillus niger 65I6 crude lipase,Aspergillus niger 65I6 crude lipase,Aspergillus niger 65I6 crude lipase,Aspergillus niger 65I6,,,,enzyme_identity,,Aspergillus niger 65I6 crude lipase,,,,,,needs_manual_check,no,,,,,,1.018204,-0.913907,3.091816,,,evidence_sparse,F9 public display table: 1 reliable observations; 0 independent sources,LMT_0653,evidence_sparse,,Aspergillus niger 65I6 crude lipase,1,,,D,65.90,误差带仅说明测量不精确，不参与T7a评分,独立来源数=，独立性档=D,all_rows_complete; complete_rows=1/1,,,crude_preparation,,archive_preview_only_not_authoritative,,,downweighted_train,EVID_LIT_002480,WEBR1_PROTOCOL_0732,S8A_SM004_001,1,1,1,0,literature,1,50,1,37,lipase activity assay from source figure,not_reported,41,,manifest SM-004 Fig.4 digitized at 200 dpi,not_reported | SM-004,,variants/LMT_0653.html,-1
LMT_0656,LMT_0656,UM-1 H108A enzyme_solution;UM-1 H108A liquid_enzyme_preparation,UM-1 H108A enzyme_solution;UM-1 H108A liquid_enzyme_preparation,UM-1 H108A crude/liquid formulation panel,Streptomyces sp. W007,,,,mutant_or_engineered_construct,,UM-1 H108A crude/liquid formulation panel,,,,,,needs_manual_check,no,,,,,,-0.07137,-1.786743,1.7431,,,evidence_sparse,F9 public display table: 2 reliable observations; 0 independent sources,LMT_0656,evidence_sparse,,UM-1 H108A enzyme_solution;UM-1 H108A liquid_enzyme_preparation,2,,,D,66.07,误差带仅说明测量不精确，不参与T7a评分,独立来源数=，独立性档=D,all_rows_complete; complete_rows=2/2,,,enzyme_solution | liquid_enzyme_preparation,,archive_preview_only_not_authoritative,,,downweighted_train,EVID_LIT_002485; EVID_LIT_002486,WEBR1_PROTOCOL_0733; WEBR1_PROTOCOL_0734,S8A_SM030_001; S8A_SM030_002,2,2,2,0,literature,1,50,24,4,residual UM-1 lipase activity from thesis Fig.3-9,not_reported,92.5,,thesis Fig.3-9 digitized at 170 dpi,not_reported | SM-030,,variants/LMT_0656.html,-1
LMT_0657,LMT_0657,DeEst,DeEst,DeEst esterase,Desulfurellaceae bacterium,,,,enzyme_identity,,DeEst esterase,,MCE2488156.1,,,,sequence_ready,no,,,,,,,,,,,evidence_absent,F9 public display table: 0 reliable observations; 0 independent sources,LMT_0657,evidence_absent,,DeEst,0,,,D,98.36,误差带仅说明测量不精确，不参与T7a评分,独立来源数=，独立性档=D,all_rows_complete; complete_rows=2/2,,,purified_recombinant,,archive_preview_only_not_authoritative,,,downweighted_train,EVID_LIT_002550; EVID_LIT_002588,WEBR1_PROTOCOL_0735; WEBR1_PROTOCOL_0736,ASSAY_S3_T17_LMT_0657_30_25_001; ASSAY_S3_T17_LMT_0657_30_3_002,2,2,2,0,literature,1,30,25,30,not_reported,not_reported,102.8,,"3.3.4; 3.5.3; 3.6, pp. 41, 46-49; 3.3.4; 3.5.3; pp. 41, 46-47; Fig. 3-4B panel B, methanol 3 h bar",not_reported | REF_S3_NOT_REPORTED,,variants/LMT_0657.html,-1
LMT_0658,LMT_0658,Lipase MAJ1,Lipase MAJ1,Janibacter sp. HTCC2649 MAJ1,Janibacter sp. HTCC2649,,,,enzyme_identity,,Janibacter sp. HTCC2649 MAJ1,,,,,7V3K,ready,no,,,,,,0.886882,-1.226095,3.055245,,,evidence_sparse,F9 public display table: 1 reliable observations; 0 independent sources,LMT_0658,evidence_sparse,,Lipase MAJ1,1,,,D,33.28,误差带仅说明测量不精确，不参与T7a评分,独立来源数=，独立性档=D,all_rows_complete; complete_rows=1/1,,,purified,,archive_preview_only_not_authoritative,,,downweighted_train,EVID_LIT_000080,WEBR1_PROTOCOL_0737,ASSAY_S3_M2_LMT_0658_10_4_003,1,1,1,0,literature,1,10,4,4,residual enzyme activity under optimum reaction temperature and pH,not_reported,100,,PDF page 43; printed thesis page 28; Figure 2-6,not_reported | REF_S3_NOT_REPORTED,,variants/LMT_0658.html,-1
LMT_0659,LMT_0659,YLIP9,YLIP9,YLIP9 series,Yarrowia lipolytica MSR80,,,,enzyme_identity,,YLIP9 series,,,,,,needs_manual_check,no,,,,,,0.457955,-0.877176,1.840951,,,evidence_rich,F9 public display table: 9 reliable observations; 0 independent sources,LMT_0659,evidence_rich,,YLIP9,9,,,D,66.23,误差带仅说明测量不精确，不参与T7a评分,独立来源数=，独立性档=D,all_rows_complete; complete_rows=9/9,,,purified,,archive_preview_only_not_authoritative,,,downweighted_train,EVID_LIT_002488; EVID_LIT_002489; EVID_LIT_002490; EVID_LIT_002491; EVID_LIT_002492; EVID_LIT_002493; EVID_LIT_002494; EVID_LIT_002495; EVID_LIT_002496,WEBR1_PROTOCOL_0738; WEBR1_PROTOCOL_0739; WEBR1_PROTOCOL_0740; WEBR1_PROTOCOL_0741; WEBR1_PROTOCOL_0742; WEBR1_PROTOCOL_0743; WEBR1_PROTOCOL_0744; WEBR1_PROTOCOL_0745; WEBR1_PROTOCOL_0746,S8A_SM048_001; S8A_SM048_002; S8A_SM048_003; S8A_SM048_004; S8A_SM048_005; S8A_SM048_006; S8A_SM048_007; S8A_SM048_008; S8A_SM048_009,9,9,9,0,literature,1,90,1,25,standard lipase activity after methanol preincubation,not_reported,100,,YLIP9 supplement Figure S2 image2.png and main PDF method 2.6.1,10.1016/j.ijbiomac.2017.06.003,,variants/LMT_0659.html,-1
LMT_0660,LMT_0660,Geobacillus sp. ARM lipase,Geobacillus sp. ARM lipase,Geobacillus sp. ARM lipase,Geobacillus sp. ARM,,,,canonical_entity,,Geobacillus sp. ARM lipase,,,EF042975,,,sequence_ready,no,,,,,,0.713741,-1.436915,2.794918,,,evidence_sparse,F9 public display table: 1 reliable observations; 0 independent sources,LMT_0660,evidence_sparse,,Geobacillus sp. ARM lipase,1,,,D,98.52,误差带仅说明测量不精确，不参与T7a评分,独立来源数=，独立性档=D,all_rows_complete; complete_rows=1/1,,,purified_recombinant,,archive_preview_only_not_authoritative,,,downweighted_train,EVID_LIT_002516,WEBR1_PROTOCOL_0747,S8A_SM070_002,1,1,1,0,literature,1,30,0.5,30,residual lipase activity after solvent exposure,not_reported,107.3,,"30% v/v methanol, 30 min, 30 C, 150 rpm; Fig.5A/text reports residual 107.3%",10.1016/j.biortech.2011.03.083,,variants/LMT_0660.html,-1
LMT_0661,LMT_0661,RML chimeric lipase mutant H,RML chimeric lipase mutant H,RML chimeric lipase mutant H,Rhizomucor miehei,,,,mutant_or_engineered_construct,LMT_0132,RML chimeric lipase mutant H,,,,,,parent_scaffold_only,no,,,,,,0.761016,-0.953991,2.483498,,,evidence_sparse,F9 public display table: 1 reliable observations; 0 independent sources,LMT_0661,evidence_sparse,,RML chimeric lipase mutant H,1,,,D,98.69,误差带仅说明测量不精确，不参与T7a评分,独立来源数=，独立性档=D,all_rows_complete; complete_rows=1/1,,,purified,,archive_preview_only_not_authoritative,,,downweighted_train,EVID_LIT_000064,WEBR1_PROTOCOL_0748,ASSAY_S3_L84_B_LMT_0661_30_2_022,1,1,1,0,literature,1,30,2,4,phospholipase activity,phospholipid substrate,75.9,,"PDF p.49, Fig.3-8(c)",not_reported | REF_S3_NOT_REPORTED,,variants/LMT_0661.html,-1
LMT_0662,LMT_0662,Aspergillus oryzae free AOL lipase,Aspergillus oryzae free AOL lipase,Aspergillus oryzae AOL free recombinant lipase,Aspergillus oryzae,,,,enzyme_identity,,Aspergillus oryzae AOL free recombinant lipase,,,D85895,,5XK2,ready,no,,,,,,0.827644,-1.130637,2.773184,,,evidence_sparse,F9 public display table: 1 reliable observations; 0 independent sources,LMT_0662,evidence_sparse,,Aspergillus oryzae free AOL lipase,1,,,D,98.85,误差带仅说明测量不精确，不参与T7a评分,独立来源数=，独立性档=D,all_rows_complete; complete_rows=1/1,,,purified,,archive_preview_only_not_authoritative,,,downweighted_train,EVID_LIT_000065,WEBR1_PROTOCOL_0749,ASSAY_S3_L84_B_LMT_0662_30_2_023,1,1,1,0,literature,1,30,2,4,relative lipase activity,Kao diester/PVA emulsion,87.27,,"PDF p.25, Table 2-3",not_reported | REF_S3_NOT_REPORTED,,variants/LMT_0662.html,-1
LMT_0663,LMT_0663,WT LipZC12,WT LipZC12,LipZC12 WT,,,,,enzyme_identity,,LipZC12 WT,,,,,,needs_manual_check,no,,,,,,,,,,,evidence_absent,F9 public display table: 0 reliable observations; 0 independent sources,LMT_0663,evidence_absent,,WT LipZC12,0,,,D,23.44,误差带仅说明测量不精确，不参与T7a评分,独立来源数=，独立性档=D,not_evaluable_no_evidence_rows; complete_rows=0/0,,,,,archive_preview_only_not_authoritative,,,,,,,0,0,0,0,no_measurements,0,0,0,,,,0,,,,,variants/LMT_0663.html,-1
LMT_0664,LMT_0664,Bacillus pumilus WSS5 lipase,Bacillus pumilus WSS5 lipase,Bacillus pumilus WSS5 lipase,Bacillus pumilus WSS5,,,,enzyme_identity,,Bacillus pumilus WSS5 lipase,,,,,,needs_manual_check,no,,,,,,0.952941,-0.540385,2.485584,,,evidence_moderate,F9 public display table: 5 reliable observations; 0 independent sources,LMT_0664,evidence_moderate,,Bacillus pumilus WSS5 lipase,5,,,D,66.39,误差带仅说明测量不精确，不参与T7a评分,独立来源数=，独立性档=D,all_rows_complete; complete_rows=5/5,,,purified,,archive_preview_only_not_authoritative,,,downweighted_train,EVID_LIT_000073; EVID_LIT_000074; EVID_LIT_000075; EVID_LIT_000076; EVID_LIT_000077,WEBR1_PROTOCOL_0750; WEBR1_PROTOCOL_0751; WEBR1_PROTOCOL_0752; WEBR1_PROTOCOL_0753; WEBR1_PROTOCOL_0754,ASSAY_S3_L84_B_LMT_0664_10_0_5_03; ASSAY_S3_L84_B_LMT_0664_30_0_5_03; ASSAY_S3_L84_B_LMT_0664_50_0_5_03; ASSAY_S3_L84_B_LMT_0664_70_0_5_03; ASSAY_S3_L84_B_LMT_0664_100_0_5_0,5,5,5,0,literature,1,100,0.5,30,spectrophotometric lipase activity,p-nitrophenyl caprylate,80,,"PDF p.31, Fig.10",not_reported | REF_S3_NOT_REPORTED,,variants/LMT_0664.html,-1
LMT_0666,LMT_0666,Stenotrophomonas maltophilia D18,Stenotrophomonas maltophilia D18,Stenotrophomonas maltophilia D18,Stenotrophomonas maltophilia,,,,enzyme_identity,,Stenotrophomonas maltophilia D18,,,,,,needs_manual_check,no,,,,,,0.302282,-1.130959,1.865201,,,evidence_rich,F9 public display table: 7 reliable observations; 0 independent sources,LMT_0666,evidence_rich,,Stenotrophomonas maltophilia D18,7,,,D,39.67,误差带仅说明测量不精确，不参与T7a评分,独立来源数=，独立性档=D,partial_rows_complete; complete_rows=7/8,,,crude_preparation,,archive_preview_only_not_authoritative,,,downweighted_train,EVID_LIT_000008; EVID_LIT_000009; EVID_LIT_000010; EVID_LIT_000011; EVID_LIT_000012; EVID_LIT_000013; EVID_LIT_000014; EVID_LIT_000015,WEBR1_PROTOCOL_0762; WEBR1_PROTOCOL_0763; WEBR1_PROTOCOL_0764; WEBR1_PROTOCOL_0765; WEBR1_PROTOCOL_0766; WEBR1_PROTOCOL_0767; WEBR1_PROTOCOL_0768; WEBR1_PROTOCOL_0769,ASSAY_S3_C12B_LMT_0666_0_24_008; ASSAY_S3_C12B_LMT_0666_5_24_009; ASSAY_S3_C12B_LMT_0666_10_24_010; ASSAY_S3_C12B_LMT_0666_15_24_011; ASSAY_S3_C12B_LMT_0666_20_24_012; ASSAY_S3_C12B_LMT_0666_25_24_013; ASSAY_S3_C12B_LMT_0666_30_24_014; ASSAY_S3_C12B_LMT_0666_35_24_015,8,8,8,0,literature,1,35,24,25,tributyrin emulsion assay,not_reported,100,,Fig. 5a,10.1016/j.envres.2022.113570,,variants/LMT_0666.html,-1
LMT_0667,LMT_0667,Lysinibacillus fusiformis B23,Lysinibacillus fusiformis B23,Lysinibacillus fusiformis B23,Lysinibacillus fusiformis,,,,enzyme_identity,,Lysinibacillus fusiformis B23,,,,,,needs_manual_check,no,,,,,,1.07015,-0.363259,2.791994,,,evidence_rich,F9 public display table: 6 reliable observations; 0 independent sources,LMT_0667,evidence_rich,,Lysinibacillus fusiformis B23,6,,,D,39.84,误差带仅说明测量不精确，不参与T7a评分,独立来源数=，独立性档=D,partial_rows_complete; complete_rows=7/8,,,crude_preparation,,archive_preview_only_not_authoritative,,,downweighted_train,EVID_LIT_000016; EVID_LIT_000017; EVID_LIT_000018; EVID_LIT_000019; EVID_LIT_000020; EVID_LIT_000021; EVID_LIT_000022; EVID_LIT_000023,WEBR1_PROTOCOL_0770; WEBR1_PROTOCOL_0771; WEBR1_PROTOCOL_0772; WEBR1_PROTOCOL_0773; WEBR1_PROTOCOL_0774; WEBR1_PROTOCOL_0775; WEBR1_PROTOCOL_0776; WEBR1_PROTOCOL_0777,ASSAY_S3_C12B_LMT_0667_0_24_016; ASSAY_S3_C12B_LMT_0667_5_24_017; ASSAY_S3_C12B_LMT_0667_10_24_018; ASSAY_S3_C12B_LMT_0667_15_24_019; ASSAY_S3_C12B_LMT_0667_20_24_020; ASSAY_S3_C12B_LMT_0667_25_24_021; ASSAY_S3_C12B_LMT_0667_30_24_022; ASSAY_S3_C12B_LMT_0667_35_24_023,8,8,8,0,literature,1,35,24,35,tributyrin emulsion assay,not_reported,100,,Fig. 5a,10.1016/j.envres.2022.113570,,variants/LMT_0667.html,-1
LMT_0668,LMT_0668,Acinetobacter junii C69,Acinetobacter junii C69,Acinetobacter junii C69,Acinetobacter junii,,,,enzyme_identity,,Acinetobacter junii C69,,,,,,needs_manual_check,no,,,,,,0.571483,-0.935002,2.087718,,,evidence_rich,F9 public display table: 7 reliable observations; 0 independent sources,LMT_0668,evidence_rich,,Acinetobacter junii C69,7,,,D,40.00,误差带仅说明测量不精确，不参与T7a评分,独立来源数=，独立性档=D,partial_rows_complete; complete_rows=7/8,,,crude_preparation,,archive_preview_only_not_authoritative,,,downweighted_train,EVID_LIT_000024; EVID_LIT_000025; EVID_LIT_000026; EVID_LIT_000027; EVID_LIT_000028; EVID_LIT_000029; EVID_LIT_000030; EVID_LIT_000031,WEBR1_PROTOCOL_0778; WEBR1_PROTOCOL_0779; WEBR1_PROTOCOL_0780; WEBR1_PROTOCOL_0781; WEBR1_PROTOCOL_0782; WEBR1_PROTOCOL_0783; WEBR1_PROTOCOL_0784; WEBR1_PROTOCOL_0785,ASSAY_S3_C12B_LMT_0668_0_24_024; ASSAY_S3_C12B_LMT_0668_5_24_025; ASSAY_S3_C12B_LMT_0668_10_24_026; ASSAY_S3_C12B_LMT_0668_15_24_027; ASSAY_S3_C12B_LMT_0668_20_24_028; ASSAY_S3_C12B_LMT_0668_25_24_029; ASSAY_S3_C12B_LMT_0668_30_24_030; ASSAY_S3_C12B_LMT_0668_35_24_031,8,8,8,0,literature,1,35,24,30,tributyrin emulsion assay,not_reported,100,,Fig. 5a,10.1016/j.envres.2022.113570,,variants/LMT_0668.html,-1
LMT_0669,LMT_0669,Acinetobacter pittii C95,Acinetobacter pittii C95,Acinetobacter pittii C95,Acinetobacter pittii,,,,enzyme_identity,,Acinetobacter pittii C95,,,,,,needs_manual_check,no,,,,,,0.364977,-1.082664,1.882283,,,evidence_rich,F9 public display table: 6 reliable observations; 0 independent sources,LMT_0669,evidence_rich,,Acinetobacter pittii C95,6,,,D,40.16,误差带仅说明测量不精确，不参与T7a评分,独立来源数=，独立性档=D,partial_rows_complete; complete_rows=7/8,,,crude_preparation,,archive_preview_only_not_authoritative,,,downweighted_train,EVID_LIT_000032; EVID_LIT_000033; EVID_LIT_000034; EVID_LIT_000035; EVID_LIT_000036; EVID_LIT_000037; EVID_LIT_000038; EVID_LIT_000039,WEBR1_PROTOCOL_0786; WEBR1_PROTOCOL_0787; WEBR1_PROTOCOL_0788; WEBR1_PROTOCOL_0789; WEBR1_PROTOCOL_0790; WEBR1_PROTOCOL_0791; WEBR1_PROTOCOL_0792; WEBR1_PROTOCOL_0793,ASSAY_S3_C12B_LMT_0669_0_24_032; ASSAY_S3_C12B_LMT_0669_5_24_033; ASSAY_S3_C12B_LMT_0669_10_24_034; ASSAY_S3_C12B_LMT_0669_15_24_035; ASSAY_S3_C12B_LMT_0669_20_24_036; ASSAY_S3_C12B_LMT_0669_25_24_037; ASSAY_S3_C12B_LMT_0669_30_24_038; ASSAY_S3_C12B_LMT_0669_35_24_039,8,8,8,0,literature,1,35,24,30,tributyrin emulsion assay,not_reported,100,,Fig. 5a,10.1016/j.envres.2022.113570,,variants/LMT_0669.html,-1
LMT_0670,LMT_0670,LipZC12 lip-Δlid,LipZC12 lip-Δlid,LipZC12 lip-Δlid,,,,,enzyme_identity,,LipZC12 lip-Δlid,,,,,,needs_manual_check,no,,,,,,,,,,,evidence_absent,F9 public display table: 0 reliable observations; 0 independent sources,LMT_0670,evidence_absent,,LipZC12 lip-Δlid,0,,,D,23.61,误差带仅说明测量不精确，不参与T7a评分,独立来源数=，独立性档=D,not_evaluable_no_evidence_rows; complete_rows=0/0,,,,,archive_preview_only_not_authoritative,,,,,,,0,0,0,0,no_measurements,0,0,0,,,,0,,,,,variants/LMT_0670.html,-1
LMT_0671,LMT_0671,Est56,Est56,Est56,,,,,enzyme_identity,,Est56,,ALH24854.1,KR149569,,,sequence_ready,no,,,,,,,,,,,evidence_absent,F9 public display table: 0 reliable observations; 0 independent sources,LMT_0671,evidence_absent,,Est56,0,,,D,99.02,误差带仅说明测量不精确，不参与T7a评分,独立来源数=，独立性档=D,all_rows_complete; complete_rows=2/2,,,purified_recombinant,,archive_preview_only_not_authoritative,,,downweighted_train,EVID_LIT_000078; EVID_LIT_000079,WEBR1_PROTOCOL_0794; WEBR1_PROTOCOL_0795,ASSAY_S3_M2_LMT_0671_15_24_001; ASSAY_S3_M2_LMT_0671_30_24_002,2,2,2,0,literature,1,30,24,10,standard residual activity assay; p-NP ester substrate,not_reported,116.1,,goediss text pages 221 and 225; Sections 2.6.4 and 3.6,10.53846/goediss-8565,,variants/LMT_0671.html,-1
LMT_0672,LMT_0672,YLIP9L1,YLIP9L1,YLIP9L1,Yarrowia lipolytica MSR80,,,,mutant_or_engineered_construct,LMT_0659,YLIP9L1,,,,,,needs_manual_check,no,,,,,,0.382804,-0.936109,1.753435,,,evidence_rich,F9 public display table: 9 reliable observations; 0 independent sources,LMT_0672,evidence_rich,,YLIP9L1,9,,,D,66.56,误差带仅说明测量不精确，不参与T7a评分,独立来源数=，独立性档=D,all_rows_complete; complete_rows=9/9,,,purified,,archive_preview_only_not_authoritative,,,downweighted_train,EVID_LIT_002497; EVID_LIT_002498; EVID_LIT_002499; EVID_LIT_002500; EVID_LIT_002501; EVID_LIT_002502; EVID_LIT_002503; EVID_LIT_002504; EVID_LIT_002505,WEBR1_PROTOCOL_0796; WEBR1_PROTOCOL_0797; WEBR1_PROTOCOL_0798; WEBR1_PROTOCOL_0799; WEBR1_PROTOCOL_0800; WEBR1_PROTOCOL_0801; WEBR1_PROTOCOL_0802; WEBR1_PROTOCOL_0803; WEBR1_PROTOCOL_0804,S8A_SM048_010; S8A_SM048_011; S8A_SM048_012; S8A_SM048_013; S8A_SM048_014; S8A_SM048_015; S8A_SM048_016; S8A_SM048_017; S8A_SM048_018,9,9,9,0,literature,1,90,1,25,standard lipase activity after methanol preincubation,not_reported,100,,YLIP9 supplement Figure S2 image2.png and main PDF method 2.6.1,10.1016/j.ijbiomac.2017.06.003,,variants/LMT_0672.html,-1
LMT_0673,LMT_0673,YLIP9L1Bp3,YLIP9L1Bp3,YLIP9L1Bp3,Yarrowia lipolytica MSR80,,,,mutant_or_engineered_construct,LMT_0659,YLIP9L1Bp3,,,,,,needs_manual_check,no,,,,,,0.359998,-1.029925,1.737812,,,evidence_rich,F9 public display table: 9 reliable observations; 0 independent sources,LMT_0673,evidence_rich,,YLIP9L1Bp3,9,,,D,66.72,误差带仅说明测量不精确，不参与T7a评分,独立来源数=，独立性档=D,all_rows_complete; complete_rows=9/9,,,purified,,archive_preview_only_not_authoritative,,,downweighted_train,EVID_LIT_002506; EVID_LIT_002507; EVID_LIT_002508; EVID_LIT_002509; EVID_LIT_002510; EVID_LIT_002511; EVID_LIT_002512; EVID_LIT_002513; EVID_LIT_002514,WEBR1_PROTOCOL_0805; WEBR1_PROTOCOL_0806; WEBR1_PROTOCOL_0807; WEBR1_PROTOCOL_0808; WEBR1_PROTOCOL_0809; WEBR1_PROTOCOL_0810; WEBR1_PROTOCOL_0811; WEBR1_PROTOCOL_0812; WEBR1_PROTOCOL_0813,S8A_SM048_019; S8A_SM048_020; S8A_SM048_021; S8A_SM048_022; S8A_SM048_023; S8A_SM048_024; S8A_SM048_025; S8A_SM048_026; S8A_SM048_027,9,9,9,0,literature,1,90,1,25,standard lipase activity after methanol preincubation,not_reported,100,,YLIP9 supplement Figure S2 image2.png and main PDF method 2.6.1,10.1016/j.ijbiomac.2017.06.003,,variants/LMT_0673.html,-1
LMT_0674,LMT_0674,Pseudozyma hubeiensis HB85A FLCS free lipase in crude supernatant;Pseudozyma hubeiensis HB85A FLCS culture-supernatant lipase;Pseudozyma hubeiensis HB85A immobilized lipase IE,Pseudozyma hubeiensis HB85A FLCS free lipase in crude supernatant;Pseudozyma hubeiensis HB85A FLCS culture-supernatant lipase;Pseudozyma hubeiensis HB85A immobilized lipase IE,Pseudozyma hubeiensis HB85A extracellular lipase (FLCS/culture supernatant),Pseudozyma hubeiensis,HB85A,,,canonical_entity,,Pseudozyma hubeiensis HB85A extracellular lipase (FLCS/culture supernatant),,,,,,phenotype_ready,no,,,,,,1.276137,-0.143891,2.751345,,,evidence_moderate,F9 public display table: 5 reliable observations; 0 independent sources,LMT_0674,evidence_moderate,,Pseudozyma hubeiensis HB85A FLCS free lipase in crude supernatant;Pseudozyma hubeiensis HB85A FLCS culture-supernatant lipase;Pseudozyma hubeiensis HB85A immobilized lipase IE,5,,,D,40.33,误差带仅说明测量不精确，不参与T7a评分,独立来源数=，独立性档=D,all_rows_complete; complete_rows=6/6,,,crude_preparation,,archive_preview_only_not_authoritative,,,downweighted_train,EVID_LIT_002533; EVID_LIT_002534; EVID_LIT_002535; EVID_LIT_002545; EVID_LIT_002546; EVID_LIT_002547,WEBR1_PROTOCOL_0814; WEBR1_PROTOCOL_0815; WEBR1_PROTOCOL_0816; WEBR1_PROTOCOL_0817; WEBR1_PROTOCOL_0818; WEBR1_PROTOCOL_0819,ASSAY_EVID_S8B_SM060_FLCS_20; ASSAY_EVID_S8B_SM060_FLCS_50; ASSAY_EVID_S8B_SM060_FLCS_80; ASSAY_EVID_S8B_SM099_20; ASSAY_EVID_S8B_SM099_50; ASSAY_EVID_S8B_SM099_80,6,6,6,0,literature,2,80,1,50 | 40,not_reported,not_reported,103,,Table 6 FLCS free arm; Table 5 organic solvent stability,10.1155/2012/329178 | 10.1016/j.biortech.2008.10.063,,variants/LMT_0674.html,-1
LMT_0675,LMT_0675,soil metagenome SMlipA purified lipase,soil metagenome SMlipA purified lipase,soil metagenome SMlipA lipase,soil metagenomic library,,Escherichia coli JM109,,canonical_entity,,soil metagenome SMlipA purified lipase,,AEW90242.1,,,,sequence_ready,no,,,,,,-0.30923,-2.098051,1.488537,,,evidence_sparse,F9 public display table: 2 reliable observations; 0 independent sources,LMT_0675,evidence_sparse,,soil metagenome SMlipA purified lipase,2,,,D,40.49,误差带仅说明测量不精确，不参与T7a评分,独立来源数=，独立性档=D,all_rows_complete; complete_rows=2/2,,,purified,,archive_preview_only_not_authoritative,,,downweighted_train,EVID_LIT_002539; EVID_LIT_002540,WEBR1_PROTOCOL_0820; WEBR1_PROTOCOL_0821,ASSAY_EVID_S8B_SM084_SOIL_001; ASSAY_EVID_S8B_SM084_SOIL_002,2,2,2,0,literature,1,50,12,25,not_reported,not_reported,165.39,,soilmeta Table 3; temp conflict room temperature vs 37 C,10.1007/s11274-012-1051-0,,variants/LMT_0675.html,-1
LMT_0676,LMT_0676,Pseudozyma sp. NII 08165 partially purified esterase,Pseudozyma sp. NII 08165 partially purified esterase,Pseudozyma sp. NII 08165 partially purified esterase preparation,Pseudozyma sp.,NII 08165,,,canonical_entity,,Pseudozyma sp. NII 08165 partially purified esterase preparation,,,,,,phenotype_ready,no,,,,,,,,,,,evidence_absent,F9 public display table: 0 reliable observations; 0 independent sources,LMT_0676,evidence_absent,,Pseudozyma sp. NII 08165 partially purified esterase,0,,,D,23.77,误差带仅说明测量不精确，不参与T7a评分,独立来源数=，独立性档=D,not_evaluable_no_evidence_rows; complete_rows=0/0,,,,,archive_preview_only_not_authoritative,,,,,,,0,0,0,0,no_measurements,0,0,0,,,,0,,,,,variants/LMT_0676.html,-1
LMT_0677,LMT_0677,Pseudozyma sp. NII 08165 purified LIP1 esterase,Pseudozyma sp. NII 08165 purified LIP1 esterase,Pseudozyma sp. NII 08165 LIP1 esterase,Pseudozyma sp.,NII 08165,,,canonical_entity,,Pseudozyma sp. NII 08165 purified LIP1 esterase,,,,,,needs_manual_check,no,,,,,,,,,,,evidence_absent,F9 public display table: 0 reliable observations; 0 independent sources,LMT_0677,evidence_absent,,Pseudozyma sp. NII 08165 purified LIP1 esterase,0,,,D,23.93,误差带仅说明测量不精确，不参与T7a评分,独立来源数=，独立性档=D,not_evaluable_no_evidence_rows; complete_rows=0/0,,,,,archive_preview_only_not_authoritative,,,,,,,0,0,0,0,no_measurements,0,0,0,,,,0,,,,,variants/LMT_0677.html,-1
LMT_0678,LMT_0678,BaAXE WT,BaAXE WT,BaAXE WT,Biomphalaria alexandrina,,,,canonical_entity,,BaAXE WT,,,,,,needs_manual_check,no,,,,,,0.498697,-1.295016,2.297325,,,evidence_sparse,F9 public display table: 2 reliable observations; 0 independent sources,LMT_0678,evidence_sparse,,BaAXE WT,2,,,D,66.89,误差带仅说明测量不精确，不参与T7a评分,独立来源数=，独立性档=D,all_rows_complete; complete_rows=2/2,,,purified_recombinant,,archive_preview_only_not_authoritative,,,downweighted_train,EVID_LIT_002560; EVID_LIT_002561,WEBR1_PROTOCOL_0822; WEBR1_PROTOCOL_0823,ASSAY_B82_EVID_LIT_002560; ASSAY_B82_EVID_LIT_002561,2,2,2,0,literature,1,40,19,20,not_reported,,60,,"Figure 6, PDF p. 8-9; Methods section 3.7, PDF p. 10; B69c Figure 6A, PDF p. 8; Figure 7, PDF p. 9; Methods section 3.7, PDF pp. 10-11; B69c Figure 7, PDF p. 9",10.3390/molecules28217393,,variants/LMT_0678.html,-1
LMT_0679,LMT_0679,MUT12,MUT12,MUT12,Biomphalaria alexandrina,,,,mutant_or_engineered_construct,LMT_0678,MUT12,,,,,,needs_manual_check,no,,,,,,0.028627,-1.697087,1.936717,,,evidence_sparse,F9 public display table: 2 reliable observations; 0 independent sources,LMT_0679,evidence_sparse,,MUT12,2,,,D,67.05,误差带仅说明测量不精确，不参与T7a评分,独立来源数=，独立性档=D,all_rows_complete; complete_rows=2/2,,,purified_recombinant,,archive_preview_only_not_authoritative,,,downweighted_train,EVID_LIT_002562; EVID_LIT_002563,WEBR1_PROTOCOL_0824; WEBR1_PROTOCOL_0825,ASSAY_B82_EVID_LIT_002562; ASSAY_B82_EVID_LIT_002563,2,2,2,0,literature,1,40,19,20,not_reported,,160,,"Figure 6, PDF p. 8-9; Methods section 3.7, PDF p. 10; B69c Figure 6A, PDF p. 8; Figure 7, PDF p. 9; Methods section 3.7, PDF pp. 10-11; B69c Figure 7, PDF p. 9",10.3390/molecules28217393,,variants/LMT_0679.html,-1
LMT_0680,LMT_0680,MUT143,MUT143,MUT143,Biomphalaria alexandrina,,,,mutant_or_engineered_construct,LMT_0678,MUT143,,,,,,needs_manual_check,no,,,,,,0.5227,-1.194672,2.403421,,,evidence_sparse,F9 public display table: 2 reliable observations; 0 independent sources,LMT_0680,evidence_sparse,,MUT143,2,,,D,67.21,误差带仅说明测量不精确，不参与T7a评分,独立来源数=，独立性档=D,all_rows_complete; complete_rows=2/2,,,purified_recombinant,,archive_preview_only_not_authoritative,,,downweighted_train,EVID_LIT_002564; EVID_LIT_002565,WEBR1_PROTOCOL_0826; WEBR1_PROTOCOL_0827,ASSAY_B82_EVID_LIT_002564; ASSAY_B82_EVID_LIT_002565,2,2,2,0,literature,1,40,19,20,not_reported,,125,,"Figure 6, PDF p. 8-9; Methods section 3.7, PDF p. 10; B69c Figure 6A, PDF p. 8; Figure 7, PDF p. 9; Methods section 3.7, PDF pp. 10-11; B69c Figure 7, PDF p. 9",10.3390/molecules28217393,,variants/LMT_0680.html,-1
LMT_0681,LMT_0681,MUT12-143,MUT12-143,MUT12-143,Biomphalaria alexandrina,,,,mutant_or_engineered_construct,LMT_0678,MUT12-143,,,,,,needs_manual_check,no,,,,,,0.0974,-1.596072,1.896297,,,evidence_sparse,F9 public display table: 2 reliable observations; 0 independent sources,LMT_0681,evidence_sparse,,MUT12-143,2,,,D,67.38,误差带仅说明测量不精确，不参与T7a评分,独立来源数=，独立性档=D,all_rows_complete; complete_rows=2/2,,,purified_recombinant,,archive_preview_only_not_authoritative,,,downweighted_train,EVID_LIT_002566; EVID_LIT_002567,WEBR1_PROTOCOL_0828; WEBR1_PROTOCOL_0829,ASSAY_B82_EVID_LIT_002566; ASSAY_B82_EVID_LIT_002567,2,2,2,0,literature,1,40,19,20,not_reported,,130,,"Figure 6, PDF p. 8-9; Methods section 3.7, PDF p. 10; B69c Figure 6A, PDF p. 8; Figure 7, PDF p. 9; Methods section 3.7, PDF pp. 10-11; B69c Figure 7, PDF p. 9",10.3390/molecules28217393,,variants/LMT_0681.html,-1
LMT_0682,LMT_0682,Stenotrophomonas maltophilia strain HO5 lipase,Stenotrophomonas maltophilia strain HO5 lipase,Stenotrophomonas maltophilia strain HO5 lipase,Stenotrophomonas maltophilia,,,,canonical_entity,,Stenotrophomonas maltophilia strain HO5 lipase,,,,,,needs_manual_check,no,,,,,,1.025893,-0.660707,2.724054,,,evidence_sparse,F9 public display table: 2 reliable observations; 0 independent sources,LMT_0682,evidence_sparse,,Stenotrophomonas maltophilia strain HO5 lipase,2,,,D,99.18,误差带仅说明测量不精确，不参与T7a评分,独立来源数=，独立性档=D,all_rows_complete; complete_rows=3/3,,,purified,,archive_preview_only_not_authoritative,,,downweighted_train,EVID_LIT_002568; EVID_LIT_002589; EVID_LIT_002590,WEBR1_PROTOCOL_0830; WEBR1_PROTOCOL_0831; WEBR1_PROTOCOL_0832,ASSAY_B82_EVID_LIT_002568; ASSAY_B105_EVID_LIT_002589; ASSAY_B105_EVID_LIT_002590,3,3,3,0,literature,1,20,0.5,45,not_reported,not_reported,113.1,,"Figure 9D and Results, PDF p. 23 (article PDF page sequence)",10.1038/s41598-026-55459-z,,variants/LMT_0682.html,-1
LMT_0683,LMT_0683,PsEstyfh esterase from Pseudomonas sivasensis R11S16,PsEstyfh esterase from Pseudomonas sivasensis R11S16,PsEstyfh esterase from Pseudomonas sivasensis R11S16,Pseudomonas sivasensis R11S16,,,,canonical_entity,,PsEstyfh esterase from Pseudomonas sivasensis R11S16,,,,,,needs_manual_check,no,,,,,,1.239222,-0.642655,3.01705,,,evidence_sparse,F9 public display table: 2 reliable observations; 0 independent sources,LMT_0683,evidence_sparse,,PsEstyfh esterase from Pseudomonas sivasensis R11S16,2,,,D,67.54,误差带仅说明测量不精确，不参与T7a评分,独立来源数=，独立性档=D,all_rows_complete; complete_rows=2/2,,,purified_recombinant,,archive_preview_only_not_authoritative,,,downweighted_train,EVID_LIT_002569; EVID_LIT_002570,WEBR1_PROTOCOL_0833; WEBR1_PROTOCOL_0834,ASSAY_B82_EVID_LIT_002569; ASSAY_B82_EVID_LIT_002570,2,2,2,0,literature,1,30,0.5,20,not_reported,,88,,"Figure 8 and Results, PDF pp. 14-15; B69c Figure 8, PDF p. 14",10.1007/s13205-026-04884-y,,variants/LMT_0683.html,-1
LMT_0684,LMT_0684,Halomonas meridiana BK-AB4 extracellular lipase,Halomonas meridiana BK-AB4 extracellular lipase,Halomonas meridiana BK-AB4 extracellular lipase,Halomonas meridiana,,,,canonical_entity,,Halomonas meridiana BK-AB4 extracellular lipase,,,,,,needs_manual_check,no,,,,,,1.028013,-1.110655,3.031816,,,evidence_sparse,F9 public display table: 1 reliable observations; 0 independent sources,LMT_0684,evidence_sparse,,Halomonas meridiana BK-AB4 extracellular lipase,1,,,D,67.70,误差带仅说明测量不精确，不参与T7a评分,独立来源数=，独立性档=D,all_rows_complete; complete_rows=1/1,,,partially_purified,,archive_preview_only_not_authoritative,,,downweighted_train,EVID_LIT_002571,WEBR1_PROTOCOL_0835,ASSAY_B82_EVID_LIT_002571,1,1,1,0,literature,1,50,0.5,45,not_reported,,50,,"Figure 6 and organic-solvent section, printed pp. 32-33; B69c Figure 6 (organic-solvent graph), PDF p. 6; printed p. 32",10.55230/mabjournal.v49i2.1519,,variants/LMT_0684.html,-1
LMT_0685,LMT_0685,Pseudomonas aeruginosa KF 853103 extracellular lipase,Pseudomonas aeruginosa KF 853103 extracellular lipase,Pseudomonas aeruginosa KF 853103 extracellular lipase,,,,,canonical_entity,,Pseudomonas aeruginosa KF 853103 extracellular lipase,,,,,,needs_manual_check,no,,,,,,0.835867,-0.996693,2.834542,,,evidence_sparse,F9 public display table: 1 reliable observations; 0 independent sources,LMT_0685,evidence_sparse,,Pseudomonas aeruginosa KF 853103 extracellular lipase,1,,,D,99.34,误差带仅说明测量不精确，不参与T7a评分,独立来源数=，独立性档=D,all_rows_complete; complete_rows=1/1,,,partially_purified,,archive_preview_only_not_authoritative,,,downweighted_train,EVID_LIT_002572,WEBR1_PROTOCOL_0836,ASSAY_B82_EVID_LIT_002572,1,1,1,0,literature,1,30,0.5,40,not_reported,,96.5,,"Effect of different organic solvents section and Figure 6, printed pp. 1437-1438",10.22207/jpam.10.2.68,,variants/LMT_0685.html,-1
LMT_0686,LMT_0686,SMlipB,SMlipB,SMlipB,,,,,canonical_entity,,SMlipB,,,,,,needs_manual_check,no,,,,,,-0.093657,-2.024218,1.862019,,,evidence_sparse,F9 public display table: 1 reliable observations; 0 independent sources,LMT_0686,evidence_sparse,,SMlipB,1,,,D,67.87,误差带仅说明测量不精确，不参与T7a评分,独立来源数=，独立性档=D,all_rows_complete; complete_rows=1/1,,,purified_recombinant,,archive_preview_only_not_authoritative,,,downweighted_train,EVID_LIT_002573,WEBR1_PROTOCOL_0837,ASSAY_B82_EVID_LIT_002573,1,1,1,0,literature,1,50,12,25,not_reported,,155,,"Effect of detergents and solvents; Figure 9, printed pp. 27-28; B69c Figure 9, PDF p. 8; printed p. 28",10.2323/jgam.59.021,,variants/LMT_0686.html,-1
LMT_0687,LMT_0687,SMlipD,SMlipD,SMlipD,,,,,canonical_entity,,SMlipD,,,,,,needs_manual_check,no,,,,,,0.210814,-1.734843,2.277834,,,evidence_sparse,F9 public display table: 1 reliable observations; 0 independent sources,LMT_0687,evidence_sparse,,SMlipD,1,,,D,68.03,误差带仅说明测量不精确，不参与T7a评分,独立来源数=，独立性档=D,all_rows_complete; complete_rows=1/1,,,purified_recombinant,,archive_preview_only_not_authoritative,,,downweighted_train,EVID_LIT_002574,WEBR1_PROTOCOL_0838,ASSAY_B82_EVID_LIT_002574,1,1,1,0,literature,1,50,12,25,not_reported,,98,,"Effect of detergents and solvents; Figure 9, printed pp. 27-28; B69c Figure 9, PDF p. 8; printed p. 28",10.2323/jgam.59.021,,variants/LMT_0687.html,-1
LMT_0688,LMT_0688,RK-lip479 metagenomic lipase,RK-lip479 metagenomic lipase,RK-lip479 metagenomic lipase,,,,,canonical_entity,,RK-lip479 metagenomic lipase,,AKQ44144.1,KR232658,,,sequence_ready,no,,,,,,0.437611,-0.990989,2.013094,,,evidence_moderate,F9 public display table: 4 reliable observations; 0 independent sources,LMT_0688,evidence_moderate,,RK-lip479 metagenomic lipase,4,,,D,33.44,误差带仅说明测量不精确，不参与T7a评分,独立来源数=，独立性档=D,no_complete_rows; complete_rows=0/4,,,purified_recombinant,,archive_preview_only_not_authoritative,,,downweighted_train,EVID_LIT_002575; EVID_LIT_002576; EVID_LIT_002577; EVID_LIT_002578,WEBR1_PROTOCOL_0839; WEBR1_PROTOCOL_0840; WEBR1_PROTOCOL_0841; WEBR1_PROTOCOL_0842,ASSAY_B82_EVID_LIT_002575; ASSAY_B82_EVID_LIT_002576; ASSAY_B82_EVID_LIT_002577; ASSAY_B82_EVID_LIT_002578,4,4,4,0,literature,1,25,72,not_reported,not_reported,,102,,"Figure 3 caption and Effect of organic solvents section, PDF pp. 5-6",10.1007/s11356-016-8118-7,,variants/LMT_0688.html,-1
LMT_0694,LMT_0694,C. diffluens D44 Lip1-1,C. diffluens D44 Lip1-1,C. diffluens D44 Lip1-1,Cryptococcus diffluens,D44,,,canonical_entity,,C. diffluens D44 Lip1-1,,,,,,needs_manual_check,no,,,,,,,,,,,evidence_absent,F9 public display table: 0 reliable observations; 0 independent sources,LMT_0694,evidence_absent,,C. diffluens D44 Lip1-1,0,,,D,99.51,误差带仅说明测量不精确，不参与T7a评分,独立来源数=，独立性档=D,all_rows_complete; complete_rows=2/2,,,purified,,archive_preview_only_not_authoritative,,,holdout_only,EVID_LIT_002582; EVID_LIT_002583,WEBR1_PROTOCOL_0843; WEBR1_PROTOCOL_0844,ASSAY_B70B_EVID_LIT_002582; ASSAY_B70B_EVID_LIT_002583,2,2,2,0,literature,1,20,0.05,40,not_reported,not_reported,130,,"Table 3 and section 2.5.4, printed p. 210 (PDF page 8); parenthetical residual token treated as concentration annotation",10.7240/jeps.1211656,,variants/LMT_0694.html,-1
LMT_0695,LMT_0695,C. diffluens D44 Lip1-2,C. diffluens D44 Lip1-2,C. diffluens D44 Lip1-2,Cryptococcus diffluens,D44,,,canonical_entity,,C. diffluens D44 Lip1-2,,,,,,needs_manual_check,no,,,,,,,,,,,evidence_absent,F9 public display table: 0 reliable observations; 0 independent sources,LMT_0695,evidence_absent,,C. diffluens D44 Lip1-2,0,,,D,99.67,误差带仅说明测量不精确，不参与T7a评分,独立来源数=，独立性档=D,all_rows_complete; complete_rows=2/2,,,purified,,archive_preview_only_not_authoritative,,,holdout_only,EVID_LIT_002584; EVID_LIT_002585,WEBR1_PROTOCOL_0845; WEBR1_PROTOCOL_0846,ASSAY_B70B_EVID_LIT_002584; ASSAY_B70B_EVID_LIT_002585,2,2,2,0,literature,1,20,0.05,40,not_reported,not_reported,147,,"Table 3 and section 2.5.4, printed p. 210 (PDF page 8); parenthetical residual token treated as concentration annotation",10.7240/jeps.1211656,,variants/LMT_0695.html,-1
LMT_0696,LMT_0696,C. diffluens D44 Lip4-1,C. diffluens D44 Lip4-1,C. diffluens D44 Lip4-1,Cryptococcus diffluens,D44,,,canonical_entity,,C. diffluens D44 Lip4-1,,,,,,needs_manual_check,no,,,,,,,,,,,evidence_absent,F9 public display table: 0 reliable observations; 0 independent sources,LMT_0696,evidence_absent,,C. diffluens D44 Lip4-1,0,,,D,99.84,误差带仅说明测量不精确，不参与T7a评分,独立来源数=，独立性档=D,all_rows_complete; complete_rows=2/2,,,purified,,archive_preview_only_not_authoritative,,,holdout_only,EVID_LIT_002586; EVID_LIT_002587,WEBR1_PROTOCOL_0847; WEBR1_PROTOCOL_0848,ASSAY_B70B_EVID_LIT_002586; ASSAY_B70B_EVID_LIT_002587,2,2,2,0,literature,1,20,0.05,40,not_reported,not_reported,146,,"Table 3 and section 2.5.4, printed p. 210 (PDF page 8); parenthetical residual token treated as concentration annotation",10.7240/jeps.1211656,,variants/LMT_0696.html,-1
LMT_0697,LMT_0697,Pseudomonas aeruginosa PseA lipase,Pseudomonas aeruginosa PseA lipase,Pseudomonas aeruginosa PseA lipase,Pseudomonas aeruginosa,,,,canonical_entity,,Pseudomonas aeruginosa PseA lipase,,,,,,needs_manual_check,no,,,,,,0.402067,-1.549631,2.501294,,,evidence_sparse,F9 public display table: 1 reliable observations; 0 independent sources,LMT_0697,evidence_sparse,,Pseudomonas aeruginosa PseA lipase,1,,,D,100.00,误差带仅说明测量不精确，不参与T7a评分,独立来源数=，独立性档=D,all_rows_complete; complete_rows=1/1,,,purified,,archive_preview_only_not_authoritative,,,downweighted_train,EVID_LIT_002515,WEBR1_PROTOCOL_0849,S8A_SM070_001,1,1,1,0,literature,1,25,24,30,residual lipase activity after solvent exposure,not_reported,97.4,,"1 mL methanol + 3 mL enzyme filtrate, 24 h, 30 C, 150 rpm; aqueous phase assayed after solvent exposure",10.1016/j.procbio.2008.05.007,,variants/LMT_0697.html,-1
